kind,total_timesteps,wall_seconds,transitions_per_second,seed,final_score,survival_time,episode_reward,life_loss_count,collisions,obstacles_avoided,max_level,hearts_collected,shields_collected,boosts_collected,gold_collected,diamonds_collected,turbo_activations,terminal_reason,mean_final_score,median_final_score,std_final_score,policy_gradient_loss,value_loss,entropy_loss,explained_variance,approx_kl,clip_fraction
training_episode,1878,1.1303535000188276,1661.42715528259,32209245,277.3854675292969,15.650262832641602,1.2738547325134277,3,4,2,1,0,0,0,0,0,0,LivesExhausted,,,,,,,,,
training_episode,2124,1.264877500012517,1679.2139950145222,36712592,334.7179260253906,17.70030975341797,1.8471789360046387,3,5,3,1,0,0,0,7,0,0,LivesExhausted,,,,,,,,,
training_episode,2190,1.3085849000199232,1673.5635570658483,55144896,339.3007507324219,18.250322341918945,1.8930072784423828,3,4,3,1,0,1,0,5,0,0,LivesExhausted,,,,,,,,,
training_episode,2322,1.3911355000163894,1669.1400657755078,4246602,371.2293701171875,19.32034683227539,2.2122936248779297,3,3,3,1,0,0,0,4,0,0,LivesExhausted,,,,,,,,,
training_episode,2850,1.6774548000248615,1699.0025602822564,52421942,436.44390869140625,23.720447540283203,2.864439010620117,3,7,4,1,0,1,0,9,0,0,LivesExhausted,,,,,,,,,
training_episode,3030,1.8259944000164978,1659.3698206153447,22259990,470.22991943359375,25.2504825592041,3.202299118041992,3,8,3,1,0,0,0,20,0,0,LivesExhausted,,,,,,,,,
training_episode,4314,2.5147606000246014,1715.4714448595214,45509828,327.4815673828125,18.24032211303711,1.774815559387207,3,6,2,1,0,0,1,14,0,0,LivesExhausted,,,,,,,,,
training_episode,4542,2.6447904000233393,1717.3383569298794,39016630,338.93115234375,18.500328063964844,1.8893115520477295,3,6,4,1,0,0,0,10,0,0,LivesExhausted,,,,,,,,,
training_episode,4578,2.669434400013415,1714.9700325945428,48128053,360.81884765625,19.86035919189453,2.1081886291503906,3,4,5,1,0,0,1,0,0,0,LivesExhausted,,,,,,,,,
training_episode,4668,2.7236891000065953,1713.851995805504,53678690,276.3933410644531,15.110250473022461,1.2639334201812744,3,4,3,1,0,0,0,1,0,0,LivesExhausted,,,,,,,,,
training_episode,5940,3.4573265000071842,1718.0905534920282,18489746,687.0117797851562,33.82033157348633,4.870117664337158,4,8,5,1,2,0,1,4,0,0,LivesExhausted,,,,,,,,,
training_episode,5970,3.4803191000246443,1715.3599507463916,36607863,466.16424560546875,24.460464477539062,3.161642074584961,3,4,6,1,0,0,0,12,0,0,LivesExhausted,,,,,,,,,
ppo_rollout,6144,3.585748400015291,1713.4498337847128,,,,,,,,,,,,,,,,,,,,,,,,
training_episode,7302,4.817104800022207,1515.848274666214,25297131,405.2757568359375,22.680423736572266,2.052757501602173,4,5,4,1,1,0,0,0,1,0,LivesExhausted,,,,,,,,,
training_episode,7578,4.969830800022464,1524.800401648633,50222633,519.4175415039062,27.20052719116211,3.6941752433776855,3,5,6,1,0,0,0,6,0,0,LivesExhausted,,,,,,,,,
training_episode,7866,5.130548000015551,1533.169556151927,15033689,505.3787841796875,26.640514373779297,3.0537877082824707,4,10,3,1,1,0,1,0,1,0,LivesExhausted,,,,,,,,,
training_episode,7986,5.197111500019673,1536.622795175699,64361048,556.7908935546875,28.670560836791992,4.067908763885498,3,7,6,1,0,1,0,18,0,0,LivesExhausted,,,,,,,,,
training_episode,8592,5.5147077000001445,1558.0154864780548,4560789,389.7859191894531,22.070409774780273,2.3978590965270996,3,5,2,1,0,0,1,1,0,0,LivesExhausted,,,,,,,,,
training_episode,8604,5.526575000025332,1556.8412624384111,54725980,386.6646728515625,21.950407028198242,2.3666467666625977,3,4,2,1,0,0,0,8,0,0,LivesExhausted,,,,,,,,,
training_episode,9570,6.054147600021679,1580.7345033949505,56296915,321.9505310058594,16.570283889770508,1.7195053100585938,3,5,4,1,0,0,0,3,0,0,LivesExhausted,,,,,,,,,
training_episode,9768,6.167604300018866,1583.7591915502946,6550640,397.3685607910156,20.55037498474121,2.4736855030059814,3,4,6,1,0,0,0,9,0,0,LivesExhausted,,,,,,,,,
training_episode,10704,6.676316900004167,1603.279197246212,63732674,439.2018737792969,22.650423049926758,2.8920185565948486,3,5,7,1,0,0,0,0,0,0,LivesExhausted,,,,,,,,,
training_episode,10770,6.716651800001273,1603.477494545416,7388472,348.9522705078125,18.120319366455078,1.9895226955413818,3,5,5,1,0,0,0,5,0,0,LivesExhausted,,,,,,,,,
training_episode,10902,6.79179540000041,1605.1720285919305,31266684,370.30718994140625,19.130342483520508,2.2030718326568604,3,5,5,1,0,0,1,8,0,0,LivesExhausted,,,,,,,,,
training_episode,10956,6.82478710002033,1605.3248019952684,18594475,500.9959411621094,25.730493545532227,3.5099592208862305,3,6,6,1,0,0,0,4,0,0,LivesExhausted,,,,,,,,,
training_episode,12114,7.444041700015077,1627.3417705297734,53573961,374.87921142578125,19.54035186767578,2.2487919330596924,3,5,4,1,0,0,0,0,0,0,LivesExhausted,,,,,,,,,
ppo_rollout,12288,7.548205600003712,1627.9365787272616,,,,,,,,,,,,,,,,,,,-0.006847986406258618,0.045599204022437334,-1.0935905426740646,-0.2980053424835205,0.0073907096,0.055159505208333334
training_episode,12342,8.193661500001326,1506.2862921537585,37655153,442.15179443359375,23.09043312072754,2.921517848968506,3,6,5,1,0,0,0,6,0,0,LivesExhausted,,,,,,,,,
training_episode,12762,8.431264100014232,1513.6520275741875,42472687,329.4595031738281,17.13029670715332,1.7945950031280518,3,6,2,1,0,0,0,17,0,0,LivesExhausted,,,,,,,,,
training_episode,13206,8.700139699998545,1517.9066607404257,63104300,317.14166259765625,19.20034408569336,1.6714165210723877,3,5,5,1,0,0,0,5,0,0,LivesExhausted,,,,,,,,,
training_episode,13242,8.72743480000645,1517.2843227646015,30219394,351.4379577636719,20.560375213623047,2.0143795013427734,3,5,5,1,0,0,0,5,0,0,LivesExhausted,,,,,,,,,
training_episode,14706,9.504798800015124,1547.2184429592135,55354354,377.960205078125,21.600399017333984,2.27960205078125,3,5,1,1,0,0,0,5,0,0,LivesExhausted,,,,,,,,,
training_episode,14778,9.547804100002395,1547.7904495334476,64779964,316.8150634765625,16.770288467407227,1.6681506633758545,3,5,3,1,0,0,0,6,0,0,LivesExhausted,,,,,,,,,
training_episode,14886,9.612083700019866,1548.6756529148029,48756427,275.3280029296875,13.980224609375,1.2532799243927002,3,5,3,1,0,0,0,0,0,0,LivesExhausted,,,,,,,,,
training_episode,14982,9.667826000018977,1549.6762146909339,74100845,414.3551330566406,21.990407943725586,2.6435513496398926,3,7,3,1,0,0,0,3,0,0,LivesExhausted,,,,,,,,,
training_episode,15072,9.722238600021228,1550.2602456153556,38702443,698.8197631835938,34.28025436401367,5.4881978034973145,3,7,7,1,0,0,1,11,0,0,LivesExhausted,,,,,,,,,
training_episode,16020,10.273515500011854,1559.3493775311397,18385017,441.267333984375,23.150434494018555,2.912673234939575,3,8,4,1,0,0,0,0,0,0,LivesExhausted,,,,,,,,,
training_episode,16668,10.631720700010192,1567.7612749913587,39226088,285.1890563964844,15.750265121459961,1.3518905639648438,3,5,2,1,0,0,0,0,0,0,LivesExhausted,,,,,,,,,
training_episode,16710,10.659505100018578,1567.61499180397,30952497,301.7405090332031,16.69028663635254,1.5174050331115723,3,5,2,1,0,0,0,9,0,0,LivesExhausted,,,,,,,,,
training_episode,17130,10.888390400010394,1573.2352873739399,64256319,344.01910400390625,18.68033218383789,1.9401910305023193,3,5,2,1,0,0,0,4,0,0,LivesExhausted,,,,,,,,,
training_episode,18030,11.373789400007809,1585.223654658809,69178582,459.2155456542969,24.64046859741211,3.0921554565429688,3,7,5,1,0,0,0,13,0,0,LivesExhausted,,,,,,,,,
training_episode,18222,11.478781900019385,1587.4506684345338,71692078,514.3466186523438,27.00052261352539,3.643465995788574,3,6,5,1,0,0,1,10,0,0,LivesExhausted,,,,,,,,,
ppo_rollout,18432,11.600233200006187,1588.9335741966092,,,,,,,,,,,,,,,,,,,-0.009535352777068814,0.032854662633811434,-1.0847372512022655,0.45443832874298096,0.008274843,0.06005859375
training_episode,18438,12.205327300005592,1510.651828238277,6341182,279.0075988769531,14.370233535766602,1.2900760173797607,3,3,4,1,0,0,0,0,0,0,LivesExhausted,,,,,,,,,
training_episode,18654,12.326451100001577,1513.330953789093,12729651,321.319580078125,16.550283432006836,1.71319580078125,3,4,3,1,0,0,0,7,0,0,LivesExhausted,,,,,,,,,
training_episode,19122,12.571752200019546,1521.0290256890578,19432307,496.037841796875,25.830495834350586,3.4603781700134277,3,4,6,1,0,0,0,10,0,0,LivesExhausted,,,,,,,,,
training_episode,19518,12.786024600005476,1526.5104370275997,24459299,333.8505554199219,19.86035919189453,1.838505744934082,3,4,4,1,0,0,0,5,0,0,LivesExhausted,,,,,,,,,
training_episode,20658,13.405257300008088,1541.0371869540718,43729435,359.0938720703125,18.470327377319336,1.5909388065338135,4,6,5,1,1,0,0,5,0,0,LivesExhausted,,,,,,,,,
training_episode,20892,13.539210800023284,1543.0736922985254,43415248,393.9732360839844,22.240413665771484,2.439732313156128,3,3,2,1,0,0,0,14,0,0,LivesExhausted,,,,,,,,,
training_episode,20946,13.574840600020252,1543.0015436033002,24878215,445.46044921875,24.27046012878418,2.9546046257019043,3,6,3,1,0,0,0,0,1,0,LivesExhausted,,,,,,,,,
training_episode,21162,13.698045199998887,1544.8919675050947,63523216,408.8503723144531,20.890382766723633,2.588503837585449,3,4,6,1,0,0,1,0,0,0,LivesExhausted,,,,,,,,,
training_episode,21852,14.072777400026098,1552.7851666267013,32418703,370.38043212890625,19.440349578857422,2.2038044929504395,3,7,3,1,0,0,0,0,1,0,LivesExhausted,,,,,,,,,
training_episode,22212,14.282874000025913,1555.1491947600812,57134747,491.8918151855469,25.710493087768555,3.4189181327819824,3,4,7,1,0,1,0,5,1,0,LivesExhausted,,,,,,,,,
training_episode,22914,14.657993100001477,1563.2426515467314,59648243,310.6618957519531,16.380279541015625,1.606618881225586,3,5,4,1,0,0,0,5,0,0,LivesExhausted,,,,,,,,,
training_episode,23760,15.12708860001294,1570.6921951907968,62580655,490.80389404296875,25.850496292114258,3.408039093017578,3,5,5,1,0,0,0,15,0,0,LivesExhausted,,,,,,,,,
training_episode,23874,15.193804300011834,1571.2983745605704,63418487,270.3538513183594,13.850221633911133,1.203538417816162,3,4,3,1,0,0,0,3,0,0,LivesExhausted,,,,,,,,,
training_episode,23934,15.233609900024021,1571.131212961037,36084218,332.2681884765625,17.310300827026367,1.8226819038391113,3,4,3,1,0,0,0,7,0,0,LivesExhausted,,,,,,,,,
training_episode,24330,15.450162900000578,1574.7406779768703,19327578,507.6340026855469,26.380508422851562,3.5763397216796875,3,5,6,1,0,0,0,11,0,0,LivesExhausted,,,,,,,,,
training_episode,24438,15.514965600013966,1575.1243431682506,14195857,577.9470825195312,29.51058006286621,4.279470920562744,3,5,8,1,0,1,1,11,0,0,LivesExhausted,,,,,,,,,
ppo_rollout,24576,15.597203000012087,1575.6671244184586,,,,,,,,,,,,,,,,,,,-0.00849272050060487,0.027195254697774847,-1.0778989315032959,0.70440673828125,0.0073844693,0.057291666666666664
training_episode,25074,16.473258200014243,1522.1032594498106,39121359,335.8642272949219,17.960315704345703,1.8586421012878418,3,6,4,1,0,0,1,4,0,0,LivesExhausted,,,,,,,,,
training_episode,27012,17.493335800012574,1544.1308798279963,35979489,372.985107421875,21.4103946685791,2.229851007461548,3,4,3,1,0,0,0,0,0,0,LivesExhausted,,,,,,,,,
training_episode,27030,17.507903600024292,1543.8741620648686,37340966,400.5816955566406,22.50041961669922,2.50581693649292,3,4,2,1,0,0,0,8,0,0,LivesExhausted,,,,,,,,,
training_episode,27156,17.58241430000635,1544.497788337873,11891819,510.33746337890625,26.840518951416016,3.603374481201172,3,5,6,1,0,0,0,10,0,0,LivesExhausted,,,,,,,,,
training_episode,27222,17.62357980001252,1544.635103021502,13881670,537.1321411132812,27.900543212890625,3.871321201324463,3,5,6,1,0,1,0,5,0,0,LivesExhausted,,,,,,,,,
training_episode,27510,17.78290280001238,1546.9915294133446,19118120,406.58807373046875,20.26036834716797,2.565880537033081,3,5,5,1,0,0,0,7,1,0,LivesExhausted,,,,,,,,,
training_episode,29778,19.059308700001566,1562.386153071625,31476142,437.452392578125,22.89042854309082,2.874523639678955,3,4,5,1,0,0,0,0,0,0,LivesExhausted,,,,,,,,,
training_episode,30066,19.217570800014073,1564.5057490813554,8540491,397.0684509277344,21.260391235351562,2.47068452835083,3,6,4,1,0,0,0,6,0,0,LivesExhausted,,,,,,,,,
training_episode,30222,19.30544260001625,1565.4652745425562,46976034,1208.1451416015625,53.806976318359375,10.581451416015625,3,9,8,2,0,3,0,15,0,0,LivesExhausted,,,,,,,,,
training_episode,30402,19.405090400017798,1566.7023122949283,1837835,545.8710327148438,28.240550994873047,3.4587104320526123,4,6,6,1,1,0,0,9,0,0,LivesExhausted,,,,,,,,,
ppo_rollout,30720,19.587670700013405,1568.3334925565691,,,,,,,,,,,,,,,,,,,-0.012826647200078393,0.024501794103222587,-1.0647031823794046,0.7857692837715149,0.010108068,0.08894856770833333
training_episode,31350,20.5714804000163,1523.954493813443,2885125,701.2584838867188,34.390235900878906,5.512584686279297,3,4,9,1,0,0,0,15,1,0,LivesExhausted,,,,,,,,,
training_episode,31380,20.594922100019176,1523.676557143704,50851007,722.0308227539062,35.20009994506836,5.22030782699585,4,4,8,1,1,0,0,17,1,0,LivesExhausted,,,,,,,,,
training_episode,33126,21.577013600006467,1535.2448959845894,3199312,405.2095642089844,22.680423736572266,2.552095651626587,3,8,2,1,0,0,0,14,0,0,LivesExhausted,,,,,,,,,
training_episode,33594,21.846860300021945,1537.7037953580111,63837403,345.0477294921875,18.430326461791992,1.950477123260498,3,4,4,1,0,0,0,0,0,0,LivesExhausted,,,,,,,,,
training_episode,33942,22.03742360000615,1540.1981926775927,40168649,709.17626953125,34.690185546875,5.591762542724609,3,6,5,1,0,1,0,10,0,0,LivesExhausted,,,,,,,,,
training_episode,33978,22.06267949999892,1540.0667901648874,67921834,408.0738830566406,21.890405654907227,2.5807385444641113,3,3,4,1,0,0,0,12,0,0,LivesExhausted,,,,,,,,,
training_episode,34146,22.16170670001884,1540.7658111444537,45719286,690.6010131835938,33.970306396484375,5.406010150909424,3,6,5,1,0,0,0,10,1,0,LivesExhausted,,,,,,,,,
training_episode,34824,22.554324800003087,1544.005431720804,3094583,801.051025390625,38.32957458496094,6.510510444641113,3,7,5,1,0,2,0,31,1,0,LivesExhausted,,,,,,,,,
training_episode,35496,22.927539299998898,1548.1818408660063,72110994,290.2666931152344,15.810266494750977,1.4026669263839722,3,3,2,1,0,0,0,9,1,0,LivesExhausted,,,,,,,,,
training_episode,36030,23.240502400003606,1550.3107196165608,5084434,290.6839599609375,15.660263061523438,1.4068396091461182,3,4,3,1,0,0,0,5,0,0,LivesExhausted,,,,,,,,,
training_episode,36684,23.60130080001545,1554.3211075881031,8854678,419.7273864746094,22.830427169799805,2.6972737312316895,3,4,5,1,0,0,0,0,0,0,LivesExhausted,,,,,,,,,
ppo_rollout,36864,23.70387340002344,1555.1888663041689,,,,,,,,,,,,,,,,,,,-0.014417916016342739,0.04375805120604734,-1.0414286583662034,0.7410085201263428,0.011668523,0.12989908854166668
training_episode,37056,24.451876300008735,1515.4665247503629,11577632,659.3310546875,32.73051452636719,5.093310356140137,3,7,5,1,0,1,0,19,1,0,LivesExhausted,,,,,,,,,
training_episode,37110,24.48541640001349,1515.596034543221,51479381,491.0509338378906,26.07050132751465,3.4105091094970703,3,4,7,1,0,0,0,5,0,0,LivesExhausted,,,,,,,,,
training_episode,38070,25.060571000009077,1519.1194167118622,53155045,374.0343322753906,21.450395584106445,2.2403430938720703,3,5,3,1,0,0,0,12,0,0,LivesExhausted,,,,,,,,,
training_episode,39564,25.91568180001923,1526.6432234081005,65303609,829.799072265625,39.45938491821289,6.297990798950195,4,8,6,1,1,1,1,5,0,0,LivesExhausted,,,,,,,,,
training_episode,40104,26.212771400023485,1529.9412407786865,26239692,552.138916015625,28.490556716918945,4.021389007568359,3,4,3,1,0,0,0,14,1,0,LivesExhausted,,,,,,,,,
training_episode,41082,26.762984900007723,1535.0305712718966,39540275,668.0475463867188,33.0804557800293,5.180475234985352,3,4,7,1,0,0,0,21,0,0,LivesExhausted,,,,,,,,,
training_episode,41100,26.779843299998902,1534.736388842189,60381346,470.46319580078125,25.2504825592041,3.204632043838501,3,5,3,1,0,0,0,7,0,0,LivesExhausted,,,,,,,,,
training_episode,41658,27.09252900001593,1537.6194669746596,37550424,326.1206970214844,17.45030403137207,1.761206865310669,3,3,5,1,0,0,0,11,1,0,LivesExhausted,,,,,,,,,
training_episode,41886,27.2213515000185,1538.7186047677146,69806956,849.2949829101562,40.239253997802734,6.992949962615967,3,5,8,1,0,2,1,39,0,0,LivesExhausted,,,,,,,,,
training_episode,42702,27.656622400012566,1544.0063281183823,55459083,403.2960510253906,21.630399703979492,2.5329604148864746,3,7,3,1,0,1,0,9,0,0,LivesExhausted,,,,,,,,,
ppo_rollout,43008,27.825104600022314,1545.6545669181603,,,,,,,,,,,,,,,,,,,-0.012255664373515173,0.043663481871287026,-1.0335202713807423,0.7873114943504333,0.008976058,0.0974609375
training_episode,43908,28.98610110001755,1514.7949649555806,22888364,422.6804504394531,23.370439529418945,2.726804494857788,3,6,4,1,0,0,0,10,0,0,LivesExhausted,,,,,,,,,
training_episode,44058,29.071816500014393,1515.488376860737,50536820,458.1586608886719,24.770471572875977,3.0815863609313965,3,4,7,1,0,0,0,13,0,0,LivesExhausted,,,,,,,,,
training_episode,44712,29.418812500021886,1519.8438074265146,12415464,474.6808166503906,25.43048667907715,3.2468080520629883,3,5,5,1,0,0,0,4,0,0,LivesExhausted,,,,,,,,,
training_episode,45690,29.959565199998906,1525.0555104852347,65617796,632.461669921875,31.660629272460938,4.8246169090271,3,6,5,1,0,0,0,2,0,0,LivesExhausted,,,,,,,,,
training_episode,46134,30.200251100002788,1527.6031926766245,2361480,357.91424560546875,18.520328521728516,2.0791423320770264,3,3,5,1,0,0,0,5,0,0,LivesExhausted,,,,,,,,,
training_episode,46932,30.62863930000458,1532.291380635802,38911901,463.238037109375,23.920452117919922,3.1323800086975098,3,3,6,1,0,0,0,10,0,0,LivesExhausted,,,,,,,,,
training_episode,47034,30.687551600014558,1532.6735939395599,5712808,744.1126708984375,36.079952239990234,5.941126823425293,3,5,5,1,0,1,0,8,1,0,LivesExhausted,,,,,,,,,
training_episode,47472,30.924515200022142,1535.092779723383,46138202,446.4474792480469,22.99043083190918,2.96447491645813,3,4,5,1,0,0,0,8,0,0,LivesExhausted,,,,,,,,,
training_episode,48768,31.627721000026213,1541.9384785884376,34199096,497.1282958984375,25.610490798950195,3.471282958984375,3,4,6,1,0,0,0,0,0,0,LivesExhausted,,,,,,,,,
ppo_rollout,49152,31.840523400023812,1543.6932170519294,,,,,,,,,,,,,,,,,,,-0.010495562859190007,0.09637762615457177,-1.0201767494281133,0.6154953241348267,0.00934695,0.097705078125
training_episode,49224,32.49155740000424,1514.9781647583804,13043838,499.8569030761719,25.740493774414062,3.4985690116882324,3,5,6,1,1,0,0,9,0,0,LivesExhausted,,,,,,,,,
training_episode,49644,32.73428100001183,1516.5752380503502,28543730,351.4895935058594,18.100318908691406,2.0148959159851074,3,4,3,1,0,0,0,0,0,0,LivesExhausted,,,,,,,,,
training_episode,50838,33.381676400022116,1522.9313049109278,40273378,632.2283325195312,31.660629272460938,4.822282791137695,3,5,7,1,0,0,0,11,0,0,LivesExhausted,,,,,,,,,
training_episode,52584,34.37578780000331,1529.6813066781538,9168865,539.1666259765625,27.980545043945312,3.8916659355163574,3,4,5,1,0,1,0,0,0,0,LivesExhausted,,,,,,,,,
training_episode,52584,34.37578780000331,1529.6813066781538,31580871,1022.837890625,47.088104248046875,8.228379249572754,4,7,10,2,1,2,0,23,0,0,LivesExhausted,,,,,,,,,
training_episode,53784,35.02871120002237,1535.4261734860988,20584326,703.420166015625,34.47022247314453,5.034201622009277,4,4,8,1,1,0,0,9,0,0,LivesExhausted,,,,,,,,,
training_episode,54012,35.15956910001114,1536.1963011083344,27077524,936.3756103515625,43.67867660522461,7.86375617980957,3,5,6,1,0,0,0,29,0,0,LivesExhausted,,,,,,,,,
ppo_rollout,55296,35.848617800016655,1542.486248939124,,,,,,,,,,,,,,,,,,,-0.009217499221752709,0.1615586179619034,-1.0106232012311618,0.5052769184112549,0.008789953,0.09973958333333334
training_episode,55512,36.58473950001644,1517.3539776051994,58915140,471.35565185546875,24.360462188720703,3.2135562896728516,3,3,7,1,0,0,0,2,0,0,LivesExhausted,,,,,,,,,
training_episode,55752,36.71727270001429,1518.4134305263447,50746278,867.1878051757812,40.93913650512695,7.171877861022949,3,6,8,1,1,0,0,32,0,0,LivesExhausted,,,,,,,,,
training_episode,56166,36.950241800019285,1520.04418006192,28962646,585.6467895507812,29.820587158203125,4.3564677238464355,3,3,6,1,0,0,0,11,0,0,LivesExhausted,,,,,,,,,
training_episode,56514,37.1439230000251,1521.4871084016036,6864827,406.19927978515625,22.730424880981445,2.561992883682251,3,3,6,1,0,0,0,8,0,0,LivesExhausted,,,,,,,,,
training_episode,58146,38.03789730000426,1528.6333926768734,47185492,417.32000732421875,21.9104061126709,2.6732001304626465,3,4,6,1,0,1,0,10,0,0,LivesExhausted,,,,,,,,,
training_episode,58218,38.08333260001382,1528.7002482545047,71273162,329.0409851074219,17.06029510498047,1.790409803390503,3,3,5,1,0,0,0,10,0,0,LivesExhausted,,,,,,,,,
training_episode,58674,38.37772030002088,1528.8557929265037,48232782,813.3847045898438,38.80949401855469,6.633847236633301,3,5,7,1,0,0,0,22,0,0,LivesExhausted,,,,,,,,,
training_episode,59292,38.71682710002642,1531.4271452776031,10635071,577.4362182617188,29.49057960510254,4.274362087249756,3,5,7,1,0,0,0,16,0,0,LivesExhausted,,,,,,,,,
training_episode,60126,39.2057965999993,1533.5997534609735,12939109,286.3798828125,15.9002685546875,1.36379873752594,3,5,3,1,0,0,0,10,0,0,LivesExhausted,,,,,,,,,
training_episode,60390,39.35833280000952,1534.3637726439822,73996116,648.2122192382812,32.28059005737305,4.98212194442749,3,5,6,1,0,0,0,11,0,0,LivesExhausted,,,,,,,,,
training_episode,60672,39.50986950000515,1535.6163097423566,19955952,377.159912109375,21.0203857421875,2.271599292755127,3,4,2,1,0,0,0,5,1,0,LivesExhausted,,,,,,,,,
training_episode,60912,39.64665619999869,1536.3716852369007,68445479,340.76025390625,18.620330810546875,1.9076025485992432,3,4,4,1,0,0,0,8,0,0,LivesExhausted,,,,,,,,,
ppo_rollout,61440,39.937553700001445,1538.4016873321357,,,,,,,,,,,,,,,,,,,-0.010973886881644527,0.2426962989072005,-1.0166213512420654,0.5481235980987549,0.010607435,0.09344075520833334
training_episode,61890,40.79386250002426,1517.1399864370085,31685600,400.1218566894531,21.620399475097656,2.501218318939209,3,7,4,1,0,0,0,0,0,0,LivesExhausted,,,,,,,,,
training_episode,63966,41.93498210000689,1525.3613283404618,63942132,474.8714599609375,25.440486907958984,3.2487144470214844,3,5,4,1,0,1,0,15,1,0,LivesExhausted,,,,,,,,,
training_episode,64146,42.040723700018134,1525.8062743570786,25716047,622.627685546875,31.280620574951172,4.726276874542236,3,5,8,1,0,0,0,1,1,0,LivesExhausted,,,,,,,,,
training_episode,64854,42.421130300004734,1528.8135780765078,7179014,471.32391357421875,24.670469284057617,3.2132389545440674,3,3,7,1,0,0,0,20,1,0,LivesExhausted,,,,,,,,,
training_episode,64908,42.456143500021426,1528.8246799892986,59019869,838.7779541015625,39.8193244934082,6.887779712677002,3,4,8,1,0,1,0,11,0,0,LivesExhausted,,,,,,,,,
training_episode,65652,42.86631050001597,1531.552383076578,33361264,880.9844360351562,41.489044189453125,7.309844493865967,3,3,7,1,0,0,0,8,1,0,LivesExhausted,,,,,,,,,
ppo_rollout,67584,43.93923230000655,1538.1242789712992,,,,,,,,,,,,,,,,,,,-0.007893535368687784,0.420465092609326,-1.0186357726653417,0.5438930988311768,0.008314616,0.07029622395833333
training_episode,67968,44.769892400014214,1518.1631305412388,41634855,675.0067749023438,33.34041213989258,5.250067234039307,3,3,9,1,0,0,0,10,0,0,LivesExhausted,,,,,,,,,
training_episode,69312,45.50707130000228,1523.1039489020363,47080763,771.1400146484375,37.139774322509766,6.211400508880615,3,5,8,1,0,0,0,20,0,0,LivesExhausted,,,,,,,,,
training_episode,69522,45.62368060002336,1523.8139292068513,21212700,647.2612915039062,32.25059509277344,4.9726128578186035,3,5,6,1,0,2,0,12,0,0,LivesExhausted,,,,,,,,,
training_episode,69936,45.84885249999934,1525.3598767821072,52317213,1051.219970703125,48.21791458129883,8.512199401855469,4,4,11,2,1,0,0,37,0,0,LivesExhausted,,,,,,,,,
training_episode,70080,45.934616100013955,1525.6467986455798,12310735,336.36346435546875,17.590307235717773,1.8636343479156494,3,5,4,1,0,0,0,1,0,0,LivesExhausted,,,,,,,,,
training_episode,70872,46.37583299999824,1528.2097466584091,15243147,1088.8680419921875,49.69766616821289,9.388680458068848,3,4,10,2,0,0,0,33,0,0,LivesExhausted,,,,,,,,,
training_episode,72186,47.093579700012924,1532.8204069392539,62371197,29750.666015625,301.2427062988281,297.0066223144531,1,90,33,30,1,4,5,162,2,1,MaxDuration,,,,,,,,,
training_episode,73008,47.536247600015486,1535.8385166265462,25925505,486.25396728515625,25.60049057006836,3.362539529800415,3,4,6,1,0,0,0,15,0,0,LivesExhausted,,,,,,,,,
training_episode,73056,47.56615440000314,1535.8819925958776,7807388,619.963134765625,31.170618057250977,4.699631690979004,3,3,7,1,0,0,0,5,0,0,LivesExhausted,,,,,,,,,
ppo_rollout,73728,47.936345499998424,1538.039648850629,,,,,,,,,,,,,,,,,,,-0.008262040700841074,0.6063552727301915,-1.0127022708455722,0.6284602284431458,0.009001599,0.06378580729166666
training_episode,73848,48.652773800014984,1517.8579602377627,22155261,625.6716918945312,31.400623321533203,4.756716728210449,3,3,7,1,0,0,0,22,0,0,LivesExhausted,,,,,,,,,
training_episode,73884,48.67700480000349,1517.8419523461457,41111210,750.5701904296875,36.32991027832031,6.005702018737793,3,5,8,1,0,0,0,10,0,0,LivesExhausted,,,,,,,,,
training_episode,73902,48.69215030001942,1517.7395030749037,64884693,487.3703308105469,25.2504825592041,3.3737034797668457,3,3,7,1,0,0,0,9,0,0,LivesExhausted,,,,,,,,,
training_episode,75522,49.56678870000178,1523.6411714523133,7702659,533.5111083984375,27.760540008544922,3.835111141204834,3,4,4,1,0,0,0,5,0,0,LivesExhausted,,,,,,,,,
training_episode,76440,50.06023180001648,1526.960568328308,50117904,418.3955993652344,21.59039878845215,2.6839559078216553,3,5,4,1,0,0,0,5,1,0,LivesExhausted,,,,,,,,,
training_episode,76938,50.33882840001024,1528.4026753388712,71796807,659.2565307617188,32.720516204833984,5.092565536499023,3,5,5,1,0,0,0,2,1,0,LivesExhausted,,,,,,,,,
training_episode,77346,50.561811600025976,1529.7315810567252,69492769,560.493408203125,28.830564498901367,4.104933738708496,3,4,5,1,0,0,0,8,0,0,LivesExhausted,,,,,,,,,
training_episode,78438,51.18160670000361,1532.5427445011112,27391711,309.2761535644531,16.630285263061523,1.592761516571045,3,3,4,1,0,0,0,0,0,0,LivesExhausted,,,,,,,,,
training_episode,79224,51.61867830000119,1534.7932688156056,68864395,291.5971374511719,15.610261917114258,1.415971279144287,3,5,1,1,0,0,0,5,0,0,LivesExhausted,,,,,,,,,
training_episode,79392,51.71360580000328,1535.2246042760949,49698988,1166.76318359375,52.787147521972656,9.667632102966309,4,8,7,2,1,0,0,16,0,0,LivesExhausted,,,,,,,,,
training_episode,79854,51.97593330001109,1536.3649083331218,33256535,1085.9451904296875,49.57768630981445,8.859451293945312,4,5,12,2,1,0,0,5,1,0,LivesExhausted,,,,,,,,,
ppo_rollout,79872,51.99098200001754,1536.2664240497143,,,,,,,,,,,,,,,,,,,-0.00828830177973335,0.7513817188640436,-1.0121481637159984,0.7244968414306641,0.007902003,0.0650390625
training_episode,81798,53.657837300008396,1524.4371393997126,15138418,538.958740234375,27.970544815063477,3.88958740234375,3,6,6,1,0,0,0,6,0,0,LivesExhausted,,,,,,,,,
training_episode,82188,53.86838240001816,1525.718730324679,70540059,937.0527954101562,43.70867156982422,7.370527744293213,4,4,9,1,1,0,0,25,0,0,LivesExhausted,,,,,,,,,
training_episode,82284,53.92639130001771,1525.8577111569668,70121143,476.33935546875,25.50048828125,3.2633934020996094,3,3,5,1,0,0,0,9,0,0,LivesExhausted,,,,,,,,,
training_episode,82392,53.989684800006216,1526.0692909248196,29905207,463.6802062988281,24.990476608276367,3.1368021965026855,3,3,5,1,0,0,0,10,0,0,LivesExhausted,,,,,,,,,
training_episode,82422,54.01141620002454,1526.010717711241,61219178,1301.36376953125,57.49635696411133,11.01363754272461,4,5,13,2,1,0,0,34,0,0,LivesExhausted,,,,,,,,,
training_episode,83076,54.384964600001695,1527.5545476772713,59752972,510.1169738769531,26.83051872253418,3.6011695861816406,3,4,2,1,0,0,1,19,0,0,LivesExhausted,,,,,,,,,
training_episode,85416,55.7961026999983,1530.8596096623537,51793568,338.40460205078125,19.47035026550293,1.8840460777282715,3,4,4,1,0,0,0,12,0,0,LivesExhausted,,,,,,,,,
training_episode,85434,55.812177000014344,1530.7412215792629,73053555,515.8244018554688,27.05052375793457,3.6582441329956055,3,3,6,1,0,0,0,1,0,0,LivesExhausted,,,,,,,,,
training_episode,85668,55.94952040002681,1531.1659400740625,26134963,515.4058227539062,27.0305233001709,3.6540579795837402,3,4,6,1,0,1,0,15,0,0,LivesExhausted,,,,,,,,,
training_episode,85686,55.96416240002145,1531.0869729012,48546969,548.4306030273438,28.340553283691406,3.9843058586120605,3,4,5,1,0,0,0,17,0,0,LivesExhausted,,,,,,,,,
ppo_rollout,86016,56.15957570000319,1531.6355034355274,,,,,,,,,,,,,,,,,,,-0.013515800278401002,0.0838884656317532,-0.9915554712216059,0.7226412296295166,0.009629234,0.09715169270833333
training_episode,86322,56.97088880001684,1515.1948972222194,1523648,659.2582397460938,32.73051452636719,5.0925822257995605,3,4,6,1,0,0,0,19,0,0,LivesExhausted,,,,,,,,,
training_episode,87564,57.678352000017185,1518.1432368243445,64151590,1046.032470703125,48.00794982910156,8.96032428741455,3,5,9,2,2,1,0,21,0,0,LivesExhausted,,,,,,,,,
training_episode,88434,58.20106870000018,1519.4566349947406,72844097,410.0172119140625,22.87042808532715,2.6001720428466797,3,3,3,1,0,0,1,5,0,0,LivesExhausted,,,,,,,,,
training_episode,88560,58.28036160001648,1519.5513131472226,19222849,493.3742980957031,26.170503616333008,3.4337430000305176,3,4,5,1,0,0,0,35,0,0,LivesExhausted,,,,,,,,,
training_episode,90186,59.25089750002371,1522.1035259417615,45090912,645.9850463867188,32.20060348510742,4.959850311279297,3,3,8,1,0,0,0,16,0,0,LivesExhausted,,,,,,,,,
training_episode,90894,59.65464090000023,1523.6702229482307,53050316,361.3624572753906,20.470373153686523,2.1136245727539062,3,3,5,1,0,0,0,6,0,0,LivesExhausted,,,,,,,,,
training_episode,90912,59.66867420001654,1523.6135412570436,62685384,936.1747436523438,43.668678283691406,7.3617472648620605,4,10,4,1,1,1,0,15,1,0,LivesExhausted,,,,,,,,,
training_episode,91764,60.143750800023554,1525.7445500050865,56820560,716.8776245117188,35.0001335144043,5.668776035308838,3,3,7,1,0,0,0,10,0,0,LivesExhausted,,,,,,,,,
ppo_rollout,92160,60.36195130000124,1526.7896086056137,,,,,,,,,,,,,,,,,,,-0.009456609511592736,0.0867820298920075,-0.9899787440896034,0.8008275032043457,0.008649894,0.07763671875
training_episode,93294,61.59174050000729,1514.7160843748027,13567483,337.2662658691406,19.9903621673584,1.8726625442504883,3,3,5,1,0,0,0,4,0,0,LivesExhausted,,,,,,,,,
training_episode,93990,61.97078750000219,1516.6823561826882,5608079,632.4030151367188,31.660629272460938,4.824029922485352,3,3,6,1,0,0,0,5,1,0,LivesExhausted,,,,,,,,,
training_episode,94596,62.3019970000023,1518.3461936219558,46452389,428.14276123046875,23.590444564819336,2.7814273834228516,3,4,3,1,0,0,0,5,0,0,LivesExhausted,,,,,,,,,
training_episode,95856,62.99423390001175,1521.6630803407884,44357809,1400.150146484375,60.785804748535156,12.50150203704834,3,3,11,2,0,0,0,28,0,0,LivesExhausted,,,,,,,,,
training_episode,96018,63.0877504000091,1521.9753342161675,41844313,435.2337951660156,22.67042350769043,2.8523378372192383,3,3,5,1,0,0,0,12,0,0,LivesExhausted,,,,,,,,,
training_episode,96630,63.413455800007796,1523.8090840649015,22574177,2313.652587890625,93.27151489257812,20.636524200439453,5,10,13,3,2,1,0,25,0,0,LivesExhausted,,,,,,,,,
training_episode,96708,63.45723490000819,1523.9869835549282,73367742,431.68328857421875,22.62042236328125,2.816833019256592,3,3,4,1,0,0,1,0,0,0,LivesExhausted,,,,,,,,,
ppo_rollout,98304,64.33500490000006,1528.0017488581852,,,,,,,,,,,,,,,,,,,-0.014011599319443728,0.07779644612843792,-0.9776265020171802,0.8351517915725708,0.010933035,0.12685546875
training_episode,98928,65.33326240000315,1514.2057256273679,18070830,1567.2259521484375,66.79586029052734,13.672259330749512,4,6,13,2,1,1,0,46,0,0,LivesExhausted,,,,,,,,,
training_episode,99420,65.61202700002468,1515.2709731092837,43101061,847.3974609375,40.15926742553711,6.473974704742432,4,6,8,1,1,0,0,12,1,0,LivesExhausted,,,,,,,,,
training_episode,100158,66.01996890001465,1517.0864462491102,57448934,703.3291625976562,34.47022247314453,5.533291339874268,3,5,7,1,0,0,0,5,0,0,LivesExhausted,,,,,,,,,
training_episode,103842,68.00925590001862,1526.8804021714282,60800262,763.0311279296875,36.82982635498047,6.130311489105225,3,3,7,1,0,0,0,11,0,0,LivesExhausted,,,,,,,,,
training_episode,103998,68.1032543000183,1527.0635899696213,35770031,639.9769897460938,31.960636138916016,4.899769306182861,3,4,8,1,0,0,0,15,0,0,LivesExhausted,,,,,,,,,
training_episode,104016,68.11788100001286,1526.9999370646947,41215939,1402.8150634765625,60.89578628540039,12.528151512145996,3,4,11,2,0,0,0,15,0,0,LivesExhausted,,,,,,,,,
ppo_rollout,104448,68.35757190000731,1527.9653313722927,,,,,,,,,,,,,,,,,,,-0.011315137615504985,0.08010769573350747,-0.9648724734783173,0.8321324586868286,0.009691036,0.11005859375
training_episode,104784,69.16199090000009,1515.0518172836441,4456060,1774.52490234375,74.38748168945312,16.245248794555664,3,4,15,2,0,0,0,12,0,0,LivesExhausted,,,,,,,,,
training_episode,106368,70.09672040000441,1517.4461714187887,49803717,1960.5216064453125,81.12892150878906,17.60521697998047,4,6,14,2,1,1,0,57,1,0,LivesExhausted,,,,,,,,,
training_episode,108480,71.24162110002362,1522.705383804974,70644788,809.0735473632812,38.639522552490234,6.090735912322998,4,4,7,1,1,0,0,15,0,0,LivesExhausted,,,,,,,,,
training_episode,110052,72.11074400000507,1526.1526077167123,22678906,1103.2991943359375,50.27756881713867,9.532992362976074,3,3,7,2,0,0,1,29,0,0,LivesExhausted,,,,,,,,,
ppo_rollout,110592,72.41356080002151,1527.2277564890462,,,,,,,,,,,,,,,,,,,-0.012144515184142316,0.10261469526837269,-0.9509318798780442,0.8279474973678589,0.009710525,0.1046875
training_episode,112578,74.132582500024,1518.6035101362286,72634639,1504.292236328125,64.90545654296875,13.542922019958496,3,3,13,2,0,0,1,38,1,1,LivesExhausted,,,,,,,,,
training_episode,113772,74.77681850001682,1521.4875717128084,45614557,1422.11474609375,61.65565872192383,12.721147537231445,3,4,12,2,0,0,1,27,0,1,LivesExhausted,,,,,,,,,
training_episode,115566,75.78742780000903,1524.8703294820916,15871521,993.4522094726562,45.92829895019531,8.434521675109863,3,3,8,1,0,0,0,31,0,0,LivesExhausted,,,,,,,,,
training_episode,116292,76.18244880001293,1526.4933305738034,38283527,1508.3524169921875,65.07549285888672,13.583524703979492,3,5,11,2,0,2,0,18,1,0,LivesExhausted,,,,,,,,,
ppo_rollout,116736,76.43545200000517,1527.249423474229,,,,,,,,,,,,,,,,,,,-0.009362420292260747,0.113098578248173,-0.9317099904020627,0.8362057209014893,0.008539009,0.09988606770833333
training_episode,117318,77.37411870001233,1516.2434412320008,71168433,577.8760375976562,29.51058006286621,4.2787604331970215,3,4,6,1,0,0,0,7,0,0,LivesExhausted,,,,,,,,,
training_episode,117522,77.48655640002107,1516.675994649932,1733106,873.0720825195312,41.169097900390625,7.230720520019531,3,6,10,1,0,0,0,33,0,0,LivesExhausted,,,,,,,,,
training_episode,120756,79.22411120001925,1524.232940842013,10530342,772.1923217773438,37.17976760864258,6.221923351287842,3,4,6,1,0,0,0,6,1,0,LivesExhausted,,,,,,,,,
training_episode,122160,80.0136027999979,1526.7404006960078,11053987,851.8963012695312,40.339237213134766,7.018962383270264,3,5,9,1,0,1,1,13,0,0,LivesExhausted,,,,,,,,,
training_episode,122760,80.36449659999926,1527.5402098393924,54516522,935.2669067382812,43.6386833190918,7.852668762207031,3,3,10,1,0,0,0,17,1,0,LivesExhausted,,,,,,,,,
ppo_rollout,122880,80.4329684000113,1527.731755328114,,,,,,,,,,,,,,,,,,,-0.011278234323253856,0.3031218082954486,-0.9261442179481189,0.7627499103546143,0.009246153,0.094482421875
training_episode,125394,82.41747760001454,1521.4491349584555,37026779,808.0326538085938,38.609527587890625,6.580327033996582,3,3,9,1,0,0,0,18,1,0,LivesExhausted,,,,,,,,,
training_episode,128508,84.11745869999868,1527.7209034371604,44776725,1042.912353515625,47.887969970703125,8.929123878479004,3,4,7,2,0,1,0,10,0,0,LivesExhausted,,,,,,,,,
training_episode,128748,84.25497010000981,1528.0760274103402,70330601,1235.4786376953125,54.88679504394531,10.85478687286377,3,5,10,2,0,1,1,19,0,0,LivesExhausted,,,,,,,,,
ppo_rollout,129024,84.4031101000146,1528.6640486009494,,,,,,,,,,,,,,,,,,,-0.008205379378826668,0.4707962429771821,-0.9262876709302267,0.8160513639450073,0.007918514,0.06533203125
training_episode,129030,85.02564060001168,1517.5422271382718,30847768,597.161865234375,30.270597457885742,4.47161865234375,3,5,8,1,0,0,0,13,0,0,LivesExhausted,,,,,,,,,
training_episode,132228,86.82941560001927,1522.8479782601537,25192402,615.2776489257812,30.980613708496094,4.652776718139648,3,6,4,1,0,1,0,7,0,0,LivesExhausted,,,,,,,,,
training_episode,132540,87.02316060001613,1523.0428208553878,4037144,571.0408325195312,29.24057388305664,4.2104082107543945,3,3,6,1,0,0,0,2,0,0,LivesExhausted,,,,,,,,,
ppo_rollout,135168,88.49099590000696,1527.4774413516275,,,,,,,,,,,,,,,,,,,-0.009389360020092379,0.9179543639222781,-0.923744776348273,0.7647490501403809,0.0070597106,0.071435546875
training_episode,135690,89.41806660001748,1517.4785718300632,29486291,25150.666015625,306.3076477050781,250.5066375732422,2,36,42,26,1,2,1,129,1,1,MaxDuration,,,,,,,,,
training_episode,135852,89.50952160000452,1517.737974369792,42367958,529.3898315429688,27.59053611755371,3.793898582458496,3,4,4,1,0,0,0,4,0,0,LivesExhausted,,,,,,,,,
training_episode,136278,89.76655640001991,1518.1377727437227,31371413,1448.6829833984375,62.705482482910156,12.48682975769043,4,7,6,2,1,1,2,15,1,1,LivesExhausted,,,,,,,,,
training_episode,138948,91.25531390000833,1522.6291386411779,21003242,416.9976806640625,22.240413665771484,2.6699767112731934,3,4,5,1,0,0,0,5,0,0,LivesExhausted,,,,,,,,,
training_episode,138984,91.28036900001462,1522.6055889407912,47813866,1270.291259765625,56.266563415527344,10.702912330627441,4,7,8,2,1,0,0,25,1,0,LivesExhausted,,,,,,,,,
training_episode,139752,91.69166800001403,1524.151572855874,52526671,652.8512573242188,32.470558166503906,5.028512001037598,3,5,7,1,0,0,0,9,0,0,LivesExhausted,,,,,,,,,
training_episode,140592,92.1495451000228,1525.6939125135757,27496440,24077.33203125,304.9263000488281,239.27330017089844,3,36,39,24,1,5,0,161,2,1,MaxDuration,,,,,,,,,
ppo_rollout,141312,92.54405880000559,1526.9699841605766,,,,,,,,,,,,,,,,,,,-0.008263242025471603,1.4714828804135323,-0.9154771467049917,0.7859992980957031,0.007295243,0.06015625
training_episode,141654,93.32759390000138,1517.8147649641476,58286766,433.31219482421875,22.240413665771484,2.8331215381622314,3,4,6,1,1,0,0,4,0,0,LivesExhausted,,,,,,,,,
training_episode,141984,93.50688510001055,1518.4336409895445,42577416,1158.52587890625,52.44720458984375,9.585258483886719,4,6,9,2,1,1,0,21,0,0,LivesExhausted,,,,,,,,,
training_episode,144612,94.96041220001644,1522.8661781227502,68131292,855.43994140625,40.47921371459961,7.054399490356445,3,4,9,1,0,0,0,10,0,0,LivesExhausted,,,,,,,,,
training_episode,147144,96.34864420001395,1527.203638636969,44986183,1604.5250244140625,68.26617431640625,14.04525089263916,4,4,14,2,1,0,0,47,0,0,LivesExhausted,,,,,,,,,
ppo_rollout,147456,96.52160170002026,1527.6994724795275,,,,,,,,,,,,,,,,,,,-0.007724790082041484,1.1083074008425078,-0.9061734239260356,0.866705596446991,0.008260119,0.0634765625
training_episode,147822,97.35763820001739,1518.3400371350997,31790329,513.3872680664062,26.73051643371582,3.6338720321655273,3,3,7,1,0,0,1,6,0,0,LivesExhausted,,,,,,,,,
training_episode,149100,98.05942890001461,1520.5065099046053,25087673,1346.1778564453125,59.26605987548828,11.96177864074707,3,5,11,2,0,2,0,33,0,0,LivesExhausted,,,,,,,,,
training_episode,151038,99.12354550001328,1523.7348425957964,2780396,1870.60595703125,78.17829132080078,17.2060604095459,3,3,14,2,0,0,0,45,0,0,LivesExhausted,,,,,,,,,
training_episode,151548,99.39377800002694,1524.7232075226975,2256751,759.5094604492188,36.689849853515625,6.095094680786133,3,4,5,1,0,0,1,16,0,0,LivesExhausted,,,,,,,,,
training_episode,152250,99.77260029999889,1525.9700513188059,30638310,27389.33203125,305.6770324707031,272.8932800292969,2,49,43,27,5,6,1,140,4,1,MaxDuration,,,,,,,,,
training_episode,153456,100.44578730000649,1527.7494868118783,10949258,390.6696472167969,20.120365142822266,2.406696319580078,3,3,5,1,0,0,0,8,0,0,LivesExhausted,,,,,,,,,
ppo_rollout,153600,100.538755400019,1527.7690616803773,,,,,,,,,,,,,,,,,,,-0.007906999910483136,0.6563743655880292,-0.9045607099930445,0.8958167433738708,0.006654385,0.06243489583333333
training_episode,153672,101.21380700002192,1518.290879029644,30324123,794.5991821289062,38.07961654663086,6.445991516113281,3,5,7,1,0,1,0,14,1,0,LivesExhausted,,,,,,,,,
training_episode,155814,102.41220430002431,1521.4397645766035,2989854,730.5047607421875,35.540042877197266,5.805047512054443,3,3,8,1,0,0,0,10,0,0,LivesExhausted,,,,,,,,,
training_episode,156042,102.5381280000147,1521.7948976011892,32523432,375.79168701171875,21.520397186279297,2.2579169273376465,3,3,3,1,0,0,0,9,0,0,LivesExhausted,,,,,,,,,
training_episode,157524,103.37719300002209,1523.7790408950873,72215723,643.1661376953125,32.09062194824219,4.931661605834961,3,3,6,1,0,0,0,20,1,0,LivesExhausted,,,,,,,,,
training_episode,157668,103.45664140000008,1524.0007588338342,45928744,973.5750122070312,45.14842987060547,8.235750198364258,3,4,8,1,0,1,0,31,2,0,LivesExhausted,,,,,,,,,
training_episode,158556,103.9388151000021,1525.4743845929872,73158284,2201.4873046875,89.4406967163086,20.014873504638672,4,6,15,3,1,1,1,36,1,1,LivesExhausted,,,,,,,,,
ppo_rollout,159744,104.58607150000171,1527.392679626535,,,,,,,,,,,,,,,,,,,-0.006120967449775586,0.9609352168937524,-0.8864646817247073,0.899616003036499,0.006833324,0.05646158854166667
training_episode,161802,106.33847710001282,1521.5752981662786,27286982,702.4900512695312,34.43022918701172,5.524900436401367,3,3,8,1,0,0,0,25,1,0,LivesExhausted,,,,,,,,,
training_episode,162240,106.58319090001169,1522.1912445106034,69911685,607.138427734375,30.67060661315918,4.571384429931641,3,4,7,1,0,0,1,9,0,0,LivesExhausted,,,,,,,,,
training_episode,163176,107.10438040000736,1523.5231219356253,51374652,1413.1385498046875,61.30571746826172,12.13138484954834,4,4,12,2,2,0,0,40,0,0,LivesExhausted,,,,,,,,,
training_episode,163950,107.52005590000772,1524.8317965205617,28857917,1201.3843994140625,53.53702163696289,10.513843536376953,3,4,11,2,0,1,0,18,0,0,LivesExhausted,,,,,,,,,
ppo_rollout,165888,108.5797167000128,1527.7991603009998,,,,,,,,,,,,,,,,,,,-0.008814877700448658,0.33851185739040374,-0.8909152214725812,0.9298537969589233,0.010238911,0.10065104166666666
training_episode,166482,109.51413000002503,1520.187394996079,23935654,725.5770874023438,35.3400764465332,5.755771160125732,3,3,8,1,0,0,0,3,0,0,LivesExhausted,,,,,,,,,
training_episode,168438,110.57959150001989,1523.2286330156112,62266468,776.980712890625,37.37973403930664,6.2698073387146,3,4,8,1,0,1,1,0,0,0,LivesExhausted,,,,,,,,,
training_episode,168738,110.76342770000338,1523.4089762644178,44567267,1003.1832885742188,46.318233489990234,8.531832695007324,3,3,9,2,0,0,0,14,0,0,LivesExhausted,,,,,,,,,
training_episode,172026,112.56351250002626,1528.2572138992186,52631400,587.1710815429688,29.870588302612305,4.371710777282715,3,3,5,1,0,0,0,10,0,0,LivesExhausted,,,,,,,,,
ppo_rollout,172032,112.57301760002156,1528.1814742786735,,,,,,,,,,,,,,,,,,,-0.008919883919103692,0.44018138038615384,-0.8893056352933247,0.9490652084350586,0.008177639,0.079150390625
training_episode,173388,113.93069710000418,1521.8725454458195,43519977,2411.303466796875,96.52220916748047,22.613033294677734,3,3,18,3,0,0,0,48,0,0,LivesExhausted,,,,,,,,,
training_episode,175746,115.23292100001709,1525.1370743259554,48861156,375.88592529296875,19.630353927612305,2.258859157562256,3,3,6,1,0,0,0,10,1,0,LivesExhausted,,,,,,,,,
training_episode,177360,116.17195889999857,1526.7023271310456,36398405,27389.33203125,306.3877258300781,272.8932800292969,2,51,45,27,1,4,3,200,2,1,MaxDuration,,,,,,,,,
ppo_rollout,178176,116.63839700000244,1527.593010387448,,,,,,,,,,,,,,,,,,,-0.010185991051063563,0.8533982828259468,-0.8775572404265404,0.9425199627876282,0.008807314,0.0685546875
training_episode,178974,117.71617150001111,1520.3858375565935,9587781,2065.24072265625,85.25980377197266,18.652406692504883,4,7,12,3,1,1,0,28,0,0,LivesExhausted,,,,,,,,,
training_episode,180840,118.73995610000566,1522.99197287636,18175559,1749.945556640625,73.40727233886719,15.999456405639648,3,6,9,2,0,2,0,58,3,0,LivesExhausted,,,,,,,,,
training_episode,182196,119.47888930002227,1524.9221102356366,68026563,849.994384765625,40.25925064086914,6.99994421005249,3,4,7,1,1,0,0,19,0,0,LivesExhausted,,,,,,,,,
training_episode,182856,119.83947640002589,1525.8411125698185,71377891,1345.6759033203125,59.246063232421875,11.956758499145508,3,5,11,2,0,1,0,33,1,0,LivesExhausted,,,,,,,,,
ppo_rollout,184320,120.6796091000142,1527.3499920541117,,,,,,,,,,,,,,,,,,,-0.007742650771979243,1.274515632291635,-0.8766369288166364,0.9439563751220703,0.008952039,0.06875
training_episode,185208,121.80866430001333,1520.4829727369379,7283743,1145.1390380859375,51.92729187011719,9.951390266418457,3,4,10,2,1,1,0,20,0,0,LivesExhausted,,,,,,,,,
training_episode,186114,122.34596320000128,1521.2107954535115,17861372,517.2910766601562,27.120525360107422,3.672910690307617,3,4,4,1,1,1,0,15,0,0,LivesExhausted,,,,,,,,,
training_episode,186654,122.658267300023,1521.740067821462,6131724,771.0449829101562,37.139774322509766,6.210450172424316,3,3,9,1,0,0,0,7,0,0,LivesExhausted,,,,,,,,,
training_episode,187206,122.97742080001626,1522.279445951555,66665086,1188.389404296875,53.037105560302734,10.383893013000488,3,4,11,2,0,0,0,9,1,0,LivesExhausted,,,,,,,,,
training_episode,189282,124.19383380000363,1524.0853286227682,39854462,312.90045166015625,17.290300369262695,1.6290044784545898,3,4,1,1,0,0,1,0,0,0,LivesExhausted,,,,,,,,,
ppo_rollout,190464,124.8689132000145,1525.3115857180205,,,,,,,,,,,,,,,,,,,-0.007913598389131948,0.7385993043581645,-0.841334321598212,0.9687409996986389,0.00807608,0.06892903645833333
training_episode,190704,125.63358270001481,1517.9380855145948,61952281,798.4307250976562,38.2195930480957,6.484307289123535,3,4,7,1,0,1,0,5,1,0,LivesExhausted,,,,,,,,,
training_episode,191604,126.16723660001298,1518.6509997634384,41320668,1194.7442626953125,53.28706359863281,10.447443008422852,3,3,10,2,0,0,1,23,2,0,LivesExhausted,,,,,,,,,
training_episode,192120,126.45939150001504,1519.222872426815,18908662,23034.666015625,300.5920715332031,229.3466339111328,2,41,44,23,4,4,2,139,2,1,MaxDuration,,,,,,,,,
training_episode,192678,126.7674586000212,1519.9326556505391,29172104,1100.8909912109375,50.17758560180664,9.508909225463867,3,5,8,2,1,0,0,10,2,0,LivesExhausted,,,,,,,,,
training_episode,193602,127.26700760002132,1521.2269358014478,31161955,317.1378479003906,16.620285034179688,1.6713783740997314,3,4,4,1,0,0,0,0,1,0,LivesExhausted,,,,,,,,,
training_episode,196242,128.68500170001062,1524.9795812061898,5398621,1313.0687255859375,57.966278076171875,11.63068675994873,3,3,12,2,0,0,0,20,0,0,LivesExhausted,,,,,,,,,
ppo_rollout,196608,128.89022100000875,1525.3911311082836,,,,,,,,,,,,,,,,,,,-0.010010116104967891,0.966324030359586,-0.8492667625347773,0.9684041142463684,0.009270572,0.08932291666666667
ppo_rollout,202752,132.9375965000072,1525.1667349047416,,,,,,,,,,,,,,,,,,,-0.007625172034992526,0.7573514461517334,-0.8328023796280225,0.9668562412261963,0.008909641,0.08504231770833333
training_episode,202830,133.59375610001734,1518.2595797976344,4351331,27389.33203125,302.8742980957031,272.8932800292969,2,51,42,27,3,2,2,139,3,1,MaxDuration,,,,,,,,,
training_episode,202986,133.68751850002445,1518.3616412175597,64675235,2229.686767578125,90.55093383789062,20.79686737060547,3,5,15,3,0,1,0,34,0,0,LivesExhausted,,,,,,,,,
training_episode,206046,135.32964800001355,1522.5488504926827,39435546,520.6348876953125,26.790517807006836,3.706348419189453,3,3,8,1,0,0,0,14,0,0,LivesExhausted,,,,,,,,,
training_episode,207036,135.87371420001728,1523.7384303429433,5922266,2214.537353515625,89.9508056640625,20.14537239074707,4,6,12,3,1,4,0,50,0,0,LivesExhausted,,,,,,,,,
training_episode,207612,136.1927961000183,1524.3978091729045,16604624,806.6925659179688,38.549537658691406,6.566925525665283,3,3,10,1,0,0,0,5,1,0,LivesExhausted,,,,,,,,,
ppo_rollout,208896,136.89806840001256,1525.923648459461,,,,,,,,,,,,,,,,,,,-0.007975602830993012,1.200055213769277,-0.8255383362372716,0.9578655362129211,0.0069396603,0.08180338541666667
training_episode,213546,140.03712120000273,1524.9242355890121,15347876,1443.2957763671875,62.49551773071289,12.932958602905273,3,5,12,2,0,2,0,15,0,0,LivesExhausted,,,,,,,,,
training_episode,213858,140.23145950000617,1525.0358283548392,29800478,1284.5980224609375,56.83646774291992,10.845979690551758,4,4,11,2,1,0,0,23,0,0,LivesExhausted,,,,,,,,,
ppo_rollout,215040,140.9146278000262,1526.0303586449952,,,,,,,,,,,,,,,,,,,-0.008199918598014241,0.8110166482627392,-0.8235187962651253,0.9728344678878784,0.009671512,0.09847005208333333
training_episode,216672,142.43300060002366,1521.2204972670077,45195641,489.88885498046875,26.030500411987305,3.39888858795166,3,3,5,1,0,0,0,18,0,0,LivesExhausted,,,,,,,,,
training_episode,220314,144.4410262000165,1525.286864792261,7493201,2677.955322265625,105.85420227050781,23.279552459716797,7,7,19,3,4,0,0,58,2,1,LivesExhausted,,,,,,,,,
ppo_rollout,221184,144.92990440002177,1526.1446622465776,,,,,,,,,,,,,,,,,,,-0.008186614882045735,0.852210630228122,-0.8090400675932566,0.9729281067848206,0.007529354,0.06931966145833333
training_episode,221718,145.9227182000177,1519.420709365412,62161739,894.3631591796875,42.01895523071289,7.443631649017334,3,3,9,1,0,0,0,18,0,0,LivesExhausted,,,,,,,,,
training_episode,225870,148.32213130002492,1522.834104528284,4770247,2516.73779296875,100.08296966552734,23.167377471923828,4,6,16,3,1,1,0,29,0,1,LivesExhausted,,,,,,,,,
training_episode,227124,149.02303880002,1524.0864891017745,53888148,25150.666015625,303.4448547363281,250.5066375732422,2,28,48,26,2,4,2,141,2,1,MaxDuration,,,,,,,,,
training_episode,227232,149.08550220000325,1524.1723483961612,56087457,993.6775512695312,45.938297271728516,8.436775207519531,3,3,10,1,0,0,0,25,1,0,LivesExhausted,,,,,,,,,
ppo_rollout,227328,149.14398030002485,1524.218406553832,,,,,,,,,,,,,,,,,,,-0.00794165066909045,1.302557330330213,-0.7973153670628865,0.9703863263130188,0.007183332,0.060107421875
training_episode,229308,150.81992530002026,1520.4091869416222,5293892,27389.33203125,305.2265930175781,272.8932800292969,2,41,45,27,2,8,1,169,0,1,MaxDuration,,,,,,,,,
training_episode,229800,151.09345020001638,1520.9130488170895,65094151,23034.666015625,301.6230773925781,229.3466339111328,2,31,42,23,0,4,0,198,2,1,MaxDuration,,,,,,,,,
training_episode,231018,151.7540993000148,1522.3180201760617,28334272,2179.05126953125,89.16063690185547,19.79051399230957,4,5,15,3,1,0,0,32,2,0,LivesExhausted,,,,,,,,,
training_episode,232164,152.39808060001815,1523.405013277919,62790113,893.5121459960938,41.98896026611328,7.435121536254883,3,3,6,1,0,0,0,15,1,0,LivesExhausted,,,,,,,,,
ppo_rollout,233472,153.135660800006,1524.6089564005124,,,,,,,,,,,,,,,,,,,-0.008703090440637122,1.7759616975982984,-0.7801875700553258,0.9711584448814392,0.007943726,0.07333984375
training_episode,233766,153.93476040000678,1518.6043710500992,44148351,1223.2523193359375,54.40687561035156,10.732523918151855,3,4,7,2,1,1,0,30,1,0,LivesExhausted,,,,,,,,,
training_episode,233910,154.01437889999943,1518.754298596213,8749949,1571.653564453125,66.96589660644531,14.216535568237305,3,5,12,2,0,1,0,29,0,0,LivesExhausted,,,,,,,,,
training_episode,234852,154.53539160001674,1519.729542653028,30009936,999.7185668945312,46.17825698852539,8.497184753417969,3,3,11,1,0,0,0,5,1,0,LivesExhausted,,,,,,,,,
training_episode,235152,154.6988524000044,1520.062989167936,47918595,460.3871154785156,24.8604736328125,3.1038708686828613,3,4,5,1,0,0,0,4,0,0,LivesExhausted,,,,,,,,,
training_episode,239262,156.9689971000189,1524.2627806785624,49489530,989.821044921875,45.78832244873047,8.398209571838379,3,4,8,1,0,1,1,7,1,0,LivesExhausted,,,,,,,,,
training_episode,239352,157.0214311000018,1524.326955392252,9901968,1920.8175048828125,79.55858612060547,17.708175659179688,3,4,15,2,0,1,0,46,0,0,LivesExhausted,,,,,,,,,
ppo_rollout,239616,157.16906140002538,1524.5748613980163,,,,,,,,,,,,,,,,,,,-0.007649050481268205,0.5920333974063396,-0.7949016223351161,0.9700073599815369,0.00827268,0.08494466145833333
training_episode,241194,158.63832320002257,1520.4018495321923,17651914,1104.4541015625,50.317562103271484,9.544540405273438,3,4,11,2,0,1,0,5,0,0,LivesExhausted,,,,,,,,,
training_episode,241734,158.9396389000176,1520.9170076953865,13462754,1297.687744140625,57.34638214111328,10.976877212524414,4,5,10,2,1,0,0,34,0,0,LivesExhausted,,,,,,,,,
training_episode,242490,159.35433280002326,1521.703211573828,3618228,2372.5693359375,95.60201263427734,21.225692749023438,5,6,18,3,2,0,0,39,0,0,LivesExhausted,,,,,,,,,
training_episode,242928,159.62280700000701,1521.887783867811,21422158,603.3064575195312,30.510602951049805,4.533064365386963,3,4,3,1,0,0,1,8,1,0,LivesExhausted,,,,,,,,,
training_episode,243678,160.03931900000316,1522.6133272911213,22364719,743.2620239257812,36.03995895385742,5.932620525360107,3,4,4,1,0,1,1,24,0,0,LivesExhausted,,,,,,,,,
ppo_rollout,245760,161.1618531999993,1524.9266195457292,,,,,,,,,,,,,,,,,,,-0.009406263117368023,0.2074198887993892,-0.827039112150669,0.910290002822876,0.009566671,0.11974283854166666
training_episode,247116,162.53820540002198,1520.3563949277282,41006481,1079.469482421875,49.327728271484375,9.294694900512695,3,4,10,2,0,0,0,6,1,0,LivesExhausted,,,,,,,,,
training_episode,249120,163.6157477000088,1522.59182567661,37236237,1244.1707763671875,55.22673797607422,10.941707611083984,3,3,11,2,0,0,0,32,0,0,LivesExhausted,,,,,,,,,
ppo_rollout,251904,165.18693230001372,1524.9632431122948,,,,,,,,,,,,,,,,,,,-0.010456306440755726,0.16950586841752133,-0.8040274093548457,0.8905386924743652,0.008945345,0.125634765625
training_episode,252072,165.90165340001113,1519.4061953814326,32942348,2087.319091796875,86.1399917602539,19.373191833496094,3,4,16,3,0,1,0,55,0,0,LivesExhausted,,,,,,,,,
training_episode,254190,167.05852900000173,1521.562541712536,10425613,899.3670654296875,42.21892166137695,7.49367094039917,3,3,9,1,0,0,1,34,0,0,LivesExhausted,,,,,,,,,
training_episode,254664,167.3184499000199,1522.0317911872412,3304041,1452.98876953125,62.88545227050781,13.029887199401855,3,6,11,2,0,2,0,20,0,0,LivesExhausted,,,,,,,,,
ppo_rollout,258048,169.21671630002675,1524.955723301429,,,,,,,,,,,,,,,,,,,-0.006659492880377608,0.9461976858476798,-0.805203802883625,0.9455968141555786,0.0068084993,0.08336588541666666
training_episode,261660,171.85692380002,1522.5455816053047,33675451,1321.7947998046875,58.29622268676758,11.717947959899902,3,3,11,2,0,0,0,17,0,0,LivesExhausted,,,,,,,,,
ppo_rollout,264192,173.28396830000565,1524.6188241869309,,,,,,,,,,,,,,,,,,,-0.00950021850488459,0.6285496900478998,-0.7897214864691099,0.9772667288780212,0.00794148,0.07078450520833333
training_episode,264612,174.13729370001238,1519.5596209037742,64570506,2643.80810546875,104.50391387939453,24.938079833984375,3,3,19,3,1,0,0,40,0,1,LivesExhausted,,,,,,,,,
training_episode,265902,174.82590880000498,1520.9530545279936,66769815,724.7149658203125,35.3200798034668,5.747149467468262,3,4,9,1,0,1,0,20,0,0,LivesExhausted,,,,,,,,,
training_episode,270162,177.23515150000458,1524.3138717885374,12624922,23034.666015625,302.0635070800781,228.8466339111328,3,28,42,23,2,2,1,195,3,1,MaxDuration,,,,,,,,,
ppo_rollout,270336,177.34679090001737,1524.3354482371608,,,,,,,,,,,,,,,,,,,-0.008426521443955911,1.291225021580855,-0.777214415371418,0.9693284034729004,0.00712291,0.07887369791666667
training_episode,270618,178.12719540001126,1519.2402226526208,73681929,1096.7972412109375,50.01761245727539,9.467971801757812,3,3,12,2,0,0,0,10,0,0,LivesExhausted,,,,,,,,,
ppo_rollout,276480,181.3359144999995,1524.684179426579,,,,,,,,,,,,,,,,,,,-0.005484135815640912,1.6819361358880998,-0.7747621148824692,0.9664559960365295,0.0056268056,0.05294596354166667
training_episode,279024,183.33481470000697,1521.9367933830267,46347660,26254.666015625,300.7622375488281,262.546630859375,0,26,46,27,1,3,3,160,0,1,MaxDuration,,,,,,,,,
training_episode,279804,183.77822510001715,1522.508990647412,7912117,26254.666015625,301.0024719238281,262.046630859375,1,21,44,27,0,2,2,152,2,1,MaxDuration,,,,,,,,,
training_episode,282366,185.19659590002266,1524.6824523299213,26972795,2557.271240234375,101.69331359863281,24.072711944580078,3,4,14,3,0,1,0,22,1,1,LivesExhausted,,,,,,,,,
ppo_rollout,282624,185.34551410001586,1524.8494217534226,,,,,,,,,,,,,,,,,,,-0.008069222562092667,1.5645293752352396,-0.7574410751461983,0.9710830450057983,0.008095232,0.06277669270833333
training_episode,285852,187.8541896000097,1521.6695491788234,25401860,566.3839721679688,29.050569534301758,4.163839340209961,3,3,3,1,0,0,0,10,2,0,LivesExhausted,,,,,,,,,
training_episode,286284,188.1285572000197,1521.746641024949,74205574,1391.630615234375,60.45586013793945,12.416305541992188,3,3,12,2,0,0,1,38,0,1,LivesExhausted,,,,,,,,,
ppo_rollout,288768,189.59312040000805,1523.0932398324921,,,,,,,,,,,,,,,,,,,-0.00813730206185331,1.9387585987647376,-0.7702118948101997,0.9665302038192749,0.0062732357,0.05382486979166667
training_episode,290370,191.08973000000697,1519.5479108165018,17756643,26254.666015625,301.4629211425781,261.546630859375,2,23,40,27,3,3,2,181,0,1,MaxDuration,,,,,,,,,
training_episode,292338,192.17040980001912,1521.2435686858328,52212484,1213.9713134765625,54.04693603515625,10.639713287353516,3,3,9,2,0,0,1,28,1,0,LivesExhausted,,,,,,,,,
ppo_rollout,294912,193.62485300001572,1523.1102589912673,,,,,,,,,,,,,,,,,,,-0.007372042872399713,1.5041659916440646,-0.7549638524651527,0.97536700963974,0.008213117,0.08004557291666667
training_episode,295626,194.64522520001628,1518.7939991654891,33465993,1862.1697998046875,77.84822082519531,17.1216983795166,3,4,13,2,0,1,0,49,1,0,LivesExhausted,,,,,,,,,
ppo_rollout,301056,197.60697950000758,1523.5089406342981,,,,,,,,,,,,,,,,,,,-0.007756146317115053,1.278685634334882,-0.7357086961468061,0.9806889295578003,0.007481555,0.06599934895833333
training_episode,302406,198.97573030000785,1519.813494560588,37131508,27389.33203125,304.1455383300781,273.3932800292969,1,27,45,27,0,6,2,163,1,1,MaxDuration,,,,,,,,,
training_episode,302862,199.26032440000563,1519.9312804089334,10844529,1386.7259521484375,60.265892028808594,12.36725902557373,3,4,13,2,0,0,1,15,0,1,LivesExhausted,,,,,,,,,
ppo_rollout,307200,201.65940070000943,1523.3606711793905,,,,,,,,,,,,,,,,,,,-0.007996370383383085,2.174256087342898,-0.7384965166449546,0.9712159037590027,0.0066974186,0.062418619791666664
training_episode,307392,202.3797039000201,1518.887487610211,55249625,27389.33203125,306.3977355957031,272.8932800292969,2,30,44,27,1,4,2,168,2,1,MaxDuration,,,,,,,,,
training_episode,312504,205.20276260000537,1522.903473815083,58077308,2036.1512451171875,84.11956024169922,18.36151123046875,4,6,13,3,1,1,2,35,0,1,LivesExhausted,,,,,,,,,
training_episode,313278,205.62697530002333,1523.5257900521403,51688839,2119.033935546875,86.7801284790039,19.690340042114258,3,5,15,3,0,1,0,28,0,0,LivesExhausted,,,,,,,,,
ppo_rollout,313344,205.66705300001195,1523.5498123269253,,,,,,,,,,,,,,,,,,,-0.008135712969427307,1.803173608581225,-0.7358451555172603,0.9700835943222046,0.0076063555,0.07421875
training_episode,314964,207.17297910002526,1520.2947863578875,72006265,1457.7982177734375,63.07542037963867,13.077981948852539,3,3,13,2,1,0,1,42,0,1,LivesExhausted,,,,,,,,,
training_episode,316152,207.82847860001493,1521.2159667899205,67293460,27389.33203125,302.8542785644531,273.8932800292969,0,30,44,27,3,3,2,104,1,1,MaxDuration,,,,,,,,,
training_episode,317352,208.53273440001067,1521.8330153924446,39330817,689.1815795898438,33.910316467285156,5.391815662384033,3,4,5,1,0,0,0,0,0,0,LivesExhausted,,,,,,,,,
ppo_rollout,319488,209.72615290002432,1523.3579388274898,,,,,,,,,,,,,,,,,,,-0.007471829072649901,1.3150006224711737,-0.7186349441607793,0.9835795760154724,0.009983412,0.08203125
ppo_rollout,325632,213.66251030002604,1524.0483674124478,,,,,,,,,,,,,,,,,,,-0.009056965380053347,1.209713990489642,-0.7189623812834421,0.9850565195083618,0.009488065,0.09002278645833334
training_episode,326250,214.62656689999858,1520.0820882160892,1104732,2036.7960205078125,84.14956665039062,18.86795997619629,3,5,14,3,0,1,1,40,0,1,LivesExhausted,,,,,,,,,
training_episode,326520,214.78057430000626,1520.2492174358176,35874760,26254.666015625,301.1926574707031,261.546630859375,2,27,43,27,1,3,1,127,2,1,MaxDuration,,,,,,,,,
training_episode,326610,214.83363910001935,1520.2926383793244,44253080,1843.4808349609375,77.10806274414062,16.9348087310791,3,4,13,2,0,1,0,50,1,0,LivesExhausted,,,,,,,,,
training_episode,328650,215.96048090001568,1521.8062056092417,27915356,26254.666015625,302.5740051269531,262.046630859375,1,21,42,27,1,2,1,173,3,1,MaxDuration,,,,,,,,,
training_episode,330714,217.09670660001575,1523.3487655310935,7074285,772.0557250976562,37.17976760864258,6.220556735992432,3,3,8,1,0,0,0,31,0,0,LivesExhausted,,,,,,,,,
ppo_rollout,331776,217.67736560001504,1524.1639804188126,,,,,,,,,,,,,,,,,,,-0.00873080302941768,1.5281338527798654,-0.725561386346817,0.9816437363624573,0.008486587,0.07141927083333334
training_episode,336618,221.09058570000343,1522.5342993878314,8645220,1075.1142578125,49.15775680541992,9.251142501831055,3,5,8,2,0,1,0,24,1,0,LivesExhausted,,,,,,,,,
ppo_rollout,337920,221.84079180000117,1523.254570352639,,,,,,,,,,,,,,,,,,,-0.006317283781633402,1.3358424042661985,-0.7331984212001165,0.9836142063140869,0.0106088035,0.07213541666666666
ppo_rollout,344064,225.89524540002458,1523.1130668142985,,,,,,,,,,,,,,,,,,,-0.007926753694967677,1.2028984238704046,-0.6966781432429949,0.9847667813301086,0.008678733,0.09384765625
training_episode,348708,229.16129499999806,1521.670577049248,32837619,23034.666015625,301.6831359863281,228.84661865234375,3,22,45,23,3,4,0,107,0,1,MaxDuration,,,,,,,,,
ppo_rollout,350208,230.0104008000053,1522.5746261122638,,,,,,,,,,,,,,,,,,,-0.007656711620802526,1.6964436794320743,-0.711961547533671,0.966266393661499,0.011057076,0.087109375
training_episode,351750,231.50170640001306,1519.4272451374904,72320452,24077.33203125,306.4978332519531,240.27330017089844,1,22,46,24,2,6,2,113,3,1,MaxDuration,,,,,,,,,
training_episode,356334,233.9994034000265,1522.798754280754,65931983,1469.82177734375,63.54534149169922,13.198217391967773,3,5,12,2,0,1,0,16,1,0,LivesExhausted,,,,,,,,,
ppo_rollout,356352,234.01489010002115,1522.7748962798491,,,,,,,,,,,,,,,,,,,-0.005497038436199849,2.3613494763771694,-0.6783393422762553,0.9628777503967285,0.0087998845,0.07366536458333334
ppo_rollout,362496,238.05791130001307,1522.7219209831826,,,,,,,,,,,,,,,,,,,-0.008521411579567938,1.7073118935028713,-0.6791432629028956,0.9798699021339417,0.0075311116,0.07708333333333334
training_episode,362940,238.94169050001074,1518.9479878564084,3513499,24077.33203125,302.6941223144531,239.27330017089844,3,18,47,24,4,4,4,136,2,1,MaxDuration,,,,,,,,,
training_episode,363132,239.0552826000203,1519.0293895641744,61323907,27389.33203125,305.0764465332031,273.8932800292969,0,23,45,27,3,4,2,137,4,1,MaxDuration,,,,,,,,,
training_episode,364956,240.0485627000162,1520.3423669571314,73472471,23034.666015625,302.4939270019531,229.34661865234375,2,23,45,23,0,1,0,103,0,1,MaxDuration,,,,,,,,,
ppo_rollout,368640,242.10628230002476,1522.637068719973,,,,,,,,,,,,,,,,,,,-0.0066176094444623836,2.3706585576136905,-0.6883904983599981,0.9743406176567078,0.0053121373,0.05406901041666667
training_episode,371862,244.44946390000405,1521.222399375423,49280072,1302.4970703125,57.546348571777344,11.524970054626465,3,3,11,2,0,0,0,22,0,0,LivesExhausted,,,,,,,,,
training_episode,373170,245.19267270001,1521.945969635759,64989422,24077.33203125,304.5459289550781,239.77330017089844,2,18,43,24,0,0,2,189,5,1,MaxDuration,,,,,,,,,
ppo_rollout,374784,246.08194040000672,1523.0048958114837,,,,,,,,,,,,,,,,,,,-0.007614728185581043,1.7432317559917767,-0.6937916621565818,0.9761257767677307,0.008084363,0.06510416666666667
ppo_rollout,380928,250.07863810000708,1523.2328634470007,,,,,,,,,,,,,,,,,,,-0.0068858028738759455,2.022273371616999,-0.6647598703702291,0.9748637676239014,0.009968401,0.07849934895833334
training_episode,382872,251.77394970000023,1520.6974369517136,5189163,2259.184814453125,91.72118377685547,21.091848373413086,3,4,17,3,1,1,0,46,0,0,LivesExhausted,,,,,,,,,
ppo_rollout,387072,254.2272656999994,1522.543221059396,,,,,,,,,,,,,,,,,,,-0.00812003113872682,1.1291682491699855,-0.6505504722396532,0.9861437678337097,0.008107972,0.08557942708333334
training_episode,387774,255.25009820002015,1519.1923636249924,5817537,25150.666015625,300.1416320800781,251.5066375732422,0,20,44,26,2,0,1,116,4,1,MaxDuration,,,,,,,,,
training_episode,389484,256.25753940001596,1519.8928426141586,22993093,1239.672119140625,55.056766510009766,10.896720886230469,3,3,11,2,0,0,0,18,0,0,LivesExhausted,,,,,,,,,
training_episode,392358,257.842825300002,1521.694464616142,40901752,23034.666015625,300.1416320800781,229.3466339111328,2,22,43,23,5,2,0,217,3,1,MaxDuration,,,,,,,,,
ppo_rollout,393216,258.320412400004,1522.2025868831183,,,,,,,,,,,,,,,,,,,-0.0052681044636604685,1.8929767946402232,-0.6752070337533951,0.980590283870697,0.008277174,0.08854166666666667
ppo_rollout,399360,262.330629700009,1522.3536819039866,,,,,,,,,,,,,,,,,,,-0.008030311816643614,1.8395781442523003,-0.6674970870216688,0.9862927198410034,0.008284542,0.07786458333333333
training_episode,399522,263.03436060002423,1518.8966152126484,1418919,2445.005615234375,97.86249542236328,22.950056076049805,3,4,17,3,0,0,0,40,1,0,LivesExhausted,,,,,,,,,
training_episode,399606,263.0835324000218,1518.9320150696246,25611318,27389.33203125,303.9153137207031,272.8932800292969,2,23,42,27,5,1,1,198,2,1,MaxDuration,,,,,,,,,
training_episode,399738,263.15989330000593,1518.9928639479008,53992877,27389.33203125,306.6179504394531,272.8932800292969,2,22,47,27,3,1,3,203,0,1,MaxDuration,,,,,,,,,
training_episode,403842,265.385970000003,1521.7157108945714,40063920,742.0374755859375,35.989967346191406,5.920374870300293,3,3,8,1,0,0,0,0,0,0,LivesExhausted,,,,,,,,,
ppo_rollout,405504,266.27636100002564,1522.8689414151975,,,,,,,,,,,,,,,,,,,-0.007459624198963866,1.544391536215941,-0.6907533665498098,0.98752760887146,0.00913427,0.08517252604166667
training_episode,409374,268.9988790000207,1521.842773181105,68236021,23034.666015625,301.6831359863281,230.3466339111328,0,15,43,23,2,5,2,93,3,1,MaxDuration,,,,,,,,,
ppo_rollout,411648,270.27036600001156,1523.097060518956,,,,,,,,,,,,,,,,,,,-0.006535666255513206,1.7023306772112847,-0.6961173683404922,0.9841849207878113,0.0068643955,0.056315104166666664
ppo_rollout,417792,274.30871370001114,1523.072287294908,,,,,,,,,,,,,,,,,,,-0.008418397547211498,1.4934399689237277,-0.682161903878053,0.9808394312858582,0.0071320385,0.07542317708333333
ppo_rollout,423936,278.35453410001355,1523.0073451854698,,,,,,,,,,,,,,,,,,,-0.005868090491276234,1.9141855577627818,-0.6493589043617248,0.9709060788154602,0.0069359713,0.05677083333333333
training_episode,426264,280.268026500009,1520.9155511714653,54097606,24077.33203125,306.4477844238281,238.77330017089844,4,26,45,24,4,3,0,163,1,1,MaxDuration,,,,,,,,,
training_episode,428640,281.5774945000012,1522.2807517381266,33780180,26254.666015625,302.3137512207031,261.546630859375,2,24,41,27,1,3,3,178,4,1,MaxDuration,,,,,,,,,
ppo_rollout,430080,282.37362140000914,1523.088445257961,,,,,,,,,,,,,,,,,,,-0.0075909019350850334,2.104848962028821,-0.6412847191095352,0.9344881772994995,0.008543905,0.06170247395833333
training_episode,436044,286.3884698000038,1522.5612969143153,19641765,24077.33203125,303.6250305175781,240.27330017089844,1,16,46,24,3,6,1,172,0,1,MaxDuration,,,,,,,,,
ppo_rollout,436224,286.4958058000193,1522.619148932653,,,,,,,,,,,,,,,,,,,-0.006325487580033951,2.239725078145663,-0.6719822843869527,0.9745557308197021,0.0073838085,0.0603515625
training_episode,436350,287.189211000019,1519.3815898605299,66246170,26254.666015625,305.0664367675781,261.546630859375,2,25,42,27,1,3,1,116,0,1,MaxDuration,,,,,,,,,
training_episode,440052,289.2597172000096,1521.30412163725,48965885,26254.666015625,301.7331848144531,262.046630859375,1,23,49,27,4,3,3,152,4,1,MaxDuration,,,,,,,,,
ppo_rollout,442368,290.52924350000103,1522.6281343344303,,,,,,,,,,,,,,,,,,,-0.006503868720028549,2.6956799228986106,-0.6734669099251429,0.9779742360115051,0.00850927,0.06922200520833334
training_episode,445854,293.08942990002106,1521.2216972549645,67607647,24077.33203125,303.9553527832031,240.77330017089844,0,27,45,24,3,3,0,150,2,1,MaxDuration,,,,,,,,,
training_episode,445860,293.09794740000507,1521.1979611427066,69388040,1977.592529296875,81.79906463623047,17.77592658996582,4,7,11,2,1,1,0,28,0,0,LivesExhausted,,,,,,,,,
ppo_rollout,448512,294.56415030002245,1522.62927971098,,,,,,,,,,,,,,,,,,,-0.010246550881614287,1.5123159408569335,-0.6979592700799306,0.9888268113136292,0.010633387,0.10353190104166667
ppo_rollout,454656,298.61908820000826,1522.5282574551354,,,,,,,,,,,,,,,,,,,-0.006534619584757214,1.1616609935959181,-0.6775653103987376,0.9898927211761475,0.012256124,0.13976236979166667
training_episode,456294,300.14879830001155,1520.2259765301965,14928960,2124.099853515625,86.99017333984375,19.240999221801758,4,4,14,3,1,0,0,56,0,0,LivesExhausted,,,,,,,,,
ppo_rollout,460800,302.62425530000473,1522.680326939388,,,,,,,,,,,,,,,,,,,-0.005996444122865796,1.729257239898046,-0.6841891164580981,0.9863003492355347,0.0123869525,0.09482421875
training_episode,462930,304.4291460000095,1520.64940588831,17232998,28554.666015625,305.5068664550781,284.546630859375,2,22,44,28,2,1,2,147,3,1,MaxDuration,,,,,,,,,
training_episode,464670,305.4014930000121,1521.5053319990861,23830925,26254.666015625,300.1916809082031,262.046630859375,1,20,43,27,4,0,3,124,3,1,MaxDuration,,,,,,,,,
ppo_rollout,466944,306.66121280001244,1522.6705579636352,,,,,,,,,,,,,,,,,,,-0.006658650860966494,2.380180122454961,-0.6506354371706645,0.9789759516716003,0.0066957274,0.06922200520833334
training_episode,472422,310.30790670000715,1522.429786027715,2466209,1893.487548828125,79.07848358154297,17.43487548828125,3,3,15,2,1,0,0,45,0,0,LivesExhausted,,,,,,,,,
training_episode,472674,310.4472447000153,1522.5582061671837,46242931,23034.666015625,302.6841125488281,229.3466339111328,2,13,45,23,2,1,0,114,4,1,MaxDuration,,,,,,,,,
ppo_rollout,473088,310.7066696000111,1522.6193908519276,,,,,,,,,,,,,,,,,,,-0.007320179340119163,1.912467427055041,-0.655698710680008,0.9829199314117432,0.0095541505,0.08478190104166666
training_episode,476268,313.04136319999816,1521.4219460695308,40482836,23034.666015625,301.7632141113281,229.34661865234375,2,18,44,23,5,6,1,147,2,1,MaxDuration,,,,,,,,,
training_episode,476580,313.21332640000037,1521.5827674949128,36293676,2479.373291015625,99.22278594970703,23.293731689453125,3,4,18,3,0,1,0,42,1,0,LivesExhausted,,,,,,,,,
ppo_rollout,479232,314.6558071000036,1523.0356128393046,,,,,,,,,,,,,,,,,,,-0.00808402286687245,1.6956938276688258,-0.6220154623190562,0.9890884160995483,0.008383458,0.0779296875
training_episode,480696,316.13720399999875,1520.5296748306848,61533365,763.7267456054688,36.85982131958008,6.137267589569092,3,3,10,1,0,0,1,23,0,0,LivesExhausted,,,,,,,,,
training_episode,481296,316.4894303000183,1520.7332502186637,24564028,825.48583984375,39.28941345214844,6.754858493804932,3,4,9,1,0,0,1,19,0,0,LivesExhausted,,,,,,,,,
training_episode,481872,316.8134323999984,1520.996115441229,34932199,23034.666015625,300.0615539550781,229.3466339111328,2,26,38,23,3,1,2,116,4,1,MaxDuration,,,,,,,,,
ppo_rollout,485376,318.81179070001235,1522.4531029240293,,,,,,,,,,,,,,,,,,,-0.0073165952519048,1.3058617904782295,-0.6489090666174888,0.9906808137893677,0.009967702,0.079052734375
ppo_rollout,491520,322.9546764000261,1521.947306906872,,,,,,,,,,,,,,,,,,,-0.007490504488426571,1.7965193395813306,-0.6593024089932442,0.989041268825531,0.009328928,0.08486328125
training_episode,492738,324.249260600016,1519.6272123742067,52107755,27389.33203125,303.6550598144531,273.8932800292969,0,18,44,27,2,5,2,182,1,1,MaxDuration,,,,,,,,,
training_episode,493350,324.57929090000107,1519.967582133868,9692510,2373.888916015625,95.65202331542969,22.238889694213867,3,3,17,3,0,0,0,39,2,0,LivesExhausted,,,,,,,,,
ppo_rollout,497664,326.9439395000227,1522.1692158021037,,,,,,,,,,,,,,,,,,,-0.007761833032903572,1.7268886158863703,-0.6143709992369016,0.9886174201965332,0.008421728,0.08234049479166666
validation,500004,,,,,,,,,,,,,,,,,,15433.244227294921,22791.640625,11058.430769140874,,,,,,
ppo_rollout,503808,606.5177966000047,830.656582254022,,,,,,,,,,,,,,,,,,,-0.0077551529412933935,1.5409492706259091,-0.5962136750419934,0.9889795780181885,0.010658379,0.09485677083333334
training_episode,508566,609.7650731000176,834.0359630873475,14405315,23034.666015625,301.1826477050781,229.8466339111328,1,18,46,23,3,6,2,183,0,1,MaxDuration,,,,,,,,,
training_episode,509274,610.1632086000172,834.6520944265036,50641549,27389.33203125,304.9563293457031,273.8932800292969,0,19,43,27,2,8,3,143,2,1,MaxDuration,,,,,,,,,
ppo_rollout,509952,610.5383676000056,835.2497190382885,,,,,,,,,,,,,,,,,,,-0.007434394213487394,1.4372677798072497,-0.5800717880328496,0.9872308373451233,0.007931055,0.09235026041666666
training_episode,515898,614.4911815000232,839.5531384854878,21631616,1407.0,61.065757751464844,12.570000648498535,3,3,11,2,0,0,0,8,0,0,LivesExhausted,,,,,,,,,
ppo_rollout,516096,614.6075099000009,839.7163908458764,,,,,,,,,,,,,,,,,,,-0.00702399976629143,2.660357553760211,-0.5670678968230883,0.9651690125465393,0.008965244,0.08629557291666666
training_episode,516744,615.6173582000192,839.3915361822945,60590804,26254.666015625,300.3818664550781,261.546630859375,2,21,46,27,3,3,2,172,0,1,MaxDuration,,,,,,,,,
training_episode,517404,616.0210787000251,839.9128177429668,48023324,23034.666015625,300.8423156738281,229.3466339111328,2,22,43,23,3,6,0,183,1,1,MaxDuration,,,,,,,,,
training_episode,520902,617.9941007000161,842.891541213682,51269923,885.5716552734375,41.66901397705078,7.355716705322266,3,4,5,1,0,0,0,25,0,0,LivesExhausted,,,,,,,,,
ppo_rollout,522240,618.7354836000013,844.0440444136811,,,,,,,,,,,,,,,,,,,-0.008663261306355707,1.5352459435661634,-0.5618261461456616,0.9913057088851929,0.009719451,0.098486328125
training_episode,525654,621.1948388000019,846.1982733395473,42263229,1770.7366943359375,74.22744750976562,16.207366943359375,3,5,11,2,0,2,0,19,1,0,LivesExhausted,,,,,,,,,
ppo_rollout,528384,622.7038928000256,848.5317116359903,,,,,,,,,,,,,,,,,,,-0.0063964164447194586,1.843698478738467,-0.6050777201851208,0.9896835088729858,0.0072464417,0.07737630208333333
training_episode,529362,623.8697748999984,848.513618222413,3827686,24077.33203125,305.1865539550781,239.77330017089844,2,16,45,24,2,4,1,156,0,1,MaxDuration,,,,,,,,,
training_episode,529470,623.933835600008,848.5995946843201,22469448,23034.666015625,300.9624328613281,229.8466339111328,1,22,46,23,1,2,0,144,4,1,MaxDuration,,,,,,,,,
ppo_rollout,534528,626.6526103000215,852.9893456345532,,,,,,,,,,,,,,,,,,,-0.00963184460803556,1.8523664593696594,-0.5883076871434848,0.988349199295044,0.0067001856,0.08115234375
ppo_rollout,540672,630.699169200001,857.258145251413,,,,,,,,,,,,,,,,,,,-0.0069911232780820376,1.397958109776179,-0.6196662391225497,0.989443838596344,0.008598103,0.084228515625
training_episode,545286,633.855609899998,860.2684767371999,66455628,24077.33203125,300.0415344238281,239.27330017089844,3,21,41,24,3,3,2,170,1,1,MaxDuration,,,,,,,,,
ppo_rollout,546816,634.7072007000097,861.5248092300264,,,,,,,,,,,,,,,,,,,-0.007799043176540484,2.1092141474286716,-0.5920554717381795,0.9797046780586243,0.007327393,0.07379557291666666
ppo_rollout,552960,638.7514729000104,865.6888061478644,,,,,,,,,,,,,,,,,,,-0.006789138858342388,2.0124162336190543,-0.5759788319468498,0.964070737361908,0.008090202,0.077978515625
training_episode,553752,639.815774000017,865.486633031941,61009720,27389.33203125,302.8642883300781,272.8932800292969,2,22,44,27,4,3,2,140,1,1,MaxDuration,,,,,,,,,
training_episode,557634,641.9418153000006,868.6675127081404,6445911,24077.33203125,306.0674133300781,239.77330017089844,2,26,45,24,3,6,1,138,3,1,MaxDuration,,,,,,,,,
ppo_rollout,559104,642.7478611000115,869.865205063675,,,,,,,,,,,,,,,,,,,-0.008434302660558994,1.9388749818007152,-0.5685917129119237,0.9837085008621216,0.009687182,0.09666341145833333
training_episode,562008,645.0128819000092,871.3128307523061,45405099,24077.33203125,302.9143371582031,240.27330017089844,1,16,47,24,2,6,2,153,5,1,MaxDuration,,,,,,,,,
ppo_rollout,565248,646.8554379999987,873.8397589230766,,,,,,,,,,,,,,,,,,,-0.00796302107531422,2.26435116926829,-0.5921446949243545,0.9848543405532837,0.00755503,0.07783203125
training_episode,565908,647.8642587000213,873.4977927869157,8331033,24077.33203125,303.6150207519531,239.77330017089844,2,28,46,24,1,5,0,176,1,1,MaxDuration,,,,,,,,,
training_episode,566064,647.9611118000175,873.6079830894331,22050532,27389.33203125,305.8271789550781,273.8932800292969,0,19,47,27,4,5,4,159,2,1,MaxDuration,,,,,,,,,
ppo_rollout,571392,650.9798650000012,877.7414336770601,,,,,,,,,,,,,,,,,,,-0.00821152159672541,1.6213725164532662,-0.575075252354145,0.989072859287262,0.015396413,0.10113932291666666
training_episode,571422,651.6102621000027,876.9383068928767,42786874,960.6560668945312,44.628517150878906,8.106560707092285,3,3,9,1,0,0,0,22,2,0,LivesExhausted,,,,,,,,,
training_episode,576786,654.6468676000077,881.0643242127586,61114449,961.7487182617188,44.67850875854492,7.617486953735352,4,5,9,1,1,1,1,23,0,0,LivesExhausted,,,,,,,,,
ppo_rollout,577536,655.0694169000199,881.6409148408566,,,,,,,,,,,,,,,,,,,-0.00620751897416388,2.8360998670260114,-0.59174362073342,0.9839160442352295,0.007331504,0.07337239583333334
training_episode,577746,655.7993344000133,880.9798511439116,34408554,2464.063720703125,98.61265563964844,22.640636444091797,4,6,15,3,1,1,0,74,1,0,LivesExhausted,,,,,,,,,
training_episode,581568,657.9666854000243,883.8866965527652,40797023,23034.666015625,302.3237609863281,229.8466339111328,1,31,45,23,2,1,0,148,4,1,MaxDuration,,,,,,,,,
ppo_rollout,583680,659.1128419000015,885.5539793724032,,,,,,,,,,,,,,,,,,,-0.009733902946269761,1.2514582306146622,-0.5560800462961197,0.9911829233169556,0.008703952,0.09178059895833333
training_episode,584016,659.9459199999983,884.945239149295,26553879,1385.874755859375,60.235897064208984,12.358747482299805,3,4,9,2,0,1,0,17,0,0,LivesExhausted,,,,,,,,,
training_episode,587064,661.6389285000041,887.2875744039543,60904991,989.678955078125,45.78832244873047,8.39678955078125,3,3,10,1,0,0,0,10,1,0,LivesExhausted,,,,,,,,,
ppo_rollout,589824,663.1485792000021,889.4296368870183,,,,,,,,,,,,,,,,,,,-0.008595075281724955,1.3295677199959754,-0.5745584934949874,0.9925640821456909,0.010428161,0.096044921875
training_episode,590316,664.0401655000169,888.9763461152938,7597930,24077.33203125,304.6460266113281,239.77330017089844,2,24,45,24,2,5,2,137,2,1,MaxDuration,,,,,,,,,
training_episode,593718,665.9597916000057,891.5222923197199,56401644,23034.666015625,300.6721496582031,229.8466339111328,1,19,45,23,1,2,4,137,1,1,MaxDuration,,,,,,,,,
training_episode,594318,666.2974357000203,891.9710149801225,6969556,1391.0867919921875,60.43586349487305,12.410867691040039,3,4,13,2,0,1,0,10,1,0,LivesExhausted,,,,,,,,,
ppo_rollout,595968,667.2132885000028,893.2196199806316,,,,,,,,,,,,,,,,,,,-0.0074638560404613,1.5941184083620707,-0.5834894880652428,0.9924013614654541,0.006613681,0.07428385416666666
training_episode,598728,669.3516276000009,894.4894959720558,49384801,27389.33203125,305.9773254394531,272.8932800292969,2,32,42,27,4,2,3,145,3,1,MaxDuration,,,,,,,,,
training_episode,600000,670.0726093999983,895.4253488099696,31999787,1029.0048828125,47.32806396484375,8.790048599243164,3,4,9,2,0,0,1,13,0,0,LivesExhausted,,,,,,,,,
training_episode,600630,670.4191448000201,895.9022197660576,17337727,1302.813232421875,57.55634689331055,11.528132438659668,3,4,11,2,0,1,1,27,1,0,LivesExhausted,,,,,,,,,
ppo_rollout,602112,671.2377250000136,897.0175208790415,,,,,,,,,,,,,,,,,,,-0.0048919625289272515,2.0661055902640024,-0.5925211821993192,0.9901218414306641,0.006664609,0.077734375
ppo_rollout,608256,675.2289301000128,900.8144836298809,,,,,,,,,,,,,,,,,,,-0.005069630678432683,2.016634637614091,-0.5916022057334582,0.9877270460128784,0.008494615,0.08234049479166666
training_episode,611232,677.4833244000038,902.2096603504189,2570938,2158.272216796875,88.33045959472656,20.082721710205078,3,4,16,3,0,1,0,55,0,0,LivesExhausted,,,,,,,,,
training_episode,614070,679.1315594000043,904.1988867996583,12101277,23034.666015625,302.6640930175781,229.84661865234375,1,22,41,23,2,9,1,147,2,1,MaxDuration,,,,,,,,,
ppo_rollout,614400,679.3263708000013,904.4253637268026,,,,,,,,,,,,,,,,,,,-0.00685950397940663,2.232927728195985,-0.5608603303631147,0.9860894083976746,0.0058892984,0.067919921875
training_episode,619350,682.7896368000074,907.0875810339968,52840858,1588.44580078125,67.63603973388672,14.384458541870117,3,3,13,2,0,0,0,50,3,0,LivesExhausted,,,,,,,,,
training_episode,620466,683.4576847999997,907.8338188289844,73577200,26254.666015625,303.7351379394531,261.546630859375,2,26,41,27,2,0,2,162,0,1,MaxDuration,,,,,,,,,
ppo_rollout,620544,683.5067998000013,907.8827016520909,,,,,,,,,,,,,,,,,,,-0.00639335938806956,1.5391112610697746,-0.5544160276651382,0.9864456653594971,0.008699819,0.08050130208333334
ppo_rollout,626688,687.4399559000158,911.6258003646623,,,,,,,,,,,,,,,,,,,-0.006944093888159841,1.80487083842357,-0.5973225588599841,0.991793155670166,0.008157883,0.07828776041666667
training_episode,627066,688.2691589000169,911.0767087140283,57030018,26254.666015625,306.2075500488281,261.546630859375,2,25,47,27,4,2,1,178,1,1,MaxDuration,,,,,,,,,
ppo_rollout,632832,691.4270545000036,915.2549005442435,,,,,,,,,,,,,,,,,,,-0.007979328800380851,2.1759572863578795,-0.5875697900851568,0.9889771938323975,0.009029707,0.08299153645833333
training_episode,635370,693.4605780999991,916.2308861750145,11472903,29750.666015625,305.3266906738281,297.0066223144531,1,20,47,30,3,3,4,108,4,1,MaxDuration,,,,,,,,,
training_episode,636012,693.8319186000153,916.665813362,38074069,26254.666015625,300.0415344238281,261.546630859375,2,22,43,27,3,2,1,161,2,1,MaxDuration,,,,,,,,,
ppo_rollout,638976,695.4593524000084,918.7826690300647,,,,,,,,,,,,,,,,,,,-0.007717159726113702,2.443986095984777,-0.5609671806295713,0.9870296716690063,0.0064227264,0.07950846354166667
ppo_rollout,645120,699.4295420999988,922.3516611309591,,,,,,,,,,,,,,,,,,,-0.00926966521074064,1.4592458297808966,-0.5784994845589002,0.9930047988891602,0.008738286,0.078271484375
training_episode,645864,700.4374257000163,922.0866508589604,71587349,1984.306640625,82.05912017822266,18.343067169189453,3,5,16,2,0,2,0,49,0,0,LivesExhausted,,,,,,,,,
training_episode,650496,703.0112412000017,925.2995711557029,10216155,27389.33203125,303.5149230957031,272.8932800292969,2,27,42,27,5,1,3,116,2,1,MaxDuration,,,,,,,,,
ppo_rollout,651264,703.4293241000269,925.8414138950383,,,,,,,,,,,,,,,,,,,-0.007493387522602765,1.7489264830946922,-0.5690730884671211,0.9855958223342896,0.008523457,0.082177734375
training_episode,655272,706.2679771000112,927.7951446851598,50327362,837.7921142578125,39.77933120727539,6.877921104431152,3,4,6,1,0,0,0,24,1,0,LivesExhausted,,,,,,,,,
training_episode,656094,706.7332184000115,928.3474766975653,62057010,27389.33203125,306.1474914550781,273.3932800292969,1,25,40,27,2,1,4,120,5,1,MaxDuration,,,,,,,,,
training_episode,656568,706.9974592000071,928.67094705394,52003026,23034.666015625,300.8323059082031,229.3466339111328,2,24,41,23,2,2,2,148,2,1,MaxDuration,,,,,,,,,
ppo_rollout,657408,707.4670566999994,929.2418548313736,,,,,,,,,,,,,,,,,,,-0.009008450829423965,1.8841438139478366,-0.5369189674655597,0.9868711829185486,0.007400193,0.06944986979166666
training_episode,663240,711.3536314000085,932.3632729542458,29276833,23034.666015625,301.3928527832031,229.34661865234375,2,16,48,23,1,2,0,142,1,1,MaxDuration,,,,,,,,,
ppo_rollout,663552,711.546528100007,932.5489954561883,,,,,,,,,,,,,,,,,,,-0.007444007721884797,1.7528391629457474,-0.5645122806231181,0.9928828477859497,0.009951195,0.086865234375
training_episode,667998,714.7793385000259,934.5513559496596,67188731,2477.965576171875,99.16277313232422,23.27965545654297,3,4,17,3,1,2,0,54,0,0,LivesExhausted,,,,,,,,,
ppo_rollout,669696,715.762618400011,935.6398096019786,,,,,,,,,,,,,,,,,,,-0.006419592075205097,1.6073718979954719,-0.5871654550234476,0.9910593032836914,0.00706793,0.07014973958333333
training_episode,671622,717.4559647999995,936.115988926545,9273594,27389.33203125,302.0835266113281,273.3932800292969,1,14,46,27,4,1,3,145,4,1,MaxDuration,,,,,,,,,
ppo_rollout,675840,719.8062122999982,938.9193764256177,,,,,,,,,,,,,,,,,,,-0.00693715297190162,2.521539901693662,-0.5577775835990906,0.986910879611969,0.0061592087,0.0541015625
training_episode,679908,722.6359049000021,940.8721534450814,38388256,2480.376220703125,99.25279235839844,23.303762435913086,3,4,17,3,0,1,0,34,0,0,LivesExhausted,,,,,,,,,
ppo_rollout,681984,723.7860523000127,942.2452917306487,,,,,,,,,,,,,,,,,,,-0.008112336710716287,1.6806562915444374,-0.5651918083429337,0.9891711473464966,0.009896331,0.07029622395833333
training_episode,682494,724.6700720000081,941.7996221596308,35246386,24077.33203125,305.2265930175781,239.77330017089844,2,13,43,24,0,2,1,134,1,1,MaxDuration,,,,,,,,,
ppo_rollout,688128,727.7908270000189,945.5024362377435,,,,,,,,,,,,,,,,,,,-0.007215980496645595,1.896016213297844,-0.551539413134257,0.9774339199066162,0.007129321,0.07496744791666667
training_episode,691116,730.1287068000238,946.5673566363292,36503134,1694.0828857421875,71.80693054199219,15.440829277038574,3,4,13,2,0,0,0,58,1,0,LivesExhausted,,,,,,,,,
training_episode,691350,730.2654981000233,946.7104796799629,23202551,25150.666015625,300.6221008300781,251.5066375732422,0,6,45,26,3,2,3,207,0,1,MaxDuration,,,,,,,,,
training_episode,692640,730.9935062000004,947.5323571622716,16185708,23034.666015625,300.5820617675781,229.8466339111328,1,16,40,23,0,4,0,99,1,1,MaxDuration,,,,,,,,,
ppo_rollout,694272,731.8985090000206,948.5905374347203,,,,,,,,,,,,,,,,,,,-0.007936298073036595,1.2358404397964478,-0.5318483191231886,0.9937691688537598,0.0076437206,0.07023111979166667
training_episode,699630,735.4570459000242,951.2860117395701,44881454,24077.33203125,303.1946105957031,239.77330017089844,2,14,42,24,3,1,4,128,0,1,MaxDuration,,,,,,,,,
ppo_rollout,700416,735.889282100019,951.7953543245142,,,,,,,,,,,,,,,,,,,-0.0073932738460522765,2.0686376576622325,-0.5456091071168582,0.9892719984054565,0.00941651,0.09085286458333333
ppo_rollout,706560,739.8936855000211,954.948006513268,,,,,,,,,,,,,,,,,,,-0.008057512311885754,2.2902521098653477,-0.5540790235002836,0.9877446889877319,0.006600306,0.06956380208333333
training_episode,708150,741.3825103999989,955.1749468947293,57763121,29750.666015625,304.3757629394531,297.5066223144531,0,16,45,30,3,4,3,151,1,1,MaxDuration,,,,,,,,,
ppo_rollout,712704,743.956476500025,957.9915257313793,,,,,,,,,,,,,,,,,,,-0.008519488059876797,1.652710284292698,-0.5231110773980617,0.988986074924469,0.0076711453,0.07127278645833333
training_episode,713052,744.8196943000075,957.3484770299162,1314190,864.45263671875,40.82915496826172,7.14452600479126,3,3,8,1,0,0,1,19,0,0,LivesExhausted,,,,,,,,,
training_episode,716220,746.6013139999995,959.3071785030376,46766576,23034.666015625,302.5539855957031,229.8466339111328,1,17,44,23,3,1,4,169,1,1,MaxDuration,,,,,,,,,
ppo_rollout,718848,748.0974648999982,960.9015318560021,,,,,,,,,,,,,,,,,,,-0.00836174528618964,1.5370147501428921,-0.5155947864055633,0.987028181552887,0.0085981535,0.08562825520833334
ppo_rollout,724992,752.1114635000122,963.9422282253091,,,,,,,,,,,,,,,,,,,-0.009349526016740129,1.5882061257958413,-0.520042676726977,0.9882933497428894,0.0097763,0.08458658854166666
training_episode,727452,754.0770946000121,964.6918136213447,62475926,27389.33203125,302.7742004394531,273.3932800292969,1,20,44,27,0,3,3,232,1,1,MaxDuration,,,,,,,,,
training_episode,727650,754.1957572000101,964.8025635962703,56192186,26254.666015625,302.4839172363281,262.046630859375,1,20,43,27,1,1,2,164,0,1,MaxDuration,,,,,,,,,
training_episode,728976,754.9451767000137,965.601241651044,28753188,23034.666015625,302.7742004394531,228.84661865234375,3,17,44,23,1,1,3,182,3,1,MaxDuration,,,,,,,,,
ppo_rollout,731136,756.1365911000175,966.9364088522062,,,,,,,,,,,,,,,,,,,-0.006989595965327074,2.7770076274871824,-0.5122804609437783,0.972705602645874,0.005648374,0.06443684895833333
training_episode,735696,759.2813796000264,968.937234293233,11682361,26254.666015625,300.4919738769531,262.546630859375,0,15,47,27,1,4,3,151,2,1,MaxDuration,,,,,,,,,
ppo_rollout,737280,760.1959022000083,969.855267393984,,,,,,,,,,,,,,,,,,,-0.006305658543715254,1.8367905174692472,-0.55063037276268,0.9911156296730042,0.009547685,0.09122721354166667
training_episode,739884,762.2589497000154,970.6465241125461,20165410,713.4676513671875,34.870155334472656,5.634676456451416,3,3,6,1,0,0,1,14,0,0,LivesExhausted,,,,,,,,,
ppo_rollout,743424,764.2440561000258,972.757320212248,,,,,,,,,,,,,,,,,,,-0.006577890703920275,2.326898889740308,-0.545647569000721,0.9846106171607971,0.006767128,0.07664388020833333
ppo_rollout,749568,768.2659375000221,975.6621547470057,,,,,,,,,,,,,,,,,,,-0.006673624359730942,1.7853210881352424,-0.5422837272286415,0.9879925847053528,0.009468582,0.08824869791666666
training_episode,749736,768.9750822000206,974.980876955105,36817321,27389.33203125,305.6570129394531,273.3932800292969,1,19,45,27,1,2,4,139,1,1,MaxDuration,,,,,,,,,
training_episode,752898,770.7297491000209,976.8638110558949,58496224,27389.33203125,305.5969543457031,272.8932800292969,2,19,43,27,3,6,3,172,3,1,MaxDuration,,,,,,,,,
training_episode,754908,771.8433616000111,978.0585512002014,55877999,920.8585205078125,43.058780670166016,7.708584785461426,3,4,9,1,0,0,0,22,0,0,LivesExhausted,,,,,,,,,
ppo_rollout,755712,772.2926214000036,978.5306489527941,,,,,,,,,,,,,,,,,,,-0.007898183709767182,1.9422273427248,-0.5432733784119288,0.9822778105735779,0.008028478,0.087890625
ppo_rollout,761856,776.3629197000118,981.314254800297,,,,,,,,,,,,,,,,,,,-0.007944348755214985,1.931327515343825,-0.5725798924763997,0.991847038269043,0.008780382,0.07757161458333334
training_episode,763854,778.1601049000164,981.6154737181565,29381562,24077.33203125,303.3047180175781,240.27330017089844,1,18,46,24,5,4,2,168,0,1,MaxDuration,,,,,,,,,
training_episode,764136,778.3266873000248,981.7676978939891,54202335,27389.33203125,303.9953918457031,273.3932800292969,1,16,46,27,2,4,1,152,1,1,MaxDuration,,,,,,,,,
training_episode,765096,778.8822946000146,982.2998998749941,57867850,29750.666015625,300.9524230957031,297.5066223144531,0,15,48,30,1,3,3,181,0,1,MaxDuration,,,,,,,,,
ppo_rollout,768000,780.5543042000209,983.9161681224888,,,,,,,,,,,,,,,,,,,-0.0067851108925727505,1.9873752196629841,-0.5275616024931272,0.9900272488594055,0.0057386626,0.07060546875
ppo_rollout,774144,784.6196221999999,986.6487889117185,,,,,,,,,,,,,,,,,,,-0.007027623779140413,1.6409684807062148,-0.5607848321398099,0.9916574358940125,0.0066428445,0.07330729166666666
training_episode,776214,786.3552589000028,987.1034640066006,61428636,26254.666015625,302.7141418457031,261.546630859375,2,18,45,27,0,3,3,112,1,1,MaxDuration,,,,,,,,,
ppo_rollout,780288,788.6284396000265,989.4241201797687,,,,,,,,,,,,,,,,,,,-0.006147231235324095,2.2323856900135675,-0.545893232524395,0.9866600632667542,0.00561605,0.04970703125
training_episode,786018,792.4627936000179,991.8673865169867,26763337,1974.3072509765625,81.66903686523438,18.243072509765625,3,4,14,2,0,1,0,41,1,0,LivesExhausted,,,,,,,,,
ppo_rollout,786432,792.6952989000129,992.0987308632912,,,,,,,,,,,,,,,,,,,-0.008296169944029923,1.8202101608117423,-0.5411954631408056,0.9827653169631958,0.0063714758,0.06526692708333333
training_episode,789666,795.1262411000207,993.1328626603158,3932415,28554.666015625,306.3777160644531,284.546630859375,2,18,47,28,2,3,3,178,3,1,MaxDuration,,,,,,,,,
training_episode,791010,795.8815015,993.8791120401484,60067159,25150.666015625,300.8222961425781,251.0066375732422,1,15,45,26,2,4,2,131,2,1,MaxDuration,,,,,,,,,
ppo_rollout,792576,796.7414439000131,994.7719000537697,,,,,,,,,,,,,,,,,,,-0.008315761323319747,1.859943261742592,-0.5247941486537456,0.9865684509277344,0.006409854,0.07314453125
training_episode,794664,798.5502135000133,995.1334137361504,5503350,600.958740234375,30.42060089111328,4.509587287902832,3,4,7,1,0,1,0,25,0,0,LivesExhausted,,,,,,,,,
ppo_rollout,798720,800.7442149000126,997.4720830168403,,,,,,,,,,,,,,,,,,,-0.006083492837691059,1.875843608379364,-0.5347091009219488,0.9929137229919434,0.007989678,0.07786458333333333
training_episode,800274,802.2169330000179,997.5780453888551,34303825,24077.33203125,303.4748840332031,239.77330017089844,2,17,44,24,2,3,2,161,2,1,MaxDuration,,,,,,,,,
training_episode,800784,802.4959956000093,997.8666615043613,58391495,27389.33203125,305.3567199707031,273.3932800292969,1,14,47,27,2,3,2,155,1,1,MaxDuration,,,,,,,,,
training_episode,801204,802.7367042000114,998.0906514028919,10320884,23034.666015625,300.8423156738281,229.8466339111328,1,13,44,23,3,2,1,150,1,1,MaxDuration,,,,,,,,,
training_episode,803634,804.0921382000088,999.430241662312,15766792,447.8265380859375,23.73044776916504,2.9782652854919434,3,3,6,1,0,0,0,9,0,0,LivesExhausted,,,,,,,,,
ppo_rollout,804864,804.7499296000169,1000.1417463932427,,,,,,,,,,,,,,,,,,,-0.008086841764937465,2.2545183817545573,-0.5257692707081636,0.9896185994148254,0.0076869787,0.07957356770833333
ppo_rollout,811008,808.778828200011,1002.7562192805542,,,,,,,,,,,,,,,,,,,-0.007845568164096524,1.4634700760245323,-0.5303869013984998,0.9948903322219849,0.009909065,0.08123372395833334
ppo_rollout,817152,812.8640125000093,1005.2751597241988,,,,,,,,,,,,,,,,,,,-0.006964269846988221,1.67648423264424,-0.5512139961123467,0.9905660152435303,0.005877403,0.06075846354166667
training_episode,822510,816.4718270000012,1007.3954456238681,72739368,27389.33203125,304.0854797363281,273.8932800292969,0,12,41,27,1,2,2,159,3,1,MaxDuration,,,,,,,,,
ppo_rollout,823296,816.9174645000021,1007.8080537841138,,,,,,,,,,,,,,,,,,,-0.006436516367830336,1.781388312081496,-0.5059435673058033,0.9486594200134277,0.007707477,0.07796223958333333
training_episode,825894,818.9819795000076,1008.4397711708043,47709137,26254.666015625,301.8533020019531,262.546630859375,0,22,45,27,4,2,3,115,3,1,MaxDuration,,,,,,,,,
ppo_rollout,829440,820.9372496000142,1010.3573694629262,,,,,,,,,,,,,,,,,,,-0.006927464950907355,1.9883127291997273,-0.48284681936105095,0.9496030211448669,0.006569007,0.07599283854166666
training_episode,831390,822.7000753000029,1010.5626885919856,32628161,24077.33203125,305.9973449707031,240.27330017089844,1,15,48,24,1,4,2,187,4,1,MaxDuration,,,,,,,,,
ppo_rollout,835584,825.0124847000116,1012.813764029077,,,,,,,,,,,,,,,,,,,-0.009044663128831114,1.9691820820172627,-0.5223976810773213,0.9908193945884705,0.007397555,0.08805338541666667
training_episode,836436,826.1107477000041,1012.498629667684,60171888,23034.666015625,301.3127746582031,229.84661865234375,1,18,48,23,2,5,2,142,1,1,MaxDuration,,,,,,,,,
training_episode,837426,826.6745637000131,1013.0056454765777,58810411,23034.666015625,301.7932434082031,230.3466339111328,0,31,40,23,0,6,2,103,3,1,MaxDuration,,,,,,,,,
training_episode,840270,828.2369074000162,1014.5285636180569,39645004,27389.33203125,305.2666320800781,273.3932800292969,1,24,47,27,3,3,3,121,1,1,MaxDuration,,,,,,,,,
ppo_rollout,841728,829.0372831000132,1015.3077758487924,,,,,,,,,,,,,,,,,,,-0.0067217621030674,1.7559985980391501,-0.5097043690582116,0.9911221265792847,0.008364361,0.08429361979166666
training_episode,842634,830.1474970999989,1015.0413064468916,19746494,929.0333251953125,43.38872528076172,7.790332794189453,3,4,9,1,0,1,0,19,0,0,LivesExhausted,,,,,,,,,
training_episode,842730,830.2064555000106,1015.0848556007033,24249841,1158.1904296875,52.43720626831055,10.081903457641602,3,3,9,2,0,0,0,19,0,0,LivesExhausted,,,,,,,,,
ppo_rollout,847872,833.0433093000029,1017.8006239705082,,,,,,,,,,,,,,,,,,,-0.009460937481586976,1.880293328066667,-0.5505651026964188,0.990630030632019,0.0079738,0.08181966145833333
training_episode,850584,835.1564617000113,1018.472632383859,29067375,2081.94873046875,85.92994689941406,19.319486618041992,3,3,16,3,0,0,0,20,3,0,LivesExhausted,,,,,,,,,
ppo_rollout,854016,837.0974499000004,1020.2109683908615,,,,,,,,,,,,,,,,,,,-0.007297806028509513,1.9966375172138213,-0.5621162315209707,0.9882004857063293,0.010316249,0.08430989583333333
training_episode,854364,837.8924845000147,1019.6582685782344,34722741,2421.603271484375,96.93229675292969,22.716032028198242,3,3,17,3,0,0,0,41,1,0,LivesExhausted,,,,,,,,,
training_episode,858618,840.2298480000172,1021.8846688721565,32313974,26254.666015625,300.8423156738281,262.046630859375,1,19,45,27,1,2,5,149,4,1,MaxDuration,,,,,,,,,
ppo_rollout,860160,841.1076861000038,1022.6514561867064,,,,,,,,,,,,,,,,,,,-0.006017720319020251,2.49943737188975,-0.5117445146044095,0.9875290989875793,0.005364854,0.0556640625
training_episode,862338,842.9741101000109,1022.9709188787444,35141657,24077.33203125,303.6750793457031,239.77330017089844,2,21,49,24,2,2,3,88,1,1,MaxDuration,,,,,,,,,
training_episode,865482,844.7715560000215,1024.5160290410843,60486075,2282.76220703125,92.65138244628906,21.327621459960938,3,4,17,3,0,0,0,33,0,0,LivesExhausted,,,,,,,,,
ppo_rollout,866304,845.2462215000123,1024.9131885648865,,,,,,,,,,,,,,,,,,,-0.006841302457420776,1.8675496404369671,-0.5200125227371851,0.9901016354560852,0.006977452,0.0755859375
training_episode,868086,846.8941478000197,1025.0230235443596,41739584,24077.33203125,305.7671203613281,239.27330017089844,3,29,42,24,1,3,2,124,2,1,MaxDuration,,,,,,,,,
ppo_rollout,872448,849.2809248999984,1027.2784592480157,,,,,,,,,,,,,,,,,,,-0.007876797311473638,1.9780827725927035,-0.5287221824129422,0.9874521493911743,0.008567492,0.07447916666666667
ppo_rollout,878592,853.3510535000241,1029.5786199553513,,,,,,,,,,,,,,,,,,,-0.0083801979975154,1.7145279268423717,-0.5298487747708956,0.9917454123497009,0.007967394,0.08977864583333334
training_episode,879042,854.2142580000218,1029.065005374773,49594259,30977.33203125,303.3847961425781,309.7732849121094,0,19,42,31,2,2,4,161,2,1,MaxDuration,,,,,,,,,
ppo_rollout,884736,857.3827865000057,1031.9031521634054,,,,,,,,,,,,,,,,,,,-0.008114076213678345,1.924467885494232,-0.4870239595572154,0.9861855506896973,0.00744779,0.0814453125
training_episode,886722,859.135150200018,1032.1100234271169,41425397,23034.666015625,301.1025695800781,228.8466339111328,3,20,43,23,3,3,1,193,3,1,MaxDuration,,,,,,,,,
ppo_rollout,890880,861.4222704000131,1034.1966194887298,,,,,,,,,,,,,,,,,,,-0.006971478470950388,1.4265816003084182,-0.49005650033553444,0.9890028834342957,0.010711129,0.10087890625
training_episode,894900,864.2611197000078,1035.4509529604052,28648459,23034.666015625,302.3337707519531,229.3466339111328,2,19,48,23,3,1,3,130,3,1,MaxDuration,,,,,,,,,
ppo_rollout,897024,865.4400228000013,1036.494703697448,,,,,,,,,,,,,,,,,,,-0.009457018514513037,1.5736295332511265,-0.5101863461236159,0.9893136024475098,0.006697604,0.08318684895833334
training_episode,898884,867.1536697999982,1036.5913578008845,28020085,27389.33203125,304.5058898925781,273.3932800292969,1,15,45,27,4,6,1,158,2,1,MaxDuration,,,,,,,,,
training_episode,901554,868.625371800008,1037.9088952142345,67398189,23034.666015625,300.5420227050781,229.3466339111328,2,25,44,23,5,4,0,188,4,1,MaxDuration,,,,,,,,,
ppo_rollout,903168,869.5259349000116,1038.6901226860552,,,,,,,,,,,,,,,,,,,-0.007777891253742079,2.3648534258206686,-0.501948248843352,0.9742507338523865,0.0059470586,0.061783854166666666
training_episode,904842,871.0555947000103,1038.7878862216892,26868066,24077.33203125,306.2475891113281,240.27330017089844,1,26,44,24,2,1,3,155,1,1,MaxDuration,,,,,,,,,
ppo_rollout,909312,873.5082311000151,1040.9884734055647,,,,,,,,,,,,,,,,,,,-0.008043898871983401,1.7036918660004934,-0.49925978034734725,0.9899346232414246,0.008752138,0.09095052083333334
training_episode,911088,875.1071935000073,1041.1158847364593,33570722,1147.8123779296875,52.03727340698242,9.978123664855957,3,4,12,2,1,0,0,20,2,0,LivesExhausted,,,,,,,,,
training_episode,915114,877.4121258000087,1042.969401825414,70435330,23034.666015625,300.5820617675781,229.3466339111328,2,28,43,23,4,7,2,163,4,1,MaxDuration,,,,,,,,,
ppo_rollout,915456,877.6080160000129,1043.126297059696,,,,,,,,,,,,,,,,,,,-0.0070395963305296995,1.6317359765370687,-0.5159872189164162,0.9912529587745667,0.008162874,0.07955729166666667
training_episode,920304,880.9898680000042,1044.6249536209145,10111426,925.0686645507812,43.22875213623047,7.7506866455078125,3,3,6,1,0,0,0,7,1,0,LivesExhausted,,,,,,,,,
ppo_rollout,921600,881.7157059000165,1045.2348686011796,,,,,,,,,,,,,,,,,,,-0.006642438820563257,1.588795577486356,-0.4997337902585665,0.9896223545074463,0.013287257,0.09833984375
training_episode,922950,883.0921635999985,1045.1344016433322,23307280,26254.666015625,301.8633117675781,262.546630859375,0,29,46,27,1,2,5,157,0,1,MaxDuration,,,,,,,,,
ppo_rollout,927744,885.793021200021,1047.359798277871,,,,,,,,,,,,,,,,,,,-0.008243945450522006,2.0239508365591368,-0.5087846351166566,0.9901292324066162,0.007923618,0.08214518229166666
training_episode,930996,888.1878455000115,1048.1971856706612,30114665,27389.33203125,300.7422180175781,273.3932800292969,1,35,44,27,1,2,6,138,1,1,MaxDuration,,,,,,,,,
ppo_rollout,933888,889.7904781000107,1049.5594445943632,,,,,,,,,,,,,,,,,,,-0.008468256652122363,1.6553102190295854,-0.5030630608399709,0.9897672533988953,0.008109449,0.08819986979166666
training_episode,935682,891.444192200026,1049.6248763377973,59543514,27389.33203125,306.6079406738281,273.3932800292969,1,25,45,27,2,5,4,173,2,1,MaxDuration,,,,,,,,,
training_episode,937578,892.4873680000019,1050.522431595915,30428852,26254.666015625,300.1516418457031,262.546630859375,0,28,43,27,2,4,2,137,2,1,MaxDuration,,,,,,,,,
ppo_rollout,940032,893.8484761000145,1051.6681799374885,,,,,,,,,,,,,,,,,,,-0.008220870416456213,2.0542441457509995,-0.5078989359239737,0.9838139414787292,0.0093902275,0.08006184895833333
training_episode,945294,897.3241716000193,1053.458749823317,38597714,1933.68701171875,80.06869506835938,17.836870193481445,3,4,15,2,0,1,0,33,0,0,LivesExhausted,,,,,,,,,
ppo_rollout,946176,897.8453418000136,1053.8296028836019,,,,,,,,,,,,,,,,,,,-0.0055405866665144765,1.916750560204188,-0.4902350994447867,0.9893872737884521,0.0071211806,0.07752278645833334
training_episode,947118,898.9985490000108,1053.5256158683617,73263013,25150.666015625,300.2217102050781,251.0066375732422,1,35,41,26,5,4,4,153,0,1,MaxDuration,,,,,,,,,
ppo_rollout,952320,901.8816185000178,1055.9257229167945,,,,,,,,,,,,,,,,,,,-0.006350601507195582,2.4613120486338933,-0.49474992925922073,0.9817993640899658,0.006191544,0.051350911458333336
training_episode,955296,904.1395555000054,1056.5802526709542,67712376,2016.859619140625,83.34939575195312,18.168596267700195,4,5,14,3,1,2,0,54,0,0,LivesExhausted,,,,,,,,,
training_episode,956946,905.0701613000128,1057.3169251602267,14510044,28554.666015625,305.3166809082031,285.046630859375,1,37,36,28,2,6,3,130,4,1,MaxDuration,,,,,,,,,
ppo_rollout,958464,905.9100732000079,1058.0122998460015,,,,,,,,,,,,,,,,,,,-0.008104039278502265,1.325725793838501,-0.49630668660004934,0.9948270916938782,0.011096192,0.09568684895833333
training_episode,959544,907.130442499998,1057.7795155408446,27182253,24077.33203125,304.9263000488281,239.77330017089844,2,29,46,24,6,4,0,127,1,1,MaxDuration,,,,,,,,,
ppo_rollout,964608,910.0765026000154,1059.9196850420735,,,,,,,,,,,,,,,,,,,-0.00748518147932676,1.7919793327649434,-0.5162549299498399,0.9906284213066101,0.01052783,0.11017252604166666
training_episode,967206,912.1519226000237,1060.3562586844619,44462538,26254.666015625,301.7231750488281,261.046630859375,3,21,42,27,5,7,2,109,2,1,MaxDuration,,,,,,,,,
ppo_rollout,970752,914.1365334000147,1061.9332720347707,,,,,,,,,,,,,,,,,,,-0.008405411786710223,1.7992021650075913,-0.5500544751683871,0.9920583367347717,0.008592956,0.080126953125
training_episode,974292,916.7198452000157,1062.8023437055874,2152022,27389.33203125,305.9372863769531,273.8932800292969,0,27,44,27,1,1,6,141,1,1,MaxDuration,,,,,,,,,
ppo_rollout,976896,918.1662815000163,1063.964142098571,,,,,,,,,,,,,,,,,,,-0.009662723950653648,1.8583616962035496,-0.5300986024240653,0.9830320477485657,0.008361559,0.08126627604166667
ppo_rollout,983040,922.2827918000112,1065.8769834373788,,,,,,,,,,,,,,,,,,,-0.008484708207348982,1.6763371204336484,-0.5143227010965348,0.983177900314331,0.008816203,0.077880859375
training_episode,983400,923.0921558000264,1065.3324197600898,8016846,23034.666015625,302.3237609863281,229.34661865234375,2,29,44,23,1,5,2,132,0,1,MaxDuration,,,,,,,,,
training_episode,986562,924.8908767000248,1066.6793508873343,37969340,2570.5859375,102.21342468261719,24.20585823059082,3,6,17,3,0,1,0,55,1,1,LivesExhausted,,,,,,,,,
ppo_rollout,989184,926.338896900008,1067.8424530269679,,,,,,,,,,,,,,,,,,,-0.006478687897712613,1.7386847535769145,-0.511778212338686,0.9860378503799438,0.013438926,0.10123697916666667
training_episode,990612,927.718176000024,1067.794105609907,14614773,1381.5106201171875,60.05592727661133,12.315105438232422,3,4,10,2,0,1,0,15,1,0,LivesExhausted,,,,,,,,,
training_episode,991620,928.2886001000006,1068.223825966598,61638094,26254.666015625,302.6841125488281,262.046630859375,1,21,45,27,2,5,1,163,3,1,MaxDuration,,,,,,,,,
training_episode,993048,929.0987878000014,1068.8292924710654,25506589,25150.666015625,300.8323059082031,250.5066375732422,2,36,43,26,3,3,2,116,1,1,MaxDuration,,,,,,,,,
ppo_rollout,995328,930.3626197000267,1069.8280207355276,,,,,,,,,,,,,,,,,,,-0.0074687439725191025,2.5217094639937083,-0.5218691110610962,0.987035870552063,0.005833401,0.06705729166666667
training_episode,995862,931.2836187000212,1069.343409465447,13776941,26254.666015625,302.6140441894531,261.546630859375,2,38,39,27,3,3,2,150,3,1,MaxDuration,,,,,,,,,
training_episode,996384,931.5626611000043,1069.583444685786,33047077,1978.545166015625,81.83907318115234,18.285451889038086,3,4,16,2,0,0,0,38,0,0,LivesExhausted,,,,,,,,,
validation,1000002,,,,,,,,,,,,,,,,,,12862.955027160644,3972.9464111328125,11806.298153381818,,,,,,
training_episode,1001004,1166.388841500011,858.2077986211518,50955736,914.5863647460938,42.81882095336914,7.6458635330200195,3,3,9,1,0,0,0,13,0,0,LivesExhausted,,,,,,,,,
ppo_rollout,1001472,1166.6430992000096,858.4219121398218,,,,,,,,,,,,,,,,,,,-0.005716856361444419,2.1181815867622693,-0.5502769708633423,0.9934802055358887,0.0060295505,0.05115559895833333
training_episode,1003920,1168.5750412000052,859.0975886059302,35665302,28554.666015625,305.9172668457031,285.046630859375,1,29,44,28,1,1,4,148,2,1,MaxDuration,,,,,,,,,
ppo_rollout,1007616,1170.59300730002,860.7739784163521,,,,,,,,,,,,,,,,,,,-0.007464419738001501,2.4136575549840926,-0.561072335143884,0.9868894219398499,0.009291,0.09231770833333333
training_episode,1012650,1174.157568900002,862.4481303209511,15662063,1717.0262451171875,72.70712280273438,15.67026138305664,3,4,12,2,0,1,0,42,1,0,LivesExhausted,,,,,,,,,
ppo_rollout,1013760,1174.8148137000098,862.9104674014305,,,,,,,,,,,,,,,,,,,-0.00900181950807261,1.430092951655388,-0.5295456526180108,0.9918172359466553,0.00795531,0.08338216145833334
training_episode,1015674,1176.5208514000115,863.2860172358098,55982728,468.30633544921875,25.18048095703125,3.183063507080078,3,4,5,1,0,0,0,18,0,0,LivesExhausted,,,,,,,,,
ppo_rollout,1019904,1178.8863018999982,865.1419550436983,,,,,,,,,,,,,,,,,,,-0.0067048788206496585,1.6713288575410843,-0.49580394526322685,0.9874079823493958,0.00841765,0.07054036458333333
ppo_rollout,1026048,1182.9224389000155,867.3840027534764,,,,,,,,,,,,,,,,,,,-0.00866593280613112,1.572997047007084,-0.5036899233857791,0.9911147356033325,0.009583783,0.08992513020833333
training_episode,1026642,1183.8870600000082,867.1790026997954,14300586,28554.666015625,300.1916809082031,284.546630859375,2,42,40,28,4,0,3,126,2,1,MaxDuration,,,,,,,,,
training_episode,1027908,1184.5803177000198,867.7402322501739,9064136,26254.666015625,302.3437805175781,262.546630859375,0,34,42,27,1,3,3,122,3,1,MaxDuration,,,,,,,,,
training_episode,1029162,1185.2983587000053,868.2725260235319,43834164,26254.666015625,300.9223937988281,261.046630859375,3,41,42,27,1,3,2,152,6,1,MaxDuration,,,,,,,,,
ppo_rollout,1032192,1186.9574350000184,869.611638600995,,,,,,,,,,,,,,,,,,,-0.006078202925467243,2.3898526589075724,-0.47941998740037284,0.9776545763015747,0.0077267084,0.07374674479166667
training_episode,1033056,1188.1066169000114,869.4977246195573,66979273,27389.33203125,305.5469055175781,272.3932800292969,3,45,41,27,3,2,2,201,3,1,MaxDuration,,,,,,,,,
training_episode,1037586,1190.621719000017,871.4657085807664,15976250,27389.33203125,304.8161926269531,273.3932800292969,1,42,42,27,4,5,2,163,0,1,MaxDuration,,,,,,,,,
ppo_rollout,1038336,1191.0372999000247,871.7913369187997,,,,,,,,,,,,,,,,,,,-0.007616642862558365,1.8297388523817062,-0.5377880374590556,0.9920572638511658,0.009607597,0.08396809895833333
training_episode,1039092,1192.0566813000187,871.6800268816074,61847552,2311.86669921875,93.20149993896484,21.618667602539062,3,4,16,3,0,1,0,45,3,0,LivesExhausted,,,,,,,,,
ppo_rollout,1044480,1194.9665901000262,874.0662782150005,,,,,,,,,,,,,,,,,,,-0.008554803137667478,2.0762126127878826,-0.5433549031615257,0.9902794361114502,0.0069810995,0.08260091145833333
training_episode,1048308,1197.6506369000126,875.303671789822,37759882,1835.318115234375,76.77799224853516,16.853181838989258,3,5,15,2,0,2,0,20,0,0,LivesExhausted,,,,,,,,,
ppo_rollout,1050624,1198.947373700008,876.2886704173886,,,,,,,,,,,,,,,,,,,-0.005480121731913338,2.432724572221438,-0.5442188153664271,0.9824711680412292,0.011473335,0.06969401041666666
training_episode,1051842,1200.2528333000082,876.3503578725464,19851223,23034.666015625,301.3728332519531,228.3466339111328,4,24,45,23,5,5,2,164,1,1,MaxDuration,,,,,,,,,
ppo_rollout,1056768,1203.0021588000236,878.4423138975162,,,,,,,,,,,,,,,,,,,-0.010324986864967892,1.8094783922036488,-0.5162991498907407,0.9835244417190552,0.010753709,0.08702799479166666
ppo_rollout,1062912,1207.1211380000168,880.5346593143539,,,,,,,,,,,,,,,,,,,-0.009006301003197829,1.9038916553060214,-0.5077405566970508,0.9885667562484741,0.006257839,0.07161458333333333
training_episode,1063404,1208.0345101999992,880.2761767326874,30533581,27389.33203125,306.2976379394531,272.3932800292969,3,45,46,27,1,4,2,145,1,1,MaxDuration,,,,,,,,,
training_episode,1065624,1209.3029378000065,881.1886308145495,68969124,27389.33203125,303.8352355957031,272.8932800292969,2,36,42,27,3,5,3,170,2,1,MaxDuration,,,,,,,,,
ppo_rollout,1069056,1211.2113271999988,882.6337534931873,,,,,,,,,,,,,,,,,,,-0.008303851960226894,1.9916681642333667,-0.4848258999486764,0.9817728400230408,0.009544355,0.0900390625
training_episode,1069740,1212.2212865000183,882.4626426818515,26344421,24077.33203125,305.6770324707031,238.77330017089844,4,33,42,24,3,4,0,129,2,1,MaxDuration,,,,,,,,,
training_episode,1073616,1214.3650340000167,884.096601878925,6026995,26254.666015625,300.2016906738281,262.046630859375,1,40,38,27,3,4,2,175,2,1,MaxDuration,,,,,,,,,
ppo_rollout,1075200,1215.2641624000098,884.7459122604267,,,,,,,,,,,,,,,,,,,-0.00843775076403593,1.7722539559006691,-0.5114633311827977,0.9921679496765137,0.008969394,0.07469075520833333
training_episode,1075242,1215.9042024000082,884.3147329186274,35560573,1935.7412109375,80.14871215820312,17.357412338256836,4,4,15,2,1,0,0,33,0,0,LivesExhausted,,,,,,,,,
training_episode,1076676,1216.7146209000202,884.9043000761906,38807172,1308.6561279296875,57.78630828857422,11.58656120300293,3,4,11,2,0,1,0,31,0,0,LivesExhausted,,,,,,,,,
ppo_rollout,1081344,1219.2900934000209,886.8635986245449,,,,,,,,,,,,,,,,,,,-0.007726662254814679,1.8421574239929517,-0.5332460150122642,0.9935353398323059,0.008087327,0.06730143229166667
training_episode,1083684,1221.1952761000139,887.3961611289824,20898513,1323.78271484375,58.3762092590332,11.73782730102539,3,3,12,2,0,0,0,29,0,0,LivesExhausted,,,,,,,,,
training_episode,1084410,1221.5925060000154,887.701909330464,48651698,26254.666015625,300.8022766113281,262.546630859375,0,34,42,27,2,2,2,150,0,1,MaxDuration,,,,,,,,,
ppo_rollout,1087488,1223.2945667000022,888.9829396803763,,,,,,,,,,,,,,,,,,,-0.006373598215092594,1.4171653047204018,-0.5449083998799324,0.9936400055885315,0.011548299,0.10597330729166667
training_episode,1088112,1224.2605296000256,888.7912120759898,57658392,23034.666015625,302.2336730957031,229.8466339111328,1,30,43,23,3,2,2,149,3,1,MaxDuration,,,,,,,,,
training_episode,1090194,1225.3971512000135,889.6658515424073,21317429,1050.216796875,48.177921295166016,9.002167701721191,3,4,10,2,0,0,0,15,0,0,LivesExhausted,,,,,,,,,
ppo_rollout,1093632,1227.3072509000194,891.0824890816937,,,,,,,,,,,,,,,,,,,-0.008641829976113513,2.855852672457695,-0.54423615137736,0.9892150163650513,0.0063779075,0.08196614583333334
training_episode,1095234,1228.7778321000224,891.3197905989307,23412009,1348.0689697265625,59.3360481262207,11.980690002441406,3,4,13,2,1,0,0,27,0,0,LivesExhausted,,,,,,,,,
training_episode,1096002,1229.2094258000143,891.6316267967779,63627945,2581.73388671875,102.65351867675781,23.317337036132812,5,7,19,3,3,1,0,45,1,1,LivesExhausted,,,,,,,,,
training_episode,1098000,1230.3358111999987,892.4392755251706,24145112,1507.81689453125,65.04548645019531,13.578168869018555,3,3,11,2,0,0,1,30,3,1,LivesExhausted,,,,,,,,,
training_episode,1099548,1231.1650547000172,893.0955242779477,72425181,24077.33203125,301.1526184082031,240.27330017089844,1,26,43,24,2,3,2,155,4,1,MaxDuration,,,,,,,,,
ppo_rollout,1099776,1231.2899718000263,893.1900894086178,,,,,,,,,,,,,,,,,,,-0.008561951145141695,1.5104178125659624,-0.5592987845341365,0.9945390820503235,0.009071055,0.07744140625
training_episode,1103040,1233.6829310000176,894.1033164055216,71063704,566.5924682617188,29.060569763183594,4.165924549102783,3,4,4,1,0,1,1,9,0,0,LivesExhausted,,,,,,,,,
training_episode,1103370,1233.881637500017,894.2267770801353,56925289,1414.72119140625,61.36570739746094,12.647212028503418,3,3,12,2,0,0,1,24,0,1,LivesExhausted,,,,,,,,,
ppo_rollout,1105920,1235.3312227000133,895.2416806747874,,,,,,,,,,,,,,,,,,,-0.006552687685082977,2.8267417858044306,-0.5720557714502017,0.9868741631507874,0.009266012,0.06800130208333334
training_episode,1109640,1238.0475223000103,896.2822347388908,41949042,23034.666015625,300.1416320800781,228.8466339111328,3,27,42,23,1,5,0,159,5,1,MaxDuration,,,,,,,,,
training_episode,1109940,1238.2288183000055,896.3932866009884,51584110,1301.3175048828125,57.486358642578125,11.513175010681152,3,3,10,2,0,0,0,17,0,0,LivesExhausted,,,,,,,,,
training_episode,1111998,1239.4029745000007,897.2045596780996,53364503,25150.666015625,306.2475891113281,251.0066375732422,1,32,43,26,6,7,2,150,2,1,MaxDuration,,,,,,,,,
ppo_rollout,1112064,1239.450713600003,897.2232520404089,,,,,,,,,,,,,,,,,,,-0.006808791142733147,2.2878815228740375,-0.5774732569853465,0.9898296594619751,0.008440756,0.08028971354166667
training_episode,1117674,1243.2119941000128,899.021249235218,24040383,1027.316162109375,47.26807403564453,8.773161888122559,3,5,7,2,0,1,1,17,0,0,LivesExhausted,,,,,,,,,
ppo_rollout,1118208,1243.5086909000238,899.2361759777216,,,,,,,,,,,,,,,,,,,-0.006798801406209047,2.0904526909192405,-0.5674734090765318,0.9907811880111694,0.009035085,0.07626953125
ppo_rollout,1124352,1247.4853189999994,901.2947750770288,,,,,,,,,,,,,,,,,,,-0.008272490627132357,3.1025267789761224,-0.5802881360054016,0.981071412563324,0.007726814,0.081591796875
training_episode,1124724,1248.307362600026,900.999252025061,44043622,1332.8990478515625,58.736148834228516,11.828990936279297,3,3,10,2,0,0,0,35,0,0,LivesExhausted,,,,,,,,,
ppo_rollout,1130496,1251.6225204000075,903.2243999881878,,,,,,,,,,,,,,,,,,,-0.009342857845088778,1.415450537701448,-0.5232185954848926,0.9899486303329468,0.008141722,0.07242838541666667
training_episode,1131546,1252.8332371000142,903.1896396835999,35036928,23034.666015625,302.5840148925781,230.3466339111328,0,17,47,23,2,1,1,183,0,1,MaxDuration,,,,,,,,,
training_episode,1134198,1254.3150438000157,904.2369423903946,37445695,24077.33203125,301.6330871582031,239.77330017089844,2,25,43,24,3,2,3,137,0,1,MaxDuration,,,,,,,,,
ppo_rollout,1136640,1255.7060502000095,905.1799979931254,,,,,,,,,,,,,,,,,,,-0.009175301215145737,1.5889937192201615,-0.4991058846314748,0.9892770051956177,0.011964313,0.09103190104166667
training_episode,1138980,1257.619148800004,905.6636908612538,54935438,1428.4581298828125,61.905616760253906,12.784582138061523,3,3,12,2,1,0,0,41,0,0,LivesExhausted,,,,,,,,,
training_episode,1139712,1258.0317507,905.9485178858451,12206006,24077.33203125,302.8142395019531,238.77330017089844,4,32,42,24,3,5,1,156,1,1,MaxDuration,,,,,,,,,
training_episode,1140252,1258.3355622000236,906.1589247358065,15452605,1106.896728515625,50.417545318603516,9.56896686553955,3,4,10,2,0,1,0,37,2,0,LivesExhausted,,,,,,,,,
ppo_rollout,1142784,1259.737805700017,907.1602001854445,,,,,,,,,,,,,,,,,,,-0.009009630815126003,2.14846344490846,-0.5491707200805346,0.9906560778617859,0.010146852,0.08263346354166666
training_episode,1145892,1262.0444567000086,907.9648453876785,63313758,26254.666015625,302.0434875488281,262.546630859375,0,27,43,27,1,4,2,150,2,1,MaxDuration,,,,,,,,,
training_episode,1146702,1262.4959629000223,908.2817162963141,65408338,27389.33203125,306.3376770019531,272.3932800292969,3,37,43,27,2,2,3,149,5,1,MaxDuration,,,,,,,,,
ppo_rollout,1148928,1263.6966274000006,909.1802376365189,,,,,,,,,,,,,,,,,,,-0.007443054556885423,2.1845294242103894,-0.5544847935438156,0.9928109049797058,0.007729324,0.07926432291666667
ppo_rollout,1155072,1267.8171671000018,911.0714304666701,,,,,,,,,,,,,,,,,,,-0.008463737861408542,2.0284811913967133,-0.5866100857655208,0.9910237789154053,0.0073329643,0.07351888020833333
training_episode,1160928,1271.7436629000003,912.8632081033503,56715831,26254.666015625,301.6831359863281,262.046630859375,1,27,45,27,4,3,3,145,1,1,MaxDuration,,,,,,,,,
ppo_rollout,1161216,1271.942054300016,912.9472495026894,,,,,,,,,,,,,,,,,,,-0.010144365827242534,1.776248463988304,-0.5675959145029386,0.9858149886131287,0.007766739,0.071630859375
ppo_rollout,1167360,1276.0383237000206,914.8314578947009,,,,,,,,,,,,,,,,,,,-0.007387643200733388,1.7990723952651024,-0.5236311631898085,0.9696987867355347,0.010687332,0.07736002604166667
ppo_rollout,1173504,1280.0614596000232,916.755981675037,,,,,,,,,,,,,,,,,,,-0.009964095696341246,1.3177852575977644,-0.5349080021182696,0.9911442399024963,0.012014088,0.1072265625
training_episode,1175658,1281.9248829999997,917.103658405233,17442456,27389.33203125,305.6369934082031,272.8932800292969,2,32,44,27,3,5,2,144,2,1,MaxDuration,,,,,,,,,
training_episode,1176282,1282.2776992,917.3379531858586,21526887,30977.33203125,304.7060852050781,309.2732849121094,1,27,44,31,0,1,4,92,1,1,MaxDuration,,,,,,,,,
training_episode,1176336,1282.312371100008,917.3552610982781,72529910,23034.666015625,300.6521301269531,228.8466339111328,3,24,43,23,1,2,2,180,2,1,MaxDuration,,,,,,,,,
ppo_rollout,1179648,1284.1894520000205,918.5934350751708,,,,,,,,,,,,,,,,,,,-0.0068376204998154815,2.1360117102662723,-0.5083233875532945,0.9407838582992554,0.008615878,0.08017578125
training_episode,1182558,1286.410778200021,919.2693500707958,42682145,27389.33203125,305.5268859863281,272.8932800292969,2,27,42,27,1,6,2,145,0,1,MaxDuration,,,,,,,,,
training_episode,1182900,1286.6053224000207,919.3961655571502,73891387,23034.666015625,301.6030578613281,229.84661865234375,1,21,43,23,1,2,3,181,1,1,MaxDuration,,,,,,,,,
ppo_rollout,1185792,1288.20134900001,920.5020635326092,,,,,,,,,,,,,,,,,,,-0.006133066486412039,1.79363391349713,-0.5372082320352395,0.9924114942550659,0.0108036995,0.10055338541666667
training_episode,1191036,1291.6887614000007,922.076614423038,35455844,1591.6473388671875,67.75606536865234,14.416473388671875,3,4,13,2,0,0,0,16,1,0,LivesExhausted,,,,,,,,,
ppo_rollout,1191936,1292.1881758000236,922.4167364494299,,,,,,,,,,,,,,,,,,,-0.008197596742926786,2.383140998582045,-0.5838024849692981,0.9884921312332153,0.009082499,0.07579752604166666
training_episode,1197258,1295.7282429000188,924.0039387583088,70016414,26254.666015625,302.7041320800781,261.546630859375,2,31,41,27,2,1,5,161,3,1,MaxDuration,,,,,,,,,
ppo_rollout,1198080,1296.2208308000118,924.2869513681242,,,,,,,,,,,,,,,,,,,-0.008700048168733095,2.065116516252359,-0.569546236594518,0.9874475002288818,0.006668428,0.07861328125
ppo_rollout,1204224,1300.2644561000052,926.1377517093196,,,,,,,,,,,,,,,,,,,-0.00967334161978215,1.5118459860483806,-0.5429280822475752,0.9921508431434631,0.008562773,0.07955729166666667
ppo_rollout,1210368,1304.428846499999,927.8911634372545,,,,,,,,,,,,,,,,,,,-0.009421085401360567,1.8488102912902833,-0.5236742349962393,0.9882253408432007,0.0075384956,0.08723958333333333
training_episode,1212288,1306.1847260000068,928.113746753454,56611102,27389.33203125,305.1965637207031,273.8932800292969,0,25,45,27,3,3,2,158,4,1,MaxDuration,,,,,,,,,
training_episode,1212498,1306.3258377000166,928.1742464305731,60695533,23034.666015625,301.3027648925781,229.84661865234375,1,19,45,23,2,4,1,142,5,1,MaxDuration,,,,,,,,,
training_episode,1213074,1306.667127200024,928.3726319796696,16395166,27389.33203125,306.5478820800781,272.8932800292969,2,40,42,27,2,5,3,188,1,1,MaxDuration,,,,,,,,,
ppo_rollout,1216512,1308.5896087000147,929.635992760567,,,,,,,,,,,,,,,,,,,-0.009173055513141055,1.8860787183046341,-0.5033437381188075,0.8798618316650391,0.010160006,0.08406575520833333
training_episode,1219068,1310.64986580002,930.1248425000841,36188947,27389.33203125,304.2356262207031,273.3932800292969,1,34,44,27,1,3,6,188,2,1,MaxDuration,,,,,,,,,
ppo_rollout,1222656,1312.654935700004,931.4374758725072,,,,,,,,,,,,,,,,,,,-0.008820133847378505,1.9241176654895147,-0.5564405346910158,0.9934167265892029,0.009187694,0.09361979166666666
training_episode,1227408,1315.826383000007,932.8039138427836,21945803,24077.33203125,303.0644836425781,239.77330017089844,2,33,44,24,1,3,3,126,3,1,MaxDuration,,,,,,,,,
ppo_rollout,1228800,1316.6077220000152,933.3076051941808,,,,,,,,,,,,,,,,,,,-0.00873016562157621,2.220280031363169,-0.5716936031977335,0.991722822189331,0.0076851402,0.061865234375
training_episode,1233384,1319.83470940002,934.4988362676721,71901536,27389.33203125,301.0124816894531,273.3932800292969,1,26,41,27,3,2,2,178,0,1,MaxDuration,,,,,,,,,
ppo_rollout,1234944,1320.689994400018,935.0748512038423,,,,,,,,,,,,,,,,,,,-0.007739300073202078,2.1858738332986833,-0.5365821992357572,0.9777716994285583,0.012335231,0.07708333333333334
training_episode,1235340,1321.5601594000182,934.7588085288818,24982944,1533.291748046875,66.05570220947266,13.832917213439941,3,4,13,2,0,0,1,37,1,1,LivesExhausted,,,,,,,,,
ppo_rollout,1241088,1324.7229204000032,936.8661030076014,,,,,,,,,,,,,,,,,,,-0.007605832991733526,1.7675442283352216,-0.5425490548213323,0.9908926486968994,0.008766382,0.07763671875
training_episode,1242720,1326.2912179999985,936.9887873298136,51898297,1417.8485107421875,61.49568557739258,12.678485870361328,3,4,13,2,0,0,1,25,0,1,LivesExhausted,,,,,,,,,
ppo_rollout,1247232,1328.809684900014,938.6084509866045,,,,,,,,,,,,,,,,,,,-0.007676467986311763,2.492687102158864,-0.5721432437499364,0.9870007634162903,0.008448218,0.06570638020833333
training_episode,1248636,1330.1917025000148,938.6887601638653,67084002,26254.666015625,301.0925598144531,261.546630859375,2,42,40,27,2,1,4,150,4,1,MaxDuration,,,,,,,,,
training_episode,1249014,1330.4073620999989,938.8207218189755,46033473,27389.33203125,306.0173645019531,273.3932800292969,1,25,44,27,1,5,6,141,3,1,MaxDuration,,,,,,,,,
training_episode,1249752,1330.8152789000014,939.0875050916119,21736345,24077.33203125,305.6269836425781,239.77330017089844,2,25,39,24,1,2,3,168,0,1,MaxDuration,,,,,,,,,
ppo_rollout,1253376,1332.8101407000213,940.4010081598714,,,,,,,,,,,,,,,,,,,-0.00916436118228982,2.5225914190212886,-0.5494552433490754,0.9829537272453308,0.0072134486,0.077734375
training_episode,1255512,1334.599671200005,940.7405284845504,40587565,29750.666015625,303.6750793457031,297.0066223144531,1,33,43,30,3,3,3,149,3,1,MaxDuration,,,,,,,,,
ppo_rollout,1259520,1336.8774731000012,942.135704537962,,,,,,,,,,,,,,,,,,,-0.007990918291034177,2.299822794397672,-0.5565027872721354,0.9924436211585999,0.008219665,0.0767578125
training_episode,1259742,1337.6282406000246,941.7728796118367,49070614,722.3324584960938,35.220096588134766,5.723324298858643,3,3,8,1,0,0,0,20,0,0,LivesExhausted,,,,,,,,,
ppo_rollout,1265664,1340.9684516999987,943.8432338922424,,,,,,,,,,,,,,,,,,,-0.008057377161458134,2.4407167141636212,-0.5713966930905978,0.9878339171409607,0.009318195,0.08494466145833333
training_episode,1269708,1343.8718835000182,944.8132784005693,16814082,26254.666015625,302.6741027832031,261.546630859375,2,35,44,27,1,2,3,158,1,1,MaxDuration,,,,,,,,,
ppo_rollout,1271808,1345.0194120000233,945.5685090141866,,,,,,,,,,,,,,,,,,,-0.010104592280307164,1.8545276537537574,-0.5476027682423592,0.985041618347168,0.009536478,0.08483072916666666
ppo_rollout,1277952,1349.182053800003,947.2050094356193,,,,,,,,,,,,,,,,,,,-0.010672252175087731,1.4622342536846797,-0.511694672703743,0.9790948033332825,0.010239317,0.096923828125
training_episode,1278732,1350.232669900026,947.0456673920355,11368174,26254.666015625,300.0615539550781,262.046630859375,1,27,42,27,2,3,3,151,1,1,MaxDuration,,,,,,,,,
ppo_rollout,1284096,1353.2224162000057,948.9171806700334,,,,,,,,,,,,,,,,,,,-0.007314902448949094,2.3246670246124266,-0.5297341441114743,0.9655450582504272,0.009658903,0.06512044270833334
training_episode,1284798,1354.2316957000003,948.728348390849,55773270,26254.666015625,301.3027648925781,261.546630859375,2,26,43,27,5,4,2,165,3,1,MaxDuration,,,,,,,,,
training_episode,1285494,1354.6210005000175,948.9694900090126,64465777,28554.666015625,303.9853820800781,285.546630859375,0,28,43,28,6,3,6,142,6,1,MaxDuration,,,,,,,,,
training_episode,1285872,1354.8344265000196,949.0990004747871,47604408,23034.666015625,300.9424133300781,229.3466339111328,2,28,39,23,2,6,1,98,1,1,MaxDuration,,,,,,,,,
training_episode,1289214,1356.6859945000033,950.2670516438333,59438785,2133.13330078125,87.35025024414062,19.831335067749023,3,3,16,3,0,0,0,46,0,0,LivesExhausted,,,,,,,,,
ppo_rollout,1290240,1357.2457618000044,950.6310767836621,,,,,,,,,,,,,,,,,,,-0.008293279398155088,1.8763896693785986,-0.5472280815243721,0.9919673204421997,0.0120745795,0.10310872395833333
training_episode,1294032,1359.9736292000161,951.512567755593,41530126,1838.633056640625,76.91802215576172,16.886329650878906,3,3,15,2,0,0,0,54,0,0,LivesExhausted,,,,,,,,,
training_episode,1295862,1360.9802256000112,952.1534373717276,4665518,27389.33203125,300.9724426269531,273.3932800292969,1,24,41,27,1,7,4,156,2,1,MaxDuration,,,,,,,,,
ppo_rollout,1296384,1361.2761721000134,952.3298993767697,,,,,,,,,,,,,,,,,,,-0.008459014280621584,1.8786119252443314,-0.5917494068543117,0.9932445883750916,0.0148324855,0.0931640625
ppo_rollout,1302528,1365.2481880000269,954.0594973490449,,,,,,,,,,,,,,,,,,,-0.008717415144201369,3.009899389743805,-0.5854751924673717,0.9875941872596741,0.005995495,0.066552734375
training_episode,1305888,1367.7229426999984,954.7898622085471,8226304,26254.666015625,301.4429016113281,262.546630859375,0,29,43,27,1,4,3,192,1,1,MaxDuration,,,,,,,,,
ppo_rollout,1308672,1369.3824957000033,955.6657866661504,,,,,,,,,,,,,,,,,,,-0.008817134929510454,1.6773447086413702,-0.5788138176004092,0.9870836138725281,0.012424863,0.08859049479166667
ppo_rollout,1314816,1373.621850800002,957.189199658004,,,,,,,,,,,,,,,,,,,-0.008966676409666736,1.3888396536310514,-0.5412904848655065,0.9851622581481934,0.0122714015,0.09446614583333333
ppo_rollout,1320960,1377.625733599998,958.8671057617952,,,,,,,,,,,,,,,,,,,-0.00945022456580773,1.3889269053936004,-0.5513833900292714,0.9911580085754395,0.009824236,0.11448567708333333
training_episode,1321752,1378.6946961000212,958.6981104220552,23726196,26254.666015625,302.0935363769531,262.546630859375,0,19,46,27,4,6,3,163,0,1,MaxDuration,,,,,,,,,
training_episode,1321968,1378.8171750000038,958.769606275028,42053771,26254.666015625,300.7522277832031,261.546630859375,2,23,45,27,3,5,2,189,2,1,MaxDuration,,,,,,,,,
training_episode,1325460,1380.732274400012,959.9688691103927,69283311,26254.666015625,301.9934387207031,262.546630859375,0,14,47,27,1,4,4,163,3,1,MaxDuration,,,,,,,,,
ppo_rollout,1327104,1381.6162493000156,960.5445800687174,,,,,,,,,,,,,,,,,,,-0.008424055952734004,2.0870310813188553,-0.5418009181817373,0.9625775218009949,0.010114861,0.07775065104166666
training_episode,1330572,1384.1174689000181,961.3143608811096,33151806,27389.33203125,304.4458312988281,273.8932800292969,0,17,48,27,1,4,4,154,1,1,MaxDuration,,,,,,,,,
training_episode,1332540,1385.1966038000246,961.9861876245068,16499895,27389.33203125,305.5969543457031,273.8932800292969,0,19,44,27,0,4,3,168,3,1,MaxDuration,,,,,,,,,
ppo_rollout,1333248,1385.5823569000058,962.2293423127193,,,,,,,,,,,,,,,,,,,-0.009532929487371196,2.0921650434533756,-0.5735589484373729,0.9929154515266418,0.0077118366,0.084716796875
ppo_rollout,1339392,1389.629164300015,963.8485103863516,,,,,,,,,,,,,,,,,,,-0.008831779501633719,2.8966348528862,-0.5680733258525531,0.987022876739502,0.007862414,0.064501953125
training_episode,1341918,1391.6378939000133,964.2723914619232,47290221,23034.666015625,300.2117004394531,229.8466339111328,1,11,46,23,3,1,4,95,3,1,MaxDuration,,,,,,,,,
ppo_rollout,1345536,1393.6531843000266,965.4740613790555,,,,,,,,,,,,,,,,,,,-0.008684378920588643,1.5164526954293251,-0.5477255642414093,0.9907354116439819,0.012807441,0.087353515625
ppo_rollout,1351680,1397.6893878000265,967.0818221833639,,,,,,,,,,,,,,,,,,,-0.009699814924776244,1.7055531879266104,-0.5405968189239502,0.9911899566650391,0.006997828,0.070068359375
ppo_rollout,1357824,1401.7004712000198,968.6976839192638,,,,,,,,,,,,,,,,,,,-0.00972273528847533,1.644059077401956,-0.5280010695258777,0.9906485080718994,0.009164364,0.08782552083333334
training_episode,1358220,1402.571359499998,968.3785361795718,42158500,27389.33203125,303.8552551269531,273.8932800292969,0,18,46,27,1,3,6,132,0,1,MaxDuration,,,,,,,,,
training_episode,1358400,1402.678206200013,968.4330974814482,49175343,27389.33203125,303.5849914550781,273.3932800292969,1,24,41,27,3,7,5,163,1,1,MaxDuration,,,,,,,,,
training_episode,1361916,1404.6874508000037,969.5509127132557,13148567,27389.33203125,303.7851867675781,273.3932800292969,1,19,45,27,2,4,1,148,2,1,MaxDuration,,,,,,,,,
ppo_rollout,1363968,1405.8488383000076,970.2095722107285,,,,,,,,,,,,,,,,,,,-0.008765729615697637,2.572580779592196,-0.5095172926783562,0.9115564227104187,0.006644146,0.07635091145833334
training_episode,1367130,1408.1915411000082,970.8409403823481,66350899,28554.666015625,304.6260070800781,285.546630859375,0,14,48,28,3,2,6,140,1,1,MaxDuration,,,,,,,,,
training_episode,1368588,1408.9997689000156,971.3188250331904,53469232,23034.666015625,300.3718566894531,229.3466339111328,2,17,43,23,3,5,6,103,1,1,MaxDuration,,,,,,,,,
ppo_rollout,1370112,1409.8681849999994,971.8014879525781,,,,,,,,,,,,,,,,,,,-0.012672905294069399,1.6715076357126235,-0.5366659392913182,0.995149552822113,0.00831217,0.08504231770833333
ppo_rollout,1376256,1413.8211487000226,973.4300560332098,,,,,,,,,,,,,,,,,,,-0.009261279306762541,2.067082443833351,-0.5842492088675499,0.9902126789093018,0.00670645,0.05810546875
training_episode,1378440,1415.6384126000048,973.7232246109478,65722525,24077.33203125,304.3257141113281,240.27330017089844,1,12,46,24,5,7,3,172,1,1,MaxDuration,,,,,,,,,
ppo_rollout,1382400,1417.8382206000097,975.0054554284673,,,,,,,,,,,,,,,,,,,-0.011202766765685131,1.4622303158044816,-0.5514918679992358,0.9857854843139648,0.012400108,0.10496419270833333
ppo_rollout,1388544,1421.9339352000097,976.5179419567668,,,,,,,,,,,,,,,,,,,-0.009928550668216,1.4717064549525578,-0.5318521042664845,0.9872784614562988,0.008701635,0.08816731770833333
training_episode,1394418,1425.8159435999987,977.9789644372169,11158716,23034.666015625,301.5930480957031,229.8466339111328,1,9,47,23,3,1,2,133,0,1,MaxDuration,,,,,,,,,
ppo_rollout,1394688,1425.9675863000157,978.0643076318604,,,,,,,,,,,,,,,,,,,-0.010088073551499595,1.4753578200936317,-0.5102597949405511,0.9855704307556152,0.009796709,0.08221028645833334
training_episode,1394976,1426.7339628000045,977.7407956717602,52736129,24077.33203125,304.7461242675781,240.77330017089844,0,16,42,24,0,3,1,152,3,1,MaxDuration,,,,,,,,,
training_episode,1398696,1428.8102684000041,978.9235358493564,13672212,27389.33203125,306.4577941894531,272.8932800292969,2,22,44,27,1,4,1,113,2,1,MaxDuration,,,,,,,,,
ppo_rollout,1400832,1429.9912535000185,979.608788914863,,,,,,,,,,,,,,,,,,,-0.011317540139619572,1.8665993665655454,-0.5197101240356763,0.9647083282470703,0.011638933,0.09853515625
training_episode,1403850,1432.267946500011,980.1587778533653,46661847,29750.666015625,305.9472961425781,297.5066223144531,0,18,49,30,2,7,6,145,7,1,MaxDuration,,,,,,,,,
training_episode,1404756,1432.7663285000017,980.4501767365468,34618012,23034.666015625,301.3728332519531,230.34661865234375,0,11,44,23,3,7,3,186,1,1,MaxDuration,,,,,,,,,
ppo_rollout,1406976,1433.9855689000105,981.1646856943413,,,,,,,,,,,,,,,,,,,-0.009638985391939059,1.625116621951262,-0.5331221657494704,0.9932469129562378,0.007531162,0.07501627604166666
training_episode,1411914,1437.4781629000208,982.2159643465841,55040167,1576.9224853515625,67.17594146728516,13.769225120544434,4,5,13,2,1,2,1,26,2,1,LivesExhausted,,,,,,,,,
ppo_rollout,1413120,1438.168083000026,982.5833410599855,,,,,,,,,,,,,,,,,,,-0.01054817286785692,1.89025237262249,-0.5326958373188972,0.988455593585968,0.008550561,0.07693684895833333
training_episode,1414908,1439.7962431000196,982.7140519227687,16918811,24077.33203125,303.8752746582031,238.77330017089844,4,21,44,24,4,2,1,139,1,1,MaxDuration,,,,,,,,,
ppo_rollout,1419264,1442.1914950000064,984.1023226946667,,,,,,,,,,,,,,,,,,,-0.007175906089833007,2.214265505472819,-0.5345117010176181,0.9825859069824219,0.0081054745,0.081298828125
ppo_rollout,1425408,1446.253017400013,985.586880615477,,,,,,,,,,,,,,,,,,,-0.010167773118397842,1.7282286827762923,-0.5383160044749578,0.9906306862831116,0.008494158,0.07537434895833334
training_episode,1430736,1449.8054424000147,986.8468955610713,59229327,26254.666015625,302.6340637207031,262.546630859375,0,16,41,27,1,3,8,142,6,1,MaxDuration,,,,,,,,,
ppo_rollout,1431552,1450.2832700000145,987.0844059312535,,,,,,,,,,,,,,,,,,,-0.00910709859842124,1.5463092058897019,-0.5205173107484976,0.9855993390083313,0.008281714,0.08634440104166667
training_episode,1431696,1450.9837560000014,986.707117898292,71482620,27389.33203125,305.9673156738281,273.8932800292969,0,16,43,27,2,5,3,132,3,1,MaxDuration,,,,,,,,,
training_episode,1435002,1452.8029961000138,987.7471369842988,22783635,26254.666015625,302.4939270019531,262.046630859375,1,20,48,27,2,2,3,120,1,1,MaxDuration,,,,,,,,,
ppo_rollout,1437696,1454.2963226000138,988.5853231270396,,,,,,,,,,,,,,,,,,,-0.010206103997188621,1.4814779395858446,-0.5403831914067269,0.965700089931488,0.009567443,0.092724609375
training_episode,1441122,1456.8098075000162,989.2313962884849,59334056,24077.33203125,303.0044250488281,239.77330017089844,2,21,45,24,3,4,2,134,0,1,MaxDuration,,,,,,,,,
ppo_rollout,1443840,1458.327980400005,990.0653484026062,,,,,,,,,,,,,,,,,,,-0.009235754281204815,1.6421796763936678,-0.5467855637272199,0.9936431646347046,0.008348583,0.074951171875
training_episode,1445628,1459.9161341,990.2130445946416,27810627,2163.644287109375,88.55050659179688,20.136442184448242,3,3,16,3,0,0,0,30,1,0,LivesExhausted,,,,,,,,,
training_episode,1448322,1461.4159232000238,991.0402487121172,57344205,28554.666015625,303.3847961425781,284.546630859375,2,20,44,28,0,3,7,149,1,1,MaxDuration,,,,,,,,,
ppo_rollout,1449984,1462.3391852000204,991.5510810863415,,,,,,,,,,,,,,,,,,,-0.008872200238207976,1.8516953527927398,-0.5573913882176081,0.99139004945755,0.0072937985,0.06360677083333334
training_episode,1451172,1463.6068750999984,991.5039514287955,70854246,25150.666015625,302.1736145019531,251.0066375732422,1,19,46,26,1,0,2,156,1,1,MaxDuration,,,,,,,,,
ppo_rollout,1456128,1466.3237391000148,993.0467339318446,,,,,,,,,,,,,,,,,,,-0.007141163902512441,2.4410716687639553,-0.5635662689805031,0.9834933876991272,0.005944652,0.06749674479166666
training_episode,1461942,1470.2382540000253,994.3572043663984,6655369,2209.066650390625,89.74076080322266,20.590665817260742,3,3,16,3,1,0,0,27,1,0,LivesExhausted,,,,,,,,,
ppo_rollout,1462272,1470.4254294999992,994.4550540704593,,,,,,,,,,,,,,,,,,,-0.009549260650237557,1.6866496900717418,-0.5546670764684677,0.9898988604545593,0.010428726,0.09415690104166667
training_episode,1466976,1473.6530419000192,995.4690543091403,44671996,26254.666015625,301.9834289550781,262.546630859375,0,24,44,27,2,4,3,132,1,1,MaxDuration,,,,,,,,,
training_episode,1467714,1474.0850696999987,995.6779497798622,14719502,23034.666015625,300.1316223144531,229.8466339111328,1,13,47,23,2,5,2,134,2,1,MaxDuration,,,,,,,,,
ppo_rollout,1468416,1474.4736803999986,995.8916320579183,,,,,,,,,,,,,,,,,,,-0.007644250092562288,2.0248413051168126,-0.5437089989582697,0.9748630523681641,0.007841627,0.07713216145833333
ppo_rollout,1474560,1478.4855469000177,997.3448865237483,,,,,,,,,,,,,,,,,,,-0.010116332264927527,1.8124015778303146,-0.5482281977931659,0.9925693273544312,0.010172625,0.07931315104166667
training_episode,1477566,1480.8144302,997.8063218903388,11787090,27389.33203125,303.6750793457031,273.8932800292969,0,28,44,27,0,3,3,153,1,1,MaxDuration,,,,,,,,,
ppo_rollout,1480704,1482.5378225000168,998.7630517939,,,,,,,,,,,,,,,,,,,-0.010842814304245016,1.8218710228800774,-0.5614162941773733,0.9921731352806091,0.0098343445,0.08004557291666667
training_episode,1481658,1483.7013841000153,998.6227794070202,42891603,26254.666015625,300.1916809082031,262.546630859375,0,18,46,27,1,3,1,148,2,1,MaxDuration,,,,,,,,,
training_episode,1484508,1485.268883200013,999.4877134984652,47499679,28554.666015625,301.4929504394531,285.546630859375,0,20,43,28,4,3,9,172,2,1,MaxDuration,,,,,,,,,
ppo_rollout,1486848,1486.5671470000234,1000.1889272210431,,,,,,,,,,,,,,,,,,,-0.009847771207569167,2.2178097243110337,-0.5557318439086278,0.985954761505127,0.007460468,0.076806640625
ppo_rollout,1492992,1490.635283600015,1001.5810147699532,,,,,,,,,,,,,,,,,,,-0.009779202293915053,1.6372523292899133,-0.5614406034350395,0.9891476631164551,0.0077469926,0.07639973958333333
training_episode,1498326,1494.192705500027,1002.7662392439466,18803933,27389.33203125,303.1645812988281,272.8932800292969,2,25,42,27,2,4,1,215,2,1,MaxDuration,,,,,,,,,
ppo_rollout,1499136,1494.6379194000037,1003.0094784439846,,,,,,,,,,,,,,,,,,,-0.008914337877649814,1.4312999943892162,-0.5346482664346695,0.9862850904464722,0.00868098,0.076171875
validation,1500000,,,,,,,,,,,,,,,,,,20169.025100708008,25123.3896484375,9812.913170225693,,,,,,
training_episode,1503648,1828.489917400002,822.3441571600752,12834380,27389.33203125,305.5769348144531,272.8932800292969,2,23,45,27,4,3,3,123,2,1,MaxDuration,,,,,,,,,
training_episode,1503768,1828.5622570000123,822.3772498001362,54621251,23034.666015625,300.4118957519531,228.8466339111328,3,12,44,23,1,0,4,154,0,1,MaxDuration,,,,,,,,,
ppo_rollout,1505280,1829.5011839000217,822.7816484879959,,,,,,,,,,,,,,,,,,,-0.00843728074299482,1.5005360881487528,-0.544722809890906,0.9724572896957397,0.010542217,0.09612630208333334
ppo_rollout,1511424,1833.6370989000134,824.2765162783263,,,,,,,,,,,,,,,,,,,-0.00939457683028498,1.6153978457053502,-0.5524196902910868,0.9920267462730408,0.008453013,0.08170572916666667
training_episode,1514268,1835.833890400012,824.8393320977718,65198880,27389.33203125,305.8071594238281,273.3932800292969,1,15,46,27,2,1,5,192,0,1,MaxDuration,,,,,,,,,
ppo_rollout,1517568,1837.638366500003,825.8251610682169,,,,,,,,,,,,,,,,,,,-0.009172103004918124,2.0433108588059743,-0.5754553253451983,0.9911535382270813,0.0072188396,0.070751953125
training_episode,1517802,1838.396556200023,825.6118599010575,59857701,26254.666015625,301.1826477050781,262.546630859375,0,23,46,27,3,2,5,126,3,1,MaxDuration,,,,,,,,,
training_episode,1520736,1840.0234645000019,826.4764169261487,66874544,26254.666015625,301.8833312988281,262.046630859375,1,21,48,27,0,1,3,147,4,1,MaxDuration,,,,,,,,,
ppo_rollout,1523712,1841.6785930000187,827.3495743456168,,,,,,,,,,,,,,,,,,,-0.01112774687547547,1.829822526872158,-0.5540985638896624,0.9864088892936707,0.008548048,0.08759765625
ppo_rollout,1529856,1845.6969606000057,828.8771302428048,,,,,,,,,,,,,,,,,,,-0.010457345268999536,1.4866445908943813,-0.5369576017061869,0.9923450350761414,0.008715569,0.08898111979166666
training_episode,1534440,1848.8503826000087,829.9427657537877,11263445,23034.666015625,300.9223937988281,229.8466339111328,1,10,46,23,3,7,2,178,3,1,MaxDuration,,,,,,,,,
ppo_rollout,1536000,1849.742459800007,830.3858690501548,,,,,,,,,,,,,,,,,,,-0.009133441007967728,1.6229463130235673,-0.5350520114103953,0.9837230443954468,0.007897777,0.08810221354166667
training_episode,1539798,1852.4581126999983,831.218794877748,24668757,23034.666015625,300.2117004394531,229.8466339111328,1,10,45,23,4,1,3,161,1,1,MaxDuration,,,,,,,,,
training_episode,1540182,1852.7090383000032,831.3134810489348,69597498,27389.33203125,304.4158020019531,273.3932800292969,1,15,45,27,3,2,5,105,4,1,MaxDuration,,,,,,,,,
ppo_rollout,1542144,1853.814132200001,831.8762777851258,,,,,,,,,,,,,,,,,,,-0.01122600823485603,1.668212994436423,-0.5265398539602757,0.9761600494384766,0.008522204,0.08321940104166667
ppo_rollout,1548288,1857.7963931999984,833.4002615502555,,,,,,,,,,,,,,,,,,,-0.012666434391091268,1.6584695821007094,-0.5527115980784099,0.9934773445129395,0.009897035,0.08321940104166667
training_episode,1550352,1859.5419938000268,833.7278777081079,1628377,27389.33203125,300.6821594238281,273.8932800292969,0,28,48,27,2,3,8,137,0,1,MaxDuration,,,,,,,,,
training_episode,1554054,1861.592355300003,834.7982282885762,16290437,23034.666015625,302.0735168457031,229.84661865234375,1,23,44,23,0,6,4,193,4,1,MaxDuration,,,,,,,,,
ppo_rollout,1554432,1861.8105160999985,834.9034375722212,,,,,,,,,,,,,,,,,,,-0.012156573572428896,1.3690505330761273,-0.5343461498618126,0.9931716322898865,0.009755213,0.092822265625
training_episode,1557342,1864.1239476000192,835.4283533586981,18699204,27389.33203125,305.0364074707031,273.8932800292969,0,25,43,27,3,6,4,163,2,1,MaxDuration,,,,,,,,,
ppo_rollout,1560576,1866.0510634000238,836.2986579566395,,,,,,,,,,,,,,,,,,,-0.008921392337651924,2.1141630853215854,-0.5268277488648891,0.9879128336906433,0.0073139686,0.072509765625
ppo_rollout,1566720,1870.0662062000192,837.7885204308249,,,,,,,,,,,,,,,,,,,-0.010210948311335717,1.4994784543911617,-0.529726064701875,0.9911087155342102,0.009580682,0.07696940104166666
training_episode,1570674,1872.8973722000082,838.6332445728192,68550208,24077.33203125,301.9133605957031,240.27330017089844,1,16,48,24,1,2,3,189,2,1,MaxDuration,,,,,,,,,
ppo_rollout,1572864,1874.1015222000133,839.2629648758891,,,,,,,,,,,,,,,,,,,-0.009703761669031034,1.6181330218911172,-0.5231400966644287,0.9711730480194092,0.009582204,0.08585611979166667
training_episode,1575132,1876.021428100008,839.6130110279487,55563812,771.1336059570312,37.139774322509766,6.211336135864258,3,3,8,1,1,0,0,30,0,0,LivesExhausted,,,,,,,,,
training_episode,1576392,1876.7221850000205,839.9708878594531,54411793,25150.666015625,304.9162902832031,251.5066375732422,0,20,45,26,4,6,2,109,4,1,MaxDuration,,,,,,,,,
training_episode,1576884,1876.9933864000195,840.1116441994426,28439001,24077.33203125,305.7971496582031,239.77330017089844,2,27,43,24,2,4,2,135,1,1,MaxDuration,,,,,,,,,
ppo_rollout,1579008,1878.1826616000035,840.7105614822683,,,,,,,,,,,,,,,,,,,-0.009434083930682392,1.6342346807320913,-0.5471150144934654,0.9806784391403198,0.007601877,0.07115885416666666
training_episode,1580766,1879.7838534000039,840.9296617485228,14091128,1018.1212158203125,46.90813446044922,8.681212425231934,3,3,10,2,0,0,1,22,0,0,LivesExhausted,,,,,,,,,
training_episode,1583400,1881.2741200000164,841.663627414375,64046861,1323.6614990234375,58.3762092590332,11.736615180969238,3,4,12,2,0,0,0,30,0,0,LivesExhausted,,,,,,,,,
ppo_rollout,1585152,1882.2234294000082,842.1699439291833,,,,,,,,,,,,,,,,,,,-0.008064856836184239,2.0779524420698485,-0.5476122702161471,0.9906331300735474,0.007615285,0.05670572916666667
training_episode,1586856,1883.8129372000112,842.3638932847597,31057226,27389.33203125,304.1655578613281,272.8932800292969,2,25,47,27,6,1,2,165,5,1,MaxDuration,,,,,,,,,
training_episode,1590492,1885.8100008000038,843.3999179796888,70958975,27389.33203125,303.6350402832031,272.8932800292969,2,24,41,27,1,3,2,109,3,1,MaxDuration,,,,,,,,,
ppo_rollout,1591296,1886.2709456000011,843.6200555980186,,,,,,,,,,,,,,,,,,,-0.007669551134070692,3.027801667650541,-0.5456609805425008,0.9825823307037354,0.007237543,0.06722005208333333
training_episode,1592646,1887.633290400001,843.7263784760379,45300370,2474.108642578125,99.00273895263672,23.241085052490234,3,4,18,3,0,2,0,50,0,0,LivesExhausted,,,,,,,,,
training_episode,1594110,1888.4405712000153,844.140940578828,23516738,27389.33203125,306.3576965332031,273.3932800292969,1,21,46,27,2,3,7,140,3,1,MaxDuration,,,,,,,,,
ppo_rollout,1597440,1890.265465000004,845.0876501624055,,,,,,,,,,,,,,,,,,,-0.010584797386157637,2.1872271532813707,-0.5434543033440907,0.9899384379386902,0.009042484,0.08068033854166666
ppo_rollout,1603584,1894.3557045000198,846.5062797819359,,,,,,,,,,,,,,,,,,,-0.006942587850304941,2.5015275831023853,-0.5743817632397016,0.9828652739524841,0.009282068,0.08059895833333333
ppo_rollout,1609728,1898.519427500025,847.8859771899695,,,,,,,,,,,,,,,,,,,-0.009789770771749317,1.6103005294998487,-0.5248626654346784,0.9847862720489502,0.007944834,0.08020833333333334
training_episode,1613592,1901.2917671000178,848.6819476745343,58600953,27389.33203125,305.8471984863281,273.3932800292969,1,28,48,27,0,5,4,154,2,1,MaxDuration,,,,,,,,,
ppo_rollout,1615872,1902.5616638000065,849.3138649564723,,,,,,,,,,,,,,,,,,,-0.009371488525357564,1.5597953925530115,-0.5321547230084737,0.9497427344322205,0.0098995175,0.07805989583333334
training_episode,1619844,1905.4193265000067,850.124682515649,13986399,29750.666015625,303.6750793457031,297.5066223144531,0,21,45,30,1,7,7,125,1,1,MaxDuration,,,,,,,,,
ppo_rollout,1622016,1906.619803700014,850.728601922781,,,,,,,,,,,,,,,,,,,-0.0104519763107722,1.913896215458711,-0.5332095421850681,0.9751489758491516,0.008376376,0.074658203125
training_episode,1623648,1908.1568042,850.8986244873722,6236453,27389.33203125,306.5679016113281,273.3932800292969,1,25,46,27,1,2,2,163,1,1,MaxDuration,,,,,,,,,
training_episode,1623930,1908.3114014000166,850.977465631981,68759666,692.3900756835938,34.0402946472168,5.423901081085205,3,3,7,1,0,0,0,8,0,0,LivesExhausted,,,,,,,,,
training_episode,1626672,1909.8700254000141,851.7186920399467,68654937,23034.666015625,301.4429016113281,229.34661865234375,2,21,45,23,1,5,3,122,2,1,MaxDuration,,,,,,,,,
ppo_rollout,1628160,1910.713060900016,852.1216677260147,,,,,,,,,,,,,,,,,,,-0.010233745664784995,2.072439753015836,-0.5536519010861715,0.9851629734039307,0.009936198,0.0755859375
training_episode,1629114,1911.8868816000177,852.0974832133526,20374868,24077.33203125,303.8552551269531,240.27330017089844,1,25,45,24,0,3,3,153,3,1,MaxDuration,,,,,,,,,
training_episode,1630524,1912.6655026000226,852.4877966291086,66036712,29750.666015625,303.4348449707031,296.5066223144531,2,27,46,30,3,4,3,114,3,1,MaxDuration,,,,,,,,,
training_episode,1631490,1913.2071669000143,852.751352925108,65513067,1455.6754150390625,62.985435485839844,13.056753158569336,3,3,13,2,0,0,1,62,0,1,LivesExhausted,,,,,,,,,
training_episode,1632288,1913.654253100016,852.9691282298159,68340750,1015.4506225585938,46.798152923583984,8.65450668334961,3,3,10,2,0,0,1,27,0,0,LivesExhausted,,,,,,,,,
ppo_rollout,1634304,1914.7495306000055,853.5340909512456,,,,,,,,,,,,,,,,,,,-0.009874560602474958,2.3697155619661014,-0.542362321416537,0.991367757320404,0.0075283065,0.07682291666666667
training_episode,1638456,1917.7280862000189,854.3734702486436,54830709,1314.9736328125,58.026268005371094,11.649736404418945,3,3,11,2,0,0,1,32,1,0,LivesExhausted,,,,,,,,,
training_episode,1639812,1918.47095800002,854.7494519851798,49908446,2178.88818359375,89.150634765625,20.288881301879883,3,3,16,3,0,0,0,39,1,0,LivesExhausted,,,,,,,,,
ppo_rollout,1640448,1918.8347502000106,854.9188510521852,,,,,,,,,,,,,,,,,,,-0.006226662686094642,3.385290832320849,-0.5609763756394386,0.9797408580780029,0.007338016,0.054248046875
ppo_rollout,1646592,1922.8971658000082,856.3078823380275,,,,,,,,,,,,,,,,,,,-0.008761622876530357,3.5779735833406447,-0.5606974780559539,0.9740443229675293,0.007679047,0.05419921875
training_episode,1649604,1925.2029756999982,856.8467952841225,69702227,26254.666015625,300.0815734863281,262.546630859375,0,16,46,27,3,1,3,196,2,1,MaxDuration,,,,,,,,,
ppo_rollout,1652736,1926.9604375000054,857.6906758626669,,,,,,,,,,,,,,,,,,,-0.010105156551192825,1.6047381351391474,-0.5395419418811798,0.9894670248031616,0.013358258,0.09998372395833334
ppo_rollout,1658880,1931.0735161000048,859.0454926595821,,,,,,,,,,,,,,,,,,,-0.010229051196559643,1.48536959340175,-0.53230304941535,0.9842637777328491,0.009367312,0.1009765625
training_episode,1659840,1932.2762281000032,859.0076179905767,59962430,26254.666015625,301.5630187988281,262.046630859375,1,22,45,27,3,3,1,162,1,1,MaxDuration,,,,,,,,,
ppo_rollout,1665024,1935.1500758000184,860.4107871642232,,,,,,,,,,,,,,,,,,,-0.01034016478030632,1.7964072570204734,-0.5417239184180895,0.9845148324966431,0.009109107,0.07490234375
training_episode,1666932,1936.825235700002,860.6517352597082,39749733,27389.33203125,303.3447570800781,273.3932800292969,1,20,43,27,2,4,4,157,2,1,MaxDuration,,,,,,,,,
training_episode,1668726,1937.8322734000103,861.1302551340774,19537036,27389.33203125,303.6050109863281,272.8932800292969,2,18,45,27,1,5,3,142,4,1,MaxDuration,,,,,,,,,
ppo_rollout,1671168,1939.1888489999983,861.7871337604837,,,,,,,,,,,,,,,,,,,-0.008948560136195738,1.7243149211009343,-0.5606742973128954,0.9894067645072937,0.0078494465,0.07980143229166667
training_episode,1673046,1940.8306187000126,862.0257656078317,17966101,1120.1007080078125,50.93745803833008,9.701006889343262,3,3,11,2,0,0,0,0,0,0,LivesExhausted,,,,,,,,,
training_episode,1674900,1941.8588534000155,862.5240691759882,43624706,28554.666015625,303.6650695800781,285.046630859375,1,23,46,28,1,1,2,201,1,1,MaxDuration,,,,,,,,,
training_episode,1676472,1942.7442159000202,862.9401576796544,57972579,27389.33203125,305.4768371582031,272.8932800292969,2,28,41,27,4,2,3,155,3,1,MaxDuration,,,,,,,,,
ppo_rollout,1677312,1943.2194113000005,863.161406399234,,,,,,,,,,,,,,,,,,,-0.010081934926953787,1.9838574583331743,-0.5453858375549316,0.9920067191123962,0.007913914,0.07490234375
training_episode,1681194,1945.937836600002,863.9505170100553,65827254,1158.322998046875,52.44720458984375,10.083229064941406,3,3,10,2,0,0,0,28,0,0,LivesExhausted,,,,,,,,,
ppo_rollout,1683456,1947.1899187000236,864.5566535820519,,,,,,,,,,,,,,,,,,,-0.008990609902927342,2.238290172815323,-0.5754391804337502,0.9905535578727722,0.009330033,0.07618815104166667
training_episode,1686114,1949.280671400018,864.9929303351653,67817105,24077.33203125,304.2156066894531,239.77330017089844,2,22,44,24,4,2,1,164,2,1,MaxDuration,,,,,,,,,
ppo_rollout,1689600,1951.2131331000128,865.9228309495991,,,,,,,,,,,,,,,,,,,-0.010666363350658988,2.3212886502345405,-0.57323487251997,0.9902275800704956,0.007103211,0.07335611979166666
training_episode,1690236,1952.172654599999,865.8230080301632,3408770,1798.1514892578125,75.30767822265625,16.481515884399414,3,3,15,2,0,0,0,23,2,0,LivesExhausted,,,,,,,,,
ppo_rollout,1695744,1955.3078755000024,867.2516595711926,,,,,,,,,,,,,,,,,,,-0.01126229684741702,1.5408824409047763,-0.5857718120018641,0.993304967880249,0.0120848315,0.09510091145833334
training_episode,1695846,1955.9853705000132,867.0034170892019,70225872,23034.666015625,300.0215148925781,230.3466339111328,0,14,46,23,4,2,3,144,2,1,MaxDuration,,,,,,,,,
ppo_rollout,1701888,1959.3635935000202,868.5922335424788,,,,,,,,,,,,,,,,,,,-0.010846035017554339,2.175343794624011,-0.5719680016239485,0.9797441959381104,0.0079034725,0.081787109375
training_episode,1704978,1961.7290695000265,869.1200158615874,14824231,27389.33203125,302.0434875488281,272.8932800292969,2,21,44,27,2,6,2,144,1,1,MaxDuration,,,,,,,,,
ppo_rollout,1708032,1963.484488600021,869.8983923309929,,,,,,,,,,,,,,,,,,,-0.010197317512938753,1.5983577246467273,-0.5751905858516693,0.9894634485244751,0.009500451,0.09982096354166667
training_episode,1709076,1964.6847978000005,869.8983174877598,20060681,23034.666015625,300.2317199707031,230.3466339111328,0,18,46,23,6,3,1,150,2,1,MaxDuration,,,,,,,,,
training_episode,1712790,1966.7289352000225,870.8825956362939,32104516,27389.33203125,302.6040344238281,273.8932800292969,0,15,43,27,5,3,3,172,0,1,MaxDuration,,,,,,,,,
ppo_rollout,1714176,1967.494037299999,871.2483837320145,,,,,,,,,,,,,,,,,,,-0.01172058297864472,1.6113408277432124,-0.5677552198370298,0.9890778660774231,0.011776812,0.089013671875
ppo_rollout,1720320,1971.5896772000124,872.554781501566,,,,,,,,,,,,,,,,,,,-0.013797117316668543,1.5988425508141517,-0.5990838214755059,0.9936216473579407,0.01122373,0.10009765625
training_episode,1722804,1973.5870386000024,872.9303376567067,23097822,27389.33203125,305.6970520019531,273.8932800292969,0,23,50,27,5,5,5,161,1,1,MaxDuration,,,,,,,,,
ppo_rollout,1726464,1975.6299172000145,873.880267234894,,,,,,,,,,,,,,,,,,,-0.01059199748657799,1.716459018488725,-0.5833035250504811,0.9889366030693054,0.010591552,0.0955078125
training_episode,1726476,1976.257944700017,873.6086322284552,66141441,27389.33203125,301.9433898925781,273.8932800292969,0,18,47,27,1,1,5,161,5,1,MaxDuration,,,,,,,,,
training_episode,1732500,1979.6243818000075,875.16602438726,2047293,24077.33203125,305.4067687988281,240.27330017089844,1,20,45,24,2,4,2,207,3,1,MaxDuration,,,,,,,,,
ppo_rollout,1732608,1979.688481500023,875.1922417042057,,,,,,,,,,,,,,,,,,,-0.011287340218162474,1.83840125699838,-0.5760947386423747,0.9901185631752014,0.0077338703,0.07732747395833334
ppo_rollout,1738752,1983.6563191000023,876.5389363359491,,,,,,,,,,,,,,,,,,,-0.010832690690100814,1.8386065060893695,-0.5732615351676941,0.9904682636260986,0.009322203,0.08194986979166667
training_episode,1741650,1985.9127309000178,877.0022835850809,18280288,25150.666015625,305.5569152832031,251.5066375732422,0,23,46,26,4,2,2,137,0,1,MaxDuration,,,,,,,,,
ppo_rollout,1744896,1987.7202263000072,877.8378249176412,,,,,,,,,,,,,,,,,,,-0.01092660609089459,1.430388367176056,-0.5869234725832939,0.9930270910263062,0.010091752,0.08922526041666666
training_episode,1745712,1988.80699490002,877.768433275125,39959191,27389.33203125,305.2666320800781,273.3932800292969,1,19,45,27,2,2,5,171,1,1,MaxDuration,,,,,,,,,
training_episode,1748958,1990.6147306000057,878.601958035764,45824015,23034.666015625,301.3528137207031,230.3466339111328,0,25,43,23,3,4,0,174,0,1,MaxDuration,,,,,,,,,
ppo_rollout,1751040,1991.8211338000256,879.1150823163224,,,,,,,,,,,,,,,,,,,-0.012073131115175783,1.8449373205502828,-0.5811323657631874,0.9872664213180542,0.007877757,0.08248697916666667
training_episode,1752192,1993.077698900015,879.1388318513822,26449150,1212.494873046875,53.98694610595703,10.624948501586914,3,3,11,2,0,0,0,16,0,0,LivesExhausted,,,,,,,,,
training_episode,1755918,1995.1533689000062,880.0917399989634,27705898,1313.8946533203125,57.98627471923828,11.638946533203125,3,4,11,2,1,0,0,9,1,0,LivesExhausted,,,,,,,,,
ppo_rollout,1757184,1995.8691852000193,880.4104061679277,,,,,,,,,,,,,,,,,,,-0.011331870611077951,1.882962161799272,-0.5898535470167796,0.9928624629974365,0.009379186,0.08556315104166666
training_episode,1758906,1997.4800216000003,880.562499238966,62894842,26254.666015625,300.8222961425781,262.046630859375,1,20,43,27,1,2,3,167,1,1,MaxDuration,,,,,,,,,
training_episode,1762554,1999.5680931000097,881.4673559165683,50013175,23034.666015625,300.6120910644531,229.8466339111328,1,18,46,23,1,7,4,117,0,1,MaxDuration,,,,,,,,,
ppo_rollout,1763328,2000.0010185000137,881.6635510128306,,,,,,,,,,,,,,,,,,,-0.009981259325286373,2.514679725964864,-0.6329825932780901,0.9885533452033997,0.0077679097,0.07552083333333333
training_episode,1768620,2003.5491251000203,882.7435164145065,60276617,2677.6201171875,105.84420013427734,25.276199340820312,3,3,18,3,0,0,0,49,0,1,LivesExhausted,,,,,,,,,
training_episode,1768626,2003.5566162000177,882.7432105983651,69073853,23034.666015625,301.0024719238281,229.3466339111328,2,21,41,23,3,2,4,124,2,1,MaxDuration,,,,,,,,,
ppo_rollout,1769472,2004.039949500002,882.9524583287247,,,,,,,,,,,,,,,,,,,-0.012902668331904957,1.4673879325389863,-0.6308361276984215,0.9940126538276672,0.0072091674,0.081103515625
ppo_rollout,1775616,2008.0192457000085,884.262441110722,,,,,,,,,,,,,,,,,,,-0.008127968015226845,3.519701024889946,-0.6327022870381673,0.9741171002388,0.006229341,0.051920572916666664
training_episode,1776924,2009.3860542000039,884.3119002870984,17128269,1627.4630126953125,69.16636657714844,14.774629592895508,3,3,11,2,0,0,0,23,0,0,LivesExhausted,,,,,,,,,
training_episode,1778238,2010.1373860000167,884.6350564816495,20270139,27389.33203125,304.8562316894531,272.8932800292969,2,25,46,27,3,3,4,182,2,1,MaxDuration,,,,,,,,,
ppo_rollout,1781760,2012.1068862000247,885.5195577432531,,,,,,,,,,,,,,,,,,,-0.012959535412179927,1.1667966132362684,-0.6301405693093936,0.9948975443840027,0.010166242,0.093896484375
training_episode,1786548,2015.408660200017,886.4445386588227,15557334,1629.52783203125,69.24638366699219,14.295278549194336,4,4,12,2,1,0,0,29,0,0,LivesExhausted,,,,,,,,,
ppo_rollout,1787904,2016.2010007000063,886.7687295955395,,,,,,,,,,,,,,,,,,,-0.007375528469371299,2.364359286427498,-0.6150205165147782,0.9878365397453308,0.005618271,0.08115234375
training_episode,1788918,2017.3968274000217,886.7457188903779,37864611,27389.33203125,306.0273742675781,273.8932800292969,0,30,46,27,5,2,3,154,1,1,MaxDuration,,,,,,,,,
ppo_rollout,1794048,2020.2207537000068,888.0455250814672,,,,,,,,,,,,,,,,,,,-0.008839762154578542,2.159748473763466,-0.6177391683061918,0.9833825826644897,0.0080973795,0.07403971354166666
training_episode,1795674,2021.7033579999988,888.1985543993942,34513283,27389.33203125,306.3877258300781,272.8932800292969,2,29,45,27,1,2,4,177,1,1,MaxDuration,,,,,,,,,
training_episode,1799346,2023.7324785000237,889.1224601651215,26030234,30977.33203125,306.5578918457031,309.2732849121094,1,23,43,31,0,4,4,139,1,1,MaxDuration,,,,,,,,,
ppo_rollout,1800192,2024.2037734000187,889.3333880986942,,,,,,,,,,,,,,,,,,,-0.010716826538555324,1.7263599465290704,-0.6073591540257136,0.9907798171043396,0.0074996464,0.077978515625
training_episode,1802916,2026.382112899999,889.7216317310501,27601169,1388.3155517578125,60.32588195800781,12.38315486907959,3,3,11,2,0,0,1,31,2,1,LivesExhausted,,,,,,,,,
training_episode,1804734,2027.397017500014,890.1729579465496,42996332,25150.666015625,300.8823547363281,251.0066375732422,1,29,38,26,1,4,3,139,2,1,MaxDuration,,,,,,,,,
ppo_rollout,1806336,2028.2881133000192,890.5717033765466,,,,,,,,,,,,,,,,,,,-0.010639279424988974,1.9616629362106324,-0.605148761967818,0.9901373982429504,0.009192321,0.07615559895833333
ppo_rollout,1812480,2032.4459734999982,891.7727819740255,,,,,,,,,,,,,,,,,,,-0.008641462390854334,2.1717561463514965,-0.6179939319690069,0.9895256757736206,0.0076694842,0.06927083333333334
training_episode,1813512,2033.6380177000246,891.7575223397034,19013391,27389.33203125,304.8662414550781,272.8932800292969,2,18,46,27,2,2,2,174,2,1,MaxDuration,,,,,,,,,
training_episode,1814328,2034.1259481000016,891.9447695432497,61742823,2359.875244140625,95.09190368652344,22.098751068115234,3,4,18,3,1,1,0,77,0,0,LivesExhausted,,,,,,,,,
ppo_rollout,1818624,2036.4762793000264,893.024887392793,,,,,,,,,,,,,,,,,,,-0.011638897733064368,1.6701039666930835,-0.625694589316845,0.9919158816337585,0.008845831,0.07587890625
training_episode,1820904,2038.3471002000151,893.3238111513597,36922050,1232.8587646484375,54.78681182861328,10.828587532043457,3,3,12,2,0,0,0,35,0,0,LivesExhausted,,,,,,,,,
training_episode,1823124,2039.576546700002,893.8737812757172,57553663,27389.33203125,304.7861633300781,273.8932800292969,0,23,43,27,3,4,3,170,0,1,MaxDuration,,,,,,,,,
ppo_rollout,1824768,2040.4912422000198,894.2787708476362,,,,,,,,,,,,,,,,,,,-0.010318355306905384,2.239936452110608,-0.6222500890493393,0.9854193329811096,0.008787665,0.07117513020833334
training_episode,1825416,2041.445169500017,894.1783141043528,28229543,24077.33203125,304.1054992675781,240.27330017089844,1,21,45,24,2,5,1,140,8,1,MaxDuration,,,,,,,,,
ppo_rollout,1830912,2044.503862100013,895.528755871059,,,,,,,,,,,,,,,,,,,-0.01140857706971777,2.3216997797290486,-0.6341434642672539,0.9905394315719604,0.008975945,0.075146484375
training_episode,1835484,2047.679533800023,896.3726841542257,20689055,23034.666015625,301.1125793457031,228.8466339111328,3,21,41,23,2,4,2,160,5,1,MaxDuration,,,,,,,,,
ppo_rollout,1837056,2048.549330900016,896.7594640217438,,,,,,,,,,,,,,,,,,,-0.01174679130781442,1.5133849446972212,-0.6257843961318333,0.991395115852356,0.009683844,0.08736979166666667
training_episode,1840986,2051.3581285000255,897.4473907908748,13358025,23034.666015625,302.0735168457031,230.3466339111328,0,23,46,23,2,3,2,106,1,1,MaxDuration,,,,,,,,,
training_episode,1841070,2051.4075454999984,897.4667193940091,53259774,1008.9756469726562,46.5381965637207,8.58975601196289,3,4,8,2,1,0,0,24,1,0,LivesExhausted,,,,,,,,,
ppo_rollout,1843200,2052.577920600015,897.9927054175809,,,,,,,,,,,,,,,,,,,-0.012498558656079694,1.7044241656859715,-0.6074322427312533,0.9837594628334045,0.010517842,0.0880859375
training_episode,1848564,2056.1603369000077,899.0368926126682,31895058,1459.4815673828125,63.13541030883789,12.594816207885742,4,5,12,2,1,1,1,12,0,1,LivesExhausted,,,,,,,,,
ppo_rollout,1849344,2056.586336200009,899.2299362530365,,,,,,,,,,,,,,,,,,,-0.00979783110669814,2.1128740052382153,-0.5953955858945846,0.9887919425964355,0.008066461,0.08816731770833333
training_episode,1850058,2057.6075211999996,899.130655841034,4874976,27389.33203125,304.5058898925781,273.8932800292969,0,27,45,27,4,4,4,143,3,1,MaxDuration,,,,,,,,,
ppo_rollout,1855488,2060.625509800011,900.4489128061313,,,,,,,,,,,,,,,,,,,-0.008906809571393145,2.329457395772139,-0.6249144966403644,0.9875898957252502,0.008816371,0.08185221354166666
training_episode,1855956,2061.5071551,900.290835958787,48337511,1419.74658203125,61.5756721496582,12.697465896606445,3,3,12,2,0,0,0,27,0,0,LivesExhausted,,,,,,,,,
training_episode,1857498,2062.423606199998,900.6384500332731,30743039,27389.33203125,304.9162902832031,273.3932800292969,1,17,45,27,2,2,1,125,0,1,MaxDuration,,,,,,,,,
training_episode,1859460,2063.5067214000155,901.1165220428373,63209029,25150.666015625,302.7641906738281,249.5066375732422,4,19,45,26,3,3,5,133,3,1,MaxDuration,,,,,,,,,
ppo_rollout,1861632,2064.7130457000167,901.6420000237058,,,,,,,,,,,,,,,,,,,-0.012774859784015765,1.8640933031837146,-0.6347032556931178,0.9926338791847229,0.011401753,0.10118815104166666
training_episode,1861758,2065.399142600014,901.4034922355678,40378107,27389.33203125,302.8242492675781,273.3932800292969,1,17,45,27,2,5,2,127,4,1,MaxDuration,,,,,,,,,
training_episode,1865214,2067.3068744000047,902.2434081255313,21107971,1487.9910888671875,64.26531982421875,13.379910469055176,3,3,12,2,1,0,0,33,0,0,LivesExhausted,,,,,,,,,
ppo_rollout,1867776,2068.7076498000242,902.8709301580396,,,,,,,,,,,,,,,,,,,-0.010657092996795351,1.9324948946634928,-0.6347072760264079,0.9907404184341431,0.008506096,0.08331705729166666
ppo_rollout,1873920,2072.6798369000026,904.1049016054129,,,,,,,,,,,,,,,,,,,-0.00971279234800022,1.845825518667698,-0.6330966730912526,0.9907585382461548,0.009000933,0.07511393229166667
training_episode,1875162,2074.003841400001,904.1265799846456,2675667,2004.479736328125,82.86929321289062,18.544797897338867,3,3,15,3,0,0,0,28,1,0,LivesExhausted,,,,,,,,,
training_episode,1877190,2075.156113200006,904.6018215493526,51060465,23034.666015625,300.9524230957031,229.3466339111328,2,22,47,23,6,3,6,114,1,1,MaxDuration,,,,,,,,,
ppo_rollout,1880064,2076.7704865999985,905.2825105762947,,,,,,,,,,,,,,,,,,,-0.012307053413436127,1.4018838986754418,-0.6297645211219788,0.988906741142273,0.01172522,0.0921875
ppo_rollout,1886208,2080.854085800005,906.4585608725316,,,,,,,,,,,,,,,,,,,-0.01159734278335236,2.1004290878772736,-0.6173796122272809,0.9871503114700317,0.008947292,0.0806640625
training_episode,1886778,2081.779446100001,906.3294401982322,32732890,27389.33203125,305.9673156738281,273.8932800292969,0,18,48,27,0,2,6,155,3,1,MaxDuration,,,,,,,,,
training_episode,1892226,2084.7617445000215,907.6461638803736,20479597,27389.33203125,302.2036437988281,273.3932800292969,1,16,46,27,5,5,4,164,2,1,MaxDuration,,,,,,,,,
ppo_rollout,1892352,2084.8369068000175,907.6738779075724,,,,,,,,,,,,,,,,,,,-0.011616666987538337,2.1710270166397097,-0.6172293444474538,0.9836028814315796,0.008821857,0.08138020833333333
training_episode,1895730,2087.3057036000246,908.2186652057677,52945587,25150.666015625,302.2036437988281,251.0066375732422,1,16,47,26,0,3,2,151,3,1,MaxDuration,,,,,,,,,
training_episode,1897914,2088.5113388000173,908.7400986247326,58705682,26254.666015625,301.2627258300781,262.046630859375,1,18,45,27,2,5,2,139,3,1,MaxDuration,,,,,,,,,
ppo_rollout,1898496,2088.8362017000036,908.8773923273185,,,,,,,,,,,,,,,,,,,-0.01277244852972217,1.6249266887704532,-0.6214188247919082,0.99064701795578,0.011485157,0.11780598958333334
ppo_rollout,1904640,2092.997623800009,910.0058109678929,,,,,,,,,,,,,,,,,,,-0.01177068740556327,1.5360060309370358,-0.6475880016883214,0.9931685924530029,0.009575632,0.09396158854166667
ppo_rollout,1910784,2097.1137057000014,911.1494502212478,,,,,,,,,,,,,,,,,,,-0.013173443541745655,1.6664209907253584,-0.6394418016076088,0.9908326268196106,0.010205462,0.0966796875
training_episode,1911372,2098.044195000024,911.0256135476584,57239476,26254.666015625,301.7331848144531,262.546630859375,0,21,46,27,4,5,2,118,0,1,MaxDuration,,,,,,,,,
training_episode,1913580,2099.2710150000057,911.5450012536827,4979705,26254.666015625,303.1946105957031,261.546630859375,2,24,47,27,6,2,2,178,3,1,MaxDuration,,,,,,,,,
ppo_rollout,1916928,2101.179664800002,912.3103712230436,,,,,,,,,,,,,,,,,,,-0.012623701106834535,1.747665746510029,-0.633717155456543,0.9611848592758179,0.012067611,0.09208984375
ppo_rollout,1923072,2105.189815300022,913.4910239559242,,,,,,,,,,,,,,,,,,,-0.015752816314731414,1.4411231140295664,-0.6350956077377001,0.9932307004928589,0.011298384,0.1154296875
training_episode,1923432,2106.008081000007,913.3070368308779,40692294,25150.666015625,305.4167785644531,251.5066375732422,0,15,48,26,1,4,3,141,2,1,MaxDuration,,,,,,,,,
training_episode,1924920,2106.8428161000193,913.6514529181741,43205790,2344.218994140625,94.48177337646484,21.942190170288086,3,3,17,3,0,0,0,33,0,0,LivesExhausted,,,,,,,,,
training_episode,1928376,2108.8094244000094,914.4382501745763,34094367,23034.666015625,301.1926574707031,229.8466339111328,1,19,43,23,0,7,2,134,3,1,MaxDuration,,,,,,,,,
ppo_rollout,1929216,2109.280828600022,914.6321219258723,,,,,,,,,,,,,,,,,,,-0.012115617579547688,1.7403239404161772,-0.6217509766419729,0.9908649325370789,0.0111361565,0.09261067708333333
training_episode,1932066,2111.4496118000243,915.0424377652571,20793784,23034.666015625,302.7441711425781,229.8466339111328,1,16,45,23,2,7,1,184,6,1,MaxDuration,,,,,,,,,
training_episode,1934184,2112.61609700002,915.5397437076243,9797239,1845.2733154296875,77.1780776977539,16.95273208618164,3,4,15,2,0,2,0,49,0,0,LivesExhausted,,,,,,,,,
training_episode,1934568,2112.8262919000117,915.6304081488363,28124814,27389.33203125,305.4367980957031,272.8932800292969,2,18,45,27,2,4,2,183,4,1,MaxDuration,,,,,,,,,
ppo_rollout,1935360,2113.2677893000073,915.8138924935126,,,,,,,,,,,,,,,,,,,-0.008347464172402397,2.4042511050899824,-0.6485611433784167,0.9854328632354736,0.008068564,0.06337890625
ppo_rollout,1941504,2117.2619040000136,916.9881139088344,,,,,,,,,,,,,,,,,,,-0.009467670585339268,2.0595028032859166,-0.6320559859275818,0.9921114444732666,0.008967538,0.07294921875
ppo_rollout,1947648,2121.3157600999984,918.1320558841218,,,,,,,,,,,,,,,,,,,-0.012231058541995783,1.3883250464995702,-0.6465531741579373,0.994149386882782,0.009896874,0.09698893229166666
training_episode,1947954,2122.1190411999996,917.9287128484959,6760098,27389.33203125,304.8161926269531,273.8932800292969,0,26,45,27,0,4,4,178,2,1,MaxDuration,,,,,,,,,
ppo_rollout,1953792,2125.353372100013,919.2786600326622,,,,,,,,,,,,,,,,,,,-0.009666690861922688,2.117381717264652,-0.6092004403471947,0.9755322337150574,0.010380235,0.06866861979166666
training_episode,1959492,2129.266915800021,920.2660246396437,43938893,26254.666015625,300.4619445800781,262.546630859375,0,17,48,27,4,2,2,108,2,1,MaxDuration,,,,,,,,,
ppo_rollout,1959936,2129.507498000021,920.3705560279651,,,,,,,,,,,,,,,,,,,-0.014361978768526266,1.413210780918598,-0.6173902163902919,0.9902355074882507,0.009703939,0.09578450520833333
training_episode,1964430,2132.7048821000208,921.0979055225284,43310519,26254.666015625,300.4219055175781,261.546630859375,2,11,46,27,3,5,5,139,1,1,MaxDuration,,,,,,,,,
ppo_rollout,1966080,2133.6185979,921.476782183611,,,,,,,,,,,,,,,,,,,-0.012164337581877287,1.86008530408144,-0.5984906663497289,0.9592915773391724,0.0072023124,0.07332356770833333
training_episode,1968432,2135.529166799999,921.753741696543,72948826,25150.666015625,303.0344543457031,250.5066375732422,2,18,47,26,0,6,3,158,2,1,MaxDuration,,,,,,,,,
training_episode,1970604,2136.717354500026,922.2576845972709,51165194,24077.33203125,303.4648742675781,240.27330017089844,1,16,45,24,1,4,0,159,0,1,MaxDuration,,,,,,,,,
training_episode,1970742,2136.797857800004,922.2875213985046,1209461,26254.666015625,301.3928527832031,261.046630859375,3,26,43,27,2,3,6,128,3,1,MaxDuration,,,,,,,,,
ppo_rollout,1972224,2137.597111900017,922.6359771074804,,,,,,,,,,,,,,,,,,,-0.012080066499765962,1.8355944479505222,-0.6150597974658012,0.9902796745300293,0.008330199,0.07579752604166666
ppo_rollout,1978368,2141.5627215999993,923.7964314778164,,,,,,,,,,,,,,,,,,,-0.010259253388115515,1.9175359522302946,-0.6298156867424647,0.990902304649353,0.009562761,0.08426106770833333
training_episode,1984146,2145.4106396000134,924.8327398851349,25820776,26254.666015625,301.5530090332031,262.046630859375,1,22,45,27,4,5,5,168,1,1,MaxDuration,,,,,,,,,
ppo_rollout,1984512,2145.617432800005,924.9141853821701,,,,,,,,,,,,,,,,,,,-0.01355465996506003,1.970599004626274,-0.6313657015562057,0.9882201552391052,0.010170295,0.087646484375
ppo_rollout,1990656,2149.641959300003,926.0407257068176,,,,,,,,,,,,,,,,,,,-0.013313497862933824,1.8017155249913535,-0.6201133007804552,0.9816463589668274,0.009011494,0.08430989583333333
training_episode,1995966,2153.2197844000184,926.9680756514895,70749517,27389.33203125,303.9253234863281,272.3932800292969,3,28,41,27,4,5,2,166,2,1,MaxDuration,,,,,,,,,
ppo_rollout,1996800,2153.6732961000234,927.1601238757535,,,,,,,,,,,,,,,,,,,-0.013004588921709607,1.5351603870590529,-0.621953576306502,0.9848335981369019,0.009947869,0.08359375
validation,2000004,,,,,,,,,,,,,,,,,,17940.18082702637,24825.041015625,11816.824562143143,,,,,,
training_episode,2000688,2445.299111500004,818.177208093259,47394950,26254.666015625,302.1335754394531,262.046630859375,1,19,43,27,6,8,4,146,3,1,MaxDuration,,,,,,,,,
ppo_rollout,2002944,2446.555265700008,818.6792377350682,,,,,,,,,,,,,,,,,,,-0.01235920475058568,1.7039502248167993,-0.6389477625489235,0.9725289940834045,0.0097646145,0.08816731770833333
training_episode,2005176,2448.4119892000163,818.9700135617956,9378323,27389.33203125,306.1575012207031,273.8932800292969,0,22,47,27,1,5,3,189,1,1,MaxDuration,,,,,,,,,
training_episode,2006892,2449.336962100002,819.3613337216532,38178798,26254.666015625,301.2326965332031,262.546630859375,0,14,46,27,2,6,8,128,2,1,MaxDuration,,,,,,,,,
training_episode,2007042,2449.4169244000223,819.3958243722102,4141873,24077.33203125,303.5950012207031,239.27330017089844,3,20,45,24,2,2,2,126,2,1,MaxDuration,,,,,,,,,
ppo_rollout,2009088,2450.5680017000122,819.8458474142534,,,,,,,,,,,,,,,,,,,-0.015450809310035158,1.7852301349242528,-0.646657827993234,0.9914629459381104,0.008791115,0.09156901041666667
ppo_rollout,2015232,2454.586896200024,821.0065828672863,,,,,,,,,,,,,,,,,,,-0.011021021761310597,2.180549784998099,-0.6527775386969249,0.9900221228599548,0.007824653,0.081591796875
training_episode,2020536,2458.247080400004,821.9417877519537,16709353,27389.33203125,303.1946105957031,273.3932800292969,1,18,41,27,2,1,2,108,0,1,MaxDuration,,,,,,,,,
ppo_rollout,2021376,2458.753814100026,822.114027198726,,,,,,,,,,,,,,,,,,,-0.013884584365102152,1.389232437312603,-0.6314907799164454,0.9867703318595886,0.010677178,0.09759114583333334
ppo_rollout,2027520,2462.8863147000084,823.2292282020991,,,,,,,,,,,,,,,,,,,-0.01140623599058017,1.4715531865755718,-0.6176055962840716,0.9770071506500244,0.009502434,0.09142252604166666
training_episode,2032104,2466.0970065,824.0162469861868,8121575,26254.666015625,301.1025695800781,261.546630859375,2,22,41,27,4,5,2,179,2,1,MaxDuration,,,,,,,,,
ppo_rollout,2033664,2466.957268099999,824.3612592310069,,,,,,,,,,,,,,,,,,,-0.015082045957872955,1.383961836496989,-0.6537301992376645,0.9847444891929626,0.009268359,0.0921875
training_episode,2037462,2469.6749671,824.991963372604,67502918,27389.33203125,306.4377746582031,273.8932800292969,0,20,44,27,2,3,2,188,3,1,MaxDuration,,,,,,,,,
ppo_rollout,2039808,2470.989901599998,825.5023618992525,,,,,,,,,,,,,,,,,,,-0.01433582544559613,1.699757460753123,-0.6310432612895965,0.9721607565879822,0.008692978,0.09645182291666667
training_episode,2041440,2472.536199400027,825.6461525195731,54307064,26254.666015625,302.1836242675781,261.546630859375,2,25,40,27,3,2,6,212,3,1,MaxDuration,,,,,,,,,
training_episode,2043174,2473.4971918000083,826.0264077814237,73786658,29750.666015625,301.0425109863281,297.0066223144531,1,28,44,30,6,3,4,93,3,1,MaxDuration,,,,,,,,,
training_episode,2043192,2473.513796700019,826.0281396957952,24354570,24077.33203125,302.4538879394531,239.77330017089844,2,22,44,24,5,4,3,148,2,1,MaxDuration,,,,,,,,,
ppo_rollout,2045952,2475.0428949000197,826.6329461262314,,,,,,,,,,,,,,,,,,,-0.013137924044470613,2.2393581648667653,-0.6430490503708521,0.9833460450172424,0.007920431,0.08701171875
ppo_rollout,2052096,2479.0616717000084,827.7712585475059,,,,,,,,,,,,,,,,,,,-0.01392548594546194,1.56150972644488,-0.6433925474683444,0.9952599406242371,0.008517127,0.081494140625
training_episode,2053050,2480.2400756000134,827.7626106429763,1000003,2417.108642578125,96.75225830078125,22.671085357666016,3,3,16,3,0,0,0,68,2,0,LivesExhausted,,,,,,,,,
training_episode,2056692,2482.292954100005,828.5452354054185,48442240,26254.666015625,301.2427062988281,262.046630859375,1,24,42,27,2,2,4,171,2,1,MaxDuration,,,,,,,,,
ppo_rollout,2058240,2483.1550363000133,828.8809880622068,,,,,,,,,,,,,,,,,,,-0.012834585696691648,1.6866930370529494,-0.6493816698590914,0.98887038230896,0.0078537995,0.06795247395833333
ppo_rollout,2064384,2487.371396500006,829.9460237039012,,,,,,,,,,,,,,,,,,,-0.007536100002471358,2.663631338874499,-0.6435409237941107,0.9735665917396545,0.00669059,0.06497395833333333
training_episode,2068266,2490.246682600002,830.546633974662,34827470,28554.666015625,301.3127746582031,285.546630859375,0,33,43,28,1,9,5,169,2,1,MaxDuration,,,,,,,,,
ppo_rollout,2070528,2491.5423855000117,831.022587474256,,,,,,,,,,,,,,,,,,,-0.014655085220389689,1.5395730137825012,-0.6305642868081729,0.9910036325454712,0.00950722,0.09244791666666667
training_episode,2074260,2494.2320701999997,831.6226965334768,26658608,24077.33203125,306.6079406738281,239.77330017089844,2,30,43,24,2,5,3,151,2,1,MaxDuration,,,,,,,,,
ppo_rollout,2076672,2495.5719425000134,832.142710307775,,,,,,,,,,,,,,,,,,,-0.013006176395962635,1.6433187171816825,-0.6363709171613058,0.9828605651855469,0.009265056,0.07967122395833333
training_episode,2079636,2497.819614100008,832.5805387469165,50432091,24077.33203125,303.8052062988281,240.77330017089844,0,23,42,24,1,5,9,188,0,1,MaxDuration,,,,,,,,,
training_episode,2079780,2497.908073800005,832.608702383544,17547185,26254.666015625,304.8862609863281,262.546630859375,0,32,46,27,1,4,6,170,3,1,MaxDuration,,,,,,,,,
ppo_rollout,2082816,2499.540637900005,833.2795108103875,,,,,,,,,,,,,,,,,,,-0.012366867498106634,1.7253677114844321,-0.6310130054752032,0.9819282293319702,0.00899645,0.075146484375
ppo_rollout,2088960,2503.5594401000126,834.3960069574182,,,,,,,,,,,,,,,,,,,-0.012131353237782605,1.5572713221112886,-0.6630533789594968,0.9900456070899963,0.009657304,0.0884765625
training_episode,2089446,2504.4374724000227,834.2975310929472,46557118,24077.33203125,303.2546691894531,239.77330017089844,2,21,46,24,3,1,1,184,0,1,MaxDuration,,,,,,,,,
training_episode,2089458,2504.45017310002,834.2980916300919,10739800,1947.9210205078125,80.62881469726562,17.979209899902344,3,3,16,2,0,0,0,47,0,0,LivesExhausted,,,,,,,,,
training_episode,2092728,2506.2633889999997,834.999230003116,38492985,24077.33203125,300.2417297363281,240.77330017089844,0,32,42,24,1,2,2,139,0,1,MaxDuration,,,,,,,,,
ppo_rollout,2095104,2507.6285635000095,835.4921580075518,,,,,,,,,,,,,,,,,,,-0.01027787956991233,1.704129378994306,-0.6589587902029356,0.9880969524383545,0.007357244,0.07644856770833333
training_episode,2098608,2510.1760064000264,836.0401799114169,17023540,1821.68017578125,76.24787902832031,16.7168025970459,3,4,14,2,1,3,0,33,0,0,LivesExhausted,,,,,,,,,
ppo_rollout,2101248,2511.6756080000196,836.5921113806444,,,,,,,,,,,,,,,,,,,-0.009300604582919429,1.9685015191634496,-0.6636765455206235,0.9870795607566833,0.010140493,0.08572591145833333
training_episode,2104896,2514.3008450000198,837.1695074540626,33884909,30977.33203125,305.1965637207031,308.7732849121094,2,38,44,31,2,2,4,112,4,1,MaxDuration,,,,,,,,,
ppo_rollout,2107392,2515.6941973000066,837.6980009183068,,,,,,,,,,,,,,,,,,,-0.007864999330680196,2.626024429003398,-0.6538060709834099,0.9772047400474548,0.0075217034,0.07805989583333334
training_episode,2110728,2518.234287900006,838.1777700915065,56506373,27389.33203125,303.8652648925781,273.8932800292969,0,37,44,27,4,4,8,168,3,1,MaxDuration,,,,,,,,,
ppo_rollout,2113536,2519.7960748000187,838.772637649949,,,,,,,,,,,,,,,,,,,-0.011434535744289558,2.123186666270097,-0.6389073918263117,0.9866069555282593,0.007828836,0.080029296875
training_episode,2115186,2521.314762599999,838.921832123334,12520193,2077.262939453125,85.73990631103516,19.272628784179688,3,3,17,3,2,0,0,63,0,0,LivesExhausted,,,,,,,,,
training_episode,2115852,2521.681745800015,839.0638523374552,66560357,26254.666015625,301.7532043457031,262.546630859375,0,26,46,27,2,8,3,139,3,1,MaxDuration,,,,,,,,,
ppo_rollout,2119680,2523.9201472999994,839.8363958810498,,,,,,,,,,,,,,,,,,,-0.014202843711245805,1.4276886411011218,-0.6263062134385109,0.9914090037345886,0.0087322,0.09583333333333334
training_episode,2124120,2527.075205900008,840.5448302609985,24773486,1620.094482421875,68.87630462646484,14.700945854187012,3,4,11,2,1,1,0,40,0,0,LivesExhausted,,,,,,,,,
training_episode,2125770,2528.0237760000164,840.8821230959761,29591020,23034.666015625,302.6540832519531,230.34661865234375,0,27,42,23,3,12,6,150,2,1,MaxDuration,,,,,,,,,
ppo_rollout,2125824,2528.059109599999,840.8917307065489,,,,,,,,,,,,,,,,,,,-0.007487603457896815,2.177155382434527,-0.6461565400163333,0.9863799810409546,0.0052722427,0.0560546875
training_episode,2128896,2530.340758400009,841.3475508911886,62999571,26254.666015625,301.3428039550781,261.046630859375,3,31,40,27,6,0,5,170,2,1,MaxDuration,,,,,,,,,
training_episode,2129280,2530.5549811000237,841.4280724595872,11996548,919.0953979492188,42.9987907409668,7.690954208374023,3,4,9,1,2,1,0,23,0,0,LivesExhausted,,,,,,,,,
ppo_rollout,2131968,2532.112164899998,841.9721802032411,,,,,,,,,,,,,,,,,,,-0.011030324410724764,2.5666440491875013,-0.6455437714854876,0.9840580224990845,0.010112784,0.077001953125
training_episode,2134644,2534.202139300003,842.3337534509504,21841074,26254.666015625,300.2417297363281,261.546630859375,2,38,44,27,6,5,3,136,1,1,MaxDuration,,,,,,,,,
ppo_rollout,2138112,2536.1008531000116,843.0705732331076,,,,,,,,,,,,,,,,,,,-0.011610293834625434,1.9742570559183756,-0.6455394248167674,0.9908612370491028,0.008058046,0.08391927083333334
ppo_rollout,2144256,2540.182867000025,844.134502226756,,,,,,,,,,,,,,,,,,,-0.013383130814569691,1.7933690349260967,-0.6602973252534866,0.9808627367019653,0.008859388,0.08790690104166667
training_episode,2147244,2542.4338076999993,844.5624006009007,3722957,28554.666015625,304.2556457519531,285.546630859375,0,30,44,28,4,5,2,159,0,1,MaxDuration,,,,,,,,,
ppo_rollout,2150400,2544.2106456000183,845.2130344312967,,,,,,,,,,,,,,,,,,,-0.014761455322150141,1.717687835295995,-0.6363678649067879,0.969663679599762,0.009531138,0.08982747395833333
training_episode,2151738,2545.5399928000115,845.2972674112882,58182037,24077.33203125,304.5659484863281,240.27330017089844,1,35,44,24,4,3,2,176,3,1,MaxDuration,,,,,,,,,
training_episode,2155950,2547.8690802000056,846.1777007124557,53783419,718.832275390625,35.08012008666992,5.6883225440979,3,3,9,1,0,0,0,13,0,0,LivesExhausted,,,,,,,,,
ppo_rollout,2156544,2548.2125985000166,846.2967341380507,,,,,,,,,,,,,,,,,,,-0.013858481981636335,1.5701290309429168,-0.6248499155044556,0.9854264855384827,0.009976695,0.0951171875
training_episode,2161848,2551.8237674000266,847.177625515511,8959407,26254.666015625,300.5920715332031,261.546630859375,2,37,41,27,6,5,1,144,0,1,MaxDuration,,,,,,,,,
ppo_rollout,2162688,2552.345366000023,847.3336049303213,,,,,,,,,,,,,,,,,,,-0.015299113319876293,2.0152937918901443,-0.6230226963758468,0.9899197220802307,0.009675891,0.095166015625
training_episode,2163762,2553.621673900023,847.3306841476603,16080979,1508.529052734375,65.07549285888672,13.58528995513916,3,4,10,2,0,0,1,22,0,1,LivesExhausted,,,,,,,,,
training_episode,2165394,2554.5718508000136,847.6543728147105,13253296,27389.33203125,304.1155090332031,273.3932800292969,1,28,46,27,2,3,4,129,3,1,MaxDuration,,,,,,,,,
training_episode,2165832,2554.8245479000034,847.7419718627078,55668541,29750.666015625,304.5859680175781,297.0066223144531,1,32,43,30,3,6,5,158,3,1,MaxDuration,,,,,,,,,
ppo_rollout,2168832,2556.468600799999,848.3702867781378,,,,,,,,,,,,,,,,,,,-0.011104442225769163,2.089624128242334,-0.6407699753840764,0.9866176247596741,0.007954988,0.07845052083333333
training_episode,2171028,2558.2918907999992,848.6240400508409,1942564,27389.33203125,303.1645812988281,272.8932800292969,2,29,47,27,1,7,7,122,1,1,MaxDuration,,,,,,,,,
ppo_rollout,2174976,2560.435802000022,849.4553928284672,,,,,,,,,,,,,,,,,,,-0.008900611370336264,2.5688505093256633,-0.6771229853232702,0.9859797954559326,0.011088344,0.08483072916666666
ppo_rollout,2181120,2564.4223747000215,850.5307165927145,,,,,,,,,,,,,,,,,,,-0.014432910666801035,1.9164381459355355,-0.6606151724855105,0.9809432625770569,0.009119525,0.09326171875
training_episode,2183658,2566.4240425000025,850.85627466023,23621467,25150.666015625,303.4348449707031,251.0066375732422,1,38,44,26,5,5,2,160,4,1,MaxDuration,,,,,,,,,
ppo_rollout,2187264,2568.4524982000003,851.5882624003592,,,,,,,,,,,,,,,,,,,-0.013239379751030355,1.3124301155408225,-0.6105422084530194,0.96682208776474,0.00934589,0.077734375
training_episode,2192652,2572.0699866000214,852.4853567061882,10006697,1788.0904541015625,74.91759490966797,16.380905151367188,3,4,15,2,1,1,1,48,1,1,LivesExhausted,,,,,,,,,
ppo_rollout,2193408,2572.491120200022,852.6396778502594,,,,,,,,,,,,,,,,,,,-0.014989244926255196,1.583165309826533,-0.6341487551728885,0.983835756778717,0.010015563,0.09847005208333333
training_episode,2198010,2575.6936320000095,853.3662438312818,59124598,26254.666015625,301.3027648925781,262.546630859375,0,31,37,27,2,7,5,116,2,1,MaxDuration,,,,,,,,,
ppo_rollout,2199552,2576.5526745000097,853.680199038365,,,,,,,,,,,,,,,,,,,-0.010031168987431253,2.752387374639511,-0.613888385395209,0.9711029529571533,0.0062341955,0.08943684895833333
training_episode,2200284,2577.572907499998,853.6262906852429,8435762,27389.33203125,304.3357238769531,272.8932800292969,2,31,42,27,2,4,3,134,1,1,MaxDuration,,,,,,,,,
training_episode,2201424,2578.2127767000056,853.8566017106323,33989638,26254.666015625,300.2217102050781,262.046630859375,1,28,42,27,2,8,2,160,1,1,MaxDuration,,,,,,,,,
training_episode,2202216,2578.657547300012,854.0164638402001,9483052,27389.33203125,303.1445617675781,273.3932800292969,1,25,45,27,5,3,3,130,1,1,MaxDuration,,,,,,,,,
ppo_rollout,2205696,2580.557275500003,854.7363086807012,,,,,,,,,,,,,,,,,,,-0.014575322156694407,2.2831363012393315,-0.637185218433539,0.9870982766151428,0.008080372,0.08287760416666666
training_episode,2206398,2581.546232200024,854.6808003975516,63942132,879.5853881835938,41.429054260253906,7.295853614807129,3,4,8,1,0,0,0,16,0,0,LivesExhausted,,,,,,,,,
training_episode,2207076,2581.936868300021,854.8140843788973,46871305,26254.666015625,300.3818664550781,262.046630859375,1,30,44,27,3,5,4,132,2,1,MaxDuration,,,,,,,,,
training_episode,2207634,2582.2483407000254,854.9270669301812,32313974,973.0508422851562,45.12843322753906,8.230507850646973,3,3,8,1,0,0,1,22,1,0,LivesExhausted,,,,,,,,,
training_episode,2209626,2583.3721403000236,855.3262480191421,37340966,511.4748840332031,26.890520095825195,3.614748954772949,3,3,4,1,0,0,0,9,0,0,LivesExhausted,,,,,,,,,
ppo_rollout,2211840,2584.5968451000226,855.7775670868324,,,,,,,,,,,,,,,,,,,-0.013390696687080587,1.931571682790915,-0.659216670691967,0.9899762868881226,0.01074673,0.0888671875
ppo_rollout,2217984,2588.643745600013,856.8131492678228,,,,,,,,,,,,,,,,,,,-0.00765908919274807,3.337931141257286,-0.6762872765461604,0.9802709817886353,0.008632042,0.10130208333333333
ppo_rollout,2224128,2592.8571751000127,857.7904025562882,,,,,,,,,,,,,,,,,,,-0.013886415476251083,1.3618827958901722,-0.645206522444884,0.9894031882286072,0.0121001005,0.10909830729166667
training_episode,2228820,2596.1098598000244,858.5229903066135,29695749,26254.666015625,301.3628234863281,261.546630859375,2,35,40,27,3,6,5,159,0,1,MaxDuration,,,,,,,,,
ppo_rollout,2230272,2596.9169865000003,858.815284275164,,,,,,,,,,,,,,,,,,,-0.014010511457066362,1.6619764943917592,-0.5968797778089842,0.967187225818634,0.009247742,0.09288736979166666
training_episode,2231328,2598.122690600023,858.8231833981198,35979489,359.4923095703125,20.87038230895996,2.0949230194091797,3,3,6,1,0,0,0,0,1,0,LivesExhausted,,,,,,,,,
training_episode,2234256,2599.7781180000165,859.4025715236003,35351115,25150.666015625,302.0034484863281,250.5066375732422,2,31,44,26,4,2,3,135,2,1,MaxDuration,,,,,,,,,
training_episode,2236368,2600.9532530000142,859.82629538632,55773270,26254.666015625,300.6721496582031,262.546630859375,0,25,47,27,0,10,2,121,2,1,MaxDuration,,,,,,,,,
ppo_rollout,2236416,2600.987717300013,859.8333568147483,,,,,,,,,,,,,,,,,,,-0.013936605191944788,1.8265532329678535,-0.5854864329099655,0.9746083617210388,0.008308406,0.079541015625
ppo_rollout,2242560,2604.958478000015,860.8812842659011,,,,,,,,,,,,,,,,,,,-0.012593747720044728,2.671064928174019,-0.6128036613265674,0.9848619103431702,0.009104845,0.08474934895833333
training_episode,2243124,2605.8972372999997,860.7875889703643,20898513,23034.666015625,300.3718566894531,229.3466339111328,2,26,44,23,5,5,2,176,2,1,MaxDuration,,,,,,,,,
training_episode,2244042,2606.4129110000213,860.9694920284186,59543514,28554.666015625,303.3847961425781,284.546630859375,2,30,47,28,3,3,6,158,0,1,MaxDuration,,,,,,,,,
training_episode,2245650,2607.3021569000266,861.2925794032188,31999787,25150.666015625,300.1816711425781,250.5066375732422,2,32,43,26,1,6,1,138,2,1,MaxDuration,,,,,,,,,
ppo_rollout,2248704,2608.9542239000148,861.9177674334616,,,,,,,,,,,,,,,,,,,-0.01584877242372992,1.773551387588183,-0.6098152647415797,0.9891767501831055,0.011097818,0.08473307291666667
training_episode,2250576,2610.610210700019,862.0881013855079,57658392,1223.28662109375,54.40687561035156,10.732866287231445,3,4,10,2,0,1,0,19,1,0,LivesExhausted,,,,,,,,,
ppo_rollout,2254848,2612.9732920000097,862.9433782976423,,,,,,,,,,,,,,,,,,,-0.014609899697825312,1.5000467777252198,-0.6194144795338313,0.9924594163894653,0.010242281,0.11036783854166667
ppo_rollout,2260992,2617.169725500018,863.9072880793127,,,,,,,,,,,,,,,,,,,-0.011873994253498192,1.894482539097468,-0.6232706109682719,0.9828464984893799,0.009602509,0.08963216145833333
ppo_rollout,2267136,2621.313472000009,864.8854950835854,,,,,,,,,,,,,,,,,,,-0.014144147511494036,1.414450576901436,-0.6290924395124118,0.8966256380081177,0.011290803,0.11310221354166666
training_episode,2267544,2622.169417099998,864.7587700522425,73577200,28554.666015625,301.7632141113281,285.046630859375,1,28,40,28,1,5,6,153,2,1,MaxDuration,,,,,,,,,
training_episode,2270736,2623.956346000021,865.3863481614422,50327362,27389.33203125,303.9753723144531,273.3932800292969,1,29,42,27,2,3,3,131,4,1,MaxDuration,,,,,,,,,
training_episode,2272434,2624.903586600005,865.7209398473362,28439001,23034.666015625,300.5320129394531,229.8466339111328,1,30,38,23,3,9,4,154,1,1,MaxDuration,,,,,,,,,
ppo_rollout,2273280,2625.37773930002,865.8868268632854,,,,,,,,,,,,,,,,,,,-0.010591799430161093,1.8751186485091844,-0.6121661603450775,0.7871190905570984,0.008878977,0.08741861979166667
ppo_rollout,2279424,2629.4405111000233,866.8855562153052,,,,,,,,,,,,,,,,,,,-0.014587595946310709,1.8830812762180964,-0.6454153552651405,0.9865411520004272,0.009815873,0.094140625
training_episode,2279466,2630.0866785000253,866.6885462877638,64779964,24077.33203125,302.7942199707031,240.77330017089844,0,21,46,24,0,8,2,202,3,1,MaxDuration,,,,,,,,,
training_episode,2282220,2631.6178289000236,867.2307866807291,65722525,30977.33203125,304.7160949707031,309.2732849121094,1,32,45,31,4,5,5,158,1,1,MaxDuration,,,,,,,,,
ppo_rollout,2285568,2633.4724864000164,867.8913532620174,,,,,,,,,,,,,,,,,,,-0.014693152015873541,1.794500683248043,-0.6246804217497508,0.9724811315536499,0.007668382,0.08463541666666667
training_episode,2286882,2634.82781040002,867.9436246168987,21212700,28554.666015625,302.5239562988281,285.046630859375,1,26,43,28,2,9,13,190,2,1,MaxDuration,,,,,,,,,
ppo_rollout,2291712,2637.5219357000024,868.8883186072067,,,,,,,,,,,,,,,,,,,-0.0141801081947051,1.6307010680437088,-0.6227747504909833,0.9889039397239685,0.00996281,0.08430989583333333
training_episode,2291736,2638.143871600012,868.6925776379593,53783419,853.9000244140625,40.41922378540039,7.039000511169434,3,3,8,1,0,0,1,12,0,0,LivesExhausted,,,,,,,,,
ppo_rollout,2297856,2641.5568703000026,869.8870071038946,,,,,,,,,,,,,,,,,,,-0.009902426342402274,2.128507657845815,-0.6051244005560875,0.9810509085655212,0.0072063054,0.056396484375
training_episode,2303574,2645.4174941000238,870.7789999641174,27182253,26254.666015625,300.2117004394531,261.546630859375,2,32,42,27,1,8,2,170,1,1,MaxDuration,,,,,,,,,
ppo_rollout,2304000,2645.6663904000015,870.8580977406057,,,,,,,,,,,,,,,,,,,-0.01492390733716699,1.6329959005117416,-0.6309262067079544,0.9793089628219604,0.008097489,0.07939453125
training_episode,2307270,2648.0650112000003,871.3041372630179,62475926,32288.0,304.4358215332031,322.8799743652344,0,30,43,32,3,4,6,186,4,1,MaxDuration,,,,,,,,,
training_episode,2308536,2648.761995000008,871.5528251906956,26030234,29750.666015625,300.8222961425781,297.0066223144531,1,33,42,30,4,5,6,161,0,1,MaxDuration,,,,,,,,,
ppo_rollout,2310144,2649.645407700009,871.8691162548015,,,,,,,,,,,,,,,,,,,-0.012455132381486085,2.0769353633125625,-0.6231946989893913,0.9414275288581848,0.008854584,0.07996419270833334
training_episode,2311110,2650.7936373999983,871.855872668695,30428852,640.9577026367188,32.00063705444336,4.909576892852783,3,3,8,1,0,0,0,11,0,0,LivesExhausted,,,,,,,,,
training_episode,2315676,2653.385826700018,872.7249451241612,4351331,27389.33203125,301.6931457519531,272.8932800292969,2,36,44,27,4,3,4,187,1,1,MaxDuration,,,,,,,,,
ppo_rollout,2316288,2653.736769900017,872.8401498869345,,,,,,,,,,,,,,,,,,,-0.012889022884579996,1.8019938652714094,-0.630754154920578,0.9918771982192993,0.00961143,0.08419596354166667
training_episode,2318604,2655.6485786999983,873.0838931764874,29486291,24077.33203125,303.1645812988281,240.27330017089844,1,24,47,24,4,7,2,135,2,1,MaxDuration,,,,,,,,,
ppo_rollout,2322432,2657.8341180999996,873.8062259732869,,,,,,,,,,,,,,,,,,,-0.010110528233538692,2.0321832969784737,-0.6689695452650388,0.9882081151008606,0.009095634,0.08033854166666667
training_episode,2328324,2661.7498355999996,874.7343453766607,71168433,27389.33203125,304.8462219238281,273.8932800292969,0,27,45,27,3,0,5,198,3,1,MaxDuration,,,,,,,,,
ppo_rollout,2328576,2661.9011617000215,874.7792868886448,,,,,,,,,,,,,,,,,,,-0.015411547634478969,1.3501411825418472,-0.6550848151246706,0.98762446641922,0.010920904,0.09728190104166666
training_episode,2330724,2663.7275317000167,874.9858881071478,35560573,2538.87451171875,100.9631576538086,23.388744354248047,4,6,17,3,1,1,0,74,1,1,LivesExhausted,,,,,,,,,
ppo_rollout,2334720,2665.941861900006,875.7580325986758,,,,,,,,,,,,,,,,,,,-0.014040301421967645,1.4099421779314676,-0.655726986626784,0.9796838760375977,0.011012125,0.11155598958333333
training_episode,2340162,2669.5740542999993,876.6050135341251,69492769,25150.666015625,304.8662414550781,250.0066375732422,3,20,43,26,4,3,2,155,1,1,MaxDuration,,,,,,,,,
ppo_rollout,2340864,2669.9638581000036,876.7399576958329,,,,,,,,,,,,,,,,,,,-0.011301524929391842,2.556519838174184,-0.6525910094380378,0.9764431715011597,0.007955547,0.08146158854166667
training_episode,2344590,2672.648650600022,877.2533566930426,2256751,26254.666015625,300.3918762207031,261.546630859375,2,31,46,27,3,6,4,160,2,1,MaxDuration,,,,,,,,,
ppo_rollout,2347008,2673.986471500015,877.7187263342469,,,,,,,,,,,,,,,,,,,-0.013794495960852752,1.9681044499079385,-0.6258004287878672,0.984285831451416,0.007501412,0.069091796875
training_episode,2347518,2674.873251300014,877.6184063521828,58286766,24077.33203125,303.3847961425781,240.27330017089844,1,28,43,24,1,5,5,153,3,1,MaxDuration,,,,,,,,,
training_episode,2350860,2676.7260526000173,878.259468396667,23412009,1153.0372314453125,52.237239837646484,9.53037166595459,4,4,10,2,2,0,0,29,1,0,LivesExhausted,,,,,,,,,
training_episode,2351682,2677.195909000002,878.41236873786,16709353,26254.666015625,300.0014953613281,262.046630859375,1,25,42,27,1,3,4,136,2,1,MaxDuration,,,,,,,,,
ppo_rollout,2353152,2678.0098869000212,878.6942914254636,,,,,,,,,,,,,,,,,,,-0.01580479760887101,1.6324711407224337,-0.6429679006338119,0.9899460077285767,0.009048398,0.10813802083333333
ppo_rollout,2359296,2682.0989988000074,879.6453826109953,,,,,,,,,,,,,,,,,,,-0.00927052489714697,2.3547932679454484,-0.6552810246745745,0.9846036434173584,0.009492474,0.06472981770833333
training_episode,2364612,2685.763834900019,880.4243952030226,58391495,23034.666015625,302.3838195800781,229.3466339111328,2,21,44,23,3,7,1,182,1,1,MaxDuration,,,,,,,,,
ppo_rollout,2365440,2686.2380096999987,880.5772204318464,,,,,,,,,,,,,,,,,,,-0.014258365102189903,1.4506486967206,-0.6479176094134649,0.9907470941543579,0.012906899,0.097216796875
training_episode,2367462,2688.0246003000066,880.7441716626295,44148351,27389.33203125,306.1174621582031,272.8932800292969,2,27,43,27,3,8,4,128,2,1,MaxDuration,,,,,,,,,
ppo_rollout,2371584,2690.32012020002,881.5248349789978,,,,,,,,,,,,,,,,,,,-0.014043173816753551,1.6061281651258468,-0.6134614303708077,0.9763786792755127,0.01110733,0.09851888020833334
training_episode,2371884,2691.1253961000184,881.372530405806,52840858,1394.403076171875,60.56584167480469,12.44403076171875,3,3,11,2,0,0,0,35,1,0,LivesExhausted,,,,,,,,,
training_episode,2376228,2693.5423507000087,882.1944081861034,44881454,25150.666015625,300.5320129394531,251.0066375732422,1,22,45,26,3,8,5,135,2,1,MaxDuration,,,,,,,,,
ppo_rollout,2377728,2694.354030300019,882.4853650487934,,,,,,,,,,,,,,,,,,,-0.013001314830034971,1.7625261743863423,-0.6419931193192799,0.988675594329834,0.008322283,0.079833984375
training_episode,2381226,2696.883209700027,882.9548092536284,1209461,884.9931030273438,41.649017333984375,7.349931240081787,3,3,10,1,0,0,0,10,2,0,LivesExhausted,,,,,,,,,
ppo_rollout,2383872,2698.354572000011,883.4539480973705,,,,,,,,,,,,,,,,,,,-0.01235999966156669,1.7978480751315753,-0.6405472214023272,0.9864453673362732,0.01123632,0.09871419270833333
training_episode,2384100,2699.110715000017,883.2909249519188,35141657,27389.33203125,304.8061828613281,273.3932800292969,1,35,44,27,3,6,7,103,2,1,MaxDuration,,,,,,,,,
training_episode,2387580,2701.028662900004,883.9521152791232,28962646,27389.33203125,305.9573059082031,272.8932800292969,2,34,46,27,2,2,6,199,3,1,MaxDuration,,,,,,,,,
training_episode,2387892,2701.207216700015,884.0091886461109,63313758,23034.666015625,301.6931457519531,230.3466339111328,0,26,45,23,3,9,2,137,2,1,MaxDuration,,,,,,,,,
ppo_rollout,2390016,2702.399848800007,884.4050228397103,,,,,,,,,,,,,,,,,,,-0.01250078459076273,2.258598614235719,-0.6204579318563144,0.9841233491897583,0.01065964,0.09440104166666667
training_episode,2391498,2703.867147800018,884.4731894264203,23202551,1420.9010009765625,61.615665435791016,11.709010124206543,5,7,12,2,2,1,0,34,0,0,LivesExhausted,,,,,,,,,
ppo_rollout,2396160,2706.4623823,885.347609362928,,,,,,,,,,,,,,,,,,,-0.014240952938174208,1.668872418999672,-0.6593622773885727,0.9915338158607483,0.010431171,0.09327799479166667
training_episode,2396574,2707.308387600002,885.2238669878815,2466209,900.9667358398438,42.27891159057617,7.50966739654541,3,4,9,1,0,0,0,20,0,0,LivesExhausted,,,,,,,,,
ppo_rollout,2402304,2710.474853700027,886.3037399962049,,,,,,,,,,,,,,,,,,,-0.011460287114217257,2.305297376712163,-0.650126758714517,0.9885352849960327,0.007728828,0.07890625
training_episode,2403792,2711.9235455000016,886.378970376471,51269923,25150.666015625,302.6941223144531,251.5066375732422,0,31,45,26,6,9,6,173,1,1,MaxDuration,,,,,,,,,
training_episode,2404428,2712.299670200009,886.4905402664057,11787090,1517.810791015625,65.4355697631836,13.678107261657715,3,3,11,2,0,0,0,32,0,0,LivesExhausted,,,,,,,,,
training_episode,2408304,2714.4679969999997,887.2103125406641,61114449,27389.33203125,303.4648742675781,272.8932800292969,2,40,41,27,4,14,3,136,1,1,MaxDuration,,,,,,,,,
ppo_rollout,2408448,2714.5556179000123,887.2347223679956,,,,,,,,,,,,,,,,,,,-0.014049793659554173,1.806403398513794,-0.6161357035239537,0.9930204153060913,0.0088747395,0.08761393229166667
ppo_rollout,2414592,2718.5852042000042,888.1796297094687,,,,,,,,,,,,,,,,,,,-0.013874673455332717,2.0226593906680743,-0.606722654402256,0.9910697937011719,0.007270414,0.06868489583333333
training_episode,2417886,2721.1340938000067,888.558195463081,23307280,27389.33203125,305.4868469238281,273.8932800292969,0,33,45,27,1,4,4,160,4,1,MaxDuration,,,,,,,,,
ppo_rollout,2420736,2722.7463959000015,889.078763870635,,,,,,,,,,,,,,,,,,,-0.0134805445530219,1.6544339428345363,-0.640048936009407,0.9872367978096008,0.011411277,0.10138346354166666
training_episode,2423718,2725.0516380000045,889.4209438830443,45300370,26254.666015625,301.1025695800781,262.546630859375,0,37,43,27,3,4,2,188,5,1,MaxDuration,,,,,,,,,
training_episode,2424210,2725.33253460002,889.5098008125404,36607863,1164.2218017578125,52.67716598510742,10.142217636108398,3,4,11,2,1,0,0,15,0,0,LivesExhausted,,,,,,,,,
training_episode,2424252,2725.3622396000137,889.5155164238989,30743039,28554.666015625,302.9743957519531,284.546630859375,2,29,45,28,1,5,9,136,0,1,MaxDuration,,,,,,,,,
ppo_rollout,2426880,2726.8503918000206,889.9938211857648,,,,,,,,,,,,,,,,,,,-0.012597888481104746,1.9824078341325124,-0.5930590515335401,0.9835299253463745,0.008091445,0.07958984375
ppo_rollout,2433024,2730.8500230000063,890.9401759556073,,,,,,,,,,,,,,,,,,,-0.013369938837907587,1.7730217471718788,-0.6415515691041946,0.9928725361824036,0.011446652,0.095556640625
ppo_rollout,2439168,2734.890537200001,891.8704302137213,,,,,,,,,,,,,,,,,,,-0.013236273629202818,2.129249373078346,-0.6494828616579373,0.9865677952766418,0.009248617,0.09208984375
training_episode,2440416,2736.1969015000213,891.900724930333,46871305,29750.666015625,305.1865539550781,297.5066223144531,0,29,47,30,3,6,10,126,1,1,MaxDuration,,,,,,,,,
training_episode,2440728,2736.399484900001,891.9487134347249,19851223,26254.666015625,302.4839172363281,261.046630859375,3,41,42,27,6,6,5,167,4,1,MaxDuration,,,,,,,,,
training_episode,2444466,2738.4852332000155,892.6343550677307,43101061,29750.666015625,301.3327941894531,297.0066223144531,1,38,39,30,3,1,2,175,2,1,MaxDuration,,,,,,,,,
ppo_rollout,2445312,2738.9765997000213,892.7830928777616,,,,,,,,,,,,,,,,,,,-0.014904163693427109,1.7773573915163676,-0.6106257170438767,0.9353230595588684,0.009512165,0.09306640625
ppo_rollout,2451456,2743.006141700025,893.7114513643298,,,,,,,,,,,,,,,,,,,-0.014278630287541698,1.6033619835972786,-0.6316202451785405,0.9925822615623474,0.008817527,0.08098958333333334
ppo_rollout,2457600,2747.120486800006,894.6094690090368,,,,,,,,,,,,,,,,,,,-0.016624621720984577,1.6240182330211004,-0.6453398550550143,0.988696813583374,0.009413547,0.09169921875
training_episode,2460210,2749.3091720000084,894.8466127621068,74205574,27389.33203125,304.0854797363281,273.3932800292969,1,39,42,27,3,3,3,129,3,1,MaxDuration,,,,,,,,,
training_episode,2460780,2749.695474100008,894.9281922957043,17442456,28554.666015625,304.7261047363281,285.546630859375,0,32,43,28,1,8,7,150,2,1,MaxDuration,,,,,,,,,
training_episode,2460792,2749.7079708000238,894.9284891820843,6969556,26254.666015625,304.4458312988281,262.046630859375,1,38,43,27,3,4,7,138,2,1,MaxDuration,,,,,,,,,
training_episode,2463516,2751.349602100003,895.384577125237,5712808,407.44476318359375,22.77042579650879,2.5744476318359375,3,4,3,1,0,0,1,3,1,0,LivesExhausted,,,,,,,,,
ppo_rollout,2463744,2751.473833600001,895.427014392669,,,,,,,,,,,,,,,,,,,-0.014297720498871059,1.9840068037311236,-0.6114072759946187,0.9811286926269531,0.008948758,0.08460286458333334
ppo_rollout,2469888,2755.5711172000156,896.3252606993851,,,,,,,,,,,,,,,,,,,-0.01215567624506851,2.222906562189261,-0.6195274382829666,0.9898681044578552,0.008007815,0.06246744791666667
ppo_rollout,2476032,2759.566280500003,897.2540422371628,,,,,,,,,,,,,,,,,,,-0.015819027486334864,1.9584640314181645,-0.6284926816821098,0.9877458214759827,0.00848079,0.095458984375
training_episode,2476872,2760.6430586000206,897.2083487157058,59019869,27389.33203125,303.7851867675781,272.8932800292969,2,34,38,27,2,9,8,167,4,1,MaxDuration,,,,,,,,,
training_episode,2477430,2760.975676000002,897.3023636300946,24564028,27389.33203125,305.8071594238281,273.8932800292969,0,30,41,27,2,8,1,163,3,1,MaxDuration,,,,,,,,,
training_episode,2480622,2762.758250300016,897.8787773887282,71796807,23034.666015625,301.2627258300781,229.34661865234375,2,31,41,23,2,9,5,165,3,1,MaxDuration,,,,,,,,,
ppo_rollout,2482176,2763.6214564000256,898.1606342112264,,,,,,,,,,,,,,,,,,,-0.013703505318456639,2.0471360261241593,-0.5821701034903526,0.9515535831451416,0.009164526,0.08819986979166666
ppo_rollout,2488320,2767.743631500023,899.0428057281501,,,,,,,,,,,,,,,,,,,-0.012706641784946744,1.6776331742604573,-0.6125162621339162,0.9921169281005859,0.012596846,0.09166666666666666
ppo_rollout,2494464,2771.783109400014,899.9492029302238,,,,,,,,,,,,,,,,,,,-0.014459996063184615,1.9280493035912514,-0.6174116869767506,0.9867527484893799,0.0094460305,0.08859049479166667
training_episode,2496732,2773.671797500021,900.1540853717322,21631616,28554.666015625,304.3357238769531,284.546630859375,2,40,39,28,1,5,5,168,2,1,MaxDuration,,,,,,,,,
training_episode,2497458,2774.0959407000046,900.2781639087079,53050316,27389.33203125,305.5068664550781,272.8932800292969,2,33,45,27,4,4,2,130,3,1,MaxDuration,,,,,,,,,
training_episode,2499792,2775.3666593000235,900.7069360091231,67712376,26254.666015625,302.2536926269531,262.046630859375,1,31,40,27,2,6,4,167,0,1,MaxDuration,,,,,,,,,
validation,2500002,,,,,,,,,,,,,,,,,,21302.52183807373,25977.7578125,9824.520562173695,,,,,,
ppo_rollout,2500608,3108.898737600015,804.3388386237376,,,,,,,,,,,,,,,,,,,-0.015488175683033963,1.6364512289563815,-0.5769081438581148,0.9385184645652771,0.0101775965,0.09305013020833333
training_episode,2502768,3110.745470499998,804.5557001478888,51479381,950.8823852539062,44.24858093261719,8.00882339477539,3,4,9,1,0,1,1,15,1,0,LivesExhausted,,,,,,,,,
training_episode,2504856,3111.90590100002,804.9266525684652,36188947,897.9943237304688,42.158931732177734,7.479943752288818,3,3,6,1,0,0,0,25,0,0,LivesExhausted,,,,,,,,,
ppo_rollout,2506752,3112.9646672000235,805.2619505812492,,,,,,,,,,,,,,,,,,,-0.01379199058865197,1.7838155229886372,-0.5941122939189275,0.9905337691307068,0.010508404,0.09724934895833333
ppo_rollout,2512896,3117.0095908000076,806.1880872670152,,,,,,,,,,,,,,,,,,,-0.008335731514186288,2.9232426325480145,-0.6462708036104838,0.9853599667549133,0.011802565,0.082275390625
training_episode,2513124,3117.810481100023,806.0541252376962,73053555,23034.666015625,302.0635070800781,229.3466339111328,2,37,41,23,2,4,4,190,1,1,MaxDuration,,,,,,,,,
training_episode,2513844,3118.205043200025,806.1830332428024,41006481,25150.666015625,303.4348449707031,250.0066375732422,3,36,45,26,5,2,5,144,4,1,MaxDuration,,,,,,,,,
training_episode,2516934,3120.0465766999987,806.6975726567848,59857701,26254.666015625,302.5439758300781,262.546630859375,0,29,43,27,3,7,5,162,4,1,MaxDuration,,,,,,,,,
ppo_rollout,2519040,3121.23730410001,807.0645563190685,,,,,,,,,,,,,,,,,,,-0.0127277981567507,1.8102769767244657,-0.5835477198163669,0.9776003956794739,0.010994376,0.08709309895833334
training_episode,2519700,3122.2176472000137,807.0225348510384,10425613,1065.264892578125,48.767822265625,9.15264892578125,3,3,8,2,0,0,1,51,0,0,LivesExhausted,,,,,,,,,
ppo_rollout,2525184,3125.2621805000235,807.9910913573291,,,,,,,,,,,,,,,,,,,-0.017112392683823904,1.5602847556273143,-0.6311102951566379,0.9923880696296692,0.009625145,0.108935546875
ppo_rollout,2531328,3129.2904466000036,808.9143667537495,,,,,,,,,,,,,,,,,,,-0.013558156266420459,2.209159502883752,-0.6249556591113409,0.9783347249031067,0.009397449,0.08938802083333333
training_episode,2533410,3131.0642028000148,809.1210642485227,61952281,27389.33203125,305.5969543457031,273.8932800292969,0,27,45,27,4,8,4,148,1,1,MaxDuration,,,,,,,,,
ppo_rollout,2537472,3133.328128400026,809.8328346146471,,,,,,,,,,,,,,,,,,,-0.01639750134005832,1.8861636444926262,-0.5941922237475713,0.9710135459899902,0.009266652,0.09661458333333334
training_episode,2539272,3134.939149300015,809.9908416298866,51793568,29750.666015625,304.1755676269531,297.0066223144531,1,29,47,30,1,3,10,150,1,1,MaxDuration,,,,,,,,,
training_episode,2541534,3136.2239027000032,810.3802785929827,46452389,27389.33203125,305.6069641113281,273.8932800292969,0,29,46,27,3,8,2,185,1,1,MaxDuration,,,,,,,,,
ppo_rollout,2543616,3137.401509200019,810.7397132758365,,,,,,,,,,,,,,,,,,,-0.016303614331021284,1.7791535014907518,-0.6107574179768562,0.9856711626052856,0.009044259,0.0908203125
ppo_rollout,2549760,3141.449543499999,811.6507888136325,,,,,,,,,,,,,,,,,,,-0.013393767407008757,1.8531055236856142,-0.6350108847022057,0.9879541993141174,0.009692847,0.08859049479166667
training_episode,2549844,3142.1329693000007,811.500985131145,8959407,28554.666015625,305.9472961425781,285.046630859375,1,30,45,28,3,9,4,139,3,1,MaxDuration,,,,,,,,,
training_episode,2553492,3144.235874200007,812.1184612619717,52421942,29750.666015625,304.6059875488281,297.5066223144531,0,33,45,30,3,5,3,193,3,1,MaxDuration,,,,,,,,,
training_episode,2553792,3144.402432200004,812.1708512396808,68550208,2568.912841796875,102.1434097290039,23.189128875732422,5,10,18,3,3,8,0,47,1,1,LivesExhausted,,,,,,,,,
ppo_rollout,2555904,3145.637938400003,812.5232623879259,,,,,,,,,,,,,,,,,,,-0.017673864432921012,1.8154990310470263,-0.6202986607948939,0.9857001304626465,0.0090905875,0.09866536458333333
training_episode,2556030,3146.346290000016,812.3803816902771,47918595,26254.666015625,302.7141418457031,261.546630859375,2,25,45,27,1,8,3,101,3,1,MaxDuration,,,,,,,,,
ppo_rollout,2562048,3149.679311100015,813.4313836240087,,,,,,,,,,,,,,,,,,,-0.014213472123568256,3.697403821349144,-0.6287768483161926,0.9785286784172058,0.00793511,0.07501627604166666
ppo_rollout,2568192,3153.822072400013,814.3109982249706,,,,,,,,,,,,,,,,,,,-0.014830189646454528,1.692453602453073,-0.6246113806962967,0.9898443222045898,0.010763084,0.10354817708333333
training_episode,2570154,3155.5264664000133,814.4929308522529,68969124,27389.33203125,306.1675109863281,273.8932800292969,0,27,46,27,3,8,5,152,3,1,MaxDuration,,,,,,,,,
ppo_rollout,2574336,3157.867904600018,815.2133267670899,,,,,,,,,,,,,,,,,,,-0.012322124291677028,1.926238916317622,-0.6138741612434387,0.9830824136734009,0.0080434475,0.0708984375
training_episode,2576040,3159.430018700019,815.3495993748704,69806956,29750.666015625,306.3677062988281,297.0066223144531,1,37,44,30,3,3,8,190,2,1,MaxDuration,,,,,,,,,
ppo_rollout,2580480,3161.922675400012,816.1110390447944,,,,,,,,,,,,,,,,,,,-0.015228743207020064,2.0419283121824265,-0.6085413038730622,0.9829742908477783,0.009157829,0.089990234375
training_episode,2585856,3165.6350352000154,816.8522180373889,29172104,23034.666015625,300.0615539550781,228.3466339111328,4,32,42,23,5,11,3,186,1,1,MaxDuration,,,,,,,,,
ppo_rollout,2586624,3166.0501616000256,816.9876874890696,,,,,,,,,,,,,,,,,,,-0.01584740344551392,1.7071457887689272,-0.6253940681616466,0.9897202253341675,0.011009081,0.1115234375
training_episode,2589564,3168.3173628000077,817.3310004877375,28543730,26254.666015625,300.5520324707031,262.046630859375,1,27,45,27,3,4,5,137,0,1,MaxDuration,,,,,,,,,
training_episode,2590062,3168.5853728000075,817.4190357103179,9901968,29750.666015625,302.1936340332031,297.5066223144531,0,29,45,30,2,11,6,212,4,1,MaxDuration,,,,,,,,,
training_episode,2592420,3169.9033601000265,817.8230392229358,70540059,24077.33203125,303.2246398925781,239.77330017089844,2,28,45,24,3,9,1,109,3,1,MaxDuration,,,,,,,,,
ppo_rollout,2592768,3170.095794699999,817.8831707025327,,,,,,,,,,,,,,,,,,,-0.013675145577872172,1.7671326130628586,-0.6389173785845439,0.989914059638977,0.01016434,0.09430338541666666
training_episode,2593302,3171.0047750000085,817.8171223346685,46242931,619.3903198242188,31.150617599487305,4.693902969360352,3,3,6,1,0,0,1,1,0,0,LivesExhausted,,,,,,,,,
ppo_rollout,2598912,3174.1142925000167,818.7833708889631,,,,,,,,,,,,,,,,,,,-0.012636268158288052,1.773227087656657,-0.6122995505730311,0.9927209615707397,0.010732637,0.108251953125
training_episode,2604600,3177.894863499998,819.5991723689074,40273378,2335.714599609375,94.13169860839844,21.857145309448242,3,8,15,3,1,5,0,53,0,0,LivesExhausted,,,,,,,,,
ppo_rollout,2605056,3178.158441800013,819.6746788132359,,,,,,,,,,,,,,,,,,,-0.013781489814088369,1.8773953432838122,-0.651360788444678,0.9859660267829895,0.011150996,0.09638671875
training_episode,2606190,3179.4032586000103,819.710426146945,14928960,27389.33203125,300.2717590332031,272.8932800292969,2,32,44,27,3,3,5,165,1,1,MaxDuration,,,,,,,,,
ppo_rollout,2611200,3182.2459657000145,820.5525368387422,,,,,,,,,,,,,,,,,,,-0.010632687967154197,2.286656299730142,-0.6252034530043602,0.9744445085525513,0.0077699735,0.073095703125
training_episode,2612286,3183.5105084000097,820.5677327300234,46557118,23034.666015625,302.0134582519531,229.34661865234375,2,22,42,23,4,5,0,147,1,1,MaxDuration,,,,,,,,,
ppo_rollout,2617344,3186.401072400011,821.4107202859449,,,,,,,,,,,,,,,,,,,-0.01603093432301345,1.1862281387050946,-0.6185678899288177,0.9937582015991211,0.014227133,0.11263020833333333
training_episode,2621916,3189.5633023000264,822.0297738280691,61847552,23034.666015625,300.4519348144531,229.8466339111328,1,14,42,23,0,8,5,168,1,1,MaxDuration,,,,,,,,,
ppo_rollout,2623488,3190.425035500026,822.3004680593689,,,,,,,,,,,,,,,,,,,-0.01456574457406532,2.2059249435861905,-0.6206293150782585,0.982883632183075,0.010926691,0.096728515625
training_episode,2626488,3192.709397300001,822.651758478601,9587781,29750.666015625,303.5249328613281,297.5066223144531,0,30,44,30,2,2,3,162,1,1,MaxDuration,,,,,,,,,
training_episode,2628774,3193.9685832000105,823.0431613595439,33361264,27389.33203125,302.9043273925781,273.3932800292969,1,35,44,27,2,3,5,135,2,1,MaxDuration,,,,,,,,,
ppo_rollout,2629632,3194.453996700002,823.1866862745604,,,,,,,,,,,,,,,,,,,-0.014743737519408266,1.8655431906382243,-0.5827135279774666,0.9703915119171143,0.012685478,0.091650390625
training_episode,2632758,3196.828166899999,823.5531791353727,43519977,2223.559326171875,90.32088470458984,20.735593795776367,3,4,17,3,0,1,0,44,0,0,LivesExhausted,,,,,,,,,
training_episode,2633526,3197.2476497000025,823.6853345555211,10006697,1330.5142822265625,58.64616394042969,11.805143356323242,3,4,11,2,2,1,1,31,1,0,LivesExhausted,,,,,,,,,
ppo_rollout,2635776,3198.527053400001,824.0593110501277,,,,,,,,,,,,,,,,,,,-0.015277577191591262,1.665093561510245,-0.6093278040488561,0.9936485290527344,0.009433545,0.10035807291666667
training_episode,2641128,3202.074436499999,824.817802451483,12624922,26254.666015625,304.3457336425781,262.046630859375,1,20,45,27,3,4,3,206,0,1,MaxDuration,,,,,,,,,
ppo_rollout,2641920,3202.49937830001,824.9556636611796,,,,,,,,,,,,,,,,,,,-0.010770876622215535,2.5902881080905598,-0.6537213469545047,0.9865084886550903,0.008336208,0.06267903645833334
training_episode,2642538,3203.438795200025,824.9066609168657,59124598,27389.33203125,302.8442687988281,273.8932800292969,0,23,45,27,1,9,7,126,0,1,MaxDuration,,,,,,,,,
ppo_rollout,2648064,3206.4901880000252,825.8450345209599,,,,,,,,,,,,,,,,,,,-0.013921513990499079,1.9986924881736436,-0.6156919777393342,0.9900764226913452,0.010548461,0.091845703125
training_episode,2648352,3207.280413500004,825.7313544686093,25611318,29750.666015625,300.5019836425781,297.0066223144531,1,24,43,30,2,5,5,130,2,1,MaxDuration,,,,,,,,,
training_episode,2652582,3209.7517240000016,826.4134512853676,4665518,722.4121704101562,35.220096588134766,5.724121570587158,3,5,6,1,0,2,1,10,0,0,LivesExhausted,,,,,,,,,
ppo_rollout,2654208,3210.7086374000064,826.6735788736489,,,,,,,,,,,,,,,,,,,-0.015107151897003254,1.7547227645913759,-0.6135849033792814,0.991399347782135,0.010035391,0.08849283854166666
ppo_rollout,2660352,3214.810038100026,827.5300775072501,,,,,,,,,,,,,,,,,,,-0.01175790514680557,2.0209491709868113,-0.6050682067871094,0.9858159422874451,0.0081260465,0.07337239583333334
training_episode,2665008,3217.967481200001,828.1649878594177,61428636,26254.666015625,301.9133605957031,262.046630859375,1,26,44,27,3,5,9,113,4,1,MaxDuration,,,,,,,,,
ppo_rollout,2666496,3218.7857942000264,828.4167293160033,,,,,,,,,,,,,,,,,,,-0.01516081495792605,1.5824214577674867,-0.590213613708814,0.9892301559448242,0.010271371,0.08841145833333333
training_episode,2669028,3220.827627200022,828.6776906221086,53678690,23034.666015625,302.2136535644531,229.3466339111328,2,21,45,23,2,3,4,173,1,1,MaxDuration,,,,,,,,,
training_episode,2669100,3220.8719978000154,828.6886289871508,32418703,693.1289672851562,34.0602912902832,5.4312896728515625,3,3,8,1,1,0,0,7,1,0,LivesExhausted,,,,,,,,,
training_episode,2670096,3221.4266602999996,828.8551258687801,11472903,29750.666015625,304.6960754394531,296.5066223144531,2,22,43,30,6,5,8,132,3,1,MaxDuration,,,,,,,,,
ppo_rollout,2672640,3222.818706400023,829.2864859858693,,,,,,,,,,,,,,,,,,,-0.011833134186842169,2.202785374720891,-0.5729911868770917,0.9764556884765625,0.007989475,0.06819661458333333
training_episode,2675826,3225.1999226000044,829.6620563735084,64465777,1038.985107421875,47.727996826171875,8.889849662780762,3,3,11,2,0,0,1,14,0,0,LivesExhausted,,,,,,,,,
training_episode,2677290,3226.0163704000006,829.9058940200099,46976034,26254.666015625,301.3227844238281,262.546630859375,0,21,42,27,2,8,5,158,2,1,MaxDuration,,,,,,,,,
training_episode,2678562,3226.7691587000154,830.1064836875798,50222633,24077.33203125,300.1616516113281,239.77330017089844,2,19,44,24,4,5,2,141,2,1,MaxDuration,,,,,,,,,
ppo_rollout,2678784,3226.891770300019,830.1437391409447,,,,,,,,,,,,,,,,,,,-0.010853201779536904,2.381125676135222,-0.5997750669717788,0.9923260807991028,0.007985636,0.07018229166666666
ppo_rollout,2684928,3230.92490860002,831.0090998566092,,,,,,,,,,,,,,,,,,,-0.011011471267556772,2.9335930829246837,-0.6055897042155266,0.9878247976303101,0.0071989205,0.068603515625
training_episode,2688762,3233.6529866000055,831.4936732982824,50746278,25150.666015625,301.4829406738281,251.5066375732422,0,18,44,26,0,8,3,146,3,1,MaxDuration,,,,,,,,,
ppo_rollout,2691072,3234.943384400016,831.8760733115929,,,,,,,,,,,,,,,,,,,-0.013321740458680627,1.8083347901701927,-0.5827252492308617,0.9890288710594177,0.010983907,0.10030924479166667
ppo_rollout,2697216,3238.9835513000144,832.7353187444969,,,,,,,,,,,,,,,,,,,-0.011920886853476986,1.8311903407176335,-0.5665360709031423,0.9823333024978638,0.009203698,0.07679036458333334
ppo_rollout,2703360,3243.04391160002,833.587232763137,,,,,,,,,,,,,,,,,,,-0.013695261963099862,1.5962542682886123,-0.5772973189751307,0.9748393297195435,0.007783374,0.07994791666666666
training_episode,2705142,3244.654021399998,833.7227889809927,61638094,26254.666015625,300.3218078613281,261.546630859375,2,20,45,27,1,4,3,172,1,1,MaxDuration,,,,,,,,,
training_episode,2705274,3244.736030900007,833.7423982220292,38807172,26254.666015625,302.0234680175781,262.046630859375,1,24,43,27,1,8,7,164,1,1,MaxDuration,,,,,,,,,
ppo_rollout,2709504,3247.1335543000023,834.429491331501,,,,,,,,,,,,,,,,,,,-0.014823354334415248,1.8197096968690554,-0.5695850133895874,0.960330069065094,0.009374761,0.08974609375
training_episode,2711484,3248.8944033000153,834.5866819327373,52107755,1167.2698974609375,52.80714416503906,10.172698974609375,3,4,10,2,0,1,1,27,0,0,LivesExhausted,,,,,,,,,
training_episode,2711922,3249.1572504000214,834.653970553786,33570722,26254.666015625,300.7722473144531,262.046630859375,1,22,44,27,3,11,8,150,4,1,MaxDuration,,,,,,,,,
training_episode,2713362,3249.971070200001,834.8880471212999,25297131,23034.666015625,300.5820617675781,230.3466339111328,0,15,42,23,5,5,2,147,2,1,MaxDuration,,,,,,,,,
training_episode,2714832,3250.800338300003,835.1272663579559,39330817,26254.666015625,302.2136535644531,261.546630859375,2,25,42,27,0,6,5,125,5,1,MaxDuration,,,,,,,,,
ppo_rollout,2715648,3251.309189200023,835.2475393668046,,,,,,,,,,,,,,,,,,,-0.012724837663699872,1.9672723482052485,-0.5718283727765083,0.9928669929504395,0.008792984,0.08785807291666667
ppo_rollout,2721792,3255.3975119000243,836.0859127189713,,,,,,,,,,,,,,,,,,,-0.010655074725703647,3.060501816868782,-0.5790432249506314,0.9841552972793579,0.0068877805,0.06936848958333333
training_episode,2725098,3257.8701131000125,836.466128297222,6445911,29750.666015625,302.7541809082031,296.5066223144531,2,39,41,30,2,8,5,137,4,1,MaxDuration,,,,,,,,,
ppo_rollout,2727936,3259.468544500007,836.9266224713507,,,,,,,,,,,,,,,,,,,-0.015691449077955135,2.1174706374605496,-0.5973127722740174,0.987881600856781,0.010782522,0.09967447916666666
ppo_rollout,2734080,3263.5290737000178,837.7679310514749,,,,,,,,,,,,,,,,,,,-0.014620889820313702,1.388053151468436,-0.5885338852802913,0.9818661212921143,0.014855421,0.11549479166666667
ppo_rollout,2740224,3267.564324100007,838.6136363986489,,,,,,,,,,,,,,,,,,,-0.012952718573311964,1.6762226993838947,-0.5806295245885849,0.9664016366004944,0.00749197,0.0951171875
training_episode,2741640,3268.989432400005,838.6812061326123,57972579,27389.33203125,303.0044250488281,272.8932800292969,2,40,41,27,3,11,6,175,1,1,MaxDuration,,,,,,,,,
ppo_rollout,2746368,3271.622116000013,839.4514716625631,,,,,,,,,,,,,,,,,,,-0.01447642888330544,1.7315236777067184,-0.5775081008672714,0.7460920810699463,0.009184737,0.09597981770833333
training_episode,2747574,3272.967595300026,839.4748557686639,39959191,26254.666015625,300.7322082519531,261.546630859375,2,34,44,27,5,8,4,160,2,1,MaxDuration,,,,,,,,,
training_episode,2748192,3273.3428862,839.5674072478108,40797023,26254.666015625,302.2236633300781,262.546630859375,0,23,42,27,2,6,6,126,1,1,MaxDuration,,,,,,,,,
training_episode,2750040,3274.4221489000192,839.8550568453198,10739800,28554.666015625,305.6369934082031,285.046630859375,1,37,41,28,5,7,5,174,1,1,MaxDuration,,,,,,,,,
training_episode,2751084,3275.0358659000194,840.0164494821399,24982944,26254.666015625,302.0835266113281,262.046630859375,1,35,41,27,1,12,2,185,2,1,MaxDuration,,,,,,,,,
ppo_rollout,2752512,3275.9006938000093,840.2305983235151,,,,,,,,,,,,,,,,,,,-0.013557237631175667,2.2446324626604715,-0.5952899818619092,0.9825425148010254,0.009378209,0.083349609375
training_episode,2756034,3278.5161160000134,840.6345744496529,27286982,873.9325561523438,41.20909118652344,7.239325523376465,3,3,8,1,0,0,0,14,1,0,LivesExhausted,,,,,,,,,
ppo_rollout,2758656,3279.9957826000173,841.0547399586115,,,,,,,,,,,,,,,,,,,-0.01325929319136776,1.540073117117087,-0.5676611825823784,0.9952380061149597,0.011374955,0.10362955729166666
training_episode,2761284,3282.043092100008,841.3308181865457,32209245,27389.33203125,301.5029602050781,273.8932800292969,0,31,43,27,1,7,5,152,2,1,MaxDuration,,,,,,,,,
ppo_rollout,2764800,3283.985092500021,841.9039435697384,,,,,,,,,,,,,,,,,,,-0.011363961665968722,2.1108996331691743,-0.596892652908961,0.9884641170501709,0.0107165435,0.09052734375
ppo_rollout,2770944,3288.126301100012,842.7121546617618,,,,,,,,,,,,,,,,,,,-0.015275950871485595,1.580899634460608,-0.5804641212026278,0.9885113835334778,0.010294634,0.09290364583333334
ppo_rollout,2777088,3292.161018100014,843.5456178272607,,,,,,,,,,,,,,,,,,,-0.013862191278409835,1.5223006467024485,-0.5614578892787297,0.9679476022720337,0.009312623,0.08600260416666666
training_episode,2778012,3293.3043786000053,843.5333272112983,55668541,29750.666015625,303.0544738769531,297.0066223144531,1,24,46,30,3,4,7,123,1,1,MaxDuration,,,,,,,,,
ppo_rollout,2783232,3296.2431903000106,844.3648842992927,,,,,,,,,,,,,,,,,,,-0.011937811778625473,1.8205323552091917,-0.5573405479391416,0.8600079417228699,0.008615636,0.08680013020833334
training_episode,2784168,3297.3922720000264,844.3544990512362,37759882,24077.33203125,304.9162902832031,239.27330017089844,3,29,42,24,3,5,2,166,0,1,MaxDuration,,,,,,,,,
training_episode,2784960,3297.825429300021,844.4837544330298,28648459,27389.33203125,306.3476867675781,273.3932800292969,1,24,46,27,4,9,5,155,1,1,MaxDuration,,,,,,,,,
training_episode,2786784,3298.8424865000125,844.7763151482587,42577416,27389.33203125,306.1875305175781,273.8932800292969,0,34,45,27,4,12,5,157,2,1,MaxDuration,,,,,,,,,
ppo_rollout,2789376,3300.2889896999986,845.1914389029182,,,,,,,,,,,,,,,,,,,-0.015423967852257192,1.8448391675949096,-0.559086279074351,0.9848886728286743,0.009233765,0.09231770833333333
training_episode,2792058,3302.376659100002,845.4692750768535,15557334,27389.33203125,300.1716613769531,273.3932800292969,1,27,44,27,1,5,6,128,3,1,MaxDuration,,,,,,,,,
ppo_rollout,2795520,3304.3330829000042,846.0164062959866,,,,,,,,,,,,,,,,,,,-0.015149899310199545,1.9856653933723767,-0.5622103457649549,0.9916147589683533,0.008377956,0.08587239583333334
training_episode,2797518,3306.0426384000166,846.1832789167775,63418487,26254.666015625,301.9033508300781,262.546630859375,0,22,47,27,5,7,6,149,3,1,MaxDuration,,,,,,,,,
ppo_rollout,2801664,3308.3768410000193,846.8394426171669,,,,,,,,,,,,,,,,,,,-0.015249186932730177,1.4284109855691591,-0.5485790555675825,0.9913063645362854,0.008237339,0.08855794270833334
ppo_rollout,2807808,3312.401788100018,847.6652832658168,,,,,,,,,,,,,,,,,,,-0.013902512062729026,1.6759226073821385,-0.5523691326379776,0.9879935383796692,0.010341558,0.10006510416666667
ppo_rollout,2813952,3316.5310920000193,848.4624211085139,,,,,,,,,,,,,,,,,,,-0.012171147094340995,1.817932663857937,-0.5536231676737468,0.9489463567733765,0.009312914,0.07666015625
training_episode,2814396,3317.413234800013,848.3706432700909,72634639,28554.666015625,303.1645812988281,284.546630859375,2,23,47,28,4,5,11,155,2,1,MaxDuration,,,,,,,,,
ppo_rollout,2820096,3320.6933468000207,849.2491493433381,,,,,,,,,,,,,,,,,,,-0.014576820546062663,2.0580566614866256,-0.5738670229911804,0.6116182804107666,0.008808914,0.08603515625
training_episode,2820480,3321.5187045000202,849.1537308457096,49384801,28554.666015625,302.5840148925781,284.546630859375,2,24,45,28,3,4,5,152,3,1,MaxDuration,,,,,,,,,
training_episode,2821116,3321.8852184000134,849.25149862908,17861372,26254.666015625,301.2527160644531,262.546630859375,0,17,46,27,3,3,5,180,1,1,MaxDuration,,,,,,,,,
training_episode,2822862,3322.852864000015,849.5296408044588,67817105,24077.33203125,300.6020812988281,240.27330017089844,1,25,45,24,4,7,4,156,1,1,MaxDuration,,,,,,,,,
ppo_rollout,2826240,3324.744393400004,850.0623403141632,,,,,,,,,,,,,,,,,,,-0.01234605682742161,2.082214493552844,-0.5563871120413144,0.9897005558013916,0.00821615,0.07960611979166667
training_episode,2828820,3326.7997695000086,850.3126716355247,48023324,24077.33203125,306.2976379394531,240.77330017089844,0,16,43,24,1,6,5,181,1,1,MaxDuration,,,,,,,,,
ppo_rollout,2832384,3328.762226700026,850.8820417635802,,,,,,,,,,,,,,,,,,,-0.012756053532939404,1.5799593597650528,-0.5651457811395327,0.9931299090385437,0.0097748265,0.08251953125
training_episode,2834010,3330.283089900011,850.9817104122187,12729651,28554.666015625,304.0654602050781,285.546630859375,0,25,42,28,2,8,7,179,4,1,MaxDuration,,,,,,,,,
ppo_rollout,2838528,3332.8069567000202,851.6928933713489,,,,,,,,,,,,,,,,,,,-0.01414960451462927,1.4420312941074371,-0.5673156887292862,0.9875662326812744,0.010622844,0.12892252604166668
ppo_rollout,2844672,3336.9333289000206,852.480921738317,,,,,,,,,,,,,,,,,,,-0.014806557532089452,1.4210433647036553,-0.5617643897732099,0.9896330833435059,0.010256955,0.10335286458333333
training_episode,2850774,3341.0875978000113,853.2473084145219,61742823,27389.33203125,303.1245422363281,273.3932800292969,1,20,43,27,2,3,8,166,1,1,MaxDuration,,,,,,,,,
ppo_rollout,2850816,3341.118476600008,853.2519932968825,,,,,,,,,,,,,,,,,,,-0.016503433949158836,1.4385912780960401,-0.5786570558945338,0.9751923084259033,0.010705199,0.09303385416666667
training_episode,2856540,3344.9790669000067,853.9784383904463,73263013,28554.666015625,300.4719543457031,285.046630859375,1,30,41,28,5,8,6,163,3,1,MaxDuration,,,,,,,,,
ppo_rollout,2856960,3345.228081100009,854.0404213815364,,,,,,,,,,,,,,,,,,,-0.01489542555452014,1.7827184468507766,-0.5747612665096918,0.8979306221008301,0.009659631,0.100341796875
training_episode,2857626,3346.238471800025,853.9815748585341,16499895,27389.33203125,304.1955871582031,273.3932800292969,1,26,45,27,5,4,6,164,5,1,MaxDuration,,,,,,,,,
training_episode,2859318,3347.2081102000084,854.2396844960874,65303609,27389.33203125,303.7851867675781,273.8932800292969,0,32,45,27,2,9,3,168,3,1,MaxDuration,,,,,,,,,
ppo_rollout,2863104,3349.330456100026,854.82875981542,,,,,,,,,,,,,,,,,,,-0.01488930179621093,2.1171004583438235,-0.570022402703762,0.9900208711624146,0.009504038,0.09093424479166666
training_episode,2865108,3351.094383400021,854.9768141991456,47394950,26254.666015625,302.3838195800781,262.546630859375,0,19,45,27,5,9,4,143,1,1,MaxDuration,,,,,,,,,
ppo_rollout,2869248,3353.3874852000154,855.6267394278957,,,,,,,,,,,,,,,,,,,-0.016302361184110246,1.5316442012786866,-0.585327199101448,0.9931696653366089,0.0103573315,0.11396484375
training_episode,2870154,3354.5308869,855.6051790157687,28857917,26254.666015625,301.1826477050781,262.546630859375,0,20,41,27,4,5,3,149,2,1,MaxDuration,,,,,,,,,
ppo_rollout,2875392,3357.4772291000118,856.4144456672199,,,,,,,,,,,,,,,,,,,-0.016345726603564495,1.5331848099827767,-0.560027169684569,0.9839157462120056,0.01165552,0.105517578125
ppo_rollout,2881536,3361.580410499999,857.1968086794635,,,,,,,,,,,,,,,,,,,-0.01684221944694097,1.3359747901558876,-0.5847034022212029,0.9900646805763245,0.011047777,0.11949869791666666
training_episode,2886828,3365.1623129000072,857.8569862540177,52003026,25150.666015625,300.4118957519531,251.5066375732422,0,19,42,26,1,8,2,162,2,1,MaxDuration,,,,,,,,,
ppo_rollout,2887680,3365.669241399999,857.9809223317582,,,,,,,,,,,,,,,,,,,-0.016615291704268505,1.5840559129913647,-0.5877044161160787,0.9759480953216553,0.012073643,0.09969075520833333
training_episode,2893062,3369.3277224000194,858.6466613996312,62057010,28554.666015625,304.2956848144531,285.046630859375,1,33,40,28,2,6,8,125,3,1,MaxDuration,,,,,,,,,
training_episode,2893764,3369.7109841000056,858.7573277513225,68445479,26254.666015625,301.1325988769531,262.046630859375,1,30,43,27,3,4,6,118,3,1,MaxDuration,,,,,,,,,
ppo_rollout,2893824,3369.7506285000127,858.7650301257268,,,,,,,,,,,,,,,,,,,-0.016077553597278894,1.7822523772716523,-0.5767550304532051,0.9647194147109985,0.008724421,0.10188802083333333
training_episode,2895624,3371.3593835000065,858.8891514122361,52212484,24077.33203125,302.5239562988281,240.27330017089844,1,30,41,24,5,10,4,204,2,1,MaxDuration,,,,,,,,,
ppo_rollout,2899968,3373.7703085000103,859.5629621535603,,,,,,,,,,,,,,,,,,,-0.01601980840205215,1.942514971892039,-0.57694035222133,0.9882113337516785,0.011382576,0.10615234375
training_episode,2901630,3375.3355074000137,859.6567640871635,8331033,30977.33203125,304.3157043457031,309.7732849121094,0,33,44,31,3,10,8,162,2,1,MaxDuration,,,,,,,,,
ppo_rollout,2906112,3377.8537321000185,860.3427591855093,,,,,,,,,,,,,,,,,,,-0.018186660318557795,1.5764446104566257,-0.5824539835254351,0.9922255277633667,0.012863572,0.11028645833333334
training_episode,2906172,3378.506919300009,860.194183234684,45928744,25150.666015625,300.0915832519531,250.0066375732422,3,40,40,26,5,4,3,192,4,1,MaxDuration,,,,,,,,,
ppo_rollout,2912256,3382.0426943000057,861.0938013610029,,,,,,,,,,,,,,,,,,,-0.013752090899894634,1.7308182656764983,-0.6013558064897855,0.9857017397880554,0.01096027,0.10179036458333333
ppo_rollout,2918400,3386.131250300008,861.8685409023742,,,,,,,,,,,,,,,,,,,-0.017300683826518556,1.2401084552208583,-0.5756340449055036,0.9848940968513489,0.011786774,0.113623046875
training_episode,2923158,3389.3604214000225,862.4512110141857,5189163,26254.666015625,302.7341613769531,262.046630859375,1,30,39,27,3,6,5,128,3,1,MaxDuration,,,,,,,,,
ppo_rollout,2924544,3390.173711600015,862.6531407500479,,,,,,,,,,,,,,,,,,,-0.016339722306778034,1.4022186120351157,-0.5967531671126683,0.9425129294395447,0.008498906,0.09728190104166666
training_episode,2929224,3393.391621800023,863.2142488894914,35351115,26254.666015625,301.3327941894531,261.546630859375,2,28,42,27,2,5,4,102,1,1,MaxDuration,,,,,,,,,
training_episode,2929848,3393.749321500014,863.3071339237947,61219178,23034.666015625,300.6821594238281,230.3466339111328,0,19,43,23,5,3,4,160,1,1,MaxDuration,,,,,,,,,
ppo_rollout,2930688,3394.233925400011,863.4313557674485,,,,,,,,,,,,,,,,,,,-0.015345168539594549,1.7739212105671565,-0.5978158970673879,0.9675667881965637,0.00827355,0.090234375
training_episode,2931792,3395.4698779000028,863.4422054756163,14195857,25150.666015625,301.3828430175781,251.0066375732422,1,34,42,26,2,5,7,160,2,1,MaxDuration,,,,,,,,,
ppo_rollout,2936832,3398.2344050000247,864.2229022456086,,,,,,,,,,,,,,,,,,,-0.014274374147256215,2.0288173625866572,-0.5868829250335693,0.9893062710762024,0.0090905875,0.09397786458333333
training_episode,2937762,3399.3567819000164,864.2111400727948,21736345,26254.666015625,301.0625305175781,261.546630859375,2,27,40,27,3,3,7,157,4,1,MaxDuration,,,,,,,,,
training_episode,2942706,3402.067095800012,864.9758858762334,5398621,28554.666015625,304.4158020019531,285.546630859375,0,31,43,28,2,8,3,138,3,1,MaxDuration,,,,,,,,,
ppo_rollout,2942976,3402.221188800002,865.0160694102366,,,,,,,,,,,,,,,,,,,-0.012909487506840378,1.4363350043694179,-0.6011738275488218,0.9915223121643066,0.012062314,0.10880533854166667
ppo_rollout,2949120,3406.37339980001,865.7653327650881,,,,,,,,,,,,,,,,,,,-0.01575334026225998,1.6548033833503724,-0.6118953992923101,0.9833354353904724,0.01150902,0.1087890625
ppo_rollout,2955264,3410.550033800013,866.5065665983689,,,,,,,,,,,,,,,,,,,-0.01655176329271247,1.319347005089124,-0.6071504905819893,0.9780293107032776,0.011776961,0.10530598958333333
training_episode,2959812,3413.7092893000226,867.0369235240023,9483052,27389.33203125,305.4267883300781,273.8932800292969,0,24,44,27,2,7,6,142,5,1,MaxDuration,,,,,,,,,
ppo_rollout,2961408,3414.605458700011,867.2767720366295,,,,,,,,,,,,,,,,,,,-0.016174218989908694,1.5694257547458013,-0.5983641112844149,0.8969131112098694,0.008294338,0.091748046875
training_episode,2965590,3417.6075121000176,867.7386123188071,49175343,28554.666015625,303.0244445800781,285.046630859375,1,26,40,28,2,9,4,152,0,1,MaxDuration,,,,,,,,,
training_episode,2966088,3417.917130100017,867.8057094711377,62161739,26254.666015625,301.9533996582031,262.546630859375,0,28,45,27,1,9,5,142,0,1,MaxDuration,,,,,,,,,
ppo_rollout,2967552,3418.722214700014,868.0295776123469,,,,,,,,,,,,,,,,,,,-0.016098917512378345,1.9785165657599768,-0.5857033530871073,0.9658163785934448,0.0093538975,0.09249674479166667
training_episode,2968140,3419.676875200006,867.9591985796619,2152022,27389.33203125,302.8742980957031,273.3932800292969,1,35,44,27,2,6,5,185,3,1,MaxDuration,,,,,,,,,
ppo_rollout,2973696,3422.8087086000014,868.7882534973163,,,,,,,,,,,,,,,,,,,-0.01683854973719766,1.9184946864843369,-0.5983944848179817,0.9902223944664001,0.007598356,0.07843424479166666
training_episode,2974092,3423.642133400019,868.6924287400417,4456060,28554.666015625,302.7141418457031,285.046630859375,1,29,46,28,0,8,8,175,4,1,MaxDuration,,,,,,,,,
training_episode,2978994,3426.382162300026,869.428411336432,58600953,26254.666015625,302.3638000488281,262.046630859375,1,36,40,27,5,7,9,142,0,1,MaxDuration,,,,,,,,,
ppo_rollout,2979840,3426.864118800004,869.5530072676066,,,,,,,,,,,,,,,,,,,-0.014105376921361313,1.6717791527509689,-0.5967325439055761,0.9854856729507446,0.012536707,0.10201822916666667
ppo_rollout,2985984,3430.922801700013,870.3151229518929,,,,,,,,,,,,,,,,,,,-0.016538783453870564,1.2497638834019502,-0.6042311335603396,0.9878492951393127,0.0128068775,0.104833984375
ppo_rollout,2992128,3434.9837593000266,871.0748608050856,,,,,,,,,,,,,,,,,,,-0.014660596727238347,1.2899672567844391,-0.5891280164321263,0.9894601106643677,0.011651547,0.10069986979166666
training_episode,2996172,3437.866780100012,871.520681762089,20374868,26254.666015625,302.9743957519531,262.046630859375,1,27,48,27,1,4,6,140,1,1,MaxDuration,,,,,,,,,
ppo_rollout,2998272,3439.03594110001,871.8350291625544,,,,,,,,,,,,,,,,,,,-0.016007592463089772,1.5535701980193457,-0.5858940283457438,0.9563474059104919,0.008878259,0.092578125
validation,3000000,,,,,,,,,,,,,,,,,,24014.630750427244,26169.330078125,7599.890698247272,,,,,,
training_episode,3002046,3803.9750611000054,789.1865618939917,47080763,27389.33203125,303.7451477050781,272.8932800292969,2,33,45,27,6,4,4,200,1,1,MaxDuration,,,,,,,,,
training_episode,3002178,3804.054680000001,789.2047440285478,36084218,28554.666015625,300.7021789550781,284.546630859375,2,33,41,28,4,3,7,179,2,1,MaxDuration,,,,,,,,,
training_episode,3004308,3805.277790000022,789.5108230718638,17756643,26254.666015625,301.3828430175781,262.546630859375,0,37,40,27,4,7,4,215,1,1,MaxDuration,,,,,,,,,
ppo_rollout,3004416,3805.3451992000046,789.5252185351322,,,,,,,,,,,,,,,,,,,-0.01344251314100499,1.9843406518300375,-0.5631389155983925,0.9724709987640381,0.012138873,0.09371744791666667
training_episode,3010212,3809.1992631000176,790.2479739403859,51688839,23034.666015625,300.9624328613281,228.8466339111328,3,24,44,23,4,6,2,140,3,1,MaxDuration,,,,,,,,,
ppo_rollout,3010560,3809.399531700008,790.2977818282262,,,,,,,,,,,,,,,,,,,-0.014981188729871064,1.6017754644155502,-0.5742680256565412,0.9908503890037537,0.008584818,0.08538411458333334
training_episode,3015054,3812.457254500012,790.8427029420982,57867850,23034.666015625,300.4819641113281,229.3466339111328,2,32,41,23,1,7,3,159,4,1,MaxDuration,,,,,,,,,
ppo_rollout,3016704,3813.387992300006,791.0823671998049,,,,,,,,,,,,,,,,,,,-0.01603679790471991,1.2335146168867748,-0.5735383411248525,0.9912939667701721,0.0103293,0.10201822916666667
training_episode,3017022,3814.185481200024,791.0003367352708,32523432,1281.710693359375,56.716487884521484,11.317107200622559,3,4,7,2,0,1,0,26,0,0,LivesExhausted,,,,,,,,,
ppo_rollout,3022848,3817.4539089000027,791.8492461565913,,,,,,,,,,,,,,,,,,,-0.016407262048839282,1.288880757490794,-0.5542277514934539,0.9885048270225525,0.01042517,0.09939778645833333
ppo_rollout,3028992,3821.441012700001,792.630840024375,,,,,,,,,,,,,,,,,,,-0.01149717162285621,2.5921454280614853,-0.5869566877683003,0.9674863219261169,0.008278301,0.08328450520833333
training_episode,3032856,3824.2450509000046,793.0600575102378,6026995,27389.33203125,305.6870422363281,273.8932800292969,0,26,49,27,5,4,8,183,3,1,MaxDuration,,,,,,,,,
ppo_rollout,3035136,3825.5177058000118,793.3922238546473,,,,,,,,,,,,,,,,,,,-0.01697823065527094,1.6654993106921514,-0.5839896986881892,0.9645763039588928,0.0080568055,0.09143880208333334
training_episode,3038622,3828.088370500016,793.7700768394493,31057226,27389.33203125,303.6450500488281,272.8932800292969,2,27,44,27,4,4,7,131,0,1,MaxDuration,,,,,,,,,
training_episode,3038766,3828.1720568000164,793.7903403798721,30219394,27389.33203125,305.9773254394531,272.8932800292969,2,25,45,27,1,7,8,183,2,1,MaxDuration,,,,,,,,,
training_episode,3040428,3829.073771299998,794.03745699257,13567483,26254.666015625,300.9824523925781,262.546630859375,0,26,44,27,2,9,4,152,1,1,MaxDuration,,,,,,,,,
ppo_rollout,3041280,3829.5423869000224,794.1627726601263,,,,,,,,,,,,,,,,,,,-0.013994122599251568,1.867709068953991,-0.5800331056118011,0.9745291471481323,0.009530381,0.08170572916666667
ppo_rollout,3047424,3833.632692300016,794.9180958626674,,,,,,,,,,,,,,,,,,,-0.013453070394461975,2.137984037399292,-0.5779102489352226,0.9882918000221252,0.009782033,0.09728190104166666
training_episode,3051180,3836.338224200008,795.3365479489919,43729435,24077.33203125,300.9924621582031,240.77330017089844,0,33,42,24,2,9,8,102,2,1,MaxDuration,,,,,,,,,
training_episode,3053400,3837.587823000009,795.6560581362864,49803717,28554.666015625,303.1145324707031,284.546630859375,2,48,44,28,3,6,7,168,2,1,MaxDuration,,,,,,,,,
ppo_rollout,3053568,3837.688515100017,795.6789583066042,,,,,,,,,,,,,,,,,,,-0.014937160819924127,1.5239813392361006,-0.592402013639609,0.980857253074646,0.011324696,0.11813151041666667
ppo_rollout,3059712,3841.8035951000056,796.4259297124097,,,,,,,,,,,,,,,,,,,-0.015705213137941123,1.4964349001646042,-0.5900658443570137,0.979270339012146,0.012614214,0.11238606770833333
ppo_rollout,3065856,3845.960922500002,797.1625457928709,,,,,,,,,,,,,,,,,,,-0.01602077178346614,1.2346558394531408,-0.5744461764891943,0.9906280636787415,0.011711051,0.111962890625
training_episode,3069228,3848.448292700021,797.523512482136,60067159,27389.33203125,303.0644836425781,272.3932800292969,3,39,42,27,5,7,4,152,2,1,MaxDuration,,,,,,,,,
ppo_rollout,3072000,3850.00924460002,797.9201619603259,,,,,,,,,,,,,,,,,,,-0.014137331986178954,1.5342915480335553,-0.5867080107331276,0.9459871053695679,0.009583338,0.09090169270833333
training_episode,3074784,3852.1545490999997,798.198504449511,3722957,29750.666015625,300.1316223144531,297.5066223144531,0,31,43,30,1,6,6,186,2,1,MaxDuration,,,,,,,,,
training_episode,3075036,3852.2989763000223,798.2339945362828,21945803,29750.666015625,303.4148254394531,297.5066223144531,0,35,43,30,4,7,7,161,0,1,MaxDuration,,,,,,,,,
training_episode,3076734,3853.2372953000013,798.4802814383781,1628377,28554.666015625,302.5139465332031,285.046630859375,1,36,42,28,3,8,6,132,1,1,MaxDuration,,,,,,,,,
ppo_rollout,3078144,3854.045627400017,798.6786607081636,,,,,,,,,,,,,,,,,,,-0.01600955691780352,1.934610652923584,-0.61535701105992,0.9797793626785278,0.009359558,0.08727213541666666
ppo_rollout,3084288,3858.0966577000218,799.4325372445898,,,,,,,,,,,,,,,,,,,-0.015001956379273906,1.7913400014241536,-0.5916334013144176,0.9919292330741882,0.009775754,0.079248046875
training_episode,3087696,3860.5920678000257,799.7985660680115,70016414,27389.33203125,304.2856750488281,272.8932800292969,2,31,46,27,3,4,4,158,2,1,MaxDuration,,,,,,,,,
training_episode,3089610,3861.6502983000246,800.0750356292251,9797239,27389.33203125,301.7131652832031,273.3932800292969,1,35,37,27,2,2,4,159,2,1,MaxDuration,,,,,,,,,
ppo_rollout,3090432,3862.128795800003,800.1887465174104,,,,,,,,,,,,,,,,,,,-0.017830698331817985,1.4687651167313258,-0.6003744398554166,0.9832707643508911,0.010540054,0.10944010416666666
training_episode,3092994,3864.230401500012,800.4165587019256,49070614,544.1337280273438,28.170549392700195,3.9413371086120605,3,3,5,1,0,0,0,25,0,0,LivesExhausted,,,,,,,,,
ppo_rollout,3096576,3866.355213600007,800.9031320008341,,,,,,,,,,,,,,,,,,,-0.015157701591184984,1.7375506500403086,-0.6187199984987577,0.9822837114334106,0.009691723,0.09736328125
training_episode,3097410,3867.4794512000226,800.8859617958458,57134747,1954.95166015625,80.90887451171875,18.049516677856445,3,4,13,2,1,2,1,32,0,1,LivesExhausted,,,,,,,,,
ppo_rollout,3102720,3870.539037300012,801.6247789001445,,,,,,,,,,,,,,,,,,,-0.013870037413047006,1.9702769036094347,-0.6162036255002021,0.9763719439506531,0.011027663,0.08961588541666667
training_episode,3105468,3872.702512400021,801.8865353216753,10949258,26254.666015625,301.9634094238281,262.546630859375,0,34,44,27,4,6,5,197,0,1,MaxDuration,,,,,,,,,
ppo_rollout,3108864,3874.598285200016,802.3706643021737,,,,,,,,,,,,,,,,,,,-0.009370420508397122,2.643689733743668,-0.6297842333714168,0.9564254879951477,0.008104646,0.07314453125
training_episode,3110868,3876.329421500006,802.529316199396,32628161,26254.666015625,300.6721496582031,262.046630859375,1,41,46,27,3,8,8,195,1,1,MaxDuration,,,,,,,,,
training_episode,3111450,3876.6552136000246,802.6120014708703,53888148,28554.666015625,303.4248352050781,285.046630859375,1,38,47,28,9,9,7,128,1,1,MaxDuration,,,,,,,,,
training_episode,3113520,3877.808376800007,802.907131416663,31161955,27389.33203125,306.5378723144531,272.8932800292969,2,34,41,27,2,4,6,186,2,1,MaxDuration,,,,,,,,,
ppo_rollout,3115008,3878.6166257000004,803.12345885379,,,,,,,,,,,,,,,,,,,-0.015604629222070798,1.774864894648393,-0.6044422904650371,0.9838439226150513,0.008914112,0.094677734375
training_episode,3116382,3879.9921665000147,803.1928587142389,64570506,993.6340942382812,45.938297271728516,7.936341285705566,4,4,10,1,2,0,0,18,0,0,LivesExhausted,,,,,,,,,
ppo_rollout,3121152,3882.630400300026,803.8756405345243,,,,,,,,,,,,,,,,,,,-0.017689095922590544,1.6987674206495285,-0.6102879896759987,0.9912863969802856,0.0101329945,0.096875
ppo_rollout,3127296,3886.6323750000156,804.6287115076036,,,,,,,,,,,,,,,,,,,-0.015342220229407151,1.6222868618865809,-0.6053354024887085,0.9794398546218872,0.010438154,0.09650065104166666
training_episode,3129792,3888.6909784000018,804.8446167064038,23516738,27389.33203125,306.5979309082031,271.8932800292969,4,30,42,27,3,2,7,154,3,1,MaxDuration,,,,,,,,,
training_episode,3133428,3890.7619655000162,805.3507327830865,37131508,27389.33203125,300.1116027832031,273.3932800292969,1,36,41,27,3,5,7,178,1,1,MaxDuration,,,,,,,,,
ppo_rollout,3133440,3890.7747569000057,805.3511693122488,,,,,,,,,,,,,,,,,,,-0.019713926854698607,1.4755284960071247,-0.6165925920009613,0.9204275012016296,0.00980908,0.10904947916666667
ppo_rollout,3139584,3894.814893200004,806.0932511790049,,,,,,,,,,,,,,,,,,,-0.01751343170180917,1.7494569008549055,-0.6133419250448545,0.9832013249397278,0.009931641,0.09111328125
training_episode,3139848,3895.5706286000204,806.0046394610974,6131724,1199.66455078125,53.47703170776367,10.496644973754883,3,3,7,2,0,0,0,20,0,0,LivesExhausted,,,,,,,,,
training_episode,3141774,3896.6376740999985,806.2781974527954,6341182,24077.33203125,302.5239562988281,240.27328491210938,1,30,42,24,6,5,2,139,1,1,MaxDuration,,,,,,,,,
ppo_rollout,3145728,3898.828306900017,806.8393251461714,,,,,,,,,,,,,,,,,,,-0.016376988682895898,1.92285351951917,-0.6178527082006137,0.9895728230476379,0.009925174,0.094775390625
training_episode,3147534,3900.4923341000103,806.9581299988002,67921834,1044.663818359375,47.95795822143555,8.446638107299805,4,4,10,2,1,0,0,22,0,0,LivesExhausted,,,,,,,,,
training_episode,3148218,3900.877984999999,807.0536971691517,64884693,27389.33203125,306.3576965332031,272.8932800292969,2,44,41,27,6,7,5,161,2,1,MaxDuration,,,,,,,,,
training_episode,3150312,3902.0423397000122,807.3495174432667,12939109,27389.33203125,306.5478820800781,273.8932800292969,0,35,44,27,0,8,4,146,2,1,MaxDuration,,,,,,,,,
ppo_rollout,3151872,3902.911674300005,807.5693899901781,,,,,,,,,,,,,,,,,,,-0.015688012272585185,1.9059344545006751,-0.6129410460591316,0.9900815486907959,0.010023068,0.08810221354166667
training_episode,3152730,3904.001791800023,807.5636662416507,17651914,28554.666015625,302.8843078613281,285.046630859375,1,40,43,28,2,7,9,150,1,1,MaxDuration,,,,,,,,,
ppo_rollout,3158016,3906.928220600006,808.3117532973278,,,,,,,,,,,,,,,,,,,-0.014055757882306352,2.8563912163178125,-0.6207167367140453,0.9854526519775391,0.008527021,0.076416015625
ppo_rollout,3164160,3911.04588640001,809.0316738555338,,,,,,,,,,,,,,,,,,,-0.015124952429323458,1.8956096008419991,-0.6051912128925323,0.981732189655304,0.011099279,0.11028645833333334
training_episode,3166446,3912.907756200002,809.230934458592,29591020,27389.33203125,305.4067687988281,272.3932800292969,3,32,42,27,4,12,4,151,1,1,MaxDuration,,,,,,,,,
ppo_rollout,3170304,3915.0802636000153,809.7673065544831,,,,,,,,,,,,,,,,,,,-0.01722440073499456,1.6597170159220695,-0.6108503013849258,0.9803137183189392,0.011385907,0.10568033854166667
training_episode,3175884,3919.0555096000026,810.3697414390913,58182037,23034.666015625,300.2417297363281,229.3466339111328,2,28,40,23,6,4,6,146,1,1,MaxDuration,,,,,,,,,
ppo_rollout,3176448,3919.3825011000154,810.4460330443627,,,,,,,,,,,,,,,,,,,-0.015122795090428553,1.7140247230728467,-0.6174798289934794,0.9853672981262207,0.009730238,0.09148763020833334
training_episode,3180480,3922.2920142000075,810.872823462812,13776941,799.583251953125,38.26958465576172,6.495832443237305,3,3,6,1,0,0,1,19,0,0,LivesExhausted,,,,,,,,,
ppo_rollout,3182592,3923.452674400003,811.1712473979823,,,,,,,,,,,,,,,,,,,-0.01672842190018855,1.8885386208693187,-0.6292812859018644,0.9863861799240112,0.01078621,0.09650065104166666
training_episode,3184176,3924.991520700016,811.2567844304814,30638310,27389.33203125,305.3367004394531,272.8932800292969,2,41,43,27,3,8,3,140,1,1,MaxDuration,,,,,,,,,
training_episode,3184626,3925.267405300023,811.3144077012473,67084002,27389.33203125,303.3647766113281,272.8932800292969,2,30,44,27,5,5,5,180,4,1,MaxDuration,,,,,,,,,
training_episode,3186702,3926.417052600009,811.6055827258132,48861156,29750.666015625,303.1946105957031,297.0066223144531,1,47,38,30,5,9,6,219,2,1,MaxDuration,,,,,,,,,
ppo_rollout,3188736,3927.5511670999986,811.889104516614,,,,,,,,,,,,,,,,,,,-0.012672127034359921,2.1501829718550045,-0.6263082762559254,0.9844902157783508,0.012956531,0.09918619791666666
training_episode,3188874,3928.237863300019,811.7823082437027,2675667,23034.666015625,301.1826477050781,229.34661865234375,2,30,42,23,4,9,2,149,1,1,MaxDuration,,,,,,,,,
training_episode,3190050,3928.889431700023,811.947003206876,42263229,1924.9146728515625,79.71862030029297,17.249147415161133,4,4,15,2,2,0,0,26,0,0,LivesExhausted,,,,,,,,,
training_episode,3190896,3929.364260500006,812.0641886211799,14614773,1263.12060546875,55.986610412597656,11.131206512451172,3,3,10,2,0,0,1,11,0,0,LivesExhausted,,,,,,,,,
ppo_rollout,3194880,3931.6885745000036,812.5974220647157,,,,,,,,,,,,,,,,,,,-0.017233875032979996,1.6948529561360677,-0.6308999617894491,0.9931805729866028,0.013713858,0.11321614583333334
ppo_rollout,3201024,3935.6715661000053,813.3361603575083,,,,,,,,,,,,,,,,,,,-0.007796188558374221,3.4808704043428103,-0.6048262278238933,0.9592727422714233,0.0060148016,0.05789388020833333
training_episode,3202854,3937.2969773000223,813.4651814342787,25925505,24077.33203125,303.3647766113281,239.77330017089844,2,31,43,24,4,7,4,164,3,1,MaxDuration,,,,,,,,,
ppo_rollout,3207168,3939.7138955000264,814.0611437960644,,,,,,,,,,,,,,,,,,,-0.015407849069257887,1.6005950669447582,-0.6024539361397425,0.951051652431488,0.013870519,0.11448567708333333
ppo_rollout,3213312,3943.737079000013,814.7885966106995,,,,,,,,,,,,,,,,,,,-0.015952434979650813,1.4105928987264633,-0.6103719388445218,0.9864280223846436,0.010351393,0.10387369791666666
ppo_rollout,3219456,3947.8167938000115,815.5028888514048,,,,,,,,,,,,,,,,,,,-0.016506704060399596,1.6410498186945914,-0.6095289185643196,0.8810256719589233,0.011865322,0.106787109375
training_episode,3221358,3949.5283057000197,815.631070513126,27601169,27389.33203125,306.0774230957031,272.8932800292969,2,47,41,27,5,7,4,140,3,1,MaxDuration,,,,,,,,,
training_episode,3223416,3950.694571500004,815.9112129936509,55459083,29750.666015625,305.9172668457031,296.5066223144531,2,31,38,30,5,6,5,142,0,1,MaxDuration,,,,,,,,,
training_episode,3225384,3951.7819830000226,816.1847019585396,73996116,679.3279418945312,33.520381927490234,5.29327917098999,3,5,7,1,0,1,1,7,0,0,LivesExhausted,,,,,,,,,
ppo_rollout,3225600,3951.9087102000194,816.213186219259,,,,,,,,,,,,,,,,,,,-0.015841507541093355,2.111150097846985,-0.6323675706982612,0.5238214135169983,0.009323852,0.09944661458333333
training_episode,3225660,3952.559646000009,816.09394642896,53155045,27389.33203125,306.5378723144531,273.3932800292969,1,49,40,27,4,5,4,158,3,1,MaxDuration,,,,,,,,,
training_episode,3226722,3953.14752280002,816.2412309152855,43834164,29750.666015625,305.5469055175781,297.0066223144531,1,40,39,30,4,2,9,162,3,1,MaxDuration,,,,,,,,,
training_episode,3226962,3953.28826500001,816.2728806218212,66141441,28554.666015625,300.5119934082031,285.046630859375,1,37,40,28,2,4,6,158,1,1,MaxDuration,,,,,,,,,
training_episode,3228240,3953.9954609000124,816.4501026678429,67293460,408.5799255371094,21.46039581298828,2.585798978805542,3,4,4,1,0,0,0,3,0,0,LivesExhausted,,,,,,,,,
ppo_rollout,3231744,3955.9438629000215,816.9337361705822,,,,,,,,,,,,,,,,,,,-0.014955817814916372,3.2239159216483433,-0.6226542587081592,0.9844478964805603,0.008081152,0.08269856770833334
ppo_rollout,3237888,3960.0366455000185,817.640918469623,,,,,,,,,,,,,,,,,,,-0.01482613851937155,1.7249978651603064,-0.569882120192051,0.9895618557929993,0.011922293,0.09231770833333333
training_episode,3239580,3961.6914059000264,817.7264880286718,70330601,29750.666015625,306.0073547363281,297.5066223144531,0,41,44,30,7,8,3,172,3,1,MaxDuration,,,,,,,,,
ppo_rollout,3244032,3964.302695600025,818.3108730825594,,,,,,,,,,,,,,,,,,,-0.017145715732476675,1.6108170489470164,-0.608420214553674,0.9659523963928223,0.011737687,0.12223307291666667
ppo_rollout,3250176,3968.3573057000176,819.0230237916214,,,,,,,,,,,,,,,,,,,-0.015743982539667436,1.5960634618997573,-0.6186886832118035,0.9832770824432373,0.008779415,0.08522135416666667
ppo_rollout,3256320,3972.491041400004,819.7173929566352,,,,,,,,,,,,,,,,,,,-0.017017468181438743,1.4394534155726433,-0.6052537749210993,0.9762716293334961,0.010443046,0.10867513020833333
training_episode,3259434,3974.8569875000103,820.0128986401656,20584326,28554.666015625,300.1216125488281,285.546630859375,0,41,43,28,1,2,7,129,3,1,MaxDuration,,,,,,,,,
training_episode,3261678,3976.1307577000116,820.3145718192412,13148567,26254.666015625,302.4038391113281,261.546630859375,2,45,38,27,5,6,2,123,3,1,MaxDuration,,,,,,,,,
ppo_rollout,3262464,3976.580231300002,820.4195087831669,,,,,,,,,,,,,,,,,,,-0.016244968236424028,1.9089358235398928,-0.6025905753175418,0.8791803121566772,0.009044674,0.08863932291666667
training_episode,3263010,3977.500370499998,820.366988322824,60381346,26254.666015625,302.3437805175781,261.546630859375,2,30,48,27,3,4,2,149,4,1,MaxDuration,,,,,,,,,
training_episode,3263766,3977.919696900004,820.4705596604817,18803933,27389.33203125,306.6579895019531,273.8932800292969,0,34,46,27,4,5,3,157,3,1,MaxDuration,,,,,,,,,
training_episode,3264708,3978.4332290000166,820.6014307849997,16918811,30977.33203125,303.8852844238281,309.2732849121094,1,41,45,31,6,1,6,156,3,1,MaxDuration,,,,,,,,,
training_episode,3268248,3980.3919247000013,821.0869838518038,36712592,776.048095703125,37.33974075317383,5.760480880737305,4,4,7,1,1,0,1,25,0,0,LivesExhausted,,,,,,,,,
ppo_rollout,3268608,3980.5938322000147,821.1357746573931,,,,,,,,,,,,,,,,,,,-0.01639767200977076,2.3155623863140744,-0.6014201497038205,0.9833468198776245,0.009409464,0.081982421875
ppo_rollout,3274752,3984.595814100001,821.8529940758036,,,,,,,,,,,,,,,,,,,-0.013337321482443562,2.8062229310472806,-0.6118778467178345,0.9826465845108032,0.013409813,0.09352213541666667
training_episode,3275874,3985.8717482000066,821.8714015269967,8016846,26254.666015625,302.3938293457031,261.546630859375,2,54,41,27,4,5,5,129,1,1,MaxDuration,,,,,,,,,
ppo_rollout,3280896,3988.641496600001,822.5597619632405,,,,,,,,,,,,,,,,,,,-0.01626400721919102,1.6868310873707135,-0.5776176537076633,0.9850999712944031,0.009920332,0.09873046875
ppo_rollout,3287040,3992.6859837000084,823.265344036375,,,,,,,,,,,,,,,,,,,-0.018667317179885384,1.4453358744581541,-0.5928072507182757,0.9771870970726013,0.011278178,0.11884765625
ppo_rollout,3293184,3996.810844100022,823.952928585876,,,,,,,,,,,,,,,,,,,-0.017736209230497478,1.4560745025674502,-0.5999001756310463,0.9145941734313965,0.01133848,0.10911458333333333
training_episode,3295578,3998.8038740000047,824.1409441027255,69283311,26254.666015625,301.1826477050781,261.546630859375,2,40,45,27,6,3,5,143,0,1,MaxDuration,,,,,,,,,
training_episode,3297924,4000.22116690001,824.4354155437214,54202335,28554.666015625,302.0034484863281,284.546630859375,2,42,39,28,5,3,6,130,0,1,MaxDuration,,,,,,,,,
training_episode,3299100,4000.902815700014,824.5888870516782,69597498,26254.666015625,300.7021789550781,261.046630859375,3,34,45,27,5,6,5,91,2,1,MaxDuration,,,,,,,,,
ppo_rollout,3299328,4001.0357638999994,824.6184724887308,,,,,,,,,,,,,,,,,,,-0.015593184561779102,1.934398387869199,-0.5897256021698316,0.8889316320419312,0.008385424,0.079052734375
training_episode,3300810,4002.472571600025,824.6927220491785,72320452,26254.666015625,300.8323059082031,261.046630859375,3,40,41,27,2,9,2,128,2,1,MaxDuration,,,,,,,,,
training_episode,3304704,4004.6016548000043,825.2266479585825,8226304,27389.33203125,303.7551574707031,273.3932800292969,1,41,40,27,4,2,3,195,4,1,MaxDuration,,,,,,,,,
ppo_rollout,3305472,4005.0203610000026,825.3321336859984,,,,,,,,,,,,,,,,,,,-0.016321191892105465,2.239407284061114,-0.618037096162637,0.9857245683670044,0.009335552,0.0880859375
training_episode,3307812,4006.9245485000138,825.5239049206141,20689055,2563.2451171875,101.9233627319336,24.1324520111084,3,4,18,3,0,1,0,70,1,1,LivesExhausted,,,,,,,,,
ppo_rollout,3311616,4009.1132427000266,826.022065111266,,,,,,,,,,,,,,,,,,,-0.01878775236934113,1.5014479423562686,-0.6060083126028378,0.9919714331626892,0.013628638,0.10491536458333334
training_episode,3312330,4010.1209992000076,825.9925325596878,8540491,29750.666015625,303.7851867675781,297.5066223144531,0,39,45,30,3,4,8,118,0,1,MaxDuration,,,,,,,,,
training_episode,3317100,4012.8190738000267,826.6258555382113,61323907,836.3018798828125,39.71934127807617,6.86301851272583,3,3,8,1,0,0,1,33,0,0,LivesExhausted,,,,,,,,,
ppo_rollout,3317760,4013.1983019000036,826.7122006976939,,,,,,,,,,,,,,,,,,,-0.01010632588683317,2.839951340854168,-0.588951188325882,0.9722632169723511,0.010047103,0.08819986979166666
training_episode,3318300,4014.114015500003,826.6581335723889,45614557,2133.897705078125,87.38025665283203,19.338977813720703,4,4,14,3,1,0,0,40,1,0,LivesExhausted,,,,,,,,,
ppo_rollout,3323904,4017.221777300001,827.4136167393815,,,,,,,,,,,,,,,,,,,-0.015170342545025051,1.6538846688965956,-0.6222929050525029,0.9862777590751648,0.010868818,0.09827473958333334
ppo_rollout,3330048,4021.292043100024,828.1039935196693,,,,,,,,,,,,,,,,,,,-0.015124241914600134,1.475520976881186,-0.6098415066798528,0.9880386590957642,0.011170098,0.10392252604166667
training_episode,3334578,4024.4507456000138,828.5796524272881,3094583,30977.33203125,305.4067687988281,309.2732849121094,1,58,40,31,5,7,6,171,0,1,MaxDuration,,,,,,,,,
training_episode,3335406,4024.9220857000037,828.6883395458113,32942348,26254.666015625,302.5239562988281,262.046630859375,1,41,39,27,7,6,3,148,4,1,MaxDuration,,,,,,,,,
ppo_rollout,3336192,4025.3638151000196,828.7926640283332,,,,,,,,,,,,,,,,,,,-0.017084115693190446,1.7966751093665758,-0.613247437775135,0.980947732925415,0.009752101,0.09775390625
training_episode,3337182,4026.537392500002,828.7969723604145,70854246,24077.33203125,303.0544738769531,239.27330017089844,3,41,45,24,3,2,4,154,3,1,MaxDuration,,,,,,,,,
training_episode,3340854,4028.5405195000058,829.2963627469343,24459299,27389.33203125,301.2326965332031,272.8932800292969,2,40,43,27,4,5,7,157,1,1,MaxDuration,,,,,,,,,
ppo_rollout,3342336,4029.3859852000023,829.4901536552845,,,,,,,,,,,,,,,,,,,-0.016597086063120513,1.8625341539581617,-0.597966646651427,0.977462649345398,0.009598152,0.09630533854166666
ppo_rollout,3348480,4033.404328400007,830.1870398716742,,,,,,,,,,,,,,,,,,,-0.018444829853251576,1.2944884970784187,-0.6257825647791226,0.9928982257843018,0.012564982,0.11691080729166667
training_episode,3353814,4037.00700350001,830.7674465494624,45719286,26254.666015625,305.9372863769531,261.546630859375,2,44,41,27,5,3,6,134,2,1,MaxDuration,,,,,,,,,
training_episode,3354330,4037.2934806999983,830.8363055683571,47604408,26254.666015625,300.1916809082031,261.546630859375,2,55,46,27,6,7,6,107,0,1,MaxDuration,,,,,,,,,
ppo_rollout,3354624,4037.4569215000083,830.8754904940706,,,,,,,,,,,,,,,,,,,-0.017840139853069557,1.6787741010387738,-0.6162862365444501,0.9755021929740906,0.016007079,0.12236328125
ppo_rollout,3360768,4041.6635024000134,831.5308778190749,,,,,,,,,,,,,,,,,,,-0.017777787680582455,1.652764722208182,-0.6360433866580327,0.9590768218040466,0.010977406,0.10205078125
ppo_rollout,3366912,4045.709614500025,832.2179100380362,,,,,,,,,,,,,,,,,,,-0.017212603171356023,1.4235217988491058,-0.6186615983645122,0.9920807480812073,0.010525275,0.09547526041666667
training_episode,3370842,4048.508721899998,832.6132488651368,60486075,28554.666015625,302.1736145019531,284.546630859375,2,47,41,28,5,7,8,108,0,1,MaxDuration,,,,,,,,,
training_episode,3371538,4048.8922342000005,832.7062823558119,59752972,25150.666015625,301.0625305175781,251.0066375732422,1,50,40,26,3,8,4,161,2,1,MaxDuration,,,,,,,,,
ppo_rollout,3373056,4049.736548900022,832.9075136791749,,,,,,,,,,,,,,,,,,,-0.016602245421381667,1.7501962631940842,-0.6238238885998726,0.9421162009239197,0.009816437,0.09554036458333333
training_episode,3373680,4050.68227260001,832.8671006414278,51374652,27389.33203125,304.1155090332031,273.8932800292969,0,39,46,27,2,6,9,154,3,1,MaxDuration,,,,,,,,,
training_episode,3374922,4051.382995400025,833.0296108346004,58077308,544.0971069335938,28.170549392700195,3.9409708976745605,3,3,6,1,0,0,0,12,0,0,LivesExhausted,,,,,,,,,
training_episode,3377538,4052.8314237000013,833.3773717428649,65827254,29750.666015625,305.6870422363281,297.0066223144531,1,41,42,30,7,6,7,144,3,1,MaxDuration,,,,,,,,,
ppo_rollout,3379200,4053.7737249000056,833.5936412147313,,,,,,,,,,,,,,,,,,,-0.015524846507469192,1.917332711815834,-0.6308145711819331,0.9869299530982971,0.008555732,0.08597005208333333
ppo_rollout,3385344,4058.008665000001,834.2377455224085,,,,,,,,,,,,,,,,,,,-0.012088717698740462,1.7258582765857378,-0.6298541073997815,0.9919176697731018,0.008848517,0.081396484375
training_episode,3389838,4061.1270610000065,834.7037531904483,19537036,26254.666015625,300.1716613769531,261.046630859375,3,42,40,27,5,4,5,152,4,1,MaxDuration,,,,,,,,,
training_episode,3390714,4061.622772100003,834.8175569852049,16290437,28554.666015625,303.1445617675781,285.546630859375,0,33,37,28,1,5,11,198,2,1,MaxDuration,,,,,,,,,
ppo_rollout,3391488,4062.0754190000007,834.9150742343712,,,,,,,,,,,,,,,,,,,-0.01659529663544769,1.721293418109417,-0.6229090631008148,0.9879252314567566,0.011454764,0.09715169270833333
ppo_rollout,3397632,4066.312065300008,835.5561367249187,,,,,,,,,,,,,,,,,,,-0.017500211216975002,1.7333220620950063,-0.6349950402975082,0.9831038117408752,0.008704194,0.08810221354166667
ppo_rollout,3403776,4070.393390400015,836.22777297835,,,,,,,,,,,,,,,,,,,-0.01807406624623885,1.4912163491050403,-0.6447449644406636,0.9904831647872925,0.009933808,0.10485026041666666
training_episode,3407604,4073.1631940000225,836.5989374105056,54935438,27389.33203125,306.2976379394531,273.3932800292969,1,32,44,27,3,6,6,171,2,1,MaxDuration,,,,,,,,,
ppo_rollout,3409920,4074.435189700016,836.9061823882045,,,,,,,,,,,,,,,,,,,-0.017651293956441806,1.635156645377477,-0.6135409613450368,0.962360680103302,0.009842399,0.10079752604166667
training_episode,3410052,4075.132343400008,836.7954001599097,28229543,25150.666015625,303.0744934082031,251.0066375732422,1,38,42,26,5,6,6,137,5,1,MaxDuration,,,,,,,,,
training_episode,3411342,4075.8661527000077,836.9612426404626,9692510,27389.33203125,303.4648742675781,272.3932800292969,3,41,42,27,7,3,3,165,3,1,MaxDuration,,,,,,,,,
training_episode,3414132,4077.388219400018,837.3330711448381,11158716,24077.33203125,304.9062805175781,240.27330017089844,1,37,44,24,4,6,4,132,2,1,MaxDuration,,,,,,,,,
ppo_rollout,3416064,4078.4539368000114,837.5879813614548,,,,,,,,,,,,,,,,,,,-0.016208587528672068,2.016879465182622,-0.6284979497392972,0.9810884594917297,0.010640574,0.089306640625
training_episode,3416244,4079.196653799998,837.4796044259301,65617796,864.5059204101562,40.82915496826172,7.145059108734131,3,3,9,1,0,0,1,5,1,0,LivesExhausted,,,,,,,,,
ppo_rollout,3422208,4082.517514600011,838.2592328780969,,,,,,,,,,,,,,,,,,,-0.017628594854613766,1.5494913280010223,-0.631859797736009,0.9911354184150696,0.013125825,0.11728515625
training_episode,3426402,4085.514626900025,838.6708439225093,26239692,28554.666015625,304.6860656738281,284.546630859375,2,37,44,28,5,0,12,172,1,1,MaxDuration,,,,,,,,,
training_episode,3426888,4085.793948300008,838.7324577211825,4560789,26254.666015625,301.4328918457031,262.046630859375,1,30,40,27,1,3,7,187,5,1,MaxDuration,,,,,,,,,
ppo_rollout,3428352,4086.6290659000224,838.9193011440968,,,,,,,,,,,,,,,,,,,-0.0118072989784802,2.0271717717250186,-0.6311526522040367,0.9743473529815674,0.01000965,0.08912760416666667
ppo_rollout,3434496,4090.70929280002,839.58447158418,,,,,,,,,,,,,,,,,,,-0.019444898368480304,1.504455270866553,-0.6448720177014668,0.9826343655586243,0.010449089,0.11866861979166667
ppo_rollout,3440640,4094.977534100006,840.2097377455292,,,,,,,,,,,,,,,,,,,-0.0179870784166269,1.501252650221189,-0.6424486309289932,0.978329598903656,0.011485829,0.10030924479166667
training_episode,3444372,4097.692033400002,840.5639008312884,39121359,27389.33203125,306.3576965332031,272.3932800292969,3,42,42,27,2,4,3,168,2,1,MaxDuration,,,,,,,,,
training_episode,3446088,4098.670334000024,840.7819412587038,36398405,28554.666015625,300.2417297363281,285.046630859375,1,55,42,28,3,3,5,188,4,1,MaxDuration,,,,,,,,,
ppo_rollout,3446784,4099.081649900007,840.8673684468035,,,,,,,,,,,,,,,,,,,-0.019378287770086898,1.4584884554147721,-0.6403891702493032,0.9404305815696716,0.012336719,0.12198893229166667
training_episode,3450732,4101.898543600022,841.2524013749673,35036928,27389.33203125,304.9563293457031,273.3932800292969,1,47,43,27,9,4,3,186,6,1,MaxDuration,,,,,,,,,
ppo_rollout,3452928,4103.124749200011,841.5361976681844,,,,,,,,,,,,,,,,,,,-0.01822477893632216,2.1013599291443823,-0.6455081140001615,0.9769236445426941,0.011101774,0.09749348958333333
training_episode,3452982,4103.812989900005,841.408224131611,52317213,27389.33203125,306.0974426269531,273.3932800292969,1,43,41,27,10,3,3,165,0,1,MaxDuration,,,,,,,,,
ppo_rollout,3459072,4107.303636700002,842.1758666907758,,,,,,,,,,,,,,,,,,,-0.018925270114171628,1.8025444294015567,-0.6516178980469703,0.9859592914581299,0.011322257,0.096923828125
training_episode,3463086,4110.192356300016,842.5605664639647,22678906,29750.666015625,305.6470031738281,297.0066223144531,1,50,41,30,5,3,4,190,1,1,MaxDuration,,,,,,,,,
training_episode,3463590,4110.4734040000185,842.6255712126691,11996548,27389.33203125,305.8271789550781,273.8932800292969,0,52,40,27,3,1,5,124,0,1,MaxDuration,,,,,,,,,
ppo_rollout,3465216,4111.383851899998,842.8344627560416,,,,,,,,,,,,,,,,,,,-0.01990106365410611,1.44009517878294,-0.6423760031660398,0.9806865453720093,0.009999522,0.11765950520833333
training_episode,3467862,4113.45712560002,843.052910024959,68759666,837.770751953125,39.77933120727539,6.877707481384277,3,3,9,1,0,0,0,15,0,0,LivesExhausted,,,,,,,,,
ppo_rollout,3471360,4115.433351600019,843.4980483040473,,,,,,,,,,,,,,,,,,,-0.020147755511182672,1.647754855453968,-0.6364611620704334,0.9837555289268494,0.012248912,0.11873372395833333
training_episode,3474822,4117.961402200017,843.8209251168745,23935654,1313.5054931640625,57.97627639770508,11.635055541992188,3,3,12,2,0,0,0,18,0,0,LivesExhausted,,,,,,,,,
ppo_rollout,3477504,4119.453298000008,844.1663853036824,,,,,,,,,,,,,,,,,,,-0.01834517647512257,1.914651765426,-0.6520071546236674,0.9895586371421814,0.011029507,0.10032552083333333
training_episode,3480624,4121.806411199999,844.4414057249892,43624706,28554.666015625,302.0835266113281,285.046630859375,1,40,39,28,4,5,4,196,1,1,MaxDuration,,,,,,,,,
training_episode,3482136,4122.7058247000095,844.6239309964297,43938893,27389.33203125,300.3818664550781,273.8932800292969,0,36,36,27,6,1,6,118,2,1,MaxDuration,,,,,,,,,
ppo_rollout,3483648,4123.544926200004,844.8187329949399,,,,,,,,,,,,,,,,,,,-0.01227437924729505,3.21799420217673,-0.6614918728669484,0.9867610335350037,0.007707656,0.07376302083333333
training_episode,3486828,4125.915316300001,845.1041121044831,56715831,28554.666015625,300.7422180175781,285.546630859375,0,42,44,28,4,7,9,174,2,1,MaxDuration,,,,,,,,,
training_episode,3489048,4127.167946400004,845.3855150341977,58496224,29750.666015625,300.4919738769531,297.0066223144531,1,56,42,30,2,3,8,196,2,1,MaxDuration,,,,,,,,,
ppo_rollout,3489792,4127.611744499998,845.4748692509933,,,,,,,,,,,,,,,,,,,-0.017578419070923702,2.425089470545451,-0.6526180808742841,0.9870924353599548,0.010418563,0.10055338541666667
ppo_rollout,3495936,4131.7859135000035,846.1077299715706,,,,,,,,,,,,,,,,,,,-0.0178930488434465,1.6988940775394439,-0.6715544094642003,0.9903820753097534,0.01107249,0.09749348958333333
training_episode,3499452,4134.335747400008,846.4363355590382,2885125,2116.83056640625,86.70011138916016,19.168306350708008,4,5,14,3,2,1,1,40,0,1,LivesExhausted,,,,,,,,,
training_episode,3499824,4134.552082700015,846.4820203001256,46661847,28554.666015625,301.9033508300781,285.546630859375,0,44,45,28,2,6,8,150,1,1,MaxDuration,,,,,,,,,
validation,3500004,,,,,,,,,,,,,,,,,,16297.50815673828,25921.6005859375,12892.360146263598,,,,,,
ppo_rollout,3502080,4396.851065100025,796.4972995782676,,,,,,,,,,,,,,,,,,,-0.020500956184696405,1.4089187011122704,-0.6511290401220322,0.988781213760376,0.01127872,0.11251627604166667
training_episode,3504810,4399.026776400016,796.7239523984424,24145112,960.3302001953125,44.6185188293457,8.103302001953125,3,3,6,1,1,0,0,18,0,0,LivesExhausted,,,,,,,,,
training_episode,3504828,4399.0413749,796.7254002196496,72948826,885.5093383789062,41.66901397705078,7.355093479156494,3,3,6,1,0,0,1,15,0,0,LivesExhausted,,,,,,,,,
ppo_rollout,3508224,4400.982471399999,797.1456425464919,,,,,,,,,,,,,,,,,,,-0.015204370219726116,2.7201102152466774,-0.663130159676075,0.9755598306655884,0.010693677,0.09640299479166667
training_episode,3511152,4403.209322400013,797.4074687156167,71377891,28554.666015625,302.6941223144531,284.546630859375,2,54,37,28,6,6,6,171,2,1,MaxDuration,,,,,,,,,
ppo_rollout,3514368,4404.951440400007,797.8221888595588,,,,,,,,,,,,,,,,,,,-0.014843515817968484,2.4114735533793765,-0.6743463312586149,0.9879417419433594,0.006702402,0.06687825520833333
training_episode,3517014,4406.964986300009,798.0580764615532,53992877,27389.33203125,303.2046203613281,273.3932800292969,1,42,41,27,4,4,9,184,2,1,MaxDuration,,,,,,,,,
training_episode,3518862,4407.950515300006,798.29888919715,34722741,28554.666015625,305.9973449707031,284.546630859375,2,45,40,28,3,6,3,121,3,1,MaxDuration,,,,,,,,,
ppo_rollout,3520512,4408.843416700023,798.5114614560454,,,,,,,,,,,,,,,,,,,-0.017216419539181516,1.9738154053688048,-0.6494968295097351,0.9880315065383911,0.0107947,0.09939778645833333
training_episode,3520902,4409.64652140002,798.4544754127248,66874544,650.9638061523438,32.400569915771484,5.009637832641602,3,4,9,1,0,1,0,15,1,0,LivesExhausted,,,,,,,,,
training_episode,3523554,4411.063330600009,798.7992318216644,42891603,29750.666015625,306.0173645019531,296.5066223144531,2,55,39,30,3,3,7,132,2,1,MaxDuration,,,,,,,,,
ppo_rollout,3526656,4412.725821900007,799.2012516384968,,,,,,,,,,,,,,,,,,,-0.01820936761020372,2.2956437756617865,-0.6427231202522914,0.9864312410354614,0.009285212,0.09529622395833333
ppo_rollout,3532800,4416.649389099999,799.8823743443885,,,,,,,,,,,,,,,,,,,-0.017627821821952237,1.5552428036928176,-0.6629976118604343,0.9897329211235046,0.011164818,0.103369140625
ppo_rollout,3538944,4420.598937300005,800.5575828513187,,,,,,,,,,,,,,,,,,,-0.023182187056712187,1.255774446328481,-0.6466247131427129,0.9877080917358398,0.013052913,0.12307942708333333
training_episode,3540954,4422.348972700012,800.6952915427913,62266468,26254.666015625,301.0224914550781,261.046630859375,3,40,37,27,5,2,4,145,6,1,MaxDuration,,,,,,,,,
training_episode,3541254,4422.510882100003,800.7338126251159,26553879,28554.666015625,303.6450500488281,285.546630859375,0,49,41,28,2,6,7,143,3,1,MaxDuration,,,,,,,,,
ppo_rollout,3545088,4424.55899770002,801.2296822898762,,,,,,,,,,,,,,,,,,,-0.015273169691984853,1.8707824498414993,-0.6276729489366214,0.9472686648368835,0.0092869485,0.08780924479166667
training_episode,3547470,4426.437413500011,801.4278004204275,45824015,26254.666015625,302.6040344238281,262.046630859375,1,52,43,27,5,2,4,118,5,1,MaxDuration,,,,,,,,,
ppo_rollout,3551232,4428.513068800006,801.901664244671,,,,,,,,,,,,,,,,,,,-0.015922017310125134,2.0106096784273784,-0.6526702990134557,0.9912350177764893,0.009047522,0.07584635416666667
training_episode,3555072,4431.19011190001,802.2837906351195,22574177,26254.666015625,301.6931457519531,261.546630859375,2,47,40,27,5,6,5,107,0,1,MaxDuration,,,,,,,,,
ppo_rollout,3557376,4432.540670000017,802.5591336536991,,,,,,,,,,,,,,,,,,,-0.020112957787932827,1.6587903842329978,-0.6565005655090014,0.988597571849823,0.012787188,0.11376953125
training_episode,3557436,4433.182001900015,802.4565647147625,41320668,30977.33203125,304.4158020019531,308.7732849121094,2,52,38,31,5,4,8,166,2,1,MaxDuration,,,,,,,,,
training_episode,3557484,4433.213741600019,802.4616468675039,50851007,2018.88427734375,83.43941497802734,17.6888427734375,5,9,16,3,2,1,0,53,0,0,LivesExhausted,,,,,,,,,
training_episode,3559650,4434.414150800003,802.73287044193,35665302,795.2822265625,38.10961151123047,6.452822208404541,3,3,8,1,0,0,0,23,0,0,LivesExhausted,,,,,,,,,
training_episode,3559956,4434.597440400015,802.7686949819013,53573961,26254.666015625,303.3347473144531,261.046630859375,3,47,42,27,7,6,5,195,1,1,MaxDuration,,,,,,,,,
ppo_rollout,3563520,4436.726717700018,803.1867245245421,,,,,,,,,,,,,,,,,,,-0.015952364313610207,2.336943489313126,-0.6549980089068412,0.9868224263191223,0.010190713,0.08937174479166667
training_episode,3563562,4437.350714600005,803.083242502104,23830925,1112.1141357421875,50.61751174926758,9.121140480041504,4,5,11,2,1,0,1,28,0,0,LivesExhausted,,,,,,,,,
ppo_rollout,3569664,4440.682546700002,803.8548044044985,,,,,,,,,,,,,,,,,,,-0.015431758394697681,3.28016951829195,-0.6802272111177444,0.987902045249939,0.011008845,0.10802408854166666
training_episode,3571548,4442.348492900026,803.9774469986357,30009936,1560.846923828125,66.53580474853516,14.10846996307373,3,5,13,2,0,2,0,6,0,0,LivesExhausted,,,,,,,,,
ppo_rollout,3575808,4444.691194100014,804.5121345542768,,,,,,,,,,,,,,,,,,,-0.015393103996757418,2.1321269224087396,-0.6551849365234375,0.9865961670875549,0.010824268,0.101025390625
training_episode,3577362,4446.127798100002,804.6017034257858,22783635,26254.666015625,300.8823547363281,262.046630859375,1,33,47,27,4,4,5,154,3,1,MaxDuration,,,,,,,,,
training_episode,3577404,4446.157326400018,804.605806177481,1418919,29750.666015625,303.7051086425781,297.0066223144531,1,42,39,30,4,6,6,166,3,1,MaxDuration,,,,,,,,,
ppo_rollout,3581952,4448.646106,805.1780057687511,,,,,,,,,,,,,,,,,,,-0.013013527325044075,2.429965177178383,-0.6521090929706891,0.9820025563240051,0.008129201,0.09754231770833334
training_episode,3582720,4449.663141600002,805.1665678925376,57553663,960.186279296875,44.6185188293457,8.101862907409668,3,4,10,1,2,1,1,21,0,0,LivesExhausted,,,,,,,,,
ppo_rollout,3588096,4452.614479500015,805.8402577900498,,,,,,,,,,,,,,,,,,,-0.017137607796272884,1.5946750462055206,-0.6677305494745572,0.9912774562835693,0.011846337,0.11608072916666666
training_episode,3592104,4455.389170700015,806.2379878334223,62580655,1870.6343994140625,78.17829132080078,17.206344604492188,3,7,15,2,0,3,0,42,0,0,LivesExhausted,,,,,,,,,
training_episode,3594114,4456.554135300015,806.4782544727339,66455628,27389.33203125,305.6269836425781,272.3932800292969,3,52,40,27,6,3,3,143,3,1,MaxDuration,,,,,,,,,
ppo_rollout,3594240,4456.628345800011,806.4930977220172,,,,,,,,,,,,,,,,,,,-0.013972198417953526,2.065698476632436,-0.6507352039217948,0.9841868877410889,0.010464191,0.07996419270833334
training_episode,3596184,4458.339866400027,806.6195282917739,41111210,29750.666015625,301.8432922363281,297.0066223144531,1,49,40,30,4,3,10,149,3,1,MaxDuration,,,,,,,,,
training_episode,3596382,4458.459284300014,806.6423332975752,24773486,27389.33203125,306.0574035644531,272.3932800292969,3,42,40,27,3,4,3,211,1,1,MaxDuration,,,,,,,,,
training_episode,3599082,4460.0009270000155,806.9688905694677,2570938,1316.7452392578125,58.10625457763672,11.667451858520508,3,4,12,2,0,1,1,36,0,0,LivesExhausted,,,,,,,,,
ppo_rollout,3600384,4460.698115200008,807.1346473170975,,,,,,,,,,,,,,,,,,,-0.013179040626467516,2.862084714571635,-0.6478538985053698,0.9797778129577637,0.0100259865,0.07802734375
training_episode,3601410,4461.844278000004,807.1572595568734,59438785,933.2406005859375,43.54869842529297,7.832406044006348,3,4,9,1,0,0,1,23,1,0,LivesExhausted,,,,,,,,,
ppo_rollout,3606528,4464.701103500003,807.7871096841718,,,,,,,,,,,,,,,,,,,-0.011860329168848693,2.9948958570758504,-0.6759750460584958,0.9839910268783569,0.0077933073,0.064794921875
training_episode,3607770,4465.958326200023,807.8378113908118,60904991,27389.33203125,301.8032531738281,272.3932800292969,3,39,45,27,6,3,4,162,0,1,MaxDuration,,,,,,,,,
ppo_rollout,3612672,4468.6329539,808.4512729663868,,,,,,,,,,,,,,,,,,,-0.014992294089946274,2.351360308130582,-0.6460876911878586,0.9823742508888245,0.011232932,0.08815104166666667
training_episode,3613980,4469.947025600006,808.5062259803608,48546969,27389.33203125,304.7561340332031,272.8932800292969,2,43,43,27,5,3,7,128,2,1,MaxDuration,,,,,,,,,
ppo_rollout,3618816,4472.584675500024,809.1106737057863,,,,,,,,,,,,,,,,,,,-0.018988568832476935,1.7267069732149443,-0.633658750851949,0.984973132610321,0.013526001,0.11451822916666667
ppo_rollout,3624960,4476.644521300012,809.7493519425832,,,,,,,,,,,,,,,,,,,-0.017512966046342626,2.0300653388102847,-0.6611843427022298,0.9797142744064331,0.011783519,0.098291015625
training_episode,3630258,4480.2496131000225,810.2802998710853,6655369,28554.666015625,301.1626281738281,284.546630859375,2,48,39,28,6,4,8,149,4,1,MaxDuration,,,,,,,,,
ppo_rollout,3631104,4480.700143400027,810.3876367064055,,,,,,,,,,,,,,,,,,,-0.016346008266555145,1.756694568693638,-0.6432020038366317,0.9399044513702393,0.014873424,0.12228190104166667
training_episode,3632700,4482.217009400018,810.4694601759738,54307064,26254.666015625,302.5940246582031,261.046630859375,3,41,38,27,2,5,5,183,2,1,MaxDuration,,,,,,,,,
training_episode,3635658,4483.803632800002,810.8423779766733,30114665,30977.33203125,304.7861633300781,309.2732849121094,1,57,43,31,5,4,6,153,1,1,MaxDuration,,,,,,,,,
ppo_rollout,3637248,4484.650810400024,811.0437476124397,,,,,,,,,,,,,,,,,,,-0.019094986342436945,2.2110222429037094,-0.6609740301966667,0.9544069766998291,0.00972002,0.097216796875
training_episode,3637764,4485.573477700003,810.9919541135861,7702659,27389.33203125,302.9343566894531,272.8932800292969,2,35,45,27,8,5,7,134,3,1,MaxDuration,,,,,,,,,
ppo_rollout,3643392,4488.610421300022,811.6970861874835,,,,,,,,,,,,,,,,,,,-0.018685018414786706,2.2010995109875995,-0.6574055766065915,0.9895848631858826,0.010877914,0.09777018229166666
training_episode,3644562,4489.831215000013,811.7369730567899,14300586,27389.33203125,306.5879211425781,272.8932800292969,2,50,41,27,6,7,3,168,2,1,MaxDuration,,,,,,,,,
training_episode,3648420,4491.938803500001,812.2149832400314,64151590,2169.3974609375,88.77055358886719,20.1939754486084,3,6,17,3,3,4,0,21,0,0,LivesExhausted,,,,,,,,,
training_episode,3648516,4491.996578899998,812.2259079933339,45509828,664.4397583007812,32.93048095703125,5.144397735595703,3,4,9,1,0,0,1,22,0,0,LivesExhausted,,,,,,,,,
ppo_rollout,3649536,4492.6161391000205,812.3409361056807,,,,,,,,,,,,,,,,,,,-0.019179530170125265,1.4362402563293775,-0.6460147942105929,0.9903730154037476,0.013505817,0.12674153645833333
training_episode,3650310,4493.676560200023,812.3214813300931,61533365,29750.666015625,302.6941223144531,297.0066223144531,1,52,41,30,5,2,6,184,2,1,MaxDuration,,,,,,,,,
training_episode,3654774,4496.092589600012,812.8778327327867,8749949,1150.46728515625,52.13725662231445,10.00467300415039,3,4,9,2,0,0,1,28,0,0,LivesExhausted,,,,,,,,,
training_episode,3655176,4496.323117300024,812.9255626528192,31895058,1269.9200439453125,56.25656509399414,10.699200630187988,4,7,8,2,2,0,0,9,0,0,LivesExhausted,,,,,,,,,
ppo_rollout,3655680,4496.6181141000125,812.9843155986298,,,,,,,,,,,,,,,,,,,-0.01386491952968451,3.524936748544375,-0.6522535006205241,0.9802998304367065,0.0066440995,0.06360677083333334
training_episode,3657702,4498.3827667000005,813.114888105282,17547185,1420.2005615234375,61.585670471191406,12.202005386352539,4,5,12,2,2,0,0,27,2,0,LivesExhausted,,,,,,,,,
training_episode,3658404,4498.75876940001,813.2029716472025,19118120,595.6027221679688,30.210596084594727,4.456027030944824,3,4,7,1,0,0,1,9,0,0,LivesExhausted,,,,,,,,,
ppo_rollout,3661824,4500.630597900017,813.6246511119126,,,,,,,,,,,,,,,,,,,-0.016391250751136493,3.5462683945894242,-0.6871651843190193,0.9863235354423523,0.008883951,0.10224609375
training_episode,3666432,4503.886086400016,814.0596652902032,10635071,27389.33203125,301.4228820800781,272.8932800292969,2,38,41,27,7,5,10,191,2,1,MaxDuration,,,,,,,,,
ppo_rollout,3667968,4504.7415888000105,814.2460400213737,,,,,,,,,,,,,,,,,,,-0.015817817922409935,2.2342986250917116,-0.6877571706970532,0.9916126132011414,0.0107302675,0.08513997395833334
training_episode,3668898,4505.859874400019,814.2503544872297,55249625,29750.666015625,301.6030578613281,297.0066223144531,1,50,39,30,8,6,8,179,3,1,MaxDuration,,,,,,,,,
training_episode,3671988,4507.639870600018,814.6143226635398,21526887,29750.666015625,302.7241516113281,297.0066223144531,1,43,43,30,4,5,10,139,1,1,MaxDuration,,,,,,,,,
ppo_rollout,3674112,4508.832213700021,814.8699764955245,,,,,,,,,,,,,,,,,,,-0.021064694557571782,2.1209978431463243,-0.6647434731324514,0.9904895424842834,0.0120108165,0.10636393229166667
ppo_rollout,3680256,4512.759478000022,815.5223024717965,,,,,,,,,,,,,,,,,,,-0.01923323820810765,1.474001917243004,-0.6469196990132332,0.9891464114189148,0.012415674,0.11583658854166666
ppo_rollout,3686400,4516.725309800007,816.1665248939452,,,,,,,,,,,,,,,,,,,-0.01887153247371316,1.580178161462148,-0.6651264583071073,0.9588548541069031,0.012267218,0.12604166666666666
training_episode,3691740,4520.231266800023,816.7148497721597,7493201,27389.33203125,304.6560363769531,273.3932800292969,1,45,39,27,5,7,5,149,1,1,MaxDuration,,,,,,,,,
ppo_rollout,3692544,4520.688565700024,816.8100824322574,,,,,,,,,,,,,,,,,,,-0.01775806243919457,1.8781234115362166,-0.6629985729853313,0.9223947525024414,0.008062252,0.078369140625
training_episode,3693912,4522.066711500025,816.863667801726,52736129,26254.666015625,301.7031555175781,261.546630859375,2,40,46,27,8,11,4,167,3,1,MaxDuration,,,,,,,,,
training_episode,3695160,4522.812569100002,817.0048932041644,24354570,26254.666015625,306.2776184082031,261.046630859375,3,41,42,27,3,2,6,183,0,1,MaxDuration,,,,,,,,,
ppo_rollout,3698688,4524.823820300022,817.4214393511471,,,,,,,,,,,,,,,,,,,-0.016560223231014484,2.303292398651441,-0.6615290001034737,0.9600198864936829,0.009445558,0.09143880208333334
training_episode,3700122,4526.236149000004,817.4831975608431,34513283,877.5947875976562,41.34906768798828,7.275947570800781,3,4,8,1,0,1,0,12,0,0,LivesExhausted,,,,,,,,,
training_episode,3703182,4527.928162900003,817.8535230179584,11682361,30977.33203125,306.2375793457031,309.2732849121094,1,58,37,31,2,5,10,145,0,1,MaxDuration,,,,,,,,,
ppo_rollout,3704832,4528.809410100017,818.0587135633469,,,,,,,,,,,,,,,,,,,-0.016656795334226142,1.706673167149226,-0.6653643533587456,0.9943631887435913,0.01150332,0.10094401041666666
training_episode,3705276,4529.657617400022,818.0035475014095,9273594,28554.666015625,303.0945129394531,285.546630859375,0,50,40,28,6,4,11,129,2,1,MaxDuration,,,,,,,,,
training_episode,3708708,4531.525934300007,818.4236510549489,50432091,30977.33203125,305.9573059082031,309.7732849121094,0,54,41,31,2,5,10,129,4,1,MaxDuration,,,,,,,,,
ppo_rollout,3710976,4532.725951300003,818.7073385576462,,,,,,,,,,,,,,,,,,,-0.016261550353374333,2.8388994430502255,-0.6814065754413605,0.9847817420959473,0.009272289,0.08836263020833333
ppo_rollout,3717120,4536.602407800005,819.3620833090799,,,,,,,,,,,,,,,,,,,-0.019990423436199004,2.0123906110723815,-0.6619685431321461,0.9881346821784973,0.011736552,0.119091796875
training_episode,3717882,4537.6197213999985,819.3463155288201,63209029,2657.909912109375,105.05403137207031,25.079097747802734,3,7,20,3,2,3,1,35,2,1,LivesExhausted,,,,,,,,,
training_episode,3722868,4540.319279800024,819.9573136988665,40482836,881.5856323242188,41.50904083251953,6.815855979919434,4,4,9,1,1,0,2,13,0,1,LivesExhausted,,,,,,,,,
ppo_rollout,3723264,4540.543233500008,820.0040850904925,,,,,,,,,,,,,,,,,,,-0.020284222664001088,1.8190929060180983,-0.6528138334552447,0.9842111468315125,0.011353139,0.11080729166666667
training_episode,3727884,4543.701719500008,820.4508636650161,64989422,26254.666015625,301.1826477050781,261.546630859375,2,27,44,27,5,3,3,169,4,1,MaxDuration,,,,,,,,,
ppo_rollout,3729408,4544.5434274,820.6342528304651,,,,,,,,,,,,,,,,,,,-0.012471458168389897,3.7417692720890043,-0.6497477799654007,0.9642791748046875,0.007746814,0.07888997395833333
training_episode,3730698,4545.841819599998,820.6836374980321,36922050,27389.33203125,306.5078430175781,271.8932800292969,4,40,42,27,5,5,8,196,1,1,MaxDuration,,,,,,,,,
ppo_rollout,3735552,4548.50150860002,821.2709159130877,,,,,,,,,,,,,,,,,,,-0.019081131991697475,1.9183192178606987,-0.6676407953103384,0.9902223944664001,0.010034106,0.09666341145833333
training_episode,3736734,4549.761022200022,821.3033567624865,27810627,27389.33203125,305.0864562988281,272.8932800292969,2,45,48,27,6,2,5,170,1,1,MaxDuration,,,,,,,,,
training_episode,3739542,4551.357371700025,821.6322504693153,5922266,27389.33203125,302.9543762207031,272.3932800292969,3,53,39,27,7,8,5,180,1,1,MaxDuration,,,,,,,,,
ppo_rollout,3741696,4552.538459200005,821.8922329889575,,,,,,,,,,,,,,,,,,,-0.017509100186483315,2.115481874346733,-0.6504419436057408,0.9903648495674133,0.009836708,0.10152994791666667
training_episode,3744354,4554.596899600001,822.1043667615988,13986399,1467.914794921875,63.465354919433594,13.179147720336914,3,6,11,2,1,2,2,41,0,1,LivesExhausted,,,,,,,,,
training_episode,3744798,4554.840161300002,822.157939112224,13358025,25150.666015625,300.7322082519531,250.5066375732422,2,42,43,26,7,7,6,136,2,1,MaxDuration,,,,,,,,,
training_episode,3745788,4555.405876200006,822.2731633135253,6760098,1148.1153564453125,52.047271728515625,9.98115348815918,3,3,12,2,0,0,1,22,1,0,LivesExhausted,,,,,,,,,
ppo_rollout,3747840,4556.590387700009,822.5097454703987,,,,,,,,,,,,,,,,,,,-0.018627709538365404,1.8009391382336617,-0.6400445754329364,0.9887961149215698,0.013749186,0.10633138020833334
training_episode,3749532,4558.131964300002,822.6027744187569,54621251,829.2028198242188,39.439388275146484,6.292027950286865,4,7,8,1,2,1,1,34,0,0,LivesExhausted,,,,,,,,,
training_episode,3752682,4559.897120900016,822.9751462592887,60695533,1299.055908203125,57.4063720703125,11.490558624267578,3,4,10,2,0,0,0,16,0,0,LivesExhausted,,,,,,,,,
training_episode,3752982,4560.065586700017,823.0105310208753,22993093,558.4915771484375,28.740562438964844,4.084915637969971,3,4,5,1,0,0,1,6,1,0,LivesExhausted,,,,,,,,,
ppo_rollout,3753984,4560.638575900026,823.126835754391,,,,,,,,,,,,,,,,,,,-0.008071973784050593,3.6106550708413123,-0.6490350738167763,0.977011501789093,0.0076777977,0.08543294270833333
training_episode,3759396,4564.151114800014,823.6791257435666,57030018,27389.33203125,304.3557434082031,272.8932800292969,2,58,35,27,6,7,3,152,3,1,MaxDuration,,,,,,,,,
ppo_rollout,3760128,4564.583734900021,823.7614245633636,,,,,,,,,,,,,,,,,,,-0.016277567613481855,4.537454210718473,-0.6724781026442845,0.9837210774421692,0.007941075,0.07618815104166667
training_episode,3763992,4567.352922500024,824.1079819905203,35770031,26254.666015625,300.8523254394531,261.546630859375,2,53,42,27,5,6,11,123,1,1,MaxDuration,,,,,,,,,
ppo_rollout,3766272,4568.626106700016,824.3773756133509,,,,,,,,,,,,,,,,,,,-0.018619562588476888,2.1180164138476054,-0.6437192479769389,0.9841471314430237,0.010435391,0.10362955729166666
training_episode,3766908,4569.575589000015,824.3452650324433,31580871,26254.666015625,301.6931457519531,262.046630859375,1,52,44,27,2,10,7,171,6,1,MaxDuration,,,,,,,,,
ppo_rollout,3772416,4572.635243700002,824.9982338297127,,,,,,,,,,,,,,,,,,,-0.019898855387388416,1.5615436693032583,-0.6179439932107925,0.9907605051994324,0.013577963,0.114697265625
ppo_rollout,3778560,4576.810452500009,825.5880463513673,,,,,,,,,,,,,,,,,,,-0.019669589404171954,1.7870131363471349,-0.6426146075129509,0.9730546474456787,0.012516188,0.11780598958333334
training_episode,3780846,4578.696887900005,825.7471705522889,59648243,27389.33203125,304.0554504394531,272.8932800292969,2,52,43,27,1,11,11,104,4,1,MaxDuration,,,,,,,,,
ppo_rollout,3784704,4580.798654700018,826.210511592077,,,,,,,,,,,,,,,,,,,-0.01937096346130905,1.7111379871765773,-0.651568769911925,0.9066486954689026,0.010813252,0.114501953125
training_episode,3788796,4583.670927900006,826.5855161936383,54097606,26254.666015625,300.9123840332031,261.546630859375,2,53,40,27,5,6,6,193,1,1,MaxDuration,,,,,,,,,
training_episode,3789468,4584.035963300004,826.6662893438553,3304041,30977.33203125,304.0354309082031,309.2732849121094,1,53,36,31,9,10,7,178,3,1,MaxDuration,,,,,,,,,
ppo_rollout,3790848,4584.781058300025,826.8329396312756,,,,,,,,,,,,,,,,,,,-0.019631179848996302,1.7191440999507903,-0.6410039156675339,0.9877228140830994,0.012267406,0.11101888020833334
training_episode,3794082,4587.1410314000095,827.1125683794454,4141873,945.4685668945312,44.03861618041992,7.954685211181641,3,4,10,1,0,0,0,21,0,0,LivesExhausted,,,,,,,,,
training_episode,3795570,4587.970023800008,827.2874452776614,5293892,26254.666015625,301.3928527832031,261.546630859375,2,52,39,27,5,7,3,173,2,1,MaxDuration,,,,,,,,,
ppo_rollout,3796992,4588.820980800025,827.4439155257751,,,,,,,,,,,,,,,,,,,-0.017219751665834337,2.248539235194524,-0.6406835084160168,0.9891350269317627,0.009320247,0.09002278645833334
training_episode,3800538,4591.534477000008,827.7272051506351,34827470,29750.666015625,304.5259094238281,296.5066223144531,2,51,45,30,7,10,9,184,2,1,MaxDuration,,,,,,,,,
training_episode,3802938,4592.892799400026,828.0049559390503,35455844,29750.666015625,300.2317199707031,297.5066223144531,0,58,38,30,6,6,4,162,2,1,MaxDuration,,,,,,,,,
ppo_rollout,3803136,4593.006882400019,828.027498624761,,,,,,,,,,,,,,,,,,,-0.020197775521470854,1.8675338779886563,-0.6435319274663925,0.9919416308403015,0.011102758,0.108056640625
training_episode,3807138,4595.758358899999,828.402562251172,15976250,716.8201293945312,35.0001335144043,5.168200969696045,4,4,5,1,3,0,0,8,0,0,LivesExhausted,,,,,,,,,
training_episode,3809190,4596.920813300007,828.6394642646638,15766792,1701.485595703125,72.09699249267578,14.514856338500977,5,7,10,2,2,0,0,34,0,0,LivesExhausted,,,,,,,,,
ppo_rollout,3809280,4596.975702600001,828.649148144401,,,,,,,,,,,,,,,,,,,-0.02155894845879326,1.9151138251026472,-0.6513910949230194,0.9885236620903015,0.011689417,0.118115234375
training_episode,3814890,4600.652266300021,829.2063340548982,45090912,1032.329833984375,47.468040466308594,8.823298454284668,3,5,6,2,0,0,0,20,0,0,LivesExhausted,,,,,,,,,
ppo_rollout,3815424,4600.94908630001,829.2689026620563,,,,,,,,,,,,,,,,,,,-0.015708777599502354,3.0620954145987827,-0.645290311674277,0.9846553802490234,0.009414892,0.090234375
training_episode,3817368,4602.600889100024,829.393660667031,33151806,27389.33203125,304.3357238769531,273.3932800292969,1,53,44,27,4,9,6,140,3,1,MaxDuration,,,,,,,,,
ppo_rollout,3821568,4604.874780100014,829.896182305526,,,,,,,,,,,,,,,,,,,-0.01637411375413649,2.3680824329455694,-0.6488905231157939,0.985341489315033,0.009514361,0.088232421875
training_episode,3826170,4607.973689700011,830.3367722242988,1733106,27389.33203125,305.7971496582031,273.3932800292969,1,48,40,27,2,3,7,209,5,1,MaxDuration,,,,,,,,,
ppo_rollout,3827712,4608.792101500003,830.5239020771216,,,,,,,,,,,,,,,,,,,-0.021403569659256997,1.9742887829740843,-0.6464565441012382,0.9920058250427246,0.012959207,0.11739908854166667
training_episode,3830772,4611.090590300009,830.7735285137306,15138418,28554.666015625,305.7170715332031,285.046630859375,1,59,41,28,2,5,5,164,3,1,MaxDuration,,,,,,,,,
training_episode,3831942,4611.708550200012,830.9159085592707,28753188,27389.33203125,303.0644836425781,272.8932800292969,2,43,40,27,6,6,7,166,0,1,MaxDuration,,,,,,,,,
training_episode,3833424,4612.5224326000025,831.0905921901744,63627945,1391.5888671875,60.44586181640625,11.915888786315918,4,5,11,2,2,0,0,26,0,0,LivesExhausted,,,,,,,,,
ppo_rollout,3833856,4612.756191000022,831.1421287516259,,,,,,,,,,,,,,,,,,,-0.0192866267694626,1.88549758742253,-0.6544566581646601,0.9842801690101624,0.011399656,0.11858723958333334
training_episode,3836448,4614.738008400018,831.3468701834582,28020085,780.6088256835938,37.519710540771484,6.306087970733643,3,4,8,1,0,0,0,15,0,0,LivesExhausted,,,,,,,,,
training_episode,3836886,4614.9676995000045,831.4004018740362,4874976,1119.654296875,50.91746139526367,9.696542739868164,3,4,11,2,0,1,1,7,1,0,LivesExhausted,,,,,,,,,
ppo_rollout,3840000,4616.625832900027,831.77631001294,,,,,,,,,,,,,,,,,,,-0.015418963660097991,2.0506869172056517,-0.6581341256697972,0.9921519160270691,0.010003685,0.08681640625
training_episode,3843576,4619.210851900018,832.0849866420417,14091128,29750.666015625,303.6050109863281,296.5066223144531,2,55,44,30,7,4,11,162,4,1,MaxDuration,,,,,,,,,
ppo_rollout,3846144,4620.631692100025,832.3848894028537,,,,,,,,,,,,,,,,,,,-0.015119851720131312,3.0752173542976378,-0.6648380776246389,0.9890925288200378,0.009279194,0.08310546875
training_episode,3847038,4621.771604700014,832.3730225197271,49908446,2155.0537109375,88.21043395996094,19.050537109375,5,5,18,3,2,0,0,43,1,0,LivesExhausted,,,,,,,,,
training_episode,3848724,4622.690848099999,832.5722239422279,72529910,916.511962890625,42.88880920410156,7.165119647979736,4,5,7,1,2,0,0,9,1,0,LivesExhausted,,,,,,,,,
training_episode,3851586,4624.243172100018,832.9116477347516,24249841,28554.666015625,305.7471008300781,284.546630859375,2,56,41,28,8,9,7,156,0,1,MaxDuration,,,,,,,,,
ppo_rollout,3852288,4624.643496200006,832.9913436928408,,,,,,,,,,,,,,,,,,,-0.018017595629983892,2.6177861601114274,-0.6546499903003374,0.988256573677063,0.010810369,0.109228515625
training_episode,3853974,4626.190273200016,833.0772779335207,51584110,28554.666015625,305.0063781738281,284.046630859375,3,56,44,28,6,5,8,134,1,1,MaxDuration,,,,,,,,,
training_episode,3854388,4626.417859900015,833.1257825645908,25087673,1025.403076171875,47.19808578491211,8.75403118133545,3,3,10,2,0,0,0,26,0,0,LivesExhausted,,,,,,,,,
ppo_rollout,3858432,4628.6091593000165,833.6050565529948,,,,,,,,,,,,,,,,,,,-0.014723215965204872,2.6846220259865126,-0.66166164179643,0.9870724678039551,0.009339488,0.09231770833333333
training_episode,3859584,4629.844694300002,833.6314185120934,34303825,1562.54638671875,66.60581970214844,13.62546443939209,4,6,10,2,1,1,1,28,0,1,LivesExhausted,,,,,,,,,
ppo_rollout,3864576,4632.544917000021,834.2231039829079,,,,,,,,,,,,,,,,,,,-0.015656547845962147,2.1257850448290507,-0.6555858929951985,0.9905524253845215,0.011226892,0.09495442708333333
training_episode,3869868,4636.107658400026,834.7234976280806,24668757,27389.33203125,303.6550598144531,272.3932800292969,3,45,34,27,5,6,6,161,4,1,MaxDuration,,,,,,,,,
ppo_rollout,3870720,4636.5795163,834.822305191229,,,,,,,,,,,,,,,,,,,-0.015800407173810527,2.218733756740888,-0.6519619037707647,0.9890342950820923,0.011164908,0.09934895833333333
training_episode,3873468,4638.658913400024,835.040487415541,56296915,28554.666015625,304.8362121582031,285.046630859375,1,40,46,28,8,5,10,164,3,1,MaxDuration,,,,,,,,,
training_episode,3873942,4638.930312500015,835.0938123733644,22888364,690.0962524414062,33.940311431884766,4.9009623527526855,4,7,5,1,1,1,0,5,0,0,LivesExhausted,,,,,,,,,
ppo_rollout,3876864,4640.493904100003,835.4421059738241,,,,,,,,,,,,,,,,,,,-0.02079795826187668,1.9356617733836174,-0.6534753556052844,0.9719964265823364,0.011918876,0.11533203125
ppo_rollout,3883008,4644.380370400002,836.0658883039703,,,,,,,,,,,,,,,,,,,-0.017634024926034424,1.8833008329073588,-0.6597100675106049,0.9928752183914185,0.012182325,0.10872395833333333
training_episode,3883368,4645.181364700024,835.9992205063838,15033689,29750.666015625,302.6941223144531,297.5066223144531,0,42,43,30,11,6,10,140,3,1,MaxDuration,,,,,,,,,
ppo_rollout,3889152,4648.2719369000115,836.6877094961278,,,,,,,,,,,,,,,,,,,-0.0215745601686649,2.2661495422323545,-0.6620422378182411,0.9800236225128174,0.012343231,0.11209309895833333
training_episode,3889410,4649.012922599999,836.6098491773637,38178798,1104.1990966796875,50.30756378173828,9.041990280151367,4,6,11,2,1,1,1,8,0,0,LivesExhausted,,,,,,,,,
training_episode,3890070,4649.370442400017,836.687471603561,67188731,26254.666015625,300.7622375488281,260.046630859375,5,37,41,27,7,5,4,180,1,1,MaxDuration,,,,,,,,,
training_episode,3890838,4649.777432400006,836.7794064482189,47185492,27389.33203125,303.7151184082031,272.8932800292969,2,42,43,27,6,7,5,117,3,1,MaxDuration,,,,,,,,,
training_episode,3893844,4651.4120036000095,837.1316058406175,73367742,766.0885009765625,36.949806213378906,6.160885334014893,3,5,9,1,0,2,0,11,0,0,LivesExhausted,,,,,,,,,
ppo_rollout,3895296,4652.242274500022,837.2943131854904,,,,,,,,,,,,,,,,,,,-0.02066935148322955,2.026293493807316,-0.6511510744690895,0.9897860884666443,0.009829162,0.103466796875
training_episode,3895908,4653.215954400017,837.2506322892843,5503350,27389.33203125,302.6741027832031,272.3932800292969,3,41,40,27,8,3,9,175,3,1,MaxDuration,,,,,,,,,
training_episode,3897864,4654.330234300025,837.4704423151462,59229327,1327.9180908203125,58.546180725097656,11.779181480407715,3,5,13,2,0,1,1,30,1,0,LivesExhausted,,,,,,,,,
training_episode,3901092,4656.11050520002,837.8435167385303,2361480,1389.9520263671875,60.38587188720703,12.399520874023438,3,4,11,2,0,1,0,18,1,0,LivesExhausted,,,,,,,,,
ppo_rollout,3901440,4656.298550200008,837.8844178349381,,,,,,,,,,,,,,,,,,,-0.015508097705120842,2.4253810117642085,-0.6678868909676869,0.9920089840888977,0.011345473,0.10026041666666667
training_episode,3905838,4659.3038541999995,838.2878906854704,72110994,1558.3251953125,66.43578338623047,13.583251953125,4,8,12,2,2,2,1,26,0,1,LivesExhausted,,,,,,,,,
ppo_rollout,3907584,4660.229444100027,838.4960540831535,,,,,,,,,,,,,,,,,,,-0.015613645885605366,3.1837848236163455,-0.6721899509429932,0.9896261692047119,0.010881282,0.10338541666666666
training_episode,3909888,4662.051726900012,838.6625093496858,42472687,27389.33203125,303.4648742675781,272.3932800292969,3,43,41,27,5,6,6,190,2,1,MaxDuration,,,,,,,,,
training_episode,3910452,4662.350737200002,838.7296924702068,55877999,29750.666015625,304.2256164550781,296.0066223144531,3,47,40,30,6,4,7,183,2,1,MaxDuration,,,,,,,,,
ppo_rollout,3913728,4664.110080700018,839.115701019776,,,,,,,,,,,,,,,,,,,-0.013112734877116358,2.9878254771232604,-0.6520783518751462,0.986956000328064,0.009349583,0.07877604166666667
training_episode,3915702,4665.771770200023,839.2399356113668,21841074,938.3933715820312,43.74866485595703,7.883934020996094,3,3,11,1,0,0,0,18,0,0,LivesExhausted,,,,,,,,,
ppo_rollout,3919872,4668.003290200024,839.7320559369258,,,,,,,,,,,,,,,,,,,-0.0197706085552151,2.3481708099444707,-0.6510842755436897,0.9904500842094421,0.013618163,0.10901692708333334
ppo_rollout,3926016,4671.931260500016,840.3411311278189,,,,,,,,,,,,,,,,,,,-0.01554177761815178,2.2946288804213206,-0.6379406958818435,0.9878284931182861,0.009961528,0.09119466145833334
training_episode,3926172,4672.620298200025,840.2505980450477,42996332,29750.666015625,300.8323059082031,297.5066223144531,0,38,43,30,2,3,9,149,1,1,MaxDuration,,,,,,,,,
training_episode,3929070,4674.203609100019,840.5859754056609,50117904,463.11102294921875,24.12045669555664,3.131110429763794,3,4,8,1,0,0,0,5,0,0,LivesExhausted,,,,,,,,,
ppo_rollout,3932160,4675.877373100026,840.9459201435486,,,,,,,,,,,,,,,,,,,-0.017707110733802742,1.9567653626203536,-0.6023093670606613,0.9353920817375183,0.009198428,0.10013020833333333
training_episode,3932526,4676.6837237,840.8791854089177,14405315,27389.33203125,305.0964660644531,272.8932800292969,2,44,45,27,6,8,11,140,1,1,MaxDuration,,,,,,,,,
training_episode,3937476,4679.328148500004,841.4618242283755,57763121,29750.666015625,303.1645812988281,296.5066223144531,2,28,39,30,7,3,6,157,1,1,MaxDuration,,,,,,,,,
ppo_rollout,3938304,4679.776448600023,841.5581477568575,,,,,,,,,,,,,,,,,,,-0.019458905859695126,2.4325856298208235,-0.6444244499007861,0.987862765789032,0.009295047,0.107763671875
training_episode,3939912,4681.27759860002,841.6317804306816,64675235,344.92547607421875,20.300369262695312,1.9492545127868652,3,3,4,1,0,0,0,5,0,0,LivesExhausted,,,,,,,,,
training_episode,3942132,4682.501938800007,841.8858233319294,37445695,26254.666015625,302.4038391113281,261.546630859375,2,34,44,27,6,7,7,145,1,1,MaxDuration,,,,,,,,,
ppo_rollout,3944448,4683.739581100002,842.1578381336104,,,,,,,,,,,,,,,,,,,-0.01607478901084202,2.3000128328800202,-0.6120961988965671,0.99018394947052,0.010989081,0.09718424479166667
training_episode,3946224,4685.313781100005,842.2539416503106,12834380,29750.666015625,302.7541809082031,297.5066223144531,0,34,45,30,6,5,5,130,1,1,MaxDuration,,,,,,,,,
ppo_rollout,3950592,4687.703281000024,842.7564125085203,,,,,,,,,,,,,,,,,,,-0.014665829673564683,2.6196184237798055,-0.6478159700830778,0.9907504320144653,0.009369859,0.082861328125
training_episode,3952236,4689.176575800026,842.8422210408454,14719502,30977.33203125,304.4158020019531,309.2732849121094,1,36,43,31,4,7,7,119,2,1,MaxDuration,,,,,,,,,
training_episode,3953460,4689.816421800002,842.9882205245508,73681929,1386.8099365234375,60.265892028808594,12.368099212646484,3,4,11,2,0,0,0,6,1,0,LivesExhausted,,,,,,,,,
ppo_rollout,3956736,4691.61486880001,843.3633430384339,,,,,,,,,,,,,,,,,,,-0.014474075345788151,2.538411327203115,-0.6391486793756485,0.988763689994812,0.008639043,0.07867838541666666
training_episode,3957372,4692.586253000016,843.3242963770807,6236453,656.0751953125,32.60053634643555,5.060751914978027,3,3,8,1,0,0,0,17,0,0,LivesExhausted,,,,,,,,,
training_episode,3962862,4695.8031786000065,843.9156943501786,22259990,988.183837890625,45.72833251953125,7.881838798522949,4,7,6,1,1,2,1,33,0,0,LivesExhausted,,,,,,,,,
ppo_rollout,3962880,4695.818601000006,843.9167558891814,,,,,,,,,,,,,,,,,,,-0.015984070060464244,3.208278316259384,-0.635352744658788,0.9888392090797424,0.011292833,0.09874674479166666
training_episode,3965742,4698.019032400014,844.130679899369,5608079,30977.33203125,305.5469055175781,309.2732849121094,1,35,44,31,9,3,7,141,3,1,MaxDuration,,,,,,,,,
training_episode,3968766,4699.69127000001,844.4737690184469,73472471,27389.33203125,301.9433898925781,272.8932800292969,2,36,47,27,5,3,8,122,1,1,MaxDuration,,,,,,,,,
ppo_rollout,3969024,4699.828126500011,844.504074015097,,,,,,,,,,,,,,,,,,,-0.017304275654411564,3.0666929721832275,-0.6320388396581014,0.9868154525756836,0.008673443,0.08138020833333333
ppo_rollout,3975168,4703.844120499998,845.0892287598716,,,,,,,,,,,,,,,,,,,-0.021210816223174334,2.270337157448133,-0.6493790765603383,0.9938679933547974,0.010440345,0.10940755208333333
training_episode,3976284,4705.041295400006,845.1113923032955,62894842,24077.33203125,303.0845031738281,239.77330017089844,2,36,42,24,6,4,1,146,1,1,MaxDuration,,,,,,,,,
training_episode,3978636,4706.314337400021,845.3825466740874,58810411,29750.666015625,304.1755676269531,296.5066223144531,2,42,45,30,4,7,10,124,0,1,MaxDuration,,,,,,,,,
ppo_rollout,3981312,4707.766868400009,845.6901353216533,,,,,,,,,,,,,,,,,,,-0.0186270028197517,2.107286026577155,-0.6587466433644295,0.987853467464447,0.010897915,0.09568684895833333
ppo_rollout,3987456,4711.748278700019,846.2795047914035,,,,,,,,,,,,,,,,,,,-0.01689326443010941,2.288251146674156,-0.6574397231141726,0.9867885112762451,0.011311755,0.10625
training_episode,3988428,4712.8905440000235,846.2806345200747,41634855,28554.666015625,301.5630187988281,285.546630859375,0,31,47,28,6,6,9,164,2,1,MaxDuration,,,,,,,,,
ppo_rollout,3993600,4715.743757600023,846.8653525891443,,,,,,,,,,,,,,,,,,,-0.020214764698175715,2.1609107946356136,-0.6615292742848397,0.9839769601821899,0.010794797,0.117333984375
training_episode,3998892,4720.0103680000175,847.22102034162,72844097,26254.666015625,300.2016906738281,261.546630859375,2,32,36,27,4,3,4,138,4,1,MaxDuration,,,,,,,,,
ppo_rollout,3999744,4720.619797899999,847.2921292622029,,,,,,,,,,,,,,,,,,,-0.020813800483786813,1.6615421618024508,-0.6421153167883555,0.990115225315094,0.011410665,0.11822916666666666
validation,4000002,,,,,,,,,,,,,,,,,,17641.59865386963,25730.5712890625,12433.49555435471,,,,,,
training_episode,4002132,5003.128225400025,799.9259302773535,15871521,28554.666015625,303.2246398925781,285.046630859375,1,29,48,28,3,4,8,157,0,1,MaxDuration,,,,,,,,,
training_episode,4005054,5004.803290800017,800.2420409533804,44776725,26254.666015625,302.3437805175781,262.546630859375,0,34,37,27,8,8,7,166,2,1,MaxDuration,,,,,,,,,
ppo_rollout,4005888,5005.261470000027,800.3354118481204,,,,,,,,,,,,,,,,,,,-0.016387931513600053,2.2372495810190838,-0.6331799258788426,0.9683268666267395,0.010736622,0.08352864583333333
training_episode,4008936,5007.519348400005,800.5832271583593,3827686,1280.6148681640625,56.67649459838867,11.306148529052734,3,3,10,2,2,0,1,16,1,0,LivesExhausted,,,,,,,,,
ppo_rollout,4012032,5009.177777900011,800.9362370209103,,,,,,,,,,,,,,,,,,,-0.01717340786320468,2.213463095823924,-0.6630272229512533,0.9924060702323914,0.010450249,0.097509765625
training_episode,4012866,5010.234653500025,800.9337441304693,40378107,30977.33203125,304.8262023925781,309.7732849121094,0,39,44,31,3,2,5,120,3,1,MaxDuration,,,,,,,,,
training_episode,4015278,5011.534245700022,801.207335547028,56925289,27389.33203125,305.2966613769531,272.3932800292969,3,29,43,27,8,4,5,211,0,1,MaxDuration,,,,,,,,,
ppo_rollout,4018176,5013.119161600014,801.5321141334165,,,,,,,,,,,,,,,,,,,-0.01585603811351272,2.5020654698212943,-0.6602980330586433,0.9884976148605347,0.009280694,0.09046223958333334
training_episode,4020648,5015.103224999999,801.7079249649943,66560357,1502.0653076171875,64.81543731689453,13.520652770996094,3,5,14,2,0,2,1,26,0,1,LivesExhausted,,,,,,,,,
ppo_rollout,4024320,5017.075881199999,802.1246031139261,,,,,,,,,,,,,,,,,,,-0.0199927464632007,2.23924643745025,-0.6620013758540153,0.9916394352912903,0.012428522,0.12096354166666666
training_episode,4025130,5018.104470200022,802.1216026695352,4770247,28554.666015625,305.7971496582031,285.546630859375,0,31,48,28,5,6,6,133,2,1,MaxDuration,,,,,,,,,
training_episode,4030020,5020.817634100007,802.662094840732,56087457,861.8607788085938,40.73917007446289,7.118607997894287,3,3,9,1,0,0,0,27,1,0,LivesExhausted,,,,,,,,,
ppo_rollout,4030464,5021.068825300026,802.7103671018025,,,,,,,,,,,,,,,,,,,-0.011774675897322595,3.6714826186498004,-0.6670151621103286,0.9834696650505066,0.010296476,0.08728841145833334
training_episode,4035138,5024.251151400007,803.1322237694286,2047293,27389.33203125,302.0234680175781,272.8932800292969,2,35,41,27,5,5,9,196,2,1,MaxDuration,,,,,,,,,
ppo_rollout,4036608,5025.056019100011,803.2961194177806,,,,,,,,,,,,,,,,,,,-0.01809270242229104,1.9300263697902362,-0.6530890002846718,0.9912815093994141,0.010778648,0.10634765625
training_episode,4041192,5028.172010300012,803.7099748619931,11368174,26254.666015625,301.1125793457031,262.046630859375,1,32,44,27,4,4,5,171,1,1,MaxDuration,,,,,,,,,
ppo_rollout,4042752,5029.0014592000225,803.8876172135954,,,,,,,,,,,,,,,,,,,-0.022593763338712356,2.0392705708742143,-0.677989469965299,0.983585774898529,0.013585672,0.13307291666666668
training_episode,4045560,5031.268049400009,804.0835750109643,17966101,751.0783081054688,36.35990524291992,6.0107831954956055,3,3,9,1,0,0,1,0,0,0,LivesExhausted,,,,,,,,,
training_episode,4045632,5031.313305200019,804.0906527961025,44671996,27389.33203125,305.7871398925781,273.3932800292969,1,33,45,27,8,4,5,158,2,1,MaxDuration,,,,,,,,,
ppo_rollout,4048896,5033.114609300013,804.4513813610744,,,,,,,,,,,,,,,,,,,-0.01911114833395307,2.3127653270959856,-0.6915089001258214,0.989817202091217,0.011242159,0.11168619791666666
training_episode,4051308,5035.0749104999995,804.6172245722739,59334056,26254.666015625,300.2317199707031,260.546630859375,4,29,44,27,4,6,3,175,6,1,MaxDuration,,,,,,,,,
ppo_rollout,4055040,5037.105557700008,805.0337547128099,,,,,,,,,,,,,,,,,,,-0.016604350198758767,2.1315044646461803,-0.6870062013467153,0.9920549392700195,0.0110883,0.09677734375
training_episode,4057236,5038.909443900018,805.1813681453616,33884909,30977.33203125,304.8662414550781,308.7732849121094,2,43,41,31,7,4,7,127,4,1,MaxDuration,,,,,,,,,
training_episode,4057764,5039.1995971,805.2397849720411,68864395,1207.389404296875,53.776981353759766,10.573893547058105,3,4,10,2,0,0,1,17,0,0,LivesExhausted,,,,,,,,,
training_episode,4060170,5040.5325322000135,805.5041752161611,34199096,466.47174072265625,24.410463333129883,3.164717197418213,3,3,7,1,1,0,1,0,0,0,LivesExhausted,,,,,,,,,
ppo_rollout,4061184,5041.100741400005,805.6145291141585,,,,,,,,,,,,,,,,,,,-0.017923603334929795,2.9972761452198027,-0.6886454040805499,0.9865223169326782,0.009770076,0.10838216145833333
training_episode,4062054,5042.166398800007,805.6168080781179,63732674,735.63134765625,35.75000762939453,5.856313228607178,3,4,8,1,0,0,0,11,0,0,LivesExhausted,,,,,,,,,
training_episode,4066536,5044.619921100006,806.1134562370104,32837619,30977.33203125,304.2756652832031,309.2732849121094,1,23,40,31,3,4,4,145,1,1,MaxDuration,,,,,,,,,
ppo_rollout,4067328,5045.0974000999995,806.1941479899637,,,,,,,,,,,,,,,,,,,-0.015770047617843376,3.109153692921003,-0.6786071186264356,0.9894096255302429,0.009439923,0.08269856770833334
training_episode,4071774,5048.083031900023,806.5980639124798,39540275,1957.4268798828125,80.99889373779297,17.574268341064453,4,5,15,2,2,0,0,48,1,0,LivesExhausted,,,,,,,,,
training_episode,4071900,5048.157550700009,806.6111168490304,44357809,27389.33203125,306.3276672363281,272.8932800292969,2,24,45,27,7,4,6,174,5,1,MaxDuration,,,,,,,,,
ppo_rollout,4073472,5049.0654545,806.777419843013,,,,,,,,,,,,,,,,,,,-0.01843574233741189,2.572686537106832,-0.6865818485617637,0.9942852258682251,0.010975025,0.10670572916666667
ppo_rollout,4079616,5052.939080300013,807.3748634542764,,,,,,,,,,,,,,,,,,,-0.016345508745871484,3.4842748512824375,-0.6847983842094739,0.9906087517738342,0.010422419,0.08743489583333333
training_episode,4081812,5054.787248800014,807.5141047665271,7912117,26254.666015625,302.0534973144531,261.546630859375,2,33,45,27,4,3,8,159,2,1,MaxDuration,,,,,,,,,
training_episode,4082118,5054.970785500016,807.5453198877814,42158500,27389.33203125,304.0154113769531,272.8932800292969,2,35,40,27,10,6,10,160,2,1,MaxDuration,,,,,,,,,
ppo_rollout,4085760,5057.033032300009,807.9361898377277,,,,,,,,,,,,,,,,,,,-0.02037002829601988,2.2684153308471044,-0.6788421635826428,0.9881835579872131,0.010677208,0.10712890625
ppo_rollout,4091904,5061.1686460000055,808.48995285584,,,,,,,,,,,,,,,,,,,-0.021633770231467984,1.5311179240544637,-0.6720321963230769,0.9909483194351196,0.01211777,0.118359375
training_episode,4096404,5064.356449300016,808.8696048569401,30324123,23034.666015625,301.8933410644531,228.8466339111328,3,37,43,23,2,5,6,127,1,1,MaxDuration,,,,,,,,,
ppo_rollout,4098048,5065.378973200015,809.0308783769221,,,,,,,,,,,,,,,,,,,-0.022183544819320864,1.9461104174455006,-0.6423223356405894,0.9809885621070862,0.013041158,0.1265625
training_episode,4102686,5068.486334400019,809.4499480357492,64046861,30977.33203125,301.2126770019531,309.2732849121094,1,39,43,31,4,9,9,162,2,1,MaxDuration,,,,,,,,,
ppo_rollout,4104192,5069.307241800008,809.6159503132985,,,,,,,,,,,,,,,,,,,-0.019222694253160928,1.9045155425866445,-0.666526897251606,0.9836183786392212,0.010119876,0.09090169270833333
training_episode,4108464,5072.197277300002,809.9968860412681,35246386,30977.33203125,305.7270812988281,308.7732849121094,2,35,43,31,7,5,8,111,1,1,MaxDuration,,,,,,,,,
training_episode,4108686,5072.317906600016,810.021389758289,39226088,27389.33203125,306.5378723144531,273.3932800292969,1,37,44,27,3,6,8,136,3,1,MaxDuration,,,,,,,,,
training_episode,4110246,5073.164870500012,810.1936571982321,26449150,1455.8238525390625,62.99543380737305,13.058238983154297,3,4,12,2,0,0,0,24,0,0,LivesExhausted,,,,,,,,,
ppo_rollout,4110336,5073.2182773000095,810.2028683432758,,,,,,,,,,,,,,,,,,,-0.01843268504696122,2.2128354479869206,-0.6617203066746394,0.9908682107925415,0.011175056,0.10592447916666667
training_episode,4113564,5075.586170000024,810.4608733300217,39016630,530.200439453125,27.62053680419922,3.802004337310791,3,3,3,1,1,0,0,20,0,0,LivesExhausted,,,,,,,,,
ppo_rollout,4116480,5077.207475700008,810.7764001573423,,,,,,,,,,,,,,,,,,,-0.017287812907792008,2.3004633779327075,-0.6944781353076299,0.9934767484664917,0.009093158,0.09210611979166666
training_episode,4116738,5077.9600126000005,810.7070535776356,41949042,506.16497802734375,26.430509567260742,3.561649799346924,3,3,5,1,0,0,0,18,1,0,LivesExhausted,,,,,,,,,
training_episode,4117854,5078.582341600006,810.827455975179,39749733,27389.33203125,300.3218078613281,272.8932800292969,2,38,40,27,12,3,9,140,2,1,MaxDuration,,,,,,,,,
training_episode,4118448,5078.902203900012,810.8933455811585,3513499,27389.33203125,302.7041320800781,273.3932800292969,1,29,43,27,6,3,8,125,4,1,MaxDuration,,,,,,,,,
training_episode,4121658,5080.705115500023,811.2373984126341,14824231,632.8607788085938,31.68062973022461,4.82860803604126,3,4,9,1,0,0,1,20,0,0,LivesExhausted,,,,,,,,,
training_episode,4122414,5081.127860600012,811.3186900817723,47709137,667.33203125,33.05046081542969,5.1733198165893555,3,3,6,1,0,0,0,18,0,0,LivesExhausted,,,,,,,,,
ppo_rollout,4122624,5081.244543700013,811.3413878321286,,,,,,,,,,,,,,,,,,,-0.019963978642287352,2.6711157326896986,-0.7018662636478742,0.9928767085075378,0.01232965,0.116796875
ppo_rollout,4128768,5085.165946900001,811.923945671225,,,,,,,,,,,,,,,,,,,-0.016062385429783412,3.18872919579347,-0.7059133514761925,0.9909573197364807,0.0109507665,0.094287109375
training_episode,4132734,5087.889091400022,812.268885142464,4979705,27389.33203125,302.7141418457031,272.8932800292969,2,34,44,27,6,3,4,173,2,1,MaxDuration,,,,,,,,,
ppo_rollout,4134912,5089.0793825,812.5068778095446,,,,,,,,,,,,,,,,,,,-0.01939841371301251,2.453561512132486,-0.6798216486970584,0.9896528124809265,0.012807584,0.114794921875
training_episode,4140708,5092.844106300006,813.0443252480113,71273162,1558.5557861328125,66.44578552246094,13.585556983947754,4,6,14,2,1,0,0,33,0,0,LivesExhausted,,,,,,,,,
ppo_rollout,4141056,5093.047511500015,813.0801824741602,,,,,,,,,,,,,,,,,,,-0.020145780923000227,1.7646782780687014,-0.6487373371918996,0.9870420098304749,0.01191907,0.10323893229166667
training_episode,4144896,5095.852998800023,813.3861006147636,56506373,27389.33203125,301.7231750488281,273.3932800292969,1,34,41,27,7,1,5,148,4,1,MaxDuration,,,,,,,,,
training_episode,4145160,5096.0184934000135,813.4114908273008,59962430,27389.33203125,305.7471008300781,272.8932800292969,2,34,45,27,6,6,5,201,2,1,MaxDuration,,,,,,,,,
ppo_rollout,4147200,5097.139120300009,813.6328834901219,,,,,,,,,,,,,,,,,,,-0.017760852867892633,2.2959596534570057,-0.679315197467804,0.9905298352241516,0.010000422,0.0931640625
training_episode,4147848,5098.137355300016,813.6006762720709,29276833,466.1490478515625,24.600467681884766,3.1614904403686523,3,3,6,1,0,0,1,10,0,0,LivesExhausted,,,,,,,,,
training_episode,4152882,5100.889231300011,814.1486340297569,63104300,28554.666015625,301.1826477050781,284.546630859375,2,35,45,28,7,6,7,113,3,1,MaxDuration,,,,,,,,,
ppo_rollout,4153344,5101.151832800009,814.1972903637804,,,,,,,,,,,,,,,,,,,-0.019667739258147778,2.4744919230540594,-0.6709935719768206,0.9941588044166565,0.0094027305,0.09694010416666667
training_episode,4156644,5103.583257700026,814.4559988766066,37550424,623.3643188476562,31.31062126159668,4.733643531799316,3,3,5,1,0,0,1,16,0,0,LivesExhausted,,,,,,,,,
training_episode,4158030,5104.3474577000015,814.6055954179874,48337511,28554.666015625,303.0644836425781,285.046630859375,1,36,45,28,6,5,10,151,2,1,MaxDuration,,,,,,,,,
training_episode,4158648,5104.67980100002,814.6736254025786,17023540,26254.666015625,301.9033508300781,261.046630859375,3,29,43,27,6,7,5,149,2,1,MaxDuration,,,,,,,,,
ppo_rollout,4159488,5105.1464275000035,814.7637015059931,,,,,,,,,,,,,,,,,,,-0.020346269572231297,2.678652429083983,-0.6782897929350535,0.9929448366165161,0.011245717,0.11774088541666666
ppo_rollout,4165632,5109.114853600011,815.3334030188793,,,,,,,,,,,,,,,,,,,-0.018518889785627834,2.3932100067536037,-0.6797065412004789,0.9888135194778442,0.012482009,0.115673828125
ppo_rollout,4171776,5113.164472200006,815.8892644040138,,,,,,,,,,,,,,,,,,,-0.01971558007838515,1.9758089140057564,-0.6995463520288467,0.9904173612594604,0.010687045,0.11448567708333333
training_episode,4177080,5116.676746700017,816.3658184375225,29800478,27389.33203125,303.0644836425781,273.8932800292969,0,29,44,27,2,4,3,174,1,1,MaxDuration,,,,,,,,,
ppo_rollout,4177920,5117.1814190000005,816.4494587757745,,,,,,,,,,,,,,,,,,,-0.020708118755525598,1.7152302742004395,-0.6692794859409332,0.9703511595726013,0.010958731,0.11056315104166667
training_episode,4180572,5119.3037709000055,816.6290157977926,18070830,566.70703125,29.07056999206543,3.6670703887939453,4,5,5,1,1,0,0,20,1,0,LivesExhausted,,,,,,,,,
training_episode,4181892,5120.071896000009,816.7643120923849,41215939,26254.666015625,306.0774230957031,261.546630859375,2,38,43,27,4,6,8,172,0,1,MaxDuration,,,,,,,,,
ppo_rollout,4184064,5121.3317639000015,816.9874932714274,,,,,,,,,,,,,,,,,,,-0.020403216721024364,2.131993155678113,-0.6783674349387486,0.978261411190033,0.011597127,0.10481770833333333
training_episode,4184364,5122.118264400022,816.9206144813868,41530126,27389.33203125,304.2656555175781,273.3932800292969,1,38,44,27,4,4,8,170,1,1,MaxDuration,,,,,,,,,
training_episode,4188384,5124.388513100013,817.3431794433216,11263445,678.2341918945312,33.48038864135742,4.782342433929443,4,5,5,1,1,0,0,15,0,0,LivesExhausted,,,,,,,,,
ppo_rollout,4190208,5125.403297100012,817.5372272404101,,,,,,,,,,,,,,,,,,,-0.017937945543477933,2.403821485241254,-0.7039993539452553,0.9944789409637451,0.0096988,0.1005859375
training_episode,4193010,5127.484040400013,817.7519358349653,10530342,30977.33203125,303.0344543457031,309.7732849121094,0,33,44,31,6,4,8,155,3,1,MaxDuration,,,,,,,,,
training_episode,4194276,5128.172464700008,817.8890294488876,69702227,28554.666015625,301.9934387207031,285.046630859375,1,32,44,28,6,4,4,138,0,1,MaxDuration,,,,,,,,,
training_episode,4194948,5128.55207440001,817.9595213510175,24040383,26254.666015625,302.4839172363281,261.546630859375,2,42,44,27,4,11,7,117,2,1,MaxDuration,,,,,,,,,
ppo_rollout,4196352,5129.315046600008,818.1115727686824,,,,,,,,,,,,,,,,,,,-0.018962107786986357,2.6979164828856788,-0.7013044158617655,0.9911496639251709,0.010919792,0.10556640625
training_episode,4200804,5132.302496900025,818.5028069832864,50536820,1222.0152587890625,54.36688232421875,10.720152854919434,3,3,9,2,0,0,1,34,0,0,LivesExhausted,,,,,,,,,
ppo_rollout,4202496,5133.2515280000225,818.6810985350924,,,,,,,,,,,,,,,,,,,-0.02001003814317907,2.2980746333797772,-0.6931624914209048,0.9915920495986938,0.013716581,0.12962239583333332
ppo_rollout,4208640,5137.2661598999985,819.2372886675439,,,,,,,,,,,,,,,,,,,-0.01794224609329831,2.418739770849546,-0.6818705792228381,0.9699842929840088,0.012274354,0.12395833333333334
ppo_rollout,4214784,5141.281064700015,819.7925666695535,,,,,,,,,,,,,,,,,,,-0.019306333980057388,1.8133469586571058,-0.6867368479569753,0.9850589036941528,0.014199297,0.13859049479166666
training_episode,4217016,5143.097413600015,819.9370264403011,6550640,27389.33203125,303.6850891113281,272.3932800292969,3,33,42,27,5,4,5,216,3,1,MaxDuration,,,,,,,,,
training_episode,4218126,5143.697543600021,820.0571600965046,4037144,29750.666015625,301.9333801269531,296.5066223144531,2,34,41,30,4,4,7,157,1,1,MaxDuration,,,,,,,,,
training_episode,4219188,5144.273633100005,820.1717678570421,29067375,353.4783935546875,18.09031867980957,2.0347838401794434,3,3,6,1,0,0,0,6,0,0,LivesExhausted,,,,,,,,,
training_episode,4220316,5144.905719000002,820.2902502983648,31685600,352.94366455078125,18.24032211303711,2.0294365882873535,3,3,5,1,0,0,1,0,0,0,LivesExhausted,,,,,,,,,
ppo_rollout,4220928,5145.246204800002,820.3549124747996,,,,,,,,,,,,,,,,,,,-0.02253852360881865,1.9603792756795884,-0.6673163016637166,0.861212968826294,0.011086016,0.120068359375
training_episode,4224810,5147.957569200022,820.6769273462609,62999571,27389.33203125,303.5249328613281,272.8932800292969,2,40,37,27,4,1,4,193,5,1,MaxDuration,,,,,,,,,
ppo_rollout,4227072,5149.2067713,820.9171213632984,,,,,,,,,,,,,,,,,,,-0.01817218948660108,2.650998869538307,-0.6850302969415982,0.990406334400177,0.010177422,0.09957682291666667
training_episode,4229106,5151.110899000021,821.0085325130528,11577632,27389.33203125,300.7422180175781,273.8932800292969,0,19,45,27,5,6,6,176,1,1,MaxDuration,,,,,,,,,
training_episode,4231686,5152.939147700003,821.2179260624102,27705898,30977.33203125,306.1074523925781,309.7732849121094,0,40,43,31,10,4,6,141,5,1,MaxDuration,,,,,,,,,
ppo_rollout,4233216,5153.882740800007,821.3644378224451,,,,,,,,,,,,,,,,,,,-0.02166017851171394,1.992911659181118,-0.6805874879161516,0.9939397573471069,0.014436281,0.129541015625
training_episode,4237308,5157.1554515000025,821.6366638255092,19432307,28554.666015625,304.1855773925781,284.546630859375,2,31,40,28,7,2,6,156,2,1,MaxDuration,,,,,,,,,
ppo_rollout,4239360,5158.505935000023,821.8193510714611,,,,,,,,,,,,,,,,,,,-0.020729806409993518,2.379911535481612,-0.7025746251145999,0.9910117983818054,0.011805139,0.11463216145833334
training_episode,4241448,5160.661799400026,821.880635637295,55354354,2601.31689453125,102.82355499267578,24.013166427612305,4,6,16,3,1,0,1,43,0,1,LivesExhausted,,,,,,,,,
ppo_rollout,4245504,5163.149270599999,822.2702419577032,,,,,,,,,,,,,,,,,,,-0.022810857630490015,2.069660620888074,-0.6955506165822347,0.9907017350196838,0.013338554,0.14029947916666666
ppo_rollout,4251648,5167.475151700026,822.7708649167414,,,,,,,,,,,,,,,,,,,-0.01561889202372792,3.3607846314708394,-0.7164151494701704,0.9807181358337402,0.010815374,0.10794270833333333
training_episode,4255488,5170.38012050002,823.0512845907465,13253296,26254.666015625,302.4739074707031,261.546630859375,2,26,46,27,6,6,5,179,3,1,MaxDuration,,,,,,,,,
training_episode,4256976,5171.23321060001,823.2032528090276,49698988,25150.666015625,305.4868469238281,251.0066375732422,1,29,44,26,3,5,4,162,4,1,MaxDuration,,,,,,,,,
ppo_rollout,4257792,5171.722376800026,823.2831714053616,,,,,,,,,,,,,,,,,,,-0.02231887581680591,1.6653217072288196,-0.6869449590643247,0.9743109941482544,0.011896055,0.12718098958333332
training_episode,4260924,5174.111171100027,823.5083976933798,42786874,26254.666015625,300.8923645019531,262.046630859375,1,32,45,27,11,2,5,168,2,1,MaxDuration,,,,,,,,,
training_episode,4262094,5174.841324100009,823.618297270448,40692294,910.0771484375,42.62885284423828,7.600770950317383,3,3,7,1,0,0,1,8,0,0,LivesExhausted,,,,,,,,,
ppo_rollout,4263936,5175.963644700008,823.7955852657717,,,,,,,,,,,,,,,,,,,-0.020829882519319654,1.9862346664071082,-0.6783655434846878,0.9887200593948364,0.012179691,0.11832682291666667
training_episode,4264014,5176.6490893000155,823.7015734393884,67502918,482.3713684082031,25.740493774414062,3.323713779449463,3,3,5,1,0,0,0,18,0,0,LivesExhausted,,,,,,,,,
training_episode,4268040,5179.021790600003,824.1015721823284,1000003,26254.666015625,302.9343566894531,262.046630859375,1,37,41,27,7,2,3,157,0,1,MaxDuration,,,,,,,,,
ppo_rollout,4270080,5180.2214431000175,824.3045296234752,,,,,,,,,,,,,,,,,,,-0.015833914435158174,2.5966868658860522,-0.710538066426913,0.9920989871025085,0.013147309,0.108935546875
training_episode,4273782,5183.237736100011,824.5390656566128,1942564,29750.666015625,303.9353332519531,296.5066223144531,2,39,44,30,2,2,10,136,0,1,MaxDuration,,,,,,,,,
ppo_rollout,4276224,5184.944937699998,824.7385558344811,,,,,,,,,,,,,,,,,,,-0.019451115443371237,2.159030412634214,-0.6989638646443684,0.9941046237945557,0.013307194,0.11583658854166666
training_episode,4278174,5186.980450000003,824.7908472452403,10216155,28554.666015625,306.0373840332031,284.546630859375,2,33,41,28,8,7,6,118,2,1,MaxDuration,,,,,,,,,
ppo_rollout,4282368,5189.7306599,825.1618977240942,,,,,,,,,,,,,,,,,,,-0.021714655414204267,2.2733531082669893,-0.6749862755338351,0.9875473380088806,0.013879135,0.1322265625
ppo_rollout,4288512,5194.198791100003,825.634938606537,,,,,,,,,,,,,,,,,,,-0.021951333846664055,1.5354213580489158,-0.6755804245670637,0.9908367991447449,0.013144857,0.13089192708333333
training_episode,4291710,5196.858596500009,825.8277419536466,71901536,26254.666015625,301.8332824707031,262.546630859375,0,25,45,27,6,6,5,181,0,1,MaxDuration,,,,,,,,,
ppo_rollout,4294656,5198.740774400008,826.0954308681895,,,,,,,,,,,,,,,,,,,-0.017799900128738954,1.9031797836224238,-0.6795259793599446,0.9646111130714417,0.010483873,0.10338541666666666
training_episode,4298316,5201.699087300018,826.32922971157,12101277,25150.666015625,301.8332824707031,251.0066375732422,1,27,42,26,2,3,1,164,4,1,MaxDuration,,,,,,,,,
training_episode,4300194,5202.937979400012,826.4934191077722,63837403,26254.666015625,301.4829406738281,262.046630859375,1,19,45,27,8,9,8,161,1,1,MaxDuration,,,,,,,,,
ppo_rollout,4300800,5203.281569400016,826.55530796038,,,,,,,,,,,,,,,,,,,-0.01994246573885903,1.8006955817341805,-0.6916114484270414,0.9895415306091309,0.0107457945,0.11486002604166666
training_episode,4304100,5205.778645100014,826.7927419563398,36817321,27389.33203125,300.4819641113281,273.3932800292969,1,24,45,27,7,6,6,145,2,1,MaxDuration,,,,,,,,,
ppo_rollout,4306944,5207.369824000023,827.086253822402,,,,,,,,,,,,,,,,,,,-0.019687012181384488,2.175958326458931,-0.692509629825751,0.9914923906326294,0.008440766,0.09329427083333333
training_episode,4309818,5209.617868000001,827.2810231385668,55144896,28554.666015625,300.2617492675781,285.046630859375,1,38,36,28,2,5,7,168,3,1,MaxDuration,,,,,,,,,
ppo_rollout,4313088,5211.526219600026,827.6055455269341,,,,,,,,,,,,,,,,,,,-0.02121058776198576,1.8980590264002482,-0.6673641100525856,0.9888828992843628,0.013950709,0.12620442708333332
training_episode,4314672,5212.977304900007,827.6790301665743,17232998,28554.666015625,304.1355285644531,285.546630859375,0,36,38,28,3,5,7,105,2,1,MaxDuration,,,,,,,,,
ppo_rollout,4319232,5215.588315300003,828.1389823904374,,,,,,,,,,,,,,,,,,,-0.017878569503470013,1.9567633042732875,-0.6917802110314369,0.9881357550621033,0.011776705,0.11398111979166667
training_episode,4320132,5216.649979500013,828.1429685673603,64361048,982.0177001953125,45.47837448120117,8.32017707824707,3,4,8,1,0,1,1,30,0,0,LivesExhausted,,,,,,,,,
ppo_rollout,4325376,5219.744842400018,828.6565973234833,,,,,,,,,,,,,,,,,,,-0.022242668565983573,1.6832729592919349,-0.683959387242794,0.9931200742721558,0.009538646,0.10198567708333334
training_episode,4328064,5221.8267565999995,828.8409787876724,1523648,24077.33203125,302.9043273925781,240.27330017089844,1,32,41,24,4,4,6,149,1,1,MaxDuration,,,,,,,,,
ppo_rollout,4331520,5223.805953700008,829.1885338757646,,,,,,,,,,,,,,,,,,,-0.015436874372729411,2.508272033929825,-0.697964432835579,0.984718918800354,0.009863974,0.09059244791666667
training_episode,4334484,5226.072243000002,829.3961121195313,48232782,29750.666015625,301.3828430175781,297.5066223144531,0,32,42,30,7,3,6,196,1,1,MaxDuration,,,,,,,,,
training_episode,4336932,5227.509428200021,829.6363803007674,71692078,29750.666015625,306.1074523925781,297.5066223144531,0,37,39,30,4,9,6,152,0,1,MaxDuration,,,,,,,,,
ppo_rollout,4337664,5227.957205700019,829.7053379225569,,,,,,,,,,,,,,,,,,,-0.019451160203122222,1.9830879519383113,-0.6778366322318713,0.9854189157485962,0.010570002,0.11012369791666667
training_episode,4340190,5230.037765300018,829.8582524195268,46138202,28554.666015625,300.7021789550781,285.046630859375,1,26,42,28,10,4,6,181,1,1,MaxDuration,,,,,,,,,
ppo_rollout,4343808,5232.041611100023,830.2319291162376,,,,,,,,,,,,,,,,,,,-0.021701301188052944,2.3618303030729293,-0.672079528371493,0.9889217019081116,0.012344237,0.12097981770833334
training_episode,4343958,5232.67644510002,830.1598704937636,71587349,624.7388305664062,31.36062240600586,4.247387886047363,4,5,7,1,1,0,0,13,0,0,LivesExhausted,,,,,,,,,
training_episode,4346112,5233.966512200015,830.3667954064117,41844313,23034.666015625,302.4138488769531,229.8466339111328,1,30,43,23,5,8,3,167,2,1,MaxDuration,,,,,,,,,
ppo_rollout,4349952,5236.120569600025,830.7585629817311,,,,,,,,,,,,,,,,,,,-0.020641716367875537,2.002394706507524,-0.673384927213192,0.9890081882476807,0.015318892,0.12718098958333332
ppo_rollout,4356096,5240.126340300019,831.29598736938,,,,,,,,,,,,,,,,,,,-0.022384019467669228,1.616682724157969,-0.6968695705135663,0.9907567501068115,0.014104493,0.143017578125
training_episode,4356468,5240.894653299998,831.2450999672151,33989638,27389.33203125,302.7842102050781,272.8932800292969,2,39,42,27,5,1,7,145,3,1,MaxDuration,,,,,,,,,
ppo_rollout,4362240,5244.2296158000245,831.8171246463482,,,,,,,,,,,,,,,,,,,-0.022836102360937124,1.629329191148281,-0.6778946205973625,0.9696186780929565,0.015563402,0.12745768229166668
training_episode,4364556,5246.0531470999995,831.9694592519925,60276617,27389.33203125,304.0554504394531,273.8932800292969,0,40,40,27,6,3,11,174,3,1,MaxDuration,,,,,,,,,
ppo_rollout,4368384,5248.166463900008,832.3638417432694,,,,,,,,,,,,,,,,,,,-0.020436472441845883,1.9807084446152052,-0.7064644540349643,0.9810072779655457,0.011226057,0.11334635416666666
training_episode,4370982,5250.338608600025,832.5143054279121,48965885,27389.33203125,304.1355285644531,273.8932800292969,0,40,44,27,4,4,9,132,4,1,MaxDuration,,,,,,,,,
training_episode,4373724,5251.945562100009,832.7816707702414,12206006,28554.666015625,306.5679016113281,284.546630859375,2,42,43,28,10,7,6,143,1,1,MaxDuration,,,,,,,,,
ppo_rollout,4374528,5252.410263099999,832.8610639447901,,,,,,,,,,,,,,,,,,,-0.01976866790597948,2.2094457685947417,-0.6860215837756792,0.9762945175170898,0.009747133,0.10935872395833333
training_episode,4380168,5256.184232300002,833.3360868675878,52631400,26254.666015625,301.7231750488281,261.046630859375,3,37,41,27,9,2,7,136,2,1,MaxDuration,,,,,,,,,
ppo_rollout,4380672,5256.455919400003,833.3888968482078,,,,,,,,,,,,,,,,,,,-0.020279488585462482,1.8648071279128393,-0.6913050969441732,0.9890121221542358,0.011789706,0.116943359375
training_episode,4382442,5257.992927700019,833.4819122544907,62371197,27389.33203125,302.7141418457031,272.8932800292969,2,38,42,27,7,6,7,148,2,1,MaxDuration,,,,,,,,,
training_episode,4385568,5259.666887600004,833.8109796153161,33675451,968.8209228515625,44.95846176147461,8.18820858001709,3,4,7,1,0,0,0,24,0,0,LivesExhausted,,,,,,,,,
ppo_rollout,4386816,5260.336450400006,833.9420950282407,,,,,,,,,,,,,,,,,,,-0.023225752745444576,1.9185191070040066,-0.692192526658376,0.9891714453697205,0.013494916,0.11486002604166666
training_episode,4392912,5264.252784600016,834.4796839640707,65198880,30977.33203125,303.6550598144531,308.7732849121094,2,38,40,31,9,5,4,162,3,1,MaxDuration,,,,,,,,,
ppo_rollout,4392960,5264.284975800023,834.4836991527789,,,,,,,,,,,,,,,,,,,-0.017473218015705547,1.8335406243801118,-0.7114420627554258,0.988693356513977,0.012348524,0.13370768229166666
ppo_rollout,4399104,5268.14939570002,835.0378225018914,,,,,,,,,,,,,,,,,,,-0.023146318512347837,1.8670584956804912,-0.6976582542061806,0.9847884774208069,0.013048603,0.11669921875
training_episode,4400634,5269.543891300011,835.107191585485,7597930,29750.666015625,300.5920715332031,297.5066223144531,0,41,45,30,9,2,5,119,4,1,MaxDuration,,,,,,,,,
training_episode,4404162,5271.512853799999,835.4645283327415,48128053,2325.923828125,93.75161743164062,21.259239196777344,4,7,13,3,1,1,0,34,1,0,LivesExhausted,,,,,,,,,
ppo_rollout,4405248,5272.121256600018,835.5741049174839,,,,,,,,,,,,,,,,,,,-0.02331680084268252,1.722985522945722,-0.6940731604894003,0.988027036190033,0.012713879,0.11533203125
training_episode,4406994,5273.593746700004,835.6718798746517,26344421,23034.666015625,300.0715637207031,229.3466339111328,2,31,41,23,9,0,4,154,6,1,MaxDuration,,,,,,,,,
training_episode,4409958,5275.18128260001,835.9822655850868,27391711,28554.666015625,301.9033508300781,285.046630859375,1,39,41,28,8,1,6,139,2,1,MaxDuration,,,,,,,,,
ppo_rollout,4411392,5275.971130200021,836.1289118412511,,,,,,,,,,,,,,,,,,,-0.01657608175300993,2.6518147394061087,-0.7034351155161858,0.9774784445762634,0.010622318,0.094775390625
ppo_rollout,4417536,5279.936919700005,836.6645411080016,,,,,,,,,,,,,,,,,,,-0.023806344803112247,1.8090016519029934,-0.6892907028396924,0.9915513396263123,0.015772982,0.13746744791666668
training_episode,4419144,5281.382317300013,836.740030261469,28334272,27389.33203125,305.8171691894531,272.3932800292969,3,37,46,27,8,5,8,118,3,1,MaxDuration,,,,,,,,,
training_episode,4422276,5283.095174200018,837.0615811723729,7283743,27389.33203125,305.8471984863281,272.8932800292969,2,26,44,27,7,5,7,177,1,1,MaxDuration,,,,,,,,,
ppo_rollout,4423680,5283.893616800022,837.2008069835108,,,,,,,,,,,,,,,,,,,-0.02026011961667488,1.7249997099240622,-0.6701821928222974,0.9879519939422607,0.013561532,0.121875
ppo_rollout,4429824,5288.512029100006,837.6314501366206,,,,,,,,,,,,,,,,,,,-0.02165453869577808,1.8931228399276734,-0.6843437686562538,0.9796414375305176,0.01247184,0.11979166666666667
ppo_rollout,4435968,5292.581612900016,838.1482468192601,,,,,,,,,,,,,,,,,,,-0.025357789229989672,1.316877156496048,-0.6904898116985957,0.9794675707817078,0.014531299,0.13020833333333334
training_episode,4436814,5293.741760200006,838.1243742105717,12415464,26254.666015625,301.4729309082031,261.546630859375,2,44,43,27,5,6,7,181,2,1,MaxDuration,,,,,,,,,
training_episode,4439358,5295.277432900009,838.3617395413299,56192186,366.7093200683594,21.160388946533203,2.16709303855896,3,4,3,1,0,0,2,5,1,1,LivesExhausted,,,,,,,,,
training_episode,4440486,5295.91914730001,838.4731481906912,68026563,25150.666015625,302.6540832519531,251.0066375732422,1,28,42,26,7,6,7,119,3,1,MaxDuration,,,,,,,,,
ppo_rollout,4442112,5296.812653400004,838.6386853136339,,,,,,,,,,,,,,,,,,,-0.020878463797271252,1.8019569794336954,-0.6887228439251581,0.8769247531890869,0.011318955,0.10817057291666667
training_episode,4443408,5298.111455200007,838.6777132894911,46766576,27389.33203125,303.4248352050781,272.8932800292969,2,47,40,27,12,1,6,179,1,1,MaxDuration,,,,,,,,,
training_episode,4443774,5298.300664500013,838.7168417554022,25192402,762.0888671875,36.789833068847656,6.120888710021973,3,6,8,1,0,2,2,7,0,1,LivesExhausted,,,,,,,,,
training_episode,4445814,5299.374280800024,838.9318746757465,17128269,401.9986877441406,20.020362854003906,2.519986629486084,3,3,6,1,0,0,1,9,0,0,LivesExhausted,,,,,,,,,
training_episode,4446624,5299.871248700016,839.0060420978518,15452605,27389.33203125,305.5268859863281,273.3932800292969,1,37,43,27,5,3,7,179,3,1,MaxDuration,,,,,,,,,
ppo_rollout,4448256,5300.797547800001,839.1673064077249,,,,,,,,,,,,,,,,,,,-0.016474826124613172,2.449177606900533,-0.6927792325615882,0.9880678653717041,0.009933725,0.1005859375
training_episode,4449468,5302.044666800008,839.198512955084,29695749,430.8056335449219,23.690446853637695,2.808056354522705,3,3,6,1,0,0,0,10,0,0,LivesExhausted,,,,,,,,,
training_episode,4454322,5304.687620800018,839.6954389047,42682145,854.6978149414062,40.44921875,7.04697847366333,3,3,8,1,0,0,0,10,0,0,LivesExhausted,,,,,,,,,
ppo_rollout,4454400,5304.734025200014,839.7027973201818,,,,,,,,,,,,,,,,,,,-0.016248941813440373,3.308841036260128,-0.7025650436679522,0.9873477220535278,0.0112668425,0.1
training_episode,4455414,5305.890498699999,839.7108837982287,15347876,29750.666015625,302.2136535644531,297.0066223144531,1,33,44,30,11,11,7,150,0,1,MaxDuration,,,,,,,,,
training_episode,4457658,5307.1045706,839.9416180141396,31371413,366.111572265625,18.68033218383789,2.1611156463623047,3,3,5,1,0,0,0,4,0,0,LivesExhausted,,,,,,,,,
training_episode,4458528,5307.574255200016,840.0312055232811,3618228,28554.666015625,302.0635070800781,285.046630859375,1,31,46,28,5,5,6,175,1,1,MaxDuration,,,,,,,,,
ppo_rollout,4460544,5308.648396600009,840.2409929534629,,,,,,,,,,,,,,,,,,,-0.020004164810234214,2.175048415362835,-0.6937211016813914,0.9887802600860596,0.016593592,0.13069661458333334
training_episode,4461540,5309.7468050000025,840.254754859257,44462538,465.9754638671875,25.08047866821289,2.6597542762756348,4,5,5,1,1,0,0,15,0,0,LivesExhausted,,,,,,,,,
training_episode,4462428,5310.2838870999985,840.3369941935399,13462754,836.84326171875,39.73933792114258,6.368432521820068,4,5,7,1,2,0,0,19,0,0,LivesExhausted,,,,,,,,,
ppo_rollout,4466688,5312.611295600014,840.7707154670584,,,,,,,,,,,,,,,,,,,-0.02428698117728345,1.7062711561719577,-0.7056508814295133,0.9899834990501404,0.016129795,0.14231770833333332
ppo_rollout,4472832,5316.609424300026,841.2940735417825,,,,,,,,,,,,,,,,,,,-0.01631722399906721,2.1747873986760777,-0.7180661131938298,0.9911502599716187,0.012243841,0.11248372395833334
training_episode,4476702,5319.394154800015,841.5811781799244,25820776,27389.33203125,301.7632141113281,272.8932800292969,2,32,45,27,5,9,7,144,2,1,MaxDuration,,,,,,,,,
ppo_rollout,4478976,5320.7201295999985,841.798833786193,,,,,,,,,,,,,,,,,,,-0.022304160974454135,2.0575559000174204,-0.7185207510987918,0.9824032783508301,0.012589349,0.1228515625
training_episode,4480296,5322.012142899999,841.8424986078024,4246602,27389.33203125,304.3357238769531,273.3932800292969,1,47,43,27,0,6,7,128,2,1,MaxDuration,,,,,,,,,
training_episode,4482240,5323.066133400018,842.0410131438749,16604624,27389.33203125,303.5049133300781,273.3932800292969,1,48,38,27,6,3,5,165,4,1,MaxDuration,,,,,,,,,
training_episode,4484424,5324.247906900011,842.2643119581954,26868066,352.29229736328125,18.200321197509766,2.022922992706299,3,3,4,1,0,0,0,5,0,0,LivesExhausted,,,,,,,,,
ppo_rollout,4485120,5324.624142300017,842.3355114155745,,,,,,,,,,,,,,,,,,,-0.021387469021525853,1.946397237976392,-0.6980115547776222,0.984220027923584,0.011643864,0.12303059895833333
training_episode,4490406,5328.156946400006,842.7690935481853,73786658,28554.666015625,300.6821594238281,285.046630859375,1,41,37,28,8,6,7,139,1,1,MaxDuration,,,,,,,,,
ppo_rollout,4491264,5328.603413600009,842.8594983325468,,,,,,,,,,,,,,,,,,,-0.022031149318596968,2.552532230814298,-0.7167424703637759,0.9891754984855652,0.009610148,0.09327799479166667
ppo_rollout,4497408,5332.550894300017,843.3877311527013,,,,,,,,,,,,,,,,,,,-0.02250510058947839,1.8672564427057903,-0.7050220280885696,0.9862653017044067,0.012914632,0.12574869791666668
training_episode,4497984,5333.4556987000105,843.3526505331898,54516522,26254.666015625,303.6550598144531,261.546630859375,2,49,36,27,6,3,5,153,4,1,MaxDuration,,,,,,,,,
training_episode,4498926,5333.973388200015,843.4474026347164,46347660,27389.33203125,304.1155090332031,273.3932800292969,1,38,41,27,3,5,6,175,2,1,MaxDuration,,,,,,,,,
validation,4500000,,,,,,,,,,,,,,,,,,15121.656282043457,24081.57421875,12893.778991949808,,,,,,
ppo_rollout,4503552,5579.273106100009,807.1933232800727,,,,,,,,,,,,,,,,,,,-0.021621974726440386,1.713306180636088,-0.6782569378614426,0.980420708656311,0.011812161,0.12130533854166667
ppo_rollout,4509696,5583.411269300006,807.6954719055439,,,,,,,,,,,,,,,,,,,-0.02309779476102752,1.6133867094914118,-0.6987489819526672,0.9897504448890686,0.012313225,0.11404622395833333
training_episode,4513404,5586.0449524,807.9784603345972,34618012,27389.33203125,305.7971496582031,272.3932800292969,3,38,43,27,4,4,11,148,1,1,MaxDuration,,,,,,,,,
ppo_rollout,4515840,5587.417139600002,808.2160123672608,,,,,,,,,,,,,,,,,,,-0.02275409383388857,1.8893026471138001,-0.6700141727924347,0.9601045250892639,0.011112803,0.11834309895833334
training_episode,4516314,5588.277101200016,808.1764590789844,23097822,27389.33203125,300.1015930175781,272.8932800292969,2,38,45,27,6,7,9,160,1,1,MaxDuration,,,,,,,,,
training_episode,4520520,5590.584148200025,808.5952881069595,50013175,26254.666015625,300.7422180175781,262.546630859375,0,49,41,27,3,8,8,141,0,1,MaxDuration,,,,,,,,,
ppo_rollout,4521984,5591.364160700003,808.744318923752,,,,,,,,,,,,,,,,,,,-0.021682164600739875,2.2384476989507673,-0.6873698607087135,0.9785928726196289,0.010428865,0.10055338541666667
training_episode,4526514,5594.415154200018,809.112994876991,65094151,26254.666015625,300.8523254394531,262.546630859375,0,21,45,27,2,5,6,173,2,1,MaxDuration,,,,,,,,,
training_episode,4526868,5594.603766000015,809.1489923756627,70749517,1184.8033447265625,52.88713073730469,9.848033905029297,4,6,10,2,1,0,1,30,0,0,LivesExhausted,,,,,,,,,
ppo_rollout,4528128,5595.2943868,809.2743092628729,,,,,,,,,,,,,,,,,,,-0.017124647583113984,2.5659026791652044,-0.7195637181401253,0.986737072467804,0.008848087,0.091552734375
training_episode,4533078,5598.510101600026,809.6936359379737,53364503,1139.6148681640625,51.70732879638672,9.896148681640625,3,3,10,2,0,0,1,22,1,0,LivesExhausted,,,,,,,,,
ppo_rollout,4534272,5599.167491400003,809.8118170182227,,,,,,,,,,,,,,,,,,,-0.017017616614854583,3.0133694017926853,-0.7162413269281387,0.9808180928230286,0.010908912,0.09347330729166667
training_episode,4534620,5599.932510300016,809.7633304793272,46033473,30977.33203125,305.2566223144531,308.7732849121094,2,38,43,31,4,7,9,152,4,1,MaxDuration,,,,,,,,,
training_episode,4535454,5600.409131799999,809.8433334534406,22469448,28554.666015625,304.3857727050781,285.546630859375,0,37,44,28,3,7,10,142,1,1,MaxDuration,,,,,,,,,
ppo_rollout,4540416,5603.136068700027,810.3347740140484,,,,,,,,,,,,,,,,,,,-0.0166426891189379,3.3623704731464388,-0.7000098879138629,0.9845540523529053,0.011171651,0.09759114583333334
ppo_rollout,4546560,5607.050293500011,810.8648508593926,,,,,,,,,,,,,,,,,,,-0.026312771437612053,1.3891021328667799,-0.6972834701339404,0.9931594133377075,0.014203578,0.13621419270833332
training_episode,4550130,5609.614113200019,811.1306603591609,49489530,29750.666015625,306.0273742675781,296.5066223144531,2,39,40,30,1,2,8,159,3,1,MaxDuration,,,,,,,,,
training_episode,4552548,5610.94906470002,811.3686200862695,34932199,29750.666015625,301.9333801269531,296.5066223144531,2,43,41,30,4,1,6,140,2,1,MaxDuration,,,,,,,,,
ppo_rollout,4552704,5611.043922200013,811.3827058076115,,,,,,,,,,,,,,,,,,,-0.027209059084998443,2.003115663429101,-0.6970267454783122,0.9784223437309265,0.011342534,0.11474609375
ppo_rollout,4558848,5614.976539100026,811.9086461455985,,,,,,,,,,,,,,,,,,,-0.02191776648396626,1.7595566193262735,-0.6861307432254156,0.9838622212409973,0.012464094,0.11451822916666667
training_episode,4562814,5617.712642099999,812.2191878960793,18594475,28554.666015625,302.4538879394531,284.046630859375,3,38,37,28,8,5,8,177,1,1,MaxDuration,,,,,,,,,
ppo_rollout,4564992,5618.894492700027,812.4359704441435,,,,,,,,,,,,,,,,,,,-0.021464650833513586,1.7218503599365553,-0.6717927739024162,0.9867908358573914,0.012169585,0.129052734375
training_episode,4569750,5622.066699000017,812.8238679225933,58915140,29750.666015625,305.5869445800781,297.5066223144531,0,31,44,30,5,3,8,178,2,1,MaxDuration,,,,,,,,,
training_episode,4571004,5622.84725750002,812.9340511433916,30952497,24077.33203125,303.1645812988281,240.27330017089844,1,33,42,24,3,7,3,164,3,1,MaxDuration,,,,,,,,,
ppo_rollout,4571136,5622.9248690000095,812.9463057920848,,,,,,,,,,,,,,,,,,,-0.02200245440665943,1.8834344352285066,-0.7002276028196017,0.9825304746627808,0.012861565,0.11793619791666667
training_episode,4571496,5623.698042500007,812.8985527764481,12520193,24077.33203125,300.3117980957031,238.77330017089844,4,21,40,24,7,3,9,162,1,1,MaxDuration,,,,,,,,,
ppo_rollout,4577280,5626.928990800021,813.459705548766,,,,,,,,,,,,,,,,,,,-0.01803530292236246,2.636544288198153,-0.6960966994365057,0.9829809665679932,0.009403001,0.07716471354166667
ppo_rollout,4583424,5630.840351500025,813.9857843383894,,,,,,,,,,,,,,,,,,,-0.02391377305611968,1.3265323666234812,-0.711612130701542,0.9943461418151855,0.017234864,0.14324544270833334
training_episode,4586748,5633.235399900004,814.2297763877256,39854462,27389.33203125,305.1164855957031,273.3932800292969,1,34,42,27,4,6,3,155,4,1,MaxDuration,,,,,,,,,
training_episode,4588740,5634.306367100013,814.4285562451288,32732890,29750.666015625,301.5530090332031,297.5066223144531,0,33,40,30,7,6,4,131,3,1,MaxDuration,,,,,,,,,
ppo_rollout,4589568,5634.772029200016,814.5081959334553,,,,,,,,,,,,,,,,,,,-0.023466049146372826,1.6840469966332117,-0.6892716993888219,0.9842310547828674,0.013702664,0.13245442708333333
ppo_rollout,4595712,5638.681305900012,815.0331169082556,,,,,,,,,,,,,,,,,,,-0.022739268090420713,1.826017814874649,-0.7177167450388272,0.9863163232803345,0.01112796,0.11318359375
training_episode,4599030,5641.090462500026,815.2732225396358,39645004,28554.666015625,301.7832336425781,284.546630859375,2,32,43,28,3,4,8,138,2,1,MaxDuration,,,,,,,,,
ppo_rollout,4601856,5642.597272000014,815.5563436780375,,,,,,,,,,,,,,,,,,,-0.021210765664000063,1.776446838180224,-0.72147542933623,0.9843090772628784,0.012131342,0.11853841145833334
training_episode,4605780,5645.455921000015,815.838448559554,66665086,26254.666015625,300.2016906738281,262.046630859375,1,32,42,27,4,4,5,122,5,1,MaxDuration,,,,,,,,,
training_episode,4606416,5645.812752099999,815.8995351531296,22364719,1419.1490478515625,61.545677185058594,12.691490173339844,3,3,13,2,0,0,1,29,0,1,LivesExhausted,,,,,,,,,
training_episode,4607166,5646.260920600005,815.967604896023,16814082,26254.666015625,301.3027648925781,261.546630859375,2,37,33,27,3,6,2,154,2,1,MaxDuration,,,,,,,,,
ppo_rollout,4608000,5646.773981200007,816.0411617928339,,,,,,,,,,,,,,,,,,,-0.021282305098914853,1.8538096795479457,-0.7070133422811826,0.9822530150413513,0.010637835,0.10286458333333333
training_episode,4608096,5647.428112100024,815.9636401792916,36503134,26254.666015625,304.9663391113281,261.546630859375,2,26,47,27,2,4,5,163,4,1,MaxDuration,,,,,,,,,
training_episode,4611420,5649.262188599998,816.2871267164188,60590804,727.5433959960938,35.42006301879883,5.7754340171813965,3,4,7,1,1,0,1,20,0,0,LivesExhausted,,,,,,,,,
training_episode,4613184,5650.217234700016,816.4613515510126,19327578,1272.4833984375,56.35654830932617,11.224833488464355,3,6,11,2,0,1,1,18,0,0,LivesExhausted,,,,,,,,,
ppo_rollout,4614144,5650.7389523000165,816.5558591450961,,,,,,,,,,,,,,,,,,,-0.017660485487431286,2.8014666850368184,-0.7272850637634595,0.9860255122184753,0.009423503,0.08151041666666667
ppo_rollout,4620288,5654.571871000022,817.0889159081274,,,,,,,,,,,,,,,,,,,-0.014720359002240002,3.563934041062991,-0.7422901521126429,0.9840129017829895,0.011241692,0.086865234375
training_episode,4622994,5656.64188380001,817.2682830142983,7807388,29750.666015625,302.0234680175781,297.5066223144531,0,33,44,30,4,7,9,138,3,1,MaxDuration,,,,,,,,,
training_episode,4624944,5657.690909600002,817.4614120669563,18175559,26254.666015625,301.6631164550781,262.046630859375,1,33,44,27,4,3,7,153,3,1,MaxDuration,,,,,,,,,
ppo_rollout,4626432,5658.485911200027,817.6095288746326,,,,,,,,,,,,,,,,,,,-0.02086323459322254,2.0505809302131337,-0.7222894017895063,0.9779484272003174,0.013990146,0.124658203125
training_episode,4628346,5660.091200100025,817.7157993352135,37026779,548.4060668945312,28.350553512573242,3.984060764312744,3,4,8,1,0,0,0,15,0,0,LivesExhausted,,,,,,,,,
ppo_rollout,4632576,5662.4412343,818.1234574123905,,,,,,,,,,,,,,,,,,,-0.02278766082211708,1.7154165476560592,-0.7338680674632391,0.9902087450027466,0.013718448,0.12765299479166667
training_episode,4634688,5664.1561702000035,818.2486253440196,55563812,1167.5877685546875,52.80714416503906,10.175877571105957,3,3,11,2,0,0,0,33,0,0,LivesExhausted,,,,,,,,,
ppo_rollout,4638720,5666.342948900012,818.6444134837443,,,,,,,,,,,,,,,,,,,-0.020810868862705927,1.9389666189750037,-0.7248538007338842,0.9902152419090271,0.011891976,0.1080078125
training_episode,4642290,5668.868268899998,818.9094859494419,6864827,27389.33203125,304.1955871582031,273.3932800292969,1,34,42,27,6,8,6,118,2,1,MaxDuration,,,,,,,,,
training_episode,4644774,5670.261440000002,819.1463566801601,20270139,27389.33203125,305.6369934082031,273.3932800292969,1,46,47,27,2,6,10,188,2,1,MaxDuration,,,,,,,,,
ppo_rollout,4644864,5670.3133485,819.1547299989571,,,,,,,,,,,,,,,,,,,-0.020907712659876173,2.1945152754584947,-0.6975180332859358,0.9899770617485046,0.009456601,0.08902994791666667
training_episode,4647972,5672.5749106,819.376045843769,21317429,30977.33203125,304.5859680175781,309.2732849121094,1,35,46,31,7,8,6,131,2,1,MaxDuration,,,,,,,,,
training_episode,4648902,5673.072997600015,819.4680382160975,8645220,1240.295166015625,55.086761474609375,10.902952194213867,3,3,11,2,0,0,0,28,0,0,LivesExhausted,,,,,,,,,
training_episode,4649358,5673.3218716000265,819.5124664571091,47813866,29750.666015625,301.4128723144531,296.5066223144531,2,41,40,30,8,6,5,141,2,1,MaxDuration,,,,,,,,,
ppo_rollout,4651008,5674.233139100019,819.6716430191815,,,,,,,,,,,,,,,,,,,-0.020668860943987965,2.859665102759997,-0.7241011758645376,0.9873712658882141,0.008445031,0.07879231770833334
training_episode,4653066,5675.944655400002,819.7870632112573,73158284,612.6358032226562,30.880611419677734,4.626357555389404,3,3,7,1,0,0,1,7,0,0,LivesExhausted,,,,,,,,,
ppo_rollout,4657152,5678.206885000021,820.1800487936928,,,,,,,,,,,,,,,,,,,-0.01922674536666212,2.1410836542646092,-0.7382439042131106,0.9916435480117798,0.012317265,0.09962565104166667
training_episode,4659012,5679.783332799998,820.2798816452771,15662063,26254.666015625,300.1216125488281,261.546630859375,2,40,46,27,6,7,6,115,1,1,MaxDuration,,,,,,,,,
ppo_rollout,4663296,5682.1179914000095,820.6967907139529,,,,,,,,,,,,,,,,,,,-0.02064592691604048,2.3575425788760187,-0.7162605817119281,0.9856503009796143,0.013308939,0.13561197916666667
ppo_rollout,4669440,5686.075983600022,821.2060502652025,,,,,,,,,,,,,,,,,,,-0.021825990595001107,1.420438602566719,-0.6965242659052213,0.9871605038642883,0.013466302,0.1359375
training_episode,4671018,5687.545097300026,821.2713780884852,68654937,26254.666015625,302.7241516113281,261.046630859375,3,47,40,27,2,7,7,130,0,1,MaxDuration,,,,,,,,,
training_episode,4675566,5690.105689900025,821.7010816335381,60800262,789.0715942382812,37.85965347290039,5.890716075897217,4,5,9,1,1,0,0,10,0,0,LivesExhausted,,,,,,,,,
ppo_rollout,4675584,5690.121969900007,821.7018940425568,,,,,,,,,,,,,,,,,,,-0.01992645554516154,1.9852322498957315,-0.6938936660687128,0.9638160467147827,0.01231642,0.114208984375
training_episode,4680876,5693.721224700013,822.1119045473854,55040167,26254.666015625,300.8222961425781,262.046630859375,1,42,38,27,8,7,7,147,5,1,MaxDuration,,,,,,,,,
ppo_rollout,4681728,5694.199082600011,822.1925387726856,,,,,,,,,,,,,,,,,,,-0.01646924837259576,2.4443459759155908,-0.7036623224616051,0.9880814552307129,0.009646189,0.08562825520833334
training_episode,4684572,5696.370066800009,822.3784524293737,26972795,30977.33203125,304.9663391113281,309.7732849121094,0,42,44,31,6,6,9,134,2,1,MaxDuration,,,,,,,,,
training_episode,4685220,5696.740586700005,822.4387136283563,10111426,26254.666015625,302.6140441894531,261.546630859375,2,52,35,27,7,8,3,142,3,1,MaxDuration,,,,,,,,,
training_episode,4686564,5697.459415500023,822.570843988837,54411793,1029.8175048828125,47.36805725097656,8.798174858093262,3,3,8,2,0,0,0,18,1,0,LivesExhausted,,,,,,,,,
ppo_rollout,4687872,5698.172966500017,822.6973852075654,,,,,,,,,,,,,,,,,,,-0.019789284508442508,2.134305615226428,-0.72298593968153,0.988438069820404,0.009684523,0.10460611979166666
training_episode,4689780,5699.737169800006,822.8063611158682,38702443,29750.666015625,305.9372863769531,297.0066223144531,1,38,45,30,7,5,4,182,2,1,MaxDuration,,,,,,,,,
training_episode,4691256,5700.576232100022,822.944174236891,44253080,820.338623046875,39.089447021484375,6.703386306762695,3,3,7,1,0,0,0,22,1,0,LivesExhausted,,,,,,,,,
ppo_rollout,4694016,5702.116393700009,823.2059249415164,,,,,,,,,,,,,,,,,,,-0.018098911686684004,2.326502335071564,-0.7378990982969602,0.992615282535553,0.011214341,0.097216796875
training_episode,4695222,5703.363894400012,823.2373187006565,29381562,26254.666015625,301.7231750488281,262.546630859375,0,40,45,27,4,7,2,176,0,1,MaxDuration,,,,,,,,,
ppo_rollout,4700160,5706.00013130001,823.7223785217741,,,,,,,,,,,,,,,,,,,-0.02356705499890571,2.41270538965861,-0.7200227732459704,0.9895445108413696,0.014903148,0.12843424479166668
ppo_rollout,4706304,5710.0638951,824.2121430617684,,,,,,,,,,,,,,,,,,,-0.020909437056009967,1.3980392267306645,-0.716692919532458,0.9893072843551636,0.016587581,0.15655924479166666
training_episode,4711596,5713.66980470001,824.6181807923668,1104732,26254.666015625,300.2117004394531,262.046630859375,1,41,36,27,3,7,5,166,3,1,MaxDuration,,,,,,,,,
ppo_rollout,4712448,5714.153046700027,824.6975468606813,,,,,,,,,,,,,,,,,,,-0.022107480718599012,1.57586054255565,-0.7098339358965556,0.9535446763038635,0.013717361,0.12693684895833332
ppo_rollout,4718592,5718.160268000007,825.1940797123517,,,,,,,,,,,,,,,,,,,-0.02080684692870515,2.2072469582160315,-0.714606670041879,0.9538754224777222,0.010106969,0.10987955729166667
training_episode,4721076,5720.12373240001,825.3450835790161,68236021,25150.666015625,304.1455383300781,250.0066375732422,3,37,43,26,4,5,3,145,3,1,MaxDuration,,,,,,,,,
training_episode,4721580,5720.401479799999,825.3931156183603,34094367,27389.33203125,302.9643859863281,273.8932800292969,0,41,42,27,6,8,5,127,1,1,MaxDuration,,,,,,,,,
ppo_rollout,4724736,5722.1292300000205,825.6954378501486,,,,,,,,,,,,,,,,,,,-0.024230611452367157,1.8075098698337873,-0.7245182648301125,0.9747614860534668,0.01218094,0.122314453125
training_episode,4725984,5723.393881600001,825.7310431129772,40587565,759.6876831054688,36.69984817504883,6.096876621246338,3,3,7,1,0,0,2,0,1,1,LivesExhausted,,,,,,,,,
training_episode,4726266,5723.551499100024,825.7575739020016,38283527,28554.666015625,304.0054016113281,285.046630859375,1,37,43,28,1,7,13,151,2,1,MaxDuration,,,,,,,,,
training_episode,4727922,5724.439100600022,825.9188222483544,19222849,27389.33203125,305.5368957519531,271.8932800292969,4,46,39,27,5,2,4,190,5,1,MaxDuration,,,,,,,,,
ppo_rollout,4730880,5726.011792800011,826.2085673572473,,,,,,,,,,,,,,,,,,,-0.022608659560016047,2.2330063352982203,-0.7341584205627442,0.9879369735717773,0.011432026,0.11671549479166667
training_episode,4731876,5727.149079900002,826.2184088427152,9378323,28554.666015625,305.4167785644531,285.546630859375,0,37,43,28,0,6,5,170,1,1,MaxDuration,,,,,,,,,
training_episode,4732236,5727.3579664000135,826.251131457476,47499679,1149.2568359375,52.08726501464844,9.99256706237793,3,4,11,2,0,1,0,30,0,0,LivesExhausted,,,,,,,,,
ppo_rollout,4737024,5729.885502000019,826.7222788913565,,,,,,,,,,,,,,,,,,,-0.021775316728356604,2.5891598587234816,-0.7418919324874877,0.9887575507164001,0.011223778,0.11949869791666666
ppo_rollout,4743168,5733.697584100009,827.2441876169358,,,,,,,,,,,,,,,,,,,-0.020350459159817546,2.268925640483697,-0.7029110307494799,0.9874509572982788,0.01508828,0.12364908854166666
training_episode,4747716,5736.679140100023,827.6070325796921,71482620,29750.666015625,300.9424133300781,297.0066223144531,1,40,42,30,5,11,7,146,1,1,MaxDuration,,,,,,,,,
ppo_rollout,4749312,5737.561124700005,827.7579788308265,,,,,,,,,,,,,,,,,,,-0.02472217142349109,1.8259698361158372,-0.7065865948796273,0.9693235754966736,0.01806263,0.14070638020833334
training_episode,4752996,5740.195577000006,828.0198707940287,18908662,943.8230590820312,43.9786262512207,7.938230514526367,3,3,9,1,0,0,1,19,1,0,LivesExhausted,,,,,,,,,
ppo_rollout,4755456,5741.590364600008,828.2471750893174,,,,,,,,,,,,,,,,,,,-0.02130613143672235,1.8746119558811187,-0.7309027835726738,0.9791935086250305,0.0110964095,0.09710286458333334
training_episode,4756848,5742.9209733000025,828.2976593471416,40901752,642.9095458984375,32.07062530517578,4.92909574508667,3,3,7,1,0,0,0,19,1,0,LivesExhausted,,,,,,,,,
training_episode,4757526,5743.282545900001,828.363564212297,71063704,30977.33203125,303.7151184082031,309.2732849121094,1,39,41,31,3,3,6,147,3,1,MaxDuration,,,,,,,,,
ppo_rollout,4761600,5745.554652600025,828.7450538557216,,,,,,,,,,,,,,,,,,,-0.015055821948529531,2.7331900238990783,-0.7263683428366979,0.9877464771270752,0.010264548,0.07757161458333334
training_episode,4762338,5746.5363769000105,828.7318982515621,69911685,988.4522705078125,45.73833084106445,8.384523391723633,3,3,11,1,0,0,1,19,0,0,LivesExhausted,,,,,,,,,
training_episode,4762356,5746.551079099998,828.732910305195,13043838,26254.666015625,300.7221984863281,261.046630859375,3,40,42,27,3,5,7,134,0,1,MaxDuration,,,,,,,,,
training_episode,4764054,5747.654181999998,828.8692828666777,12310735,28554.666015625,301.0625305175781,284.546630859375,2,51,39,28,7,2,11,102,3,1,MaxDuration,,,,,,,,,
ppo_rollout,4767744,5749.645916100009,829.223933016377,,,,,,,,,,,,,,,,,,,-0.019468153403916708,2.497150676945845,-0.7296364516019821,0.990529477596283,0.010821499,0.1080078125
training_episode,4768518,5750.6331489,829.2161709032226,7388472,28554.666015625,305.3166809082031,284.546630859375,2,48,41,28,4,6,5,124,1,1,MaxDuration,,,,,,,,,
training_episode,4768818,5750.79660240002,829.2447689785788,18280288,27389.33203125,304.8362121582031,272.3932800292969,3,41,43,27,5,3,5,165,1,1,MaxDuration,,,,,,,,,
ppo_rollout,4773888,5753.515228000004,829.7341383172918,,,,,,,,,,,,,,,,,,,-0.019741904714222377,2.460922626157602,-0.7487925494710604,0.9920534491539001,0.011200444,0.100244140625
ppo_rollout,4780032,5757.511328300025,830.2253747212969,,,,,,,,,,,,,,,,,,,-0.02176855216093827,2.1043357387185098,-0.7149173562725385,0.9822602868080139,0.014750929,0.13898111979166666
ppo_rollout,4786176,5761.484328200022,830.7192604124077,,,,,,,,,,,,,,,,,,,-0.020866541512077674,1.5026219874620437,-0.719317355255286,0.9580701589584351,0.013587482,0.117138671875
ppo_rollout,4792320,5765.473384900019,831.2101505058124,,,,,,,,,,,,,,,,,,,-0.023286083056397424,1.8538201600313187,-0.7291736111044884,0.7908514142036438,0.012732916,0.11380208333333333
training_episode,4794168,5767.029562800017,831.3062986402186,25506589,29750.666015625,305.3166809082031,297.5066223144531,0,33,45,30,5,5,8,156,3,1,MaxDuration,,,,,,,,,
training_episode,4798422,5769.443281600019,831.6958440865842,62790113,26254.666015625,300.6621398925781,261.546630859375,2,36,40,27,5,3,4,144,1,1,MaxDuration,,,,,,,,,
training_episode,4798458,5769.467444000009,831.6986007071041,33256535,734.9253540039062,35.71001434326172,5.849253177642822,3,4,7,1,0,0,1,6,0,0,LivesExhausted,,,,,,,,,
ppo_rollout,4798464,5769.476515800023,831.6983329179254,,,,,,,,,,,,,,,,,,,-0.021367184713017195,2.5101135323445,-0.7353426719705264,0.5364634990692139,0.009101647,0.097998046875
training_episode,4798530,5770.080485600018,831.6227151380908,72215723,26254.666015625,301.3928527832031,261.546630859375,2,40,40,27,4,9,4,177,1,1,MaxDuration,,,,,,,,,
training_episode,4800540,5771.153791400022,831.8163357825609,21107971,27389.33203125,304.0154113769531,273.8932800292969,0,43,44,27,2,7,4,178,3,1,MaxDuration,,,,,,,,,
training_episode,4803288,5772.639068600023,832.0783514990987,3408770,833.7534790039062,39.61935806274414,6.837534427642822,3,5,10,1,0,0,0,11,0,0,LivesExhausted,,,,,,,,,
ppo_rollout,4804608,5773.3436346000235,832.2054435155517,,,,,,,,,,,,,,,,,,,-0.017265169728004064,2.871806053320567,-0.7312719573577245,0.9821804761886597,0.008397289,0.07376302083333333
training_episode,4804710,5773.985900200001,832.1305391191851,31790329,29750.666015625,301.5630187988281,297.0066223144531,1,46,43,30,3,11,8,152,2,1,MaxDuration,,,,,,,,,
training_episode,4805040,5774.163293700025,832.1621255918759,69073853,26254.666015625,301.7932434082031,261.546630859375,2,45,43,27,6,4,7,119,2,1,MaxDuration,,,,,,,,,
training_episode,4805670,5774.495024100004,832.2234203931966,66979273,1389.3052978515625,60.365875244140625,12.393052101135254,3,4,8,2,1,0,1,38,1,1,LivesExhausted,,,,,,,,,
training_episode,4805934,5774.639906600001,832.2482575073054,70121143,968.6455688476562,44.948463439941406,8.186455726623535,3,4,10,1,0,1,0,18,0,0,LivesExhausted,,,,,,,,,
training_episode,4808070,5775.936555300024,832.4312349982608,9168865,1933.75146484375,80.06869506835938,17.337514877319336,4,5,10,2,1,1,0,30,0,0,LivesExhausted,,,,,,,,,
ppo_rollout,4810752,5777.805784100026,832.6261179008012,,,,,,,,,,,,,,,,,,,-0.02114025056362152,2.253518288830916,-0.7464175189534823,0.9937291741371155,0.013146977,0.1359375
training_episode,4810956,5778.589967900014,832.5484290674357,68131292,1077.6773681640625,49.25774002075195,9.276773452758789,3,7,8,2,0,1,0,14,0,0,LivesExhausted,,,,,,,,,
training_episode,4814214,5780.359383200004,832.8572119567509,70225872,1622.205810546875,68.96632385253906,14.722058296203613,3,5,13,2,0,2,0,31,0,0,LivesExhausted,,,,,,,,,
ppo_rollout,4816896,5781.9498065000225,833.0919778281167,,,,,,,,,,,,,,,,,,,-0.01513952417493177,4.64345124065876,-0.7374404345949491,0.9541937112808228,0.0148969265,0.129833984375
ppo_rollout,4823040,5786.188386599999,833.5435484903127,,,,,,,,,,,,,,,,,,,-0.017818448758043816,2.4255217959483466,-0.6891757766405742,0.9801855683326721,0.01827139,0.13343098958333333
ppo_rollout,4829184,5790.1225896000105,834.03829975448,,,,,,,,,,,,,,,,,,,-0.023489483182008067,1.9002929627895355,-0.6971120009819667,0.9640704989433289,0.018461308,0.14990234375
ppo_rollout,4835328,5794.48645560001,834.4704983004933,,,,,,,,,,,,,,,,,,,-0.021028001728700473,1.988055976231893,-0.7072639519969622,0.8868095278739929,0.011412687,0.1111328125
training_episode,4840038,5797.649886200001,834.8275758287198,19013391,29750.666015625,306.2375793457031,297.0066223144531,1,44,41,30,7,4,9,157,2,1,MaxDuration,,,,,,,,,
training_episode,4841466,5798.409026500012,834.9645528408619,74100845,29750.666015625,306.2776184082031,296.5066223144531,2,33,48,30,4,9,8,164,4,1,MaxDuration,,,,,,,,,
ppo_rollout,4841472,5798.418677400012,834.9641978890178,,,,,,,,,,,,,,,,,,,-0.01943438237067312,2.4759391874074934,-0.7041499644517899,0.5353952646255493,0.008687455,0.10017903645833333
training_episode,4842078,5799.332610900019,834.9371082629697,57239476,30977.33203125,303.3847961425781,309.7732849121094,0,32,46,31,2,4,8,139,1,1,MaxDuration,,,,,,,,,
training_episode,4844556,5800.74614860001,835.1608355020356,66246170,28554.666015625,303.9953918457031,285.546630859375,0,31,42,28,6,7,9,88,3,1,MaxDuration,,,,,,,,,
training_episode,4847094,5802.131084000022,835.3989128867432,40168649,26254.666015625,301.0925598144531,261.546630859375,2,32,42,27,6,3,8,140,5,1,MaxDuration,,,,,,,,,
training_episode,4847412,5802.3044436000055,835.4287588867797,21422158,1416.207275390625,61.425697326660156,12.16207218170166,4,7,12,2,1,0,0,20,1,0,LivesExhausted,,,,,,,,,
ppo_rollout,4847616,5802.418078100018,835.4475556141476,,,,,,,,,,,,,,,,,,,-0.019701122362554693,2.5768478751182555,-0.7012923176089922,0.9679820537567139,0.009584273,0.09345703125
training_episode,4850676,5804.684594500024,835.6485044159069,52945587,27389.33203125,303.8152160644531,273.8932800292969,0,41,43,27,3,5,10,150,3,1,MaxDuration,,,,,,,,,
training_episode,4850844,5804.777529500017,835.6640672873156,44986183,554.506591796875,28.590559005737305,4.045065879821777,3,5,3,1,0,0,1,10,0,0,LivesExhausted,,,,,,,,,
training_episode,4853250,5806.102907799999,835.8876990416544,72739368,1128.559814453125,51.26740264892578,9.285598754882812,4,4,7,2,1,0,0,40,1,0,LivesExhausted,,,,,,,,,
ppo_rollout,4853760,5806.376634400018,835.9361277468262,,,,,,,,,,,,,,,,,,,-0.022442566657749314,2.468317093948523,-0.7338125064969063,0.9923480749130249,0.0121490015,0.115185546875
training_episode,4856406,5808.300034300017,836.114865162138,45405099,1003.0983276367188,46.30823516845703,8.530982971191406,3,4,8,2,1,1,0,5,0,0,LivesExhausted,,,,,,,,,
ppo_rollout,4859904,5810.286633000011,836.43102431432,,,,,,,,,,,,,,,,,,,-0.019193199185732132,2.871113170683384,-0.7405946021278699,0.983677327632904,0.014085964,0.12042643229166666
ppo_rollout,4866048,5814.46528840001,836.8865852046406,,,,,,,,,,,,,,,,,,,-0.018986340088304132,2.345733186105887,-0.7205910141269366,0.9864988327026367,0.01582223,0.125390625
ppo_rollout,4872192,5818.460275200021,837.3679237386405,,,,,,,,,,,,,,,,,,,-0.021085957262160566,1.6840087269743285,-0.7180453449487686,0.9685235619544983,0.014205866,0.13362630208333334
training_episode,4877478,5821.947422600002,837.774312606517,37864611,27389.33203125,300.0415344238281,273.8932800292969,0,27,42,27,2,3,2,147,4,1,MaxDuration,,,,,,,,,
ppo_rollout,4878336,5822.414302500023,837.8544958412431,,,,,,,,,,,,,,,,,,,-0.01918506046446661,2.0348884522914887,-0.6779628053307534,0.9382080435752869,0.0104512945,0.10218098958333334
training_episode,4878726,5823.276682299998,837.7973890248106,19641765,27389.33203125,305.3667297363281,272.3932800292969,3,37,42,27,3,6,5,189,3,1,MaxDuration,,,,,,,,,
training_episode,4881078,5824.588061300019,838.0125682073674,66769815,27389.33203125,304.3157043457031,272.8932800292969,2,38,49,27,3,7,11,141,3,1,MaxDuration,,,,,,,,,
ppo_rollout,4884480,5826.416453200014,838.3334832369081,,,,,,,,,,,,,,,,,,,-0.022753301152260975,2.219197397430738,-0.674540480474631,0.95421302318573,0.013337675,0.12835286458333334
training_episode,4887096,5828.399404100026,838.4971003466475,56820560,26254.666015625,303.4848937988281,261.546630859375,2,36,44,27,7,4,3,150,1,1,MaxDuration,,,,,,,,,
training_episode,4889832,5829.8749658000015,838.7541806102861,8435762,27389.33203125,304.8362121582031,272.8932800292969,2,31,42,27,9,4,5,115,4,1,MaxDuration,,,,,,,,,
ppo_rollout,4890624,5830.4336978000065,838.8096415272462,,,,,,,,,,,,,,,,,,,-0.020872068304258088,3.6365292847156523,-0.6739564016461372,0.988457977771759,0.012532377,0.120458984375
training_episode,4891572,5831.531804700004,838.8142539251128,28124814,774.0774536132812,37.2597541809082,6.240774154663086,3,4,7,1,0,0,1,22,0,0,LivesExhausted,,,,,,,,,
training_episode,4892490,5832.0222320000175,838.9011230367315,32104516,28554.666015625,300.6421203613281,285.546630859375,0,35,42,28,6,4,12,189,1,1,MaxDuration,,,,,,,,,
ppo_rollout,4896768,5834.367003500025,839.2972188863743,,,,,,,,,,,,,,,,,,,-0.014160159542613352,4.007488390306632,-0.6832553793986639,0.9810912013053894,0.009454504,0.08068033854166666
training_episode,4901184,5837.37119190002,839.6217815993815,20793784,1710.2816162109375,72.43706512451172,15.602815628051758,3,3,15,2,0,0,1,48,3,1,LivesExhausted,,,,,,,,,
ppo_rollout,4902912,5838.293803600012,839.7850750465424,,,,,,,,,,,,,,,,,,,-0.021019082881199816,2.042569083472093,-0.6883467396100362,0.9901403188705444,0.011453419,0.10843098958333333
ppo_rollout,4909056,5842.223355499998,840.2718796053057,,,,,,,,,,,,,,,,,,,-0.018809378645770872,3.0003201832373936,-0.686528321603934,0.9855666160583496,0.011604675,0.094677734375
training_episode,4913610,5845.278061200021,840.6118491805757,19955952,29750.666015625,301.0525207519531,296.5066223144531,2,27,42,30,9,6,5,135,2,1,MaxDuration,,,,,,,,,
training_episode,4914942,5846.108579700027,840.7202728096086,69178582,26254.666015625,301.7532043457031,261.046630859375,3,36,36,27,8,3,7,182,0,1,MaxDuration,,,,,,,,,
ppo_rollout,4915200,5846.249187900015,840.7441834968294,,,,,,,,,,,,,,,,,,,-0.01962105845256398,2.497918735941251,-0.6580302943785985,0.9750730395317078,0.01209933,0.11075846354166667
training_episode,4917090,5847.873804600007,840.8338080298789,25716047,26254.666015625,300.0715637207031,261.046630859375,3,27,42,27,6,5,10,109,0,1,MaxDuration,,,,,,,,,
ppo_rollout,4921344,5850.160933200008,841.2322423595363,,,,,,,,,,,,,,,,,,,-0.02382607487573599,1.9393018017212549,-0.6775311758120854,0.9828295111656189,0.011826324,0.12459309895833333
training_episode,4925850,5853.15914220002,841.5711721360316,27915356,27389.33203125,300.1216125488281,273.8932800292969,0,20,42,27,1,7,5,186,1,1,MaxDuration,,,,,,,,,
ppo_rollout,4927488,5854.117535600002,841.7131993054476,,,,,,,,,,,,,,,,,,,-0.02213679775983716,1.8800468573967615,-0.6768623267610868,0.9924502968788147,0.014026616,0.122900390625
training_episode,4928124,5855.364525200013,841.6425619260076,70435330,28554.666015625,304.5559387207031,284.546630859375,2,30,48,28,1,5,4,150,3,1,MaxDuration,,,,,,,,,
ppo_rollout,4933632,5858.393260600016,842.1476299961976,,,,,,,,,,,,,,,,,,,-0.022764754970557986,2.096367160975933,-0.6761665895581246,0.9816234111785889,0.013435844,0.127197265625
training_episode,4937418,5861.088575700007,842.4063100616612,33465993,29750.666015625,301.9133605957031,296.5066223144531,2,29,41,30,8,7,7,182,0,1,MaxDuration,,,,,,,,,
ppo_rollout,4939776,5862.49141800002,842.6069477616732,,,,,,,,,,,,,,,,,,,-0.02444956620844702,1.9622737189133963,-0.6719269027312597,0.9918797612190247,0.010841613,0.11692708333333333
ppo_rollout,4945920,5866.366320000001,843.0977082249441,,,,,,,,,,,,,,,,,,,-0.023325257189571857,1.4899782260258994,-0.674452901383241,0.9885157346725464,0.013558197,0.12210286458333333
training_episode,4950042,5869.139821700024,843.4016142703168,38388256,27389.33203125,303.5449523925781,273.3932800292969,1,34,41,27,4,2,8,99,3,1,MaxDuration,,,,,,,,,
training_episode,4951254,5869.789382800023,843.5147629842451,24878215,26254.666015625,302.5439758300781,262.046630859375,1,27,40,27,6,9,1,134,3,1,MaxDuration,,,,,,,,,
ppo_rollout,4952064,5870.233420700009,843.5889418873363,,,,,,,,,,,,,,,,,,,-0.021913305025858185,1.8916013593475023,-0.664866280555725,0.9849709272384644,0.011216998,0.110986328125
training_episode,4953270,5871.5310608000145,843.6079020460979,20479597,27389.33203125,301.4729309082031,273.3932800292969,1,31,44,27,4,8,6,197,2,1,MaxDuration,,,,,,,,,
training_episode,4955382,5872.877300699998,843.7741410686989,1314190,956.5087280273438,44.468544006347656,8.06508731842041,3,4,11,1,0,1,1,20,0,0,LivesExhausted,,,,,,,,,
ppo_rollout,4958208,5874.717642100004,843.9908608488655,,,,,,,,,,,,,,,,,,,-0.02117392821237445,2.077521108587583,-0.668922499815623,0.9872980713844299,0.010786604,0.10008138020833333
training_episode,4961934,5879.402752900001,843.952048964929,73891387,25150.666015625,300.6621398925781,251.0066375732422,1,22,45,26,2,6,5,137,0,1,MaxDuration,,,,,,,,,
ppo_rollout,4964352,5880.966700500023,844.1387705150432,,,,,,,,,,,,,,,,,,,-0.01900961414066842,2.5045996924241383,-0.694970162709554,0.9926338195800781,0.011126413,0.09925130208333334
training_episode,4964760,5881.770917900023,844.092717873578,53469232,29750.666015625,305.2866516113281,297.0066223144531,1,33,45,30,4,6,10,125,1,1,MaxDuration,,,,,,,,,
ppo_rollout,4970496,5885.024198300001,844.6007752076567,,,,,,,,,,,,,,,,,,,-0.021341601588452854,1.9764753212531407,-0.6919407159090042,0.9876220226287842,0.013464309,0.13063151041666668
training_episode,4973790,5887.396203600016,844.819989685531,65408338,27389.33203125,303.0744934082031,273.3932800292969,1,35,38,27,4,6,5,140,4,1,MaxDuration,,,,,,,,,
ppo_rollout,4976640,5888.929238700017,845.0840209278173,,,,,,,,,,,,,,,,,,,-0.02398524327824513,1.3583375548322996,-0.6729652990897497,0.9915750622749329,0.012936045,0.13098958333333333
ppo_rollout,4982784,5893.205554400018,845.5133549990848,,,,,,,,,,,,,,,,,,,-0.021431198543480908,1.7118323455254236,-0.6800006846586863,0.9880796670913696,0.013355975,0.10978190104166667
training_episode,4987356,5896.464197699999,845.8214673711392,15243147,26254.666015625,300.8122863769531,262.046630859375,1,37,42,27,6,2,4,137,0,1,MaxDuration,,,,,,,,,
ppo_rollout,4988928,5897.3654494000075,845.9587663009029,,,,,,,,,,,,,,,,,,,-0.021280632870427023,1.8038045341769855,-0.6796412845452626,0.9872305989265442,0.010769718,0.10563151041666667
training_episode,4989810,5898.39210930001,845.9610530355474,40063920,26254.666015625,304.4658508300781,261.046630859375,3,33,42,27,8,9,5,121,0,1,MaxDuration,,,,,,,,,
training_episode,4991598,5899.338979500026,846.1283573203048,41425397,29750.666015625,301.7632141113281,297.5066223144531,0,30,44,30,4,3,5,204,1,1,MaxDuration,,,,,,,,,
ppo_rollout,4995072,5901.2850000000035,846.4380215495434,,,,,,,,,,,,,,,,,,,-0.02129871174499082,2.0226837436358136,-0.6952721570928891,0.979907751083374,0.010241562,0.1142578125
training_episode,4998480,5903.8405716000125,846.6488787052987,51060465,30977.33203125,304.5259094238281,309.2732849121094,1,36,39,31,6,5,3,96,3,1,MaxDuration,,,,,,,,,
validation,5000004,,,,,,,,,,,,,,,,,,20061.049585876466,25626.17578125,10898.048084758446,,,,,,
training_episode,5001072,6223.960847799986,803.5191933714932,16395166,26254.666015625,302.5740051269531,262.546630859375,0,38,43,27,6,7,5,174,2,1,MaxDuration,,,,,,,,,
ppo_rollout,5001216,6224.046187700034,803.5313121363732,,,,,,,,,,,,,,,,,,,-0.019607633367801705,2.105889996389548,-0.6777953560153643,0.9915305376052856,0.011306703,0.10760091145833334
