kind,total_timesteps,wall_seconds,transitions_per_second,seed,final_score,survival_time,episode_reward,life_loss_count,collisions,obstacles_avoided,max_level,hearts_collected,shields_collected,boosts_collected,gold_collected,diamonds_collected,turbo_activations,terminal_reason,mean_final_score,median_final_score,std_final_score,policy_gradient_loss,value_loss,entropy_loss,explained_variance,approx_kl,clip_fraction
training_episode,1938,1.090454500001215,1777.2405909626132,16709353,319.7687683105469,16.110273361206055,1.6976873874664307,3,7,2,1,0,0,0,0,0,0,LivesExhausted,,,,,,,,,
training_episode,2088,1.1697268999996595,1785.0320446598328,13567483,327.1825256347656,17.38030242919922,1.7718250751495361,3,5,3,1,0,0,0,4,0,0,LivesExhausted,,,,,,,,,
training_episode,2154,1.210924499999237,1778.8061931205102,47290221,352.1306457519531,17.950315475463867,2.0213065147399902,3,5,3,1,0,0,0,3,0,0,LivesExhausted,,,,,,,,,
training_episode,2202,1.2428379000011773,1771.751569531243,64046861,353.5929870605469,18.330324172973633,2.0359299182891846,3,6,3,1,0,0,0,5,0,0,LivesExhausted,,,,,,,,,
training_episode,2472,1.3783296000001428,1793.475232629223,18489746,389.2052001953125,20.60037612915039,2.3920516967773438,3,4,4,1,0,0,0,0,1,0,LivesExhausted,,,,,,,,,
training_episode,3438,1.883748000000196,1825.0848839651812,45614557,577.1519165039062,28.65056037902832,4.271518707275391,3,6,7,1,0,0,1,5,0,0,LivesExhausted,,,,,,,,,
training_episode,3606,1.9715232999988075,1829.0425479638923,65513067,252.56544494628906,12.630193710327148,1.0256545543670654,3,5,3,1,0,0,0,5,0,0,LivesExhausted,,,,,,,,,
training_episode,3744,2.047160800000711,1828.87440986497,28124814,269.4664001464844,13.24020767211914,1.1946638822555542,3,4,4,1,0,0,0,10,1,0,LivesExhausted,,,,,,,,,
training_episode,4446,2.3958106999998563,1855.7392702187476,18699204,381.4345397949219,18.690332412719727,2.314345359802246,3,6,4,1,0,0,0,5,0,0,LivesExhausted,,,,,,,,,
training_episode,4824,2.5846397999994224,1866.410940511354,56296915,402.43310546875,19.59035301208496,2.5243310928344727,3,4,6,1,0,0,0,2,0,0,LivesExhausted,,,,,,,,,
training_episode,5208,2.779942299999675,1873.4201785413347,48965885,553.1041259765625,27.240528106689453,4.031041145324707,3,6,7,1,0,0,0,8,0,0,LivesExhausted,,,,,,,,,
training_episode,5874,3.1091765999990457,1889.2461753384491,29381562,424.3780822753906,20.290369033813477,2.7437808513641357,3,4,6,1,0,0,0,10,0,0,LivesExhausted,,,,,,,,,
training_episode,6114,3.229960500000743,1892.9024054624176,22469448,294.4686279296875,13.860221862792969,1.4446864128112793,3,4,3,1,0,0,0,5,0,0,LivesExhausted,,,,,,,,,
ppo_rollout,6144,3.250492099999974,1890.1753368359362,,,,,,,,,,,,,,,,,,,,,,,,
training_episode,6222,3.842716200000723,1619.1671922060832,65303609,437.96368408203125,20.640377044677734,2.879636526107788,3,5,5,1,0,0,0,5,0,0,LivesExhausted,,,,,,,,,
training_episode,6264,3.8666685999996844,1619.9991900005373,4246602,467.3914794921875,22.15041160583496,3.173914670944214,3,7,5,1,0,0,0,4,0,0,LivesExhausted,,,,,,,,,
training_episode,7776,4.647282900001301,1673.2357739611298,53888148,372.6588439941406,21.400394439697266,2.226588249206543,3,5,3,1,0,0,1,2,0,0,LivesExhausted,,,,,,,,,
training_episode,7890,4.7088715999998385,1675.5606587362183,26972795,477.6005554199219,25.540489196777344,3.276005268096924,3,6,6,1,0,0,0,0,0,0,LivesExhausted,,,,,,,,,
training_episode,8550,5.050419099999999,1692.928810601085,25087673,344.2331237792969,20.270368576049805,1.942331314086914,3,4,2,1,0,0,0,7,0,0,LivesExhausted,,,,,,,,,
training_episode,8604,5.080500700001721,1693.53386763574,74205574,406.55511474609375,22.730424880981445,2.565551280975342,3,6,2,1,0,0,0,31,0,0,LivesExhausted,,,,,,,,,
training_episode,8754,5.158012500000041,1697.1653325772147,55040167,421.57623291015625,20.710378646850586,2.715762138366699,3,5,7,1,0,0,0,4,0,0,LivesExhausted,,,,,,,,,
training_episode,9222,5.387005399999907,1711.8973001215404,35665302,505.6119384765625,24.970476150512695,3.556119441986084,3,5,7,1,0,0,1,5,0,0,LivesExhausted,,,,,,,,,
training_episode,10104,5.818580300001486,1736.5060683269112,64256319,269.5252685546875,12.470190048217773,1.1952526569366455,3,5,2,1,0,0,0,1,0,0,LivesExhausted,,,,,,,,,
training_episode,10134,5.837781199999881,1735.9335084364254,41949042,392.5854187011719,18.66033172607422,2.425853967666626,3,5,3,1,0,0,0,10,1,0,LivesExhausted,,,,,,,,,
training_episode,10200,5.873251900000469,1736.6869621238595,18175559,261.3280944824219,12.030179977416992,1.1132808923721313,3,5,3,1,1,0,0,0,0,0,LivesExhausted,,,,,,,,,
training_episode,10236,5.89415580000059,1736.6354652516948,57344205,429.1851806640625,20.470373153686523,2.79185152053833,3,5,7,1,0,0,0,1,0,0,LivesExhausted,,,,,,,,,
training_episode,10752,6.149449699998513,1748.449133587124,45405099,270.0478820800781,12.740196228027344,1.2004787921905518,3,6,1,1,0,0,0,0,0,0,LivesExhausted,,,,,,,,,
training_episode,11184,6.362320500000351,1757.8491998319455,60904991,463.858642578125,21.9104061126709,3.1385860443115234,3,4,8,1,0,0,0,2,0,0,LivesExhausted,,,,,,,,,
training_episode,11604,6.564525400001003,1767.683007213016,72844097,258.8798828125,12.230184555053711,1.0887987613677979,3,3,3,1,0,0,0,0,0,0,LivesExhausted,,,,,,,,,
training_episode,11820,6.673421600000438,1771.2053438972332,63209029,303.5883483886719,14.30023193359375,1.5358834266662598,3,8,1,1,0,0,0,0,0,0,LivesExhausted,,,,,,,,,
training_episode,11916,6.724057600000378,1772.144248139595,10111426,298.93212890625,13.960224151611328,1.489321231842041,3,4,3,1,0,0,0,0,0,0,LivesExhausted,,,,,,,,,
ppo_rollout,12288,6.910455699999147,1778.1750630427334,,,,,,,,,,,,,,,,,,,-0.004460326273692772,0.035851323138922454,-1.424200576543808,-0.18178999423980713,0.0043210685,0.03194986979166667
training_episode,13122,7.865485499998613,1668.3013400765044,37445695,447.4243469238281,24.350461959838867,2.974243402481079,3,6,7,1,0,0,1,4,0,0,LivesExhausted,,,,,,,,,
training_episode,13932,8.259088700000575,1686.8689156951457,33047077,501.34161376953125,26.490510940551758,3.513416290283203,3,4,8,1,0,0,0,9,0,0,LivesExhausted,,,,,,,,,
training_episode,14052,8.320616199998767,1688.8172296664857,33884909,435.61083984375,23.880451202392578,2.8561084270477295,3,10,3,1,0,0,0,0,0,0,LivesExhausted,,,,,,,,,
training_episode,15516,9.040148000000045,1716.343581985596,72948826,609.7645874023438,30.77060890197754,4.5976457595825195,3,7,4,1,0,0,0,4,0,0,LivesExhausted,,,,,,,,,
training_episode,15534,9.053825099999813,1715.7389090717381,35036928,658.8988037109375,32.71051788330078,5.088987827301025,3,3,7,1,0,0,0,8,0,0,LivesExhausted,,,,,,,,,
training_episode,15636,9.105748999998468,1717.1569301990019,68864395,285.06304931640625,13.190206527709961,1.350630521774292,3,5,2,1,0,0,0,10,0,0,LivesExhausted,,,,,,,,,
training_episode,15774,9.174925800001802,1719.2509611355006,7597930,477.3353271484375,22.10041046142578,3.273353099822998,3,4,8,1,0,0,0,8,1,0,LivesExhausted,,,,,,,,,
training_episode,17562,10.060417000000598,1745.6532865386152,34722741,356.83184814453125,16.870290756225586,2.0683183670043945,3,4,5,1,0,0,0,0,0,0,LivesExhausted,,,,,,,,,
training_episode,17628,10.095063900000241,1746.1999423301895,73472471,350.0833435058594,16.560283660888672,2.000833511352539,3,5,5,1,0,0,0,4,0,0,LivesExhausted,,,,,,,,,
training_episode,17742,10.153882499998872,1747.311927235909,31476142,671.63525390625,31.720630645751953,5.216352462768555,3,5,9,1,0,0,0,15,0,0,LivesExhausted,,,,,,,,,
training_episode,17916,10.242445299998508,1749.191670079274,32209245,1095.8441162109375,49.97761917114258,9.458440780639648,3,5,7,2,0,2,0,9,1,0,LivesExhausted,,,,,,,,,
ppo_rollout,18432,10.525926400001481,1751.1047768676594,,,,,,,,,,,,,,,,,,,-0.00749646666032883,0.027144804821970563,-1.4313552170991897,0.3867708444595337,0.0069087646,0.056689453125
training_episode,19368,11.539537000000564,1678.40356159862,32313974,643.3778686523438,32.10062026977539,4.933778285980225,3,3,9,1,0,0,0,10,0,0,LivesExhausted,,,,,,,,,
training_episode,19410,11.56527239999923,1678.300288024456,6026995,597.2470092773438,30.280597686767578,4.472469806671143,3,4,10,1,0,0,0,8,0,0,LivesExhausted,,,,,,,,,
training_episode,20172,11.943971900000179,1688.885420100469,44567267,343.5270080566406,20.240367889404297,1.935270071029663,3,4,3,1,0,0,0,5,0,0,LivesExhausted,,,,,,,,,
training_episode,20262,11.993717100001959,1689.3845194995213,71692078,400.0534973144531,22.480419158935547,2.500535011291504,3,6,4,1,0,0,0,10,0,0,LivesExhausted,,,,,,,,,
training_episode,20850,12.287053000000014,1696.9081194652595,55877999,510.8173828125,26.85051918029785,3.6081738471984863,3,5,5,1,0,0,0,10,0,0,LivesExhausted,,,,,,,,,
training_episode,21672,12.69714500000191,1706.8403960100275,55249625,622.6925659179688,31.270620346069336,4.726925849914551,3,4,4,1,0,1,0,5,0,0,LivesExhausted,,,,,,,,,
training_episode,22314,13.023597999999765,1713.3514102631548,19537036,513.5294189453125,24.550466537475586,3.635293960571289,3,6,5,1,0,0,0,0,0,0,LivesExhausted,,,,,,,,,
training_episode,22458,13.09870790000059,1714.5202543221067,44357809,532.4236450195312,25.370485305786133,3.8242363929748535,3,4,8,1,0,1,0,16,0,0,LivesExhausted,,,,,,,,,
training_episode,22506,13.126535200000944,1714.5423112108351,5398621,405.52911376953125,19.440349578857422,2.555290937423706,3,5,5,1,0,0,0,5,0,0,LivesExhausted,,,,,,,,,
training_episode,22962,13.3545993000007,1719.4076350908406,48861156,469.6993408203125,22.460418701171875,3.196993350982666,3,7,5,1,0,0,0,9,0,0,LivesExhausted,,,,,,,,,
training_episode,23622,13.696204799998668,1724.7113594564748,8959407,478.73419189453125,23.080432891845703,3.287342071533203,3,4,8,1,0,0,1,4,0,0,LivesExhausted,,,,,,,,,
ppo_rollout,24576,14.185259900001256,1732.5026240793673,,,,,,,,,,,,,,,,,,,-0.005189491551330624,0.036902658517162006,-1.4330829997857413,0.5060521364212036,0.005860083,0.052408854166666664
training_episode,24876,14.890572299998894,1670.587234582102,9797239,547.36767578125,26.700515747070312,3.9736766815185547,3,3,9,1,0,0,0,15,0,0,LivesExhausted,,,,,,,,,
training_episode,24984,14.947062499999447,1671.498998549108,60695533,433.7532043457031,21.030385971069336,2.8375320434570312,3,3,7,1,0,0,0,5,0,0,LivesExhausted,,,,,,,,,
training_episode,25440,15.178099000000657,1676.0992269189244,52631400,490.417236328125,26.050500869750977,3.404172420501709,3,5,7,1,0,0,1,10,0,0,LivesExhausted,,,,,,,,,
training_episode,25788,15.357109799999307,1679.2222192746947,45300370,522.9464721679688,27.340530395507812,3.729464530944824,3,5,7,1,0,0,0,6,0,0,LivesExhausted,,,,,,,,,
training_episode,26190,15.567406099999062,1682.3611995322444,5084434,372.1816101074219,21.370393753051758,2.221816062927246,3,3,4,1,0,0,0,1,0,0,LivesExhausted,,,,,,,,,
training_episode,26334,15.640522900001088,1683.7032986920258,13253296,542.125732421875,28.100547790527344,3.9212570190429688,3,4,7,1,0,0,0,13,0,0,LivesExhausted,,,,,,,,,
training_episode,27072,16.001605100002052,1691.8302777011118,10530342,377.8611755371094,18.29032325744629,2.278611660003662,3,4,7,1,0,0,0,7,0,0,LivesExhausted,,,,,,,,,
training_episode,28092,16.502193600001192,1702.3191389536219,20793784,541.71142578125,25.87049674987793,3.917113780975342,3,4,7,1,0,0,0,17,0,0,LivesExhausted,,,,,,,,,
training_episode,28770,16.839996300001076,1708.432679406121,10844529,302.82525634765625,14.150228500366211,1.5282526016235352,3,3,5,1,0,0,1,0,0,0,LivesExhausted,,,,,,,,,
training_episode,28782,16.850233500001195,1708.1068935927776,50641549,528.2460327148438,24.93047523498535,3.7824602127075195,3,4,8,1,0,0,0,0,0,0,LivesExhausted,,,,,,,,,
training_episode,29028,16.976023200000782,1709.9411127099934,17966101,505.2710876464844,23.640445709228516,3.55271053314209,3,6,7,1,0,0,0,3,0,0,LivesExhausted,,,,,,,,,
ppo_rollout,30720,17.82231369999863,1723.6819257649113,,,,,,,,,,,,,,,,,,,-0.006306671058215822,0.03156941789202392,-1.4343012422323227,0.6048868894577026,0.0061161513,0.053076171875
training_episode,31746,18.943572700001823,1675.8190496978928,52736129,601.5676879882812,30.45060157775879,4.515676975250244,3,3,9,1,0,0,0,21,0,0,LivesExhausted,,,,,,,,,
training_episode,31830,18.99075780000203,1676.07845538405,28543730,421.9670715332031,23.340438842773438,2.7196707725524902,3,5,5,1,0,0,0,8,0,0,LivesExhausted,,,,,,,,,
training_episode,31938,19.051796799998556,1676.3773168104765,59019869,1011.8180541992188,46.65817642211914,8.118180274963379,4,4,13,2,1,0,0,26,0,0,LivesExhausted,,,,,,,,,
training_episode,32448,19.336323499999708,1678.0852885503539,1942564,1324.0947265625,58.39620590209961,11.240946769714355,4,7,12,2,1,0,1,17,0,0,LivesExhausted,,,,,,,,,
training_episode,32706,19.47589230000085,1679.306883412914,67712376,657.9492797851562,32.67052459716797,5.079492568969727,3,4,9,1,0,0,0,22,0,0,LivesExhausted,,,,,,,,,
training_episode,32706,19.47589230000085,1679.306883412914,69492769,660.0869140625,32.7605094909668,5.100869178771973,3,4,9,1,0,0,0,6,0,0,LivesExhausted,,,,,,,,,
training_episode,34872,20.573585000001913,1694.9889870917857,26344421,511.4051513671875,25.33048439025879,3.614051342010498,3,3,6,1,0,0,0,15,0,0,LivesExhausted,,,,,,,,,
training_episode,34992,20.639257400001952,1695.4098358207739,1104732,435.8460693359375,21.200389862060547,2.8584606647491455,3,4,5,1,0,0,0,13,0,0,LivesExhausted,,,,,,,,,
training_episode,35568,20.931883199998992,1699.2259922414296,15033689,491.2513122558594,23.8304500579834,3.412513017654419,3,4,6,1,0,0,0,1,0,0,LivesExhausted,,,,,,,,,
training_episode,35628,20.965997800001787,1699.3228912767015,50851007,623.7955932617188,30.730607986450195,4.7379560470581055,3,7,5,1,0,1,1,10,0,0,LivesExhausted,,,,,,,,,
training_episode,35832,21.067029300000286,1700.856798067847,21422158,538.0850219726562,26.050500869750977,3.880850315093994,3,4,7,1,0,0,0,14,1,0,LivesExhausted,,,,,,,,,
training_episode,36510,21.395195199998852,1706.4579060256463,67921834,835.385009765625,39.67934799194336,6.8538498878479,3,5,8,1,0,0,0,10,0,0,LivesExhausted,,,,,,,,,
ppo_rollout,36864,21.572458499998902,1708.8455634299576,,,,,,,,,,,,,,,,,,,-0.007404295352171175,0.028374781537180146,-1.4424063702424368,0.6710848212242126,0.0060687214,0.05441080729166667
training_episode,37842,22.627250900000945,1672.4082022707594,32523432,456.5931396484375,24.71047019958496,3.0659313201904297,3,5,7,1,0,0,0,9,0,0,LivesExhausted,,,,,,,,,
training_episode,39552,23.509514199999103,1682.3827010428615,31685600,792.0293579101562,37.969635009765625,5.920293807983398,4,7,10,1,1,0,1,5,1,0,LivesExhausted,,,,,,,,,
training_episode,40134,23.81602700000076,1685.1677233989835,13672212,793.0601806640625,38.01962661743164,6.430601596832275,3,5,9,1,0,0,0,4,0,0,LivesExhausted,,,,,,,,,
training_episode,40938,24.2454687999998,1688.4804471176215,74100845,907.9925537109375,42.548866271972656,7.579925537109375,3,5,8,1,0,0,0,27,2,0,LivesExhausted,,,,,,,,,
training_episode,41052,24.312625300000946,1688.5054367205012,2675667,974.9863891601562,45.198421478271484,8.249863624572754,3,4,12,1,0,0,0,10,0,0,LivesExhausted,,,,,,,,,
training_episode,41220,24.401274799998646,1689.256005592064,63627945,565.65625,28.140548706054688,4.156562328338623,3,3,9,1,0,0,0,0,0,0,LivesExhausted,,,,,,,,,
training_episode,42174,24.895370099999127,1694.0499309950599,19432307,434.086669921875,21.81040382385254,2.840866804122925,3,4,5,1,0,0,0,7,0,0,LivesExhausted,,,,,,,,,
training_episode,42552,25.113501200001338,1694.3873998738868,72634639,400.1786804199219,20.120365142822266,2.501786708831787,3,4,7,1,0,0,0,12,1,0,LivesExhausted,,,,,,,,,
ppo_rollout,43008,25.369758400000137,1695.2467312420195,,,,,,,,,,,,,,,,,,,-0.00642713670580027,0.036752328369766475,-1.4485134422779082,0.7437885999679565,0.0062718894,0.056722005208333336
training_episode,45012,26.966738399998576,1669.167376949167,15766792,665.8311767578125,32.99047088623047,5.15831184387207,3,4,8,1,0,0,0,11,0,0,LivesExhausted,,,,,,,,,
training_episode,45108,27.01993289999882,1669.43419759573,38178798,650.7254028320312,32.38057327270508,5.007254123687744,3,6,7,1,0,1,0,5,0,0,LivesExhausted,,,,,,,,,
training_episode,45852,27.41994049999994,1672.2136942638554,1314190,866.8720703125,40.92913818359375,7.168720722198486,3,3,10,1,0,0,0,10,1,0,LivesExhausted,,,,,,,,,
training_episode,46272,27.633015700001124,1674.5186447383705,68654937,614.7831420898438,30.960613250732422,4.647831439971924,3,3,4,1,0,0,0,6,0,0,LivesExhausted,,,,,,,,,
training_episode,47814,28.418444899998576,1682.498819631133,24982944,1020.025146484375,46.97812271118164,8.700250625610352,3,4,8,2,0,0,0,19,0,0,LivesExhausted,,,,,,,,,
training_episode,47898,28.464904899999965,1682.703672057589,37550424,478.1777648925781,23.220436096191406,3.2817773818969727,3,5,5,1,0,0,1,9,2,0,LivesExhausted,,,,,,,,,
training_episode,48876,29.004308700001275,1685.1289408596679,8121575,428.6229248046875,21.660400390625,2.786229133605957,3,5,4,1,0,0,0,15,0,0,LivesExhausted,,,,,,,,,
ppo_rollout,49152,29.16255050000109,1685.4492888061407,,,,,,,,,,,,,,,,,,,-0.004992291591285418,0.057160488640268646,-1.4512674321730932,0.6568272709846497,0.004853117,0.04244791666666667
training_episode,49896,30.099823699998524,1657.6841278974816,67817105,860.5440673828125,40.67918014526367,7.105441093444824,3,5,10,1,0,0,0,20,1,0,LivesExhausted,,,,,,,,,
training_episode,50268,30.309648700000253,1658.4817758049298,25506589,762.0034790039062,36.789833068847656,6.120035171508789,3,4,12,1,0,0,0,9,1,0,LivesExhausted,,,,,,,,,
training_episode,50784,30.597661299998435,1659.7346935140627,48232782,439.68109130859375,24.05045509338379,2.896811008453369,3,5,4,1,0,0,0,14,0,0,LivesExhausted,,,,,,,,,
training_episode,51036,30.746496700001444,1659.8964265088973,20479597,510.08135986328125,26.83051872253418,3.600813388824463,3,3,6,1,0,0,0,9,0,0,LivesExhausted,,,,,,,,,
training_episode,53910,32.24684999999954,1671.7911982100816,30324123,677.7504272460938,33.45039367675781,5.2775044441223145,3,3,8,1,0,0,0,8,0,0,LivesExhausted,,,,,,,,,
training_episode,54372,32.4926020999992,1673.3655197162966,13462754,599.71142578125,29.88058853149414,4.497114181518555,3,4,7,1,0,0,0,9,0,0,LivesExhausted,,,,,,,,,
ppo_rollout,55296,32.96752919999926,1677.2867528089196,,,,,,,,,,,,,,,,,,,-0.004531242474331521,0.16029037423431874,-1.4531906892855961,0.32318753004074097,0.0047980403,0.044580078125
training_episode,55572,33.668942700001935,1650.5418805443155,70016414,1258.414306640625,55.7966423034668,10.08414363861084,5,6,8,2,2,0,0,30,0,0,LivesExhausted,,,,,,,,,
training_episode,55704,33.742742800001,1650.8438667883975,35979489,814.4280395507812,38.8594856262207,6.644280433654785,3,4,9,1,0,0,1,5,1,0,LivesExhausted,,,,,,,,,
training_episode,56316,34.06265060000078,1653.3064517298226,41215939,1106.193115234375,50.387550354003906,9.561930656433105,3,4,10,2,0,0,0,24,0,0,LivesExhausted,,,,,,,,,
training_episode,57720,34.76644970000052,1660.221290872825,36712592,633.698974609375,31.720630645751953,4.836989879608154,3,5,5,1,0,1,0,14,0,0,LivesExhausted,,,,,,,,,
training_episode,58614,35.21527459999925,1664.448188059884,14928960,724.837646484375,35.3200798034668,5.748376369476318,3,4,6,1,0,0,0,17,0,0,LivesExhausted,,,,,,,,,
training_episode,58866,35.34377609999865,1665.5266215315983,33465993,569.1024780273438,27.450532913208008,4.191024303436279,3,4,8,1,0,0,0,9,2,0,LivesExhausted,,,,,,,,,
training_episode,59304,35.58480989999953,1666.5537954721738,62057010,623.252197265625,29.970590591430664,4.7325215339660645,3,3,10,1,0,0,0,12,0,0,LivesExhausted,,,,,,,,,
training_episode,60318,36.07719580000048,1671.9148665096413,4037144,448.0372009277344,21.640399932861328,2.980372190475464,3,4,7,1,0,0,0,7,0,0,LivesExhausted,,,,,,,,,
ppo_rollout,61440,36.642481400002,1676.742339835005,,,,,,,,,,,,,,,,,,,-0.005590790411224589,0.24608177704115708,-1.45320838590463,0.41842418909072876,0.006309841,0.06712239583333333
training_episode,62310,37.634178899999824,1655.6758197267402,32942348,1094.7078857421875,49.92762756347656,9.447078704833984,3,6,11,2,0,0,1,29,1,0,LivesExhausted,,,,,,,,,
training_episode,63102,38.0242388000006,1659.520400445176,8435762,418.2519836425781,23.200435638427734,2.6825199127197266,3,3,5,1,0,0,0,9,0,0,LivesExhausted,,,,,,,,,
training_episode,63354,38.15157829999953,1660.586608025094,42367958,776.4297485351562,37.359737396240234,6.2642974853515625,3,3,10,1,0,0,0,11,0,0,LivesExhausted,,,,,,,,,
training_episode,63438,38.1968420000012,1660.8179283511975,21631616,848.1847534179688,40.18926239013672,6.981847286224365,3,5,8,1,0,1,0,0,0,0,LivesExhausted,,,,,,,,,
training_episode,64500,38.737083600000915,1665.071141287427,17023540,383.51727294921875,18.230321884155273,2.335172653198242,3,4,5,1,0,0,0,5,0,0,LivesExhausted,,,,,,,,,
training_episode,65568,39.29092680000031,1668.7822186978672,48756427,1151.9730224609375,52.19724655151367,10.019730567932129,3,4,12,2,0,0,0,13,0,0,LivesExhausted,,,,,,,,,
training_episode,66138,39.57985230000122,1671.0016878965957,1628377,518.946533203125,25.270483016967773,3.689465045928955,3,3,9,1,0,0,0,10,0,0,LivesExhausted,,,,,,,,,
ppo_rollout,67584,40.31036650000169,1676.5910575384414,,,,,,,,,,,,,,,,,,,-0.0050384576277186476,0.33065259928504626,-1.4512855847676596,0.4819082021713257,0.007193116,0.055517578125
training_episode,69186,41.66049170000042,1660.710115910593,6760098,1042.5474853515625,47.87797164916992,8.925474166870117,3,5,13,2,0,0,1,18,0,0,LivesExhausted,,,,,,,,,
training_episode,69234,41.688959899998736,1660.7274483718195,22364719,604.2355346679688,30.540603637695312,4.542355537414551,3,4,7,1,0,0,0,11,0,0,LivesExhausted,,,,,,,,,
training_episode,70836,42.479733700001816,1667.5245777258008,13881670,821.0157470703125,39.10944366455078,6.710157871246338,3,4,10,1,0,0,0,10,0,0,LivesExhausted,,,,,,,,,
training_episode,71856,42.99989859999914,1671.0737080668705,55144896,1411.7584228515625,61.2557258605957,12.617584228515625,3,3,13,2,0,0,0,27,0,0,LivesExhausted,,,,,,,,,
training_episode,72888,43.51158510000096,1675.1400766596848,33151806,27389.33203125,303.1145324707031,272.3932800292969,3,50,38,27,3,0,3,134,2,1,MaxDuration,,,,,,,,,
ppo_rollout,73728,43.939997599998605,1677.9245340696682,,,,,,,,,,,,,,,,,,,-0.004017734892355899,0.5909697984655699,-1.445740780234337,0.4963884949684143,0.0044646743,0.05675455729166667
training_episode,74532,44.90351500000179,1659.8255170001064,23097822,947.6406860351562,44.12860107421875,7.976406097412109,3,3,12,1,0,0,0,20,0,0,LivesExhausted,,,,,,,,,
training_episode,74916,45.095298100000946,1661.2818443703432,30952497,691.0185546875,33.98030471801758,5.410185813903809,3,4,9,1,0,1,0,30,0,0,LivesExhausted,,,,,,,,,
training_episode,75624,45.449431000000914,1663.915220412737,41111210,625.321044921875,31.38062286376953,4.753210544586182,3,3,10,1,0,0,1,13,0,0,LivesExhausted,,,,,,,,,
training_episode,75966,45.623695499998576,1665.05582608937,58077308,1275.8375244140625,56.47652816772461,10.75837516784668,4,4,15,2,1,0,0,20,2,0,LivesExhausted,,,,,,,,,
training_episode,76260,45.78923059999943,1665.4571173336324,61638094,541.2723388671875,28.060546875,3.9127230644226074,3,3,5,1,0,0,0,6,0,0,LivesExhausted,,,,,,,,,
training_episode,78432,46.899524600001314,1672.341045435625,45824015,417.8358154296875,20.53037452697754,2.6783580780029297,3,4,4,1,0,0,0,15,0,0,LivesExhausted,,,,,,,,,
training_episode,79818,47.592117100000905,1677.1264836209289,34094367,719.8187255859375,34.91014862060547,5.698186874389648,3,5,8,1,0,1,0,11,0,0,LivesExhausted,,,,,,,,,
training_episode,79872,47.62492270000075,1677.1050843091182,36817321,957.1716918945312,44.498538970947266,8.07171630859375,3,4,11,1,0,1,0,10,1,0,LivesExhausted,,,,,,,,,
ppo_rollout,79872,47.62993800000186,1676.9284898081723,,,,,,,,,,,,,,,,,,,-0.005607870162930339,0.8480072552959125,-1.441706962386767,0.5483731031417847,0.0063834605,0.053173828125
training_episode,80550,48.50921820000076,1660.5091359728146,72320452,744.15185546875,35.72001266479492,5.941518783569336,3,3,10,1,0,0,0,0,0,0,LivesExhausted,,,,,,,,,
training_episode,82284,49.384618500000215,1666.1868107779276,12310735,350.569091796875,20.520374298095703,2.0056910514831543,3,4,3,1,0,0,0,0,0,0,LivesExhausted,,,,,,,,,
training_episode,82458,49.47351519999938,1666.709949084051,26030234,679.8784790039062,33.54037857055664,5.2987847328186035,3,5,10,1,0,1,1,10,0,0,LivesExhausted,,,,,,,,,
training_episode,83076,49.78792930000054,1668.5972115735108,5293892,506.53497314453125,26.68051528930664,3.565349578857422,3,3,3,1,0,0,1,12,1,0,LivesExhausted,,,,,,,,,
training_episode,83574,50.061943199998495,1669.4118257879072,12520193,1702.5386962890625,72.14700317382812,15.525386810302734,3,3,17,2,0,0,0,74,0,0,LivesExhausted,,,,,,,,,
ppo_rollout,86016,51.302001899999595,1676.6597172497604,,,,,,,,,,,,,,,,,,,-0.00660738557150277,0.27114833345015843,-1.4407998661200205,0.7010552287101746,0.0061063603,0.06907552083333333
training_episode,86454,52.08548199999859,1659.848323953349,53050316,498.8429260253906,24.00045394897461,3.488429307937622,3,4,8,1,0,0,0,6,0,0,LivesExhausted,,,,,,,,,
training_episode,86568,52.14556359999915,1660.1220511115812,73786658,1100.185546875,50.14759063720703,9.00185489654541,4,5,12,2,1,0,0,12,0,0,LivesExhausted,,,,,,,,,
training_episode,89346,53.5265873999997,1669.1891700908343,60381346,510.947509765625,24.10045623779297,3.6094751358032227,3,4,8,1,1,0,0,3,0,0,LivesExhausted,,,,,,,,,
training_episode,90096,53.90104530000099,1671.507472601804,66979273,1508.8502197265625,65.09549713134766,13.588501930236816,3,5,15,2,0,1,1,45,0,1,LivesExhausted,,,,,,,,,
training_episode,90600,54.15748280000116,1672.8990218134372,56715831,713.4635009765625,33.56037521362305,5.634634971618652,3,3,11,1,0,0,0,12,0,0,LivesExhausted,,,,,,,,,
ppo_rollout,92160,54.94239490000109,1677.3932073353826,,,,,,,,,,,,,,,,,,,-0.006684843170417783,0.38793668647607166,-1.436245894432068,0.7157100439071655,0.007312361,0.06795247395833333
training_episode,93090,55.96257700000206,1663.4330474094604,67398189,2018.4609375,83.4194107055664,18.684608459472656,3,5,15,3,2,3,0,47,0,0,LivesExhausted,,,,,,,,,
training_episode,93240,56.043899399999646,1663.6957991542,61114449,652.3529052734375,32.4505615234375,4.523529052734375,4,4,9,1,1,0,0,15,0,0,LivesExhausted,,,,,,,,,
training_episode,96324,57.592241999998805,1672.5169337912214,47394950,1037.28759765625,47.668006896972656,8.872876167297363,3,4,12,2,0,0,0,15,0,0,LivesExhausted,,,,,,,,,
training_episode,96594,57.73284100000092,1673.1205034583083,23516738,588.6502685546875,27.950544357299805,4.386502742767334,3,3,9,1,0,0,1,10,0,0,LivesExhausted,,,,,,,,,
ppo_rollout,98304,58.55539879999924,1678.8204335481578,,,,,,,,,,,,,,,,,,,-0.006414421835991864,0.5365905503431956,-1.4293201277653376,0.7927932143211365,0.0061792354,0.051529947916666666
training_episode,99624,59.77544240000134,1666.637602334128,73367742,29750.666015625,302.2336730957031,296.5066223144531,2,44,41,30,1,2,5,117,1,1,MaxDuration,,,,,,,,,
training_episode,100152,60.04878050000116,1667.8440289057671,55668541,637.6615600585938,31.870634078979492,4.876615524291992,3,3,10,1,0,0,0,20,0,0,LivesExhausted,,,,,,,,,
training_episode,104256,62.11234569999942,1678.5068865947044,50327362,2307.319091796875,93.0214614868164,21.073190689086914,4,5,20,3,1,1,0,38,1,0,LivesExhausted,,,,,,,,,
ppo_rollout,104448,62.21642670000074,1678.784937354796,,,,,,,,,,,,,,,,,,,-0.0069023895892314615,0.9774750389158726,-1.4208470275004705,0.7552619576454163,0.006898222,0.06246744791666667
training_episode,106092,63.59341940000013,1668.2858226679941,51584110,1209.5416259765625,53.866966247558594,10.595416069030762,3,4,13,2,0,1,0,20,0,0,LivesExhausted,,,,,,,,,
training_episode,108348,64.7350649,1673.714240765363,20584326,1605.4412841796875,68.29618072509766,14.054412841796875,4,4,16,2,1,0,0,33,1,0,LivesExhausted,,,,,,,,,
training_episode,108486,64.8068432,1673.9898850681866,27601169,722.0904541015625,35.21009826660156,5.72090482711792,3,3,5,1,0,0,0,18,0,0,LivesExhausted,,,,,,,,,
training_episode,109698,65.4385258000002,1676.3519449577768,71587349,623.6617431640625,30.03059196472168,4.736617565155029,3,5,10,1,0,0,0,19,0,0,LivesExhausted,,,,,,,,,
ppo_rollout,110592,65.91567389999909,1677.7800097709617,,,,,,,,,,,,,,,,,,,-0.005044692714970249,0.7899918573598067,-1.4128145227829616,0.8533753752708435,0.0058743865,0.039599609375
training_episode,110604,66.48605460000181,1663.566903848089,45509828,378.8929748535156,18.790334701538086,2.2889297008514404,3,4,4,1,0,0,0,24,1,0,LivesExhausted,,,,,,,,,
training_episode,111030,66.73502160000135,1663.7441232205695,34408554,425.57806396484375,21.180389404296875,2.7557806968688965,3,3,7,1,0,0,0,13,0,0,LivesExhausted,,,,,,,,,
training_episode,114156,68.286637600002,1671.717981908611,4979705,552.7789306640625,26.04050064086914,4.027789115905762,3,5,7,1,0,0,0,18,0,0,LivesExhausted,,,,,,,,,
training_episode,114750,68.58211690000098,1673.1766995077744,3827686,718.5647583007812,34.52021408081055,5.685647487640381,3,3,9,1,0,0,0,17,0,0,LivesExhausted,,,,,,,,,
training_episode,116436,69.45559309999953,1676.4092681831953,26658608,1266.427978515625,56.1165885925293,11.16427993774414,3,4,10,2,0,1,0,34,0,0,LivesExhausted,,,,,,,,,
ppo_rollout,116736,69.60823879999953,1677.0428617711384,,,,,,,,,,,,,,,,,,,-0.005258225379899765,0.9194218069314957,-1.4136435488859813,0.8951078653335571,0.0070315846,0.05691731770833333
training_episode,118764,71.17375480000192,1668.648792433764,62371197,23034.666015625,302.5139465332031,229.3466339111328,2,45,46,23,1,1,0,132,2,1,MaxDuration,,,,,,,,,
training_episode,121716,72.66345960000035,1675.0647529036646,34827470,1455.24755859375,62.97543716430664,13.052475929260254,3,3,15,2,1,0,0,19,0,0,LivesExhausted,,,,,,,,,
training_episode,122748,73.17748180000126,1677.4012576092484,3094583,1562.96337890625,66.6158218383789,14.129632949829102,3,4,15,2,0,1,1,44,2,1,LivesExhausted,,,,,,,,,
ppo_rollout,122880,73.24925230000008,1677.5597858218666,,,,,,,,,,,,,,,,,,,-0.006107868145530423,1.195468971133232,-1.4110518594582875,0.9060734510421753,0.0064170794,0.052978515625
training_episode,124062,74.41306199999963,1667.2072975575259,47813866,947.8444213867188,44.12860107421875,7.9784440994262695,3,5,12,1,0,0,1,13,0,0,LivesExhausted,,,,,,,,,
training_episode,126114,75.42783250000139,1671.9822885007027,42263229,540.2346801757812,28.020545959472656,3.902346611022949,3,5,3,1,0,1,0,6,0,0,LivesExhausted,,,,,,,,,
training_episode,126564,75.65642200000002,1672.8784768595053,10635071,27389.33203125,303.8552551269531,273.8932800292969,0,34,45,27,1,4,5,155,2,1,MaxDuration,,,,,,,,,
training_episode,128490,76.63001010000153,1676.7582286929314,24145112,1274.4012451171875,56.426536560058594,10.744011878967285,4,4,11,2,1,0,1,27,0,0,LivesExhausted,,,,,,,,,
training_episode,128592,76.68657539999913,1676.8515131789477,32732890,808.413818359375,37.72967529296875,6.5841383934021,3,4,11,1,0,0,1,11,0,0,LivesExhausted,,,,,,,,,
ppo_rollout,129024,76.9105492000017,1677.5852121986557,,,,,,,,,,,,,,,,,,,-0.004535941438128551,1.4132707764705021,-1.3989982674519221,0.9023429751396179,0.0052083917,0.044482421875
training_episode,132738,79.30331490000026,1673.8014062511725,14510044,27389.33203125,301.1626281738281,273.3932800292969,1,45,46,27,3,1,3,157,2,1,MaxDuration,,,,,,,,,
training_episode,133092,79.4829510999989,1674.4723007649102,63837403,779.534912109375,37.47971725463867,6.29534912109375,3,3,6,1,0,0,1,11,0,0,LivesExhausted,,,,,,,,,
ppo_rollout,135168,80.55676139999923,1677.9224692118928,,,,,,,,,,,,,,,,,,,-0.006811956207578381,1.559343585371971,-1.3910214652617772,0.9154129028320312,0.0076242113,0.05771484375
training_episode,135360,81.21291310000015,1666.7300166086488,69806956,447.1950378417969,21.850404739379883,2.971950054168701,3,3,8,1,0,0,0,17,0,0,LivesExhausted,,,,,,,,,
training_episode,135528,81.3022893999987,1666.9641285648984,59752972,1329.80859375,58.61616897583008,11.79808521270752,3,3,9,2,0,0,0,21,0,0,LivesExhausted,,,,,,,,,
training_episode,137976,82.60790690000067,1670.2517371251647,39749733,424.70916748046875,21.790403366088867,2.747091770172119,3,3,7,1,0,0,0,5,0,0,LivesExhausted,,,,,,,,,
training_episode,139992,83.61667510000188,1674.2115114308922,58496224,1300.466552734375,57.456363677978516,11.50466537475586,3,3,14,2,0,0,0,19,0,0,LivesExhausted,,,,,,,,,
training_episode,140298,83.7730573000008,1674.7389258765736,1837835,407.8072204589844,19.32034683227539,2.5780720710754395,3,3,7,1,0,0,0,1,0,0,LivesExhausted,,,,,,,,,
ppo_rollout,141312,84.29389549999905,1676.4203286820643,,,,,,,,,,,,,,,,,,,-0.004399145364489717,1.0450721750656764,-1.387514171997706,0.9319136142730713,0.004901555,0.054248046875
training_episode,142236,85.31946850000168,1667.0989927697124,8645220,1260.75927734375,55.886627197265625,11.107592582702637,3,5,11,2,0,2,0,28,0,0,LivesExhausted,,,,,,,,,
training_episode,143802,86.12062689999948,1669.7741897185479,25611318,569.5988159179688,29.180572509765625,4.195987701416016,3,3,7,1,0,0,0,9,1,0,LivesExhausted,,,,,,,,,
ppo_rollout,147456,87.94370849999905,1676.7089143164983,,,,,,,,,,,,,,,,,,,-0.006612442869421405,0.8009139880537987,-1.3866386542717615,0.9498021006584167,0.0076145255,0.05792643229166667
training_episode,147546,88.57845200000156,1665.709850065989,40482836,950.9075317382812,44.24858093261719,7.509075164794922,4,7,11,1,1,1,1,24,0,0,LivesExhausted,,,,,,,,,
training_episode,149976,89.84513050000169,1669.2724376419842,28753188,1131.9832763671875,51.407379150390625,9.819831848144531,3,4,15,2,0,0,0,40,0,0,LivesExhausted,,,,,,,,,
training_episode,152190,90.98567019999973,1672.680980042948,10216155,377.0940246582031,18.440326690673828,2.270940065383911,3,3,7,1,0,0,0,6,0,0,LivesExhausted,,,,,,,,,
training_episode,152220,91.00474319999921,1672.6600685578476,19013391,816.0557250976562,38.929473876953125,6.660556793212891,3,4,10,1,0,0,1,27,0,0,LivesExhausted,,,,,,,,,
training_episode,152748,91.2941533000012,1673.141099168264,15976250,26254.666015625,302.5639953613281,261.546630859375,2,52,35,27,2,2,2,135,2,1,MaxDuration,,,,,,,,,
ppo_rollout,153600,91.72535459999926,1674.5642540149006,,,,,,,,,,,,,,,,,,,-0.004577731927080701,1.0985109274586042,-1.3847974459330241,0.9436461329460144,0.0051168664,0.047200520833333336
training_episode,156120,93.61047790000157,1667.7620230373525,11053987,541.6742553710938,28.080547332763672,3.9167423248291016,3,4,7,1,0,0,0,8,0,0,LivesExhausted,,,,,,,,,
training_episode,157680,94.4381781000011,1669.6637225787201,11682361,982.2593994140625,45.488372802734375,8.322593688964844,3,3,10,1,0,0,0,28,0,0,LivesExhausted,,,,,,,,,
ppo_rollout,159744,95.54461549999905,1671.9309525087951,,,,,,,,,,,,,,,,,,,-0.0047038862792154156,1.5967768574754397,-1.3850789189338684,0.9379952549934387,0.0060816905,0.053792317708333336
training_episode,160014,96.24412540000048,1662.5845924098262,51269923,1511.1112060546875,65.1755142211914,13.611111640930176,3,3,13,2,0,0,0,36,0,0,LivesExhausted,,,,,,,,,
training_episode,162684,97.61334050000005,1666.6164600728926,19327578,27389.33203125,304.7160949707031,272.8932800292969,2,49,47,27,1,1,2,149,1,1,MaxDuration,,,,,,,,,
training_episode,162744,97.64650439999969,1666.6648847288436,61219178,26254.666015625,301.4429016113281,261.046630859375,3,46,40,27,2,0,2,153,2,1,MaxDuration,,,,,,,,,
ppo_rollout,165888,99.24456220000138,1671.507197197326,,,,,,,,,,,,,,,,,,,-0.005058033256985558,1.6733012358347574,-1.3872027258078257,0.934374988079071,0.005693683,0.052815755208333336
training_episode,166464,100.1014299999988,1662.953266501807,38283527,1206.12255859375,53.73698806762695,9.561224937438965,5,5,11,2,2,0,0,22,0,0,LivesExhausted,,,,,,,,,
training_episode,168126,100.93939020000107,1665.6133910347144,11577632,2125.207275390625,87.03018188476562,18.752071380615234,5,6,15,3,2,0,0,59,1,0,LivesExhausted,,,,,,,,,
training_episode,170256,101.99197610000192,1669.307787830937,51060465,668.595458984375,31.590627670288086,5.185955047607422,3,3,10,1,0,0,0,5,0,0,LivesExhausted,,,,,,,,,
training_episode,171702,102.73152069999924,1671.366283980271,12939109,1794.002197265625,75.14764404296875,16.440021514892578,3,5,15,2,0,1,0,36,1,0,LivesExhausted,,,,,,,,,
ppo_rollout,172032,102.90080840000155,1671.823600561698,,,,,,,,,,,,,,,,,,,-0.004793942621715056,1.1868562867244086,-1.3841217448314032,0.9540878534317017,0.006676855,0.062109375
training_episode,174564,104.73990720000074,1666.6426834489191,19118120,739.0757446289062,35.87998580932617,5.890757083892822,3,5,8,1,0,0,0,5,0,0,LivesExhausted,,,,,,,,,
training_episode,176622,105.79419509999934,1669.4866843407847,4456060,24077.33203125,305.1965637207031,239.77330017089844,2,53,39,24,4,1,0,158,2,1,MaxDuration,,,,,,,,,
ppo_rollout,178176,106.58149820000108,1671.7348039680512,,,,,,,,,,,,,,,,,,,-0.005701585945401651,1.213224454720815,-1.380381739139557,0.9569430351257324,0.0054082167,0.055192057291666666
training_episode,178770,107.44111630000043,1663.8881478188744,5922266,724.6986083984375,35.0201301574707,5.74698543548584,3,4,10,1,0,1,0,20,0,0,LivesExhausted,,,,,,,,,
training_episode,180798,108.47420350000175,1666.7372902166283,38074069,349.6543884277344,16.890291213989258,1.9965438842773438,3,5,6,1,0,0,0,0,0,0,LivesExhausted,,,,,,,,,
training_episode,181698,108.94513870000083,1667.7935534171625,39540275,2015.1724853515625,83.28938293457031,18.65172576904297,3,4,12,3,0,0,0,39,0,0,LivesExhausted,,,,,,,,,
ppo_rollout,184320,110.24517289999858,1671.9099362943844,,,,,,,,,,,,,,,,,,,-0.004597915432532318,1.2541009242335954,-1.376231708129247,0.9712492823600769,0.005533647,0.040511067708333334
training_episode,184674,110.97809820000111,1664.0580708743678,30009936,1574.1993408203125,67.06591796875,13.741992950439453,4,10,13,2,1,3,0,9,1,0,LivesExhausted,,,,,,,,,
training_episode,184728,111.00802169999952,1664.0959560492809,31999787,538.1854248046875,25.240482330322266,3.8818540573120117,3,3,9,1,0,0,0,5,1,0,LivesExhausted,,,,,,,,,
training_episode,185352,111.33226170000125,1664.8543483240665,5189163,790.7920532226562,37.91964340209961,6.4079203605651855,3,3,9,1,0,0,0,28,0,0,LivesExhausted,,,,,,,,,
training_episode,189690,113.5347995000011,1670.7652705195305,16395166,876.34228515625,41.30907440185547,7.26342248916626,3,4,11,1,0,0,0,20,0,0,LivesExhausted,,,,,,,,,
training_episode,189696,113.54171940000015,1670.7162882720952,69073853,890.044921875,41.84898376464844,7.400449275970459,3,3,11,1,0,0,0,7,0,0,LivesExhausted,,,,,,,,,
ppo_rollout,190464,113.93219310000131,1671.7311834138459,,,,,,,,,,,,,,,,,,,-0.006208413381439944,1.1222053269545238,-1.3736097911993663,0.9720219373703003,0.0054345704,0.05657552083333333
training_episode,192186,115.36486629999854,1665.8971328431421,36922050,1287.054443359375,56.93645095825195,10.87054443359375,4,5,12,2,1,0,0,24,1,0,LivesExhausted,,,,,,,,,
training_episode,192462,115.5141306000005,1666.1338227653957,12415464,24077.33203125,302.8242492675781,239.77330017089844,2,39,45,24,2,4,0,203,3,1,MaxDuration,,,,,,,,,
training_episode,193770,116.1583243999994,1668.1542282991213,33675451,691.2671508789062,33.99030303955078,5.4126715660095215,3,5,5,1,0,0,0,10,0,0,LivesExhausted,,,,,,,,,
training_episode,195312,116.9400639000014,1670.188928295922,25925505,1014.9201049804688,46.77815628051758,8.649201393127441,3,4,9,2,0,0,0,17,1,0,LivesExhausted,,,,,,,,,
ppo_rollout,196608,117.57587910000075,1672.1797149633112,,,,,,,,,,,,,,,,,,,-0.005713041751490285,1.53147810647885,-1.3695143640041352,0.975044846534729,0.006211,0.06131184895833333
training_episode,196806,118.23357140000007,1664.5526111545664,73681929,533.127197265625,25.260482788085938,3.8312716484069824,3,3,8,1,0,0,0,5,0,0,LivesExhausted,,,,,,,,,
training_episode,198774,119.22503320000033,1667.2169817437255,40587565,28554.666015625,300.2217102050781,284.546630859375,2,53,42,28,2,1,5,124,3,1,MaxDuration,,,,,,,,,
training_episode,199122,119.4042655000012,1667.6288670776003,31371413,1250.519287109375,55.4866943359375,11.005192756652832,3,3,15,2,0,0,0,10,1,0,LivesExhausted,,,,,,,,,
training_episode,199602,119.64984919999915,1668.2177314436717,46033473,1424.7674560546875,61.75564193725586,12.247674942016602,4,6,14,2,1,0,1,32,0,1,LivesExhausted,,,,,,,,,
training_episode,200664,120.18459720000101,1669.6315890302649,49698988,959.1514282226562,44.57852554321289,8.091513633728027,3,3,11,1,0,0,0,13,0,0,LivesExhausted,,,,,,,,,
training_episode,201930,120.80737009999939,1671.503980534057,58182037,492.52593994140625,23.36043930053711,3.4252593517303467,3,3,9,1,0,0,0,8,0,0,LivesExhausted,,,,,,,,,
ppo_rollout,202752,121.25194919999922,1672.1545619491064,,,,,,,,,,,,,,,,,,,-0.006361314649499642,1.3665201261639595,-1.3621754179398218,0.9780170321464539,0.007720798,0.077783203125
training_episode,203400,122.12648940000145,1665.4863412457805,68759666,805.828857421875,38.5195426940918,6.558287620544434,3,3,12,1,0,0,0,15,0,0,LivesExhausted,,,,,,,,,
training_episode,204528,122.67926090000037,1667.1766564253842,60590804,24077.33203125,303.3247375488281,238.77330017089844,4,49,46,24,4,3,0,179,3,1,MaxDuration,,,,,,,,,
training_episode,204960,122.9041040000011,1667.6416273292075,59857701,960.6865234375,44.63851547241211,8.106864929199219,3,4,13,1,0,0,0,23,1,0,LivesExhausted,,,,,,,,,
training_episode,205320,123.08690180000121,1668.0897560783187,40378107,545.1080322265625,28.21055030822754,3.951080322265625,3,3,5,1,0,0,0,6,0,0,LivesExhausted,,,,,,,,,
ppo_rollout,208896,124.87802050000028,1672.8003788304727,,,,,,,,,,,,,,,,,,,-0.005151908980042208,0.9281759259601434,-1.3572298377752303,0.9806267619132996,0.010074812,0.07444661458333333
training_episode,209166,125.58922009999878,1665.4773382098742,2570938,1046.407958984375,48.017948150634766,8.964079856872559,3,3,13,2,0,0,0,30,1,0,LivesExhausted,,,,,,,,,
training_episode,209550,125.79230580000149,1665.8411551272918,70435330,804.087158203125,38.2095947265625,6.540871620178223,3,3,11,1,0,0,0,15,0,0,LivesExhausted,,,,,,,,,
training_episode,214650,128.35460180000155,1672.3202517854518,22050532,2041.75439453125,84.33960723876953,18.417543411254883,4,4,19,3,2,0,0,40,0,0,LivesExhausted,,,,,,,,,
ppo_rollout,215040,128.55930140000055,1672.6911056472113,,,,,,,,,,,,,,,,,,,-0.00676525262145636,0.6928709415098031,-1.3480915228525798,0.971884548664093,0.0069005378,0.06829427083333334
training_episode,215550,129.39242469999954,1665.8625920316397,1000003,1095.2890625,49.95762252807617,9.452890396118164,3,4,14,2,0,0,0,35,0,0,LivesExhausted,,,,,,,,,
training_episode,218268,130.73738299999968,1669.514831882481,56925289,593.087158203125,30.110593795776367,4.430871486663818,3,4,3,1,0,0,0,11,0,0,LivesExhausted,,,,,,,,,
training_episode,219006,131.11676219999936,1670.3127527351426,49489530,610.4426879882812,28.760562896728516,4.604427337646484,3,3,11,1,0,0,0,6,0,0,LivesExhausted,,,,,,,,,
training_episode,220428,131.85235380000086,1671.7790289459251,39959191,2327.967529296875,93.84163665771484,21.279674530029297,4,4,19,3,1,0,0,42,1,0,LivesExhausted,,,,,,,,,
ppo_rollout,221184,132.23348859999896,1672.6776427193327,,,,,,,,,,,,,,,,,,,-0.004292223306644398,1.0068561141689618,-1.3333710273106893,0.9734790325164795,0.008385441,0.069921875
training_episode,223608,134.0145494999997,1668.5352510922742,72215723,800.5457763671875,38.30957794189453,6.505457401275635,3,3,10,1,0,0,0,24,1,0,LivesExhausted,,,,,,,,,
training_episode,224088,134.29974399999992,1668.566099426073,61533365,1057.3798828125,48.4578742980957,9.073799133300781,3,3,12,2,0,0,1,19,0,0,LivesExhausted,,,,,,,,,
training_episode,226848,135.66386169999896,1672.1328521639875,8540491,1199.9088134765625,53.487030029296875,10.499088287353516,3,4,9,2,0,1,0,5,1,0,LivesExhausted,,,,,,,,,
ppo_rollout,227328,135.92123229999925,1672.4980796101954,,,,,,,,,,,,,,,,,,,-0.007208135727948198,0.852341872950395,-1.3225823402404786,0.9829838275909424,0.0068445033,0.06448567708333333
training_episode,231036,138.32671710000068,1670.2196426231737,60067159,1310.7607421875,57.866294860839844,11.6076078414917,3,3,15,2,0,0,1,27,0,0,LivesExhausted,,,,,,,,,
training_episode,233136,139.4010707999987,1672.4118305696843,50013175,25150.666015625,302.7141418457031,251.0066375732422,1,41,48,26,0,2,1,150,1,1,MaxDuration,,,,,,,,,
ppo_rollout,233472,139.5790449999986,1672.686612807835,,,,,,,,,,,,,,,,,,,-0.005191026441752911,1.1608431796232859,-1.3180535912513733,0.9808082580566406,0.0066523426,0.05353190104166667
training_episode,234030,140.40604000000167,1666.808635867782,57448934,2120.330078125,86.84014129638672,19.20330047607422,4,4,17,3,1,0,0,42,0,0,LivesExhausted,,,,,,,,,
training_episode,236772,141.75071300000127,1670.3408045644037,38388256,23034.666015625,300.8723449707031,228.8466339111328,3,35,48,23,2,1,0,117,3,1,MaxDuration,,,,,,,,,
training_episode,236928,141.83131330000106,1670.4914767224273,44671996,1073.0372314453125,49.0777702331543,9.230372428894043,3,3,11,2,0,0,0,5,0,0,LivesExhausted,,,,,,,,,
ppo_rollout,239616,143.17319380000117,1673.609379243994,,,,,,,,,,,,,,,,,,,-0.0060326472933714586,1.5607510263721147,-1.3150071024894714,0.9799694418907166,0.006843326,0.06302083333333333
training_episode,241512,144.70109130000128,1669.0406259568954,48442240,26254.666015625,301.5530090332031,261.546630859375,2,49,42,27,7,0,1,159,4,1,MaxDuration,,,,,,,,,
training_episode,241542,144.72051160000046,1669.023950575913,70540059,1648.832275390625,70.01654815673828,14.988323211669922,3,3,10,2,0,0,0,25,1,0,LivesExhausted,,,,,,,,,
training_episode,241848,144.87590990000172,1669.3458572024274,21317429,1509.9970703125,65.12550354003906,13.599970817565918,3,5,17,2,0,1,0,47,1,0,LivesExhausted,,,,,,,,,
training_episode,242052,144.98052820000157,1669.5483386988885,48651698,911.3736572265625,42.6888427734375,7.113736152648926,4,4,12,1,1,0,0,22,0,0,LivesExhausted,,,,,,,,,
training_episode,244818,146.3662734999998,1672.6394280988532,38597714,522.4412231445312,24.750471115112305,3.724411964416504,3,4,7,1,0,0,0,13,1,0,LivesExhausted,,,,,,,,,
ppo_rollout,245760,146.8445240000001,1673.6068414781328,,,,,,,,,,,,,,,,,,,-0.006714453223200204,1.6103328218062718,-1.3073163032531738,0.9791854023933411,0.00557646,0.053564453125
training_episode,246186,147.62782430000152,1667.6124651116834,27496440,1876.7095947265625,78.41834259033203,17.2670955657959,3,5,18,2,0,0,0,23,1,0,LivesExhausted,,,,,,,,,
training_episode,247272,148.1591112999995,1668.9624946474746,29591020,931.785888671875,43.49870681762695,7.317859172821045,4,6,11,1,1,0,0,24,0,0,LivesExhausted,,,,,,,,,
training_episode,248964,149.0359669999998,1670.496089041381,17861372,1426.5330810546875,61.835628509521484,12.26533031463623,4,5,16,2,1,0,1,51,0,1,LivesExhausted,,,,,,,,,
training_episode,249000,149.0593473000008,1670.4755824460708,33780180,488.81964111328125,23.41044044494629,3.3881964683532715,3,3,9,1,0,0,0,5,0,0,LivesExhausted,,,,,,,,,
training_episode,250572,149.87292340000204,1671.896392727578,26449150,1044.158447265625,47.93796157836914,8.941584587097168,3,3,10,2,0,0,0,19,1,0,LivesExhausted,,,,,,,,,
training_episode,251016,150.10044389999894,1672.3201709332304,11368174,636.6265869140625,31.200618743896484,4.866265773773193,3,3,8,1,0,0,1,4,0,0,LivesExhausted,,,,,,,,,
ppo_rollout,251904,150.5491207999985,1673.234613801893,,,,,,,,,,,,,,,,,,,-0.004681692461599596,0.7035371835033098,-1.303593274950981,0.9884055852890015,0.006277861,0.07835286458333333
training_episode,253692,151.97661199999857,1669.283165754494,40273378,2552.634765625,101.5032730102539,23.52634620666504,4,6,20,3,3,2,0,26,1,1,LivesExhausted,,,,,,,,,
training_episode,254502,152.39756249999846,1669.9873398565844,17128269,990.8668823242188,45.82831573486328,8.408668518066406,3,3,12,1,0,0,1,22,0,0,LivesExhausted,,,,,,,,,
training_episode,255222,152.77208339999925,1670.6062673227984,69911685,717.1302490234375,35.0101318359375,5.671302318572998,3,4,5,1,0,0,1,11,0,0,LivesExhausted,,,,,,,,,
training_episode,257670,154.0348096000016,1672.8037037155354,6236453,1342.974609375,59.13608169555664,11.9297456741333,3,4,12,2,0,0,0,27,0,0,LivesExhausted,,,,,,,,,
ppo_rollout,258048,154.23010319999958,1673.136402336277,,,,,,,,,,,,,,,,,,,-0.0039031146094202994,0.9252809646228949,-1.305303724606832,0.9838728308677673,0.008072864,0.08522135416666667
training_episode,261318,156.51174460000038,1669.638279656614,21212700,600.3054809570312,30.390600204467773,4.503054618835449,3,4,3,1,0,1,0,0,0,0,LivesExhausted,,,,,,,,,
training_episode,261414,156.56224450000082,1669.7129045055217,59438785,1136.195068359375,51.567352294921875,9.861949920654297,3,4,13,2,0,0,0,25,1,0,LivesExhausted,,,,,,,,,
training_episode,261504,156.61281600000075,1669.748406797045,41844313,1322.2884521484375,58.32621765136719,11.722884178161621,3,4,12,2,0,1,0,45,0,0,LivesExhausted,,,,,,,,,
training_episode,263394,157.61813940000138,1671.0893873170394,71482620,27389.33203125,304.5158996582031,272.8932800292969,2,49,42,27,5,2,1,131,3,1,MaxDuration,,,,,,,,,
ppo_rollout,264192,158.02814239999861,1671.8034901105204,,,,,,,,,,,,,,,,,,,-0.004174992092885077,1.1770450440545877,-1.3071571171283722,0.9845508933067322,0.007279232,0.07960611979166667
training_episode,265956,159.51049200000125,1667.326059028129,42472687,788.3491821289062,37.82965850830078,6.3834919929504395,3,4,8,1,0,0,0,22,0,0,LivesExhausted,,,,,,,,,
training_episode,267180,160.17257090000203,1668.0758665402468,5712808,1027.32861328125,47.26807403564453,8.273285865783691,4,4,10,2,1,0,0,0,1,0,LivesExhausted,,,,,,,,,
training_episode,267480,160.33873700000186,1668.218204812209,40692294,692.3238525390625,34.030296325683594,5.423238277435303,3,4,8,1,0,0,0,15,0,0,LivesExhausted,,,,,,,,,
training_episode,267606,160.40798519999953,1668.2835313113876,64884693,1156.8572998046875,52.397212982177734,10.068572998046875,3,5,11,2,1,1,0,33,0,0,LivesExhausted,,,,,,,,,
ppo_rollout,270336,161.7955938999985,1670.8489612336873,,,,,,,,,,,,,,,,,,,-0.006564491983347883,1.1824800824125608,-1.3073493719100953,0.9864960312843323,0.0061770272,0.059375
training_episode,271638,163.06929160000072,1665.7826702670168,54202335,1029.2022705078125,47.348060607910156,8.792022705078125,3,4,11,2,0,1,0,9,1,0,LivesExhausted,,,,,,,,,
training_episode,275190,164.93197119999968,1668.5060998046238,65827254,585.662109375,29.570581436157227,4.356620788574219,3,3,7,1,0,0,0,10,0,0,LivesExhausted,,,,,,,,,
ppo_rollout,276480,165.59626750000098,1669.602848989325,,,,,,,,,,,,,,,,,,,-0.005644849590801944,0.6991979556779067,-1.3088979552189508,0.9912291169166565,0.0071924366,0.062890625
training_episode,277920,166.86761200000183,1665.5119388895969,19955952,2081.940673828125,85.9199447631836,18.319406509399414,5,6,18,3,2,0,0,28,1,0,LivesExhausted,,,,,,,,,
training_episode,278346,167.07320120000077,1666.0122509222545,15347876,496.2765197753906,26.29050636291504,3.4627652168273926,3,6,5,1,0,0,0,5,0,0,LivesExhausted,,,,,,,,,
ppo_rollout,282624,169.21688859999995,1670.1879010910977,,,,,,,,,,,,,,,,,,,-0.006033563383971341,1.212833634018898,-1.3111959328254064,0.9868171811103821,0.009260499,0.0765625
training_episode,284394,170.67134570000053,1666.3254094210797,51165194,1210.4832763671875,53.906959533691406,10.604832649230957,3,3,14,2,1,0,1,29,1,0,LivesExhausted,,,,,,,,,
training_episode,285096,171.02509640000062,1666.9834193994875,44986183,29750.666015625,301.0625305175781,296.5066223144531,2,59,38,30,3,3,2,173,0,1,MaxDuration,,,,,,,,,
ppo_rollout,288768,172.87617469999896,1670.3747668012331,,,,,,,,,,,,,,,,,,,-0.0043659668047136314,1.9259151756763457,-1.3142350604136785,0.9839966893196106,0.004447212,0.04827473958333333
training_episode,289206,173.66291940000156,1665.3295994285663,43205790,715.1281127929688,34.22026443481445,5.651280403137207,3,3,11,1,0,0,0,0,0,0,LivesExhausted,,,,,,,,,
training_episode,289980,174.04640239999935,1666.1074058489191,66036712,28554.666015625,302.3437805175781,284.046630859375,3,67,42,28,1,3,3,127,2,1,MaxDuration,,,,,,,,,
training_episode,293970,176.05443409999862,1669.7676573884276,3513499,839.8013305664062,39.669349670410156,6.898013114929199,3,3,12,1,0,0,0,18,0,0,LivesExhausted,,,,,,,,,
ppo_rollout,294912,176.53071270000146,1670.598818128476,,,,,,,,,,,,,,,,,,,-0.00604285130975768,1.9212023099263509,-1.3122957239548365,0.983822226524353,0.004988234,0.055859375
training_episode,299856,179.54799370000183,1670.060432426859,73891387,1989.953369140625,82.28916931152344,18.399534225463867,3,4,18,2,0,0,0,54,0,0,LivesExhausted,,,,,,,,,
training_episode,300588,179.9181669999998,1670.692876723229,37236237,1241.6995849609375,55.13675308227539,10.916996002197266,3,3,11,2,0,0,0,24,0,0,LivesExhausted,,,,,,,,,
ppo_rollout,301056,180.16018260000055,1671.0462636931136,,,,,,,,,,,,,,,,,,,-0.005429959312702219,1.4785889834165573,-1.3057212273279826,0.9882779717445374,0.0060496447,0.05524088541666667
training_episode,303210,181.84972090000156,1667.3657704799778,53364503,24077.33203125,300.2317199707031,239.77330017089844,2,43,45,24,4,3,2,144,3,1,MaxDuration,,,,,,,,,
training_episode,304068,182.31616399999984,1667.8060426940547,33989638,27389.33203125,304.8862609863281,273.8932800292969,0,43,44,27,3,2,1,145,2,1,MaxDuration,,,,,,,,,
training_episode,305934,183.234877400002,1669.6275531221363,66769815,957.5014038085938,44.50853729248047,8.075014114379883,3,5,6,1,0,1,0,27,0,0,LivesExhausted,,,,,,,,,
ppo_rollout,307200,183.8805594000005,1670.649692400268,,,,,,,,,,,,,,,,,,,-0.004712176009585771,1.7228807712594667,-1.3024338940779367,0.9865397214889526,0.0064405794,0.07652994791666666
training_episode,310734,186.17429149999953,1669.0489191414529,50117904,1251.75,55.52668762207031,11.017499923706055,3,3,14,2,0,0,0,16,2,0,LivesExhausted,,,,,,,,,
training_episode,311538,186.582150000002,1669.709562249104,27810627,1632.2109375,69.35640716552734,14.82210922241211,3,3,14,2,0,0,0,30,0,0,LivesExhausted,,,,,,,,,
ppo_rollout,313344,187.4776806000009,1671.3669541738427,,,,,,,,,,,,,,,,,,,-0.005631049324680741,1.6503994156916937,-1.2958736260732016,0.9878246188163757,0.006527513,0.06027018229166667
training_episode,313602,188.1707466000007,1666.582110484111,5817537,1478.8023681640625,63.89528274536133,13.288023948669434,3,3,12,2,0,0,0,26,1,0,LivesExhausted,,,,,,,,,
training_episode,314454,188.60299080000186,1667.2800291563399,28229543,23034.666015625,300.8423156738281,228.8466339111328,3,42,48,23,3,4,2,166,5,1,MaxDuration,,,,,,,,,
training_episode,316584,189.6864139999998,1668.986161549769,42577416,1064.402099609375,48.73782730102539,8.644021034240723,4,5,13,2,1,0,1,25,0,0,LivesExhausted,,,,,,,,,
training_episode,318792,190.79719509999995,1670.8421726688166,64361048,924.8487548828125,43.22875213623047,7.74848747253418,3,3,11,1,0,0,0,26,0,0,LivesExhausted,,,,,,,,,
ppo_rollout,319488,191.14449249999961,1671.447583037218,,,,,,,,,,,,,,,,,,,-0.007603154795166726,1.2067564715941748,-1.2919033944606781,0.9926462173461914,0.0066214204,0.06995442708333334
training_episode,320166,192.03661120000106,1667.213340202903,39330817,1034.49755859375,47.55802536010742,8.844975471496582,3,3,12,2,0,0,0,3,0,0,LivesExhausted,,,,,,,,,
training_episode,320670,192.29329770000186,1667.6088237889578,48337511,23034.666015625,302.2837219238281,229.3466339111328,2,40,44,23,2,3,4,135,3,1,MaxDuration,,,,,,,,,
ppo_rollout,325632,194.753695899999,1672.0196168559678,,,,,,,,,,,,,,,,,,,-0.0052800627735753855,1.6861569503943126,-1.295495593547821,0.9887804388999939,0.0061780983,0.068603515625
training_episode,329934,197.52031050000005,1670.3801202256611,58600953,2287.9228515625,92.85142517089844,21.379228591918945,3,4,16,3,0,1,0,39,1,0,LivesExhausted,,,,,,,,,
training_episode,330174,197.64842950000093,1670.5116293372746,36503134,2017.571533203125,83.37940216064453,18.67571449279785,3,4,18,3,0,0,0,55,0,0,LivesExhausted,,,,,,,,,
training_episode,331590,198.36527959999876,1671.6131001788585,17442456,2240.494140625,90.98102569580078,20.904939651489258,3,4,21,3,1,0,0,42,1,0,LivesExhausted,,,,,,,,,
ppo_rollout,331776,198.46644880000167,1671.6981737015753,,,,,,,,,,,,,,,,,,,-0.005554581681887309,1.5354657883445422,-1.298619669675827,0.985338568687439,0.006243075,0.05660807291666667
training_episode,334224,200.28239680000115,1668.763732310188,45090912,385.62286376953125,21.9104061126709,2.3562285900115967,3,6,1,1,0,0,1,5,0,0,LivesExhausted,,,,,,,,,
training_episode,336390,201.3444125999995,1670.7193194791482,65931983,30977.33203125,304.4158020019531,309.2732849121094,1,56,43,31,4,2,5,161,1,1,MaxDuration,,,,,,,,,
training_episode,337656,201.98297699999966,1671.70523484264,33570722,1438.5858154296875,62.30554962158203,12.885858535766602,3,4,14,2,0,0,0,10,0,0,LivesExhausted,,,,,,,,,
ppo_rollout,337920,202.1200659999995,1671.8775462897427,,,,,,,,,,,,,,,,,,,-0.006367366675597926,1.2635788624485333,-1.3015271802743276,0.9887136220932007,0.0066775195,0.063330078125
training_episode,340368,203.90221830000155,1669.270706507058,10006697,669.0570068359375,33.110450744628906,5.190569877624512,3,3,9,1,0,0,1,8,0,0,LivesExhausted,,,,,,,,,
training_episode,341142,204.30089210000006,1669.8018128722597,9483052,566.1747436523438,29.050569534301758,4.161747455596924,3,4,2,1,0,0,0,5,0,0,LivesExhausted,,,,,,,,,
training_episode,341520,204.50147339999967,1670.0124176220265,50222633,2411.45458984375,96.53221130371094,22.614545822143555,3,4,19,3,1,1,0,25,1,0,LivesExhausted,,,,,,,,,
ppo_rollout,344064,205.77318129999912,1672.0546274608307,,,,,,,,,,,,,,,,,,,-0.006621591471290837,1.5162013287345568,-1.3041643877824147,0.991062343120575,0.005951289,0.07171223958333334
training_episode,346698,207.67828530000043,1669.3993765365478,52840858,1165.541015625,52.72715759277344,10.155409812927246,3,5,14,2,0,0,0,41,0,0,LivesExhausted,,,,,,,,,
training_episode,347778,208.22963380000147,1670.1657379565422,12624922,26254.666015625,301.9734191894531,261.046630859375,3,57,43,27,3,4,2,157,0,1,MaxDuration,,,,,,,,,
training_episode,349206,208.9529462999999,1671.2183588865728,20060681,1481.62744140625,64.01526641845703,13.316274642944336,3,3,15,2,0,0,0,36,0,0,LivesExhausted,,,,,,,,,
ppo_rollout,350208,209.4721615999988,1671.8593884983427,,,,,,,,,,,,,,,,,,,-0.006805366491122792,1.392081767320633,-1.3021289219458898,0.9895151853561401,0.008277377,0.07109375
training_episode,352860,211.35294670000076,1669.5295973368075,7283743,26254.666015625,302.2837219238281,262.046630859375,1,44,44,27,1,1,2,189,1,1,MaxDuration,,,,,,,,,
training_episode,356046,212.94313930000135,1672.0238142934045,56506373,1620.4339599609375,68.89630889892578,14.704339027404785,3,4,15,2,0,0,0,26,0,0,LivesExhausted,,,,,,,,,
ppo_rollout,356352,213.10290430000168,1672.2062102839075,,,,,,,,,,,,,,,,,,,-0.00695538250147365,1.5809905469417571,-1.3017570783694585,0.9913392066955566,0.008823779,0.07706705729166667
training_episode,360546,215.79212489999918,1670.8023991472423,23621467,1481.38232421875,64.00526428222656,13.313822746276855,3,5,15,2,0,0,1,43,0,1,LivesExhausted,,,,,,,,,
training_episode,361170,216.13934750000044,1671.0053221568057,26763337,910.7470703125,42.65884780883789,7.607470512390137,3,6,6,1,0,1,0,24,0,0,LivesExhausted,,,,,,,,,
ppo_rollout,362496,216.8127459999996,1671.9312249290024,,,,,,,,,,,,,,,,,,,-0.005467735205699379,1.2377929111321768,-1.3035818527142207,0.9912668466567993,0.006411366,0.058349609375
training_episode,365880,219.0658884000004,1670.1824399603756,16814082,823.517578125,39.219425201416016,6.735175609588623,3,3,9,1,0,0,0,6,0,0,LivesExhausted,,,,,,,,,
training_episode,367728,220.0127864999995,1671.3937669254549,25820776,1375.93115234375,59.83596420288086,12.25931167602539,3,4,12,2,0,0,1,22,1,0,LivesExhausted,,,,,,,,,
ppo_rollout,368640,220.4827112999992,1671.9678283455567,,,,,,,,,,,,,,,,,,,-0.006333628405506412,2.19812208066384,-1.302219874660174,0.9854543209075928,0.0055403984,0.05358072916666667
training_episode,368892,221.1918923000012,1667.7464809590492,18594475,520.7687377929688,25.070478439331055,3.7076873779296875,3,3,8,1,0,0,0,3,1,0,LivesExhausted,,,,,,,,,
training_episode,370776,222.1871097000003,1668.7556739930872,3932415,28554.666015625,304.5659484863281,284.546630859375,2,39,48,28,5,4,4,208,1,1,MaxDuration,,,,,,,,,
training_episode,372024,222.84174410000196,1669.4538157673517,35246386,736.111572265625,35.760005950927734,5.8611159324646,3,7,7,1,0,0,1,9,0,0,LivesExhausted,,,,,,,,,
training_episode,373374,223.56425930000114,1670.0970055279229,61847552,775.38037109375,37.30974578857422,6.253803253173828,3,5,9,1,0,0,0,8,1,0,LivesExhausted,,,,,,,,,
ppo_rollout,374784,224.29123080000136,1670.9703659087404,,,,,,,,,,,,,,,,,,,-0.0068268595651413,1.495605000356833,-1.2917274395624796,0.9912645816802979,0.0077218954,0.07864583333333333
training_episode,375318,225.12051390000124,1667.1870257311007,4770247,788.0390625,37.81966018676758,6.380390167236328,3,3,10,1,0,0,0,17,0,0,LivesExhausted,,,,,,,,,
training_episode,375828,225.38798039999892,1667.4713502158068,55563812,632.5657348632812,31.670629501342773,4.825657367706299,3,3,8,1,0,0,1,15,0,0,LivesExhausted,,,,,,,,,
training_episode,377466,226.25154750000002,1668.3465999276755,22783635,26254.666015625,302.6640930175781,261.046630859375,3,47,40,27,3,2,2,122,1,1,MaxDuration,,,,,,,,,
ppo_rollout,380928,228.0608672999988,1670.2909381595691,,,,,,,,,,,,,,,,,,,-0.007336204070209836,1.638044649362564,-1.2841542661190033,0.9928838014602661,0.0076882374,0.07903645833333334
training_episode,382092,229.2195657000011,1666.9257654037958,65408338,1715.0888671875,72.6371078491211,15.650888442993164,3,5,14,2,0,2,0,14,0,0,LivesExhausted,,,,,,,,,
training_episode,382134,229.2449110000016,1666.9246803912579,31790329,1283.8048095703125,56.79647445678711,11.338047981262207,3,5,13,2,0,0,0,28,0,0,LivesExhausted,,,,,,,,,
training_episode,382434,229.3975653000016,1667.1231863331261,68026563,878.2841796875,41.37906265258789,6.782841682434082,4,5,11,1,1,0,0,20,0,0,LivesExhausted,,,,,,,,,
training_episode,382704,229.53114410000126,1667.3292920688139,6864827,23034.666015625,300.0315246582031,229.3466339111328,2,44,44,23,0,2,1,119,0,1,MaxDuration,,,,,,,,,
training_episode,385506,230.96446669999932,1669.1138923145927,62790113,23034.666015625,302.4438781738281,229.8466339111328,1,40,43,23,2,2,0,152,2,1,MaxDuration,,,,,,,,,
ppo_rollout,387072,231.7642827999989,1670.1106629705491,,,,,,,,,,,,,,,,,,,-0.006771977870569875,1.3683541377385458,-1.2792511969804763,0.9930722117424011,0.009077352,0.08704427083333334
training_episode,388404,232.99285210000016,1667.0210974253305,23202551,1089.719482421875,49.7376594543457,9.397194862365723,3,3,11,2,0,0,0,29,0,0,LivesExhausted,,,,,,,,,
training_episode,388530,233.06557619999876,1667.0415525740007,46557118,1203.9735107421875,53.647003173828125,10.539734840393066,3,6,13,2,0,0,1,18,0,0,LivesExhausted,,,,,,,,,
training_episode,389538,233.57490540000072,1667.7219641078736,46871305,1286.4664306640625,56.906455993652344,11.364665031433105,3,3,13,2,0,0,0,10,0,0,LivesExhausted,,,,,,,,,
training_episode,391254,234.43171480000092,1668.9465430638845,49594259,1042.8592529296875,47.887969970703125,8.928592681884766,3,3,10,2,0,0,1,15,0,0,LivesExhausted,,,,,,,,,
training_episode,391986,234.7939953999994,1669.4890315751277,43101061,604.6792602539062,28.780563354492188,4.546792507171631,3,3,9,1,0,0,0,18,0,0,LivesExhausted,,,,,,,,,
training_episode,392214,234.9158314999986,1669.5937327663773,36084218,471.7171936035156,22.280414581298828,3.2171716690063477,3,5,7,1,0,0,1,7,0,0,LivesExhausted,,,,,,,,,
ppo_rollout,393216,235.4336327000019,1670.177686554453,,,,,,,,,,,,,,,,,,,-0.003938672973890789,1.685330299536387,-1.2767026285330454,0.9889749884605408,0.005112505,0.0541015625
training_episode,395106,236.91902320000008,1667.6837286572093,29276833,643.2965698242188,32.09062194824219,4.9329657554626465,3,3,9,1,0,0,0,8,0,0,LivesExhausted,,,,,,,,,
training_episode,396048,237.39683650000006,1668.2951880868889,11472903,1473.638671875,63.695316314697266,12.236387252807617,5,6,13,2,2,0,1,30,1,1,LivesExhausted,,,,,,,,,
training_episode,397386,238.08645230000184,1669.082789722416,8749949,921.7587890625,43.09877395629883,7.717587471008301,3,5,8,1,0,0,1,28,0,0,LivesExhausted,,,,,,,,,
training_episode,398778,238.79884080000193,1669.9327294221805,2152022,626.9736328125,30.590604782104492,4.7697367668151855,3,3,10,1,0,0,0,21,0,0,LivesExhausted,,,,,,,,,
ppo_rollout,399360,239.1049411999993,1670.2289714119934,,,,,,,,,,,,,,,,,,,-0.006596512902372827,1.23001619130373,-1.2773276627063752,0.9893373250961304,0.008826468,0.07578125
training_episode,400458,240.20901159999994,1667.123133027371,19746494,759.963134765625,36.70984649658203,6.099630832672119,3,4,11,1,0,1,1,12,0,0,LivesExhausted,,,,,,,,,
training_episode,402816,241.40546579999864,1668.6283331038078,24459299,975.7688598632812,45.2384147644043,8.257688522338867,3,4,11,1,0,0,1,22,0,0,LivesExhausted,,,,,,,,,
training_episode,402984,241.49265920000107,1668.721531060097,68340750,2257.0576171875,91.63116455078125,20.570575714111328,4,6,18,3,1,0,0,55,0,0,LivesExhausted,,,,,,,,,
ppo_rollout,405504,242.77318350000132,1670.2998006367445,,,,,,,,,,,,,,,,,,,-0.0062701000036516534,0.8334551567832629,-1.2753721336523691,0.9946820735931396,0.013302264,0.08466796875
training_episode,405990,243.59922160000133,1666.630941319879,50955736,548.5050048828125,26.420509338378906,3.9850502014160156,3,4,7,1,0,1,0,24,0,0,LivesExhausted,,,,,,,,,
training_episode,410172,245.71845200000098,1669.2763472236036,27705898,722.3823852539062,34.84016036987305,5.723823547363281,3,4,10,1,0,0,0,10,0,0,LivesExhausted,,,,,,,,,
ppo_rollout,411648,246.46607679999943,1670.2014546774371,,,,,,,,,,,,,,,,,,,-0.004964253636232267,1.670207587381204,-1.2652015815178552,0.9907950162887573,0.0069945063,0.06220703125
training_episode,412320,247.36740640000062,1666.8323689066215,9273594,28554.666015625,304.0854797363281,284.546630859375,2,39,41,28,2,2,6,144,4,1,MaxDuration,,,,,,,,,
training_episode,412920,247.66931889999978,1667.2230611120738,27077524,2627.076171875,103.83377075195312,24.77075958251953,3,4,21,3,0,1,0,43,1,1,LivesExhausted,,,,,,,,,
training_episode,413766,248.0983430999986,1667.7499528210365,58391495,2210.881591796875,89.81077575683594,20.608816146850586,3,5,18,3,1,2,0,22,0,0,LivesExhausted,,,,,,,,,
training_episode,414276,248.3603570000014,1668.0439865851768,6969556,695.9534301757812,34.18027114868164,5.459534168243408,3,5,7,1,0,1,0,5,0,0,LivesExhausted,,,,,,,,,
ppo_rollout,417792,250.130084299999,1670.2988813569184,,,,,,,,,,,,,,,,,,,-0.006799138417894331,1.708955887456735,-1.2587905416886012,0.9912409782409668,0.005926372,0.06446940104166667
training_episode,418536,251.07064570000148,1667.0049134302185,47080763,27389.33203125,303.2947082519531,272.8932800292969,2,40,46,27,6,3,5,198,0,1,MaxDuration,,,,,,,,,
training_episode,423264,253.41561269999875,1670.236476317949,23830925,2087.801025390625,86.15999603271484,18.878009796142578,4,6,19,3,1,1,0,19,0,0,LivesExhausted,,,,,,,,,
ppo_rollout,423936,253.76840730000185,1670.5625594238297,,,,,,,,,,,,,,,,,,,-0.006037076810995737,1.5700276151299477,-1.2581645548343658,0.9920010566711426,0.009320618,0.07565104166666667
training_episode,426456,255.58324039999934,1668.5601111112649,71063704,1531.6544189453125,65.99568939208984,13.816543579101562,3,4,17,2,0,1,0,24,0,0,LivesExhausted,,,,,,,,,
ppo_rollout,430080,257.39135370000076,1670.9185985372076,,,,,,,,,,,,,,,,,,,-0.004799613436140741,1.4281963542103768,-1.2517844180266062,0.9909010529518127,0.0077497936,0.07102864583333333
training_episode,431256,258.5617311999995,1667.9034364386282,2361480,1561.4569091796875,66.56581115722656,14.114569664001465,3,4,11,2,0,0,0,24,1,0,LivesExhausted,,,,,,,,,
training_episode,434184,260.05009000000064,1669.6168034396717,20165410,1491.4991455078125,64.39534759521484,13.41499137878418,3,4,14,2,0,0,0,44,0,0,LivesExhausted,,,,,,,,,
training_episode,435462,260.720102700001,1670.2279398112491,18280288,28554.666015625,305.6770324707031,285.046630859375,1,47,43,28,5,2,4,148,0,1,MaxDuration,,,,,,,,,
ppo_rollout,436224,261.10762149999937,1670.667433964585,,,,,,,,,,,,,,,,,,,-0.006556061808563148,1.4651111717025438,-1.2496116528908412,0.9908328056335449,0.008271047,0.06884765625
training_episode,436986,262.06687500000044,1667.4598802309497,41530126,1039.4420166015625,47.74799346923828,8.89441967010498,3,3,11,2,0,0,1,12,0,0,LivesExhausted,,,,,,,,,
training_episode,440436,263.797093600002,1669.6014121665694,72110994,1148.67724609375,52.06726837158203,9.986772537231445,3,4,11,2,0,1,0,25,0,0,LivesExhausted,,,,,,,,,
training_episode,441864,264.5261294000011,1670.3983118878925,67293460,1195.8482666015625,53.327056884765625,10.45848274230957,3,5,9,2,1,0,1,14,0,0,LivesExhausted,,,,,,,,,
ppo_rollout,442368,264.7802354000014,1670.698718624969,,,,,,,,,,,,,,,,,,,-0.005447582391207106,1.8311308587590853,-1.2496670911709467,0.993002712726593,0.0057394407,0.060009765625
training_episode,444228,266.27022399999987,1668.33524727872,7807388,1388.0057373046875,60.31588363647461,12.380057334899902,3,6,16,2,0,1,1,10,1,1,LivesExhausted,,,,,,,,,
training_episode,446436,267.3664738000007,1669.7531057463452,47604408,795.262939453125,38.099613189697266,6.452629566192627,3,4,5,1,0,1,0,12,0,0,LivesExhausted,,,,,,,,,
ppo_rollout,448512,268.415565700001,1670.9612157935976,,,,,,,,,,,,,,,,,,,-0.007714002517362436,1.3617287809650103,-1.2417525927225748,0.9947134256362915,0.008723177,0.08028971354166667
training_episode,448674,269.041208300001,1667.6776127904354,43415248,29750.666015625,302.9043273925781,297.5066223144531,0,44,46,30,2,1,2,181,0,1,MaxDuration,,,,,,,,,
training_episode,450408,269.9232066000004,1668.6523758865249,35455844,25150.666015625,305.3066711425781,251.5066375732422,0,36,43,26,1,3,2,152,0,1,MaxDuration,,,,,,,,,
training_episode,450432,269.93927339999937,1668.6419664934945,54725980,26254.666015625,301.2527160644531,262.046630859375,1,42,46,27,2,1,6,95,1,1,MaxDuration,,,,,,,,,
training_episode,450852,270.15728220000165,1668.8500725522817,70330601,1242.522216796875,55.166748046875,10.925222396850586,3,6,14,2,0,1,0,16,0,0,LivesExhausted,,,,,,,,,
training_episode,450990,270.22903049999877,1668.917655388628,16499895,791.439453125,37.94963836669922,6.414394855499268,3,3,9,1,0,0,1,5,1,0,LivesExhausted,,,,,,,,,
training_episode,451716,270.5800220000019,1669.4358905773051,30114665,522.1824340820312,25.310483932495117,3.7218241691589355,3,3,7,1,0,0,0,10,0,0,LivesExhausted,,,,,,,,,
ppo_rollout,454656,272.0400914999991,1671.283072627556,,,,,,,,,,,,,,,,,,,-0.0074809385541205605,2.778359611829122,-1.2337976813316345,0.989348292350769,0.0067359586,0.06656901041666667
training_episode,456042,273.3135473000002,1668.5671255784096,58915140,1019.3560180664062,46.94812774658203,8.693559646606445,3,4,12,2,0,0,0,14,0,0,LivesExhausted,,,,,,,,,
training_episode,456804,273.7009297000004,1668.9895810755784,3408770,1056.9281005859375,48.4378776550293,9.069280624389648,3,5,15,2,0,0,0,15,0,0,LivesExhausted,,,,,,,,,
training_episode,457098,273.8539944000004,1669.1303006241612,69597498,1251.45556640625,55.51668930053711,11.014554977416992,3,5,14,2,0,0,0,17,0,0,LivesExhausted,,,,,,,,,
training_episode,457542,274.07386899999983,1669.4112491256883,37340966,1059.1748046875,48.527862548828125,9.091748237609863,3,4,13,2,0,0,0,19,0,0,LivesExhausted,,,,,,,,,
ppo_rollout,460800,275.75848960000076,1671.0274293582393,,,,,,,,,,,,,,,,,,,-0.007890707640520607,0.9487752785285314,-1.2299665768941244,0.9940434694290161,0.008901694,0.06842447916666666
training_episode,463902,277.8241343000009,1669.7685432147084,63523216,1342.501708984375,59.12608337402344,11.925017356872559,3,3,14,2,0,0,0,38,0,0,LivesExhausted,,,,,,,,,
training_episode,465222,278.4876746000009,1670.5299459597645,34303825,1481.2325439453125,63.99526596069336,13.312326431274414,3,5,12,2,0,0,1,25,0,1,LivesExhausted,,,,,,,,,
ppo_rollout,466944,279.3568180000002,1671.4967021137807,,,,,,,,,,,,,,,,,,,-0.004914553585695103,2.0275895168383915,-1.221254790822665,0.9882794618606567,0.0066265916,0.060530598958333334
training_episode,468348,280.61120930000106,1669.028123175542,67607647,768.1600341796875,37.01979446411133,6.181600093841553,3,3,11,1,0,0,0,32,0,0,LivesExhausted,,,,,,,,,
ppo_rollout,473088,282.98712030000024,1671.7651301531675,,,,,,,,,,,,,,,,,,,-0.0076909037122580536,1.8505773290991783,-1.2140398045380911,0.9903236031532288,0.00865232,0.08133138020833333
training_episode,477030,285.58704320000106,1670.3488878727892,21736345,27389.33203125,304.9062805175781,273.3932800292969,1,37,43,27,3,1,4,175,3,1,MaxDuration,,,,,,,,,
ppo_rollout,479232,286.76245140000174,1671.1811384661537,,,,,,,,,,,,,,,,,,,-0.006212234492219674,1.5401216546694438,-1.2096396764119466,0.9914196729660034,0.007038132,0.059521484375
training_episode,483480,289.5193728000013,1669.9400641973132,43519977,1205.3922119140625,53.706993103027344,10.553921699523926,3,4,10,2,0,0,1,27,0,0,LivesExhausted,,,,,,,,,
ppo_rollout,485376,290.53196469999966,1670.6457773112652,,,,,,,,,,,,,,,,,,,-0.007247921587744107,3.573151714603106,-1.204929139216741,0.9776172041893005,0.0067783534,0.05950520833333333
training_episode,486900,291.8923400999993,1668.0807719489767,9901968,26254.666015625,300.3818664550781,261.546630859375,2,47,45,27,2,3,2,149,3,1,MaxDuration,,,,,,,,,
ppo_rollout,491520,294.2713268000007,1670.295252157061,,,,,,,,,,,,,,,,,,,-0.007842888040856148,2.0183983792861304,-1.2016854524612426,0.9883798360824585,0.008402734,0.07078450520833333
training_episode,492558,295.42751130000033,1667.2719403570302,70644788,30977.33203125,304.2456359863281,309.2732849121094,1,38,43,31,2,2,5,111,4,1,MaxDuration,,,,,,,,,
training_episode,493422,295.8965046000012,1667.5492691845675,3199312,28554.666015625,302.6440734863281,284.546630859375,2,50,35,28,0,1,4,158,1,1,MaxDuration,,,,,,,,,
training_episode,494280,296.3481600999985,1667.903049687274,35560573,2214.691650390625,89.96080780029297,20.146915435791016,4,5,17,3,1,0,0,51,1,0,LivesExhausted,,,,,,,,,
training_episode,495198,296.8065908999997,1668.4198234898445,60800262,1626.9169921875,69.1463623046875,14.769169807434082,3,4,14,2,1,1,0,16,1,0,LivesExhausted,,,,,,,,,
ppo_rollout,497664,298.0372993000019,1669.8044210199862,,,,,,,,,,,,,,,,,,,-0.005772238814582427,2.032705942293008,-1.1955077131589253,0.9899106621742249,0.007058264,0.06609700520833334
training_episode,499296,299.39569929999925,1667.6792658257175,43729435,1266.4415283203125,56.1165885925293,10.664414405822754,4,4,12,2,2,0,2,11,0,1,LivesExhausted,,,,,,,,,
validation,500004,,,,,,,,,,,,,,,,,,14410.547432861327,23034.666015625,12276.943808466565,,,,,,
training_episode,500166,490.4765437999995,1019.7551877301427,26239692,1071.1800537109375,49.007781982421875,9.211800575256348,3,4,11,2,0,0,1,18,0,0,LivesExhausted,,,,,,,,,
training_episode,501600,491.203211,1021.1659630213614,64675235,24077.33203125,303.1045227050781,239.27330017089844,3,36,44,24,2,1,2,164,3,1,MaxDuration,,,,,,,,,
training_episode,501852,491.3393743000015,1021.3958543725008,41006481,1249.47998046875,55.44670104980469,10.494799613952637,4,5,14,2,1,0,0,8,1,0,LivesExhausted,,,,,,,,,
ppo_rollout,503808,492.37909450000006,1023.2115977864693,,,,,,,,,,,,,,,,,,,-0.007103455747710541,1.6888942196965218,-1.1871869663397472,0.9918864369392395,0.009256138,0.08089192708333333
training_episode,504420,493.2704199,1022.6033827494873,37131508,727.3297119140625,35.410064697265625,5.773297309875488,3,3,10,1,0,0,0,12,0,0,LivesExhausted,,,,,,,,,
training_episode,504516,493.32815250000203,1022.6783074172884,12834380,26254.666015625,301.3728332519531,261.546630859375,2,34,41,27,2,1,2,129,2,1,MaxDuration,,,,,,,,,
training_episode,505644,493.89984019999974,1023.7784239720438,66350899,1185.0196533203125,52.89712905883789,10.35019588470459,3,4,9,2,0,1,1,20,1,0,LivesExhausted,,,,,,,,,
training_episode,507624,494.87703690000126,1025.757839118679,34199096,351.10479736328125,16.500282287597656,2.0110480785369873,3,3,7,1,0,0,0,0,0,0,LivesExhausted,,,,,,,,,
training_episode,507840,494.99087169999984,1025.9583136470194,42786874,1093.7525634765625,49.89763259887695,9.437525749206543,3,3,11,2,0,0,1,37,0,0,LivesExhausted,,,,,,,,,
ppo_rollout,509952,496.0620228000007,1028.0004849425843,,,,,,,,,,,,,,,,,,,-0.0058181715537405886,1.311281456053257,-1.1795914798974991,0.9932874441146851,0.007280989,0.07376302083333333
ppo_rollout,516096,499.6932029000018,1032.8257358811438,,,,,,,,,,,,,,,,,,,-0.004369657764133687,1.9944769516587257,-1.172879202167193,0.9845342040061951,0.009580193,0.086279296875
training_episode,516762,500.5757660999989,1032.3352327383097,4665518,1773.8646240234375,74.34747314453125,15.738645553588867,4,4,15,2,1,0,0,28,1,0,LivesExhausted,,,,,,,,,
ppo_rollout,522240,503.4141019999988,1037.396445441652,,,,,,,,,,,,,,,,,,,-0.004942187977333864,2.6359004487593967,-1.1646404008070628,0.9833967685699463,0.0086436225,0.074169921875
ppo_rollout,528384,507.09909999999945,1041.9738469265683,,,,,,,,,,,,,,,,,,,-0.006610234496959796,2.1090028777718546,-1.1639844616254171,0.9819541573524475,0.008909897,0.06813151041666667
training_episode,529470,508.20216860000073,1041.849155147425,6341182,24077.33203125,300.3718566894531,240.27330017089844,1,37,40,24,0,3,4,128,1,1,MaxDuration,,,,,,,,,
ppo_rollout,534528,510.77266370000143,1046.5086289620838,,,,,,,,,,,,,,,,,,,-0.0047305203139937175,2.197563111782074,-1.164858869711558,0.9652623534202576,0.007525362,0.0736328125
training_episode,537852,513.0472130999988,1048.347961487058,56192186,27389.33203125,302.0534973144531,273.3932800292969,1,39,43,27,1,4,3,150,3,1,MaxDuration,,,,,,,,,
ppo_rollout,540672,514.472398599999,1050.9251836858427,,,,,,,,,,,,,,,,,,,-0.0050231159237834316,2.0815837403138477,-1.15840778251489,0.9805476665496826,0.010625217,0.11114908854166666
training_episode,540858,515.1804233000003,1049.841910792187,47499679,27389.33203125,303.5950012207031,272.8932800292969,2,30,40,27,0,2,4,159,2,1,MaxDuration,,,,,,,,,
training_episode,541224,515.3779861000003,1050.1496272582058,41320668,27389.33203125,305.8572082519531,273.8932800292969,0,27,47,27,0,3,1,147,3,1,MaxDuration,,,,,,,,,
training_episode,543666,516.6788545999989,1052.2319525169924,53155045,23034.666015625,300.3117980957031,229.3466339111328,2,31,46,23,1,3,3,172,3,1,MaxDuration,,,,,,,,,
training_episode,545154,517.4741396999998,1053.4903257504757,33256535,1401.142333984375,60.83579635620117,12.511423110961914,3,3,16,2,1,0,0,16,1,0,LivesExhausted,,,,,,,,,
ppo_rollout,546816,518.3115137999994,1054.9948929187779,,,,,,,,,,,,,,,,,,,-0.0061082682378279666,2.8605701903502148,-1.156156089901924,0.9761143326759338,0.0071916007,0.06083984375
training_episode,549114,520.0592480999985,1055.868157341978,39016630,979.8045043945312,45.388389587402344,8.29804515838623,3,4,10,1,0,0,1,30,0,0,LivesExhausted,,,,,,,,,
training_episode,550248,520.6189019000012,1056.911299209205,20270139,1872.0267333984375,78.2383041381836,17.22026824951172,3,4,15,2,0,1,0,57,0,0,LivesExhausted,,,,,,,,,
ppo_rollout,552960,521.9820269000011,1059.3468194373934,,,,,,,,,,,,,,,,,,,-0.006129088200395927,1.3031775052348773,-1.154850901166598,0.9946871995925903,0.009310297,0.073388671875
training_episode,553248,522.6901187000003,1058.4627109002963,64570506,27389.33203125,304.0054016113281,272.8932800292969,2,36,45,27,2,1,4,158,0,1,MaxDuration,,,,,,,,,
ppo_rollout,559104,525.6496326000015,1063.6438519599535,,,,,,,,,,,,,,,,,,,-0.006041343318065629,2.084856468439102,-1.1498593231042227,0.9891208410263062,0.008268871,0.07412109375
training_episode,563490,528.400861099999,1066.4062863693184,47918595,2067.196533203125,85.34982299804688,19.171964645385742,3,4,19,3,0,1,0,12,0,0,LivesExhausted,,,,,,,,,
ppo_rollout,565248,529.297827800001,1067.9204982749013,,,,,,,,,,,,,,,,,,,-0.006993903917221663,1.7948127418756485,-1.1416475494702658,0.991336464881897,0.0071776523,0.08821614583333333
training_episode,565686,530.0879424000013,1067.1550034487232,59962430,26254.666015625,301.7632141113281,262.546630859375,0,33,41,27,1,2,1,153,2,1,MaxDuration,,,,,,,,,
ppo_rollout,571392,532.9499695000013,1072.1306552209091,,,,,,,,,,,,,,,,,,,-0.007739636435871944,1.9179489051302274,-1.139045199751854,0.9869801998138428,0.010612163,0.078271484375
ppo_rollout,577536,536.6611478999985,1076.1651039206924,,,,,,,,,,,,,,,,,,,-0.007166363189268546,1.821634321908156,-1.1405866334835688,0.98945552110672,0.010881784,0.096240234375
training_episode,577656,537.2884115000015,1075.1320661975572,9378323,27389.33203125,303.5749816894531,273.3932800292969,1,36,42,27,1,2,2,146,4,1,MaxDuration,,,,,,,,,
training_episode,581526,539.2180176000002,1078.461737217736,16290437,28554.666015625,303.0544738769531,285.546630859375,0,32,45,28,1,2,6,191,3,1,MaxDuration,,,,,,,,,
ppo_rollout,583680,540.3139147000002,1080.2609078170383,,,,,,,,,,,,,,,,,,,-0.0073225242755142975,2.670545912782351,-1.141156056523323,0.9562606811523438,0.006985121,0.06852213541666667
training_episode,585618,541.8360197000002,1080.8030081208715,40797023,24077.33203125,304.1855773925781,239.27330017089844,3,32,47,24,2,2,1,163,2,1,MaxDuration,,,,,,,,,
training_episode,586836,542.4356805999996,1081.8536113828063,3722957,28554.666015625,304.8562316894531,284.546630859375,2,37,45,28,0,7,3,165,0,1,MaxDuration,,,,,,,,,
ppo_rollout,589824,543.9323550000008,1084.3701327529948,,,,,,,,,,,,,,,,,,,-0.007775682350620627,1.876302793622017,-1.1393471737702687,0.9842028021812439,0.007948744,0.06979166666666667
training_episode,590322,544.7543193999991,1083.648130867856,73577200,612.3555297851562,29.02056884765625,4.623554706573486,3,3,11,1,0,0,0,9,0,0,LivesExhausted,,,,,,,,,
training_episode,591522,545.380243399999,1084.604745328406,1418919,1075.19091796875,49.15775680541992,9.251909255981445,3,3,14,2,0,0,0,10,0,0,LivesExhausted,,,,,,,,,
ppo_rollout,595968,547.6289741,1088.269664656518,,,,,,,,,,,,,,,,,,,-0.006621375575195998,1.6480038742224374,-1.1305570542812347,0.991960346698761,0.006069045,0.06865234375
training_episode,599772,550.1556826999986,1090.1859580119203,61428636,26254.666015625,302.3237609863281,262.046630859375,1,31,45,27,3,5,6,113,1,1,MaxDuration,,,,,,,,,
training_episode,600054,550.3056257999997,1090.4013549337774,20898513,1958.8917236328125,81.05890655517578,18.088916778564453,3,5,17,2,0,1,0,39,0,0,LivesExhausted,,,,,,,,,
ppo_rollout,602112,551.3679845000006,1092.0329379407399,,,,,,,,,,,,,,,,,,,-0.009740250480050842,1.1916125759482383,-1.1165897438923518,0.9951808452606201,0.011415723,0.10382486979166666
training_episode,602358,552.0532425000019,1091.123017903473,38807172,27389.33203125,305.5569152832031,273.3932800292969,1,38,44,27,0,2,4,146,3,1,MaxDuration,,,,,,,,,
training_episode,605106,553.4784800999987,1093.2782786616629,22259990,463.9544982910156,22.860427856445312,3.13954496383667,3,4,7,1,0,0,0,11,0,0,LivesExhausted,,,,,,,,,
training_episode,606138,553.9896073999989,1094.1324384129614,73053555,1114.1654052734375,50.6974983215332,9.641654014587402,3,5,12,2,0,0,0,23,0,0,LivesExhausted,,,,,,,,,
ppo_rollout,608256,555.0735741999997,1095.8114892726599,,,,,,,,,,,,,,,,,,,-0.005663058780676996,2.066835290193558,-1.1019379784663519,0.992231547832489,0.007070232,0.08839518229166667
training_episode,611526,557.3462738999988,1097.2101701171907,69388040,1199.24609375,53.457035064697266,10.492460250854492,3,4,14,2,0,0,0,24,0,0,LivesExhausted,,,,,,,,,
training_episode,614004,558.6512459000005,1099.0828437352268,44148351,29750.666015625,302.8542785644531,297.5066223144531,0,38,46,30,2,2,3,156,3,1,MaxDuration,,,,,,,,,
ppo_rollout,614400,558.8616169999987,1099.3777015822532,,,,,,,,,,,,,,,,,,,-0.006593945436179638,2.1737818300724028,-1.0936844597260158,0.9918392896652222,0.0066276486,0.070068359375
training_episode,617574,561.061118900001,1100.724999819621,60486075,26254.666015625,300.3618469238281,262.546630859375,0,30,43,27,5,2,3,90,1,1,MaxDuration,,,,,,,,,
training_episode,618438,561.4919401000006,1101.4191938175593,42891603,765.3368530273438,36.909812927246094,6.1533684730529785,3,4,3,1,0,0,0,10,0,0,LivesExhausted,,,,,,,,,
training_episode,618486,561.5209089000018,1101.4478538503413,54411793,1313.1749267578125,57.95627975463867,11.131749153137207,4,4,13,2,1,0,0,15,2,0,LivesExhausted,,,,,,,,,
ppo_rollout,620544,562.5626488000016,1103.0664785934118,,,,,,,,,,,,,,,,,,,-0.006118409550981596,2.1304361363252005,-1.0928742190202076,0.9902271032333374,0.006247569,0.060465494791666664
training_episode,622332,564.0145637999995,1103.3970396209131,13358025,834.3190307617188,39.63935470581055,6.843190670013428,3,5,10,1,1,1,0,3,2,0,LivesExhausted,,,,,,,,,
training_episode,623256,564.4885132000018,1104.1074980726428,72739368,836.5560302734375,39.73933792114258,6.865560531616211,3,3,11,1,0,0,0,27,0,0,LivesExhausted,,,,,,,,,
training_episode,624762,565.2579809999988,1105.2687816892608,38911901,1164.5223388671875,52.69716262817383,10.145222663879395,3,4,13,2,0,0,0,27,0,0,LivesExhausted,,,,,,,,,
ppo_rollout,626688,566.2719209999996,1106.6909319701206,,,,,,,,,,,,,,,,,,,-0.009053003017713005,1.3676133319735526,-1.0936587542295455,0.9948833584785461,0.009429307,0.08338216145833334
training_episode,628266,567.6454371,1106.7930065811852,59648243,25150.666015625,306.1875305175781,250.5066375732422,2,35,49,26,0,1,3,121,0,1,MaxDuration,,,,,,,,,
training_episode,629886,568.4626261000012,1108.0517365255837,3618228,1244.470458984375,55.23673629760742,10.944704055786133,3,4,13,2,0,0,0,19,0,0,LivesExhausted,,,,,,,,,
training_episode,630282,568.6680646999994,1108.3478027423696,16185708,994.2141723632812,45.95829391479492,8.44214153289795,3,3,10,1,0,0,0,23,0,0,LivesExhausted,,,,,,,,,
training_episode,632790,569.9119565000001,1110.3293987481027,69702227,2127.30908203125,87.11019897460938,19.273090362548828,4,5,17,3,2,0,0,60,1,0,LivesExhausted,,,,,,,,,
ppo_rollout,632832,569.9393052000014,1110.3498113328549,,,,,,,,,,,,,,,,,,,-0.007652053910229976,1.1463218614459039,-1.0961463183164597,0.9962251782417297,0.010091882,0.112646484375
training_episode,636078,572.1232307999999,1111.784954284363,17337727,26254.666015625,302.5039367675781,261.546630859375,2,47,38,27,3,5,3,162,2,1,MaxDuration,,,,,,,,,
ppo_rollout,638976,573.5872323000003,1113.9996917954404,,,,,,,,,,,,,,,,,,,-0.006604071821008499,1.1591827429831028,-1.105434783299764,0.995135486125946,0.009916997,0.08597005208333333
training_episode,640290,574.8324995000003,1113.8723029002986,17232998,718.3115234375,35.060123443603516,5.683115005493164,3,3,10,1,0,0,1,12,0,0,LivesExhausted,,,,,,,,,
training_episode,640638,575.0124039000002,1114.1290094872677,14300586,2607.898193359375,103.08361053466797,24.0789794921875,4,4,22,3,2,0,0,65,1,1,LivesExhausted,,,,,,,,,
training_episode,642666,576.0474601999995,1115.6476582274506,6131724,27389.33203125,304.3557434082031,272.8932800292969,2,42,44,27,2,1,3,199,2,1,MaxDuration,,,,,,,,,
ppo_rollout,645120,577.2837614000018,1117.5093483237513,,,,,,,,,,,,,,,,,,,-0.005815141197914878,2.16195288002491,-1.1149113615353903,0.9905941486358643,0.007981023,0.066943359375
training_episode,645570,578.0559151000016,1116.7950766290812,54621251,870.5797729492188,41.0791130065918,7.2057976722717285,3,5,11,1,0,0,0,28,0,0,LivesExhausted,,,,,,,,,
training_episode,647940,579.2730018000002,1118.5399595469285,8331033,1474.0411376953125,63.71531295776367,13.240411758422852,3,3,15,2,0,0,0,21,0,0,LivesExhausted,,,,,,,,,
ppo_rollout,651264,580.932735800001,1121.0661060495172,,,,,,,,,,,,,,,,,,,-0.005897709400354264,3.095917111635208,-1.1153928240140278,0.9867938756942749,0.006898094,0.07205403645833333
training_episode,653016,582.3836876999994,1121.281405698274,20689055,1431.03564453125,62.00559997558594,12.810357093811035,3,3,15,2,0,0,0,29,0,0,LivesExhausted,,,,,,,,,
ppo_rollout,657408,584.6037871000008,1124.5359925927842,,,,,,,,,,,,,,,,,,,-0.006108991186677789,1.323864753295978,-1.1155264457066854,0.9934563636779785,0.0082365535,0.06759440104166667
training_episode,659106,586.0482383000017,1124.661686403022,29905207,1114.170654296875,50.707496643066406,9.641706466674805,3,4,14,2,1,1,1,20,1,0,LivesExhausted,,,,,,,,,
training_episode,660714,586.8797204000002,1125.8081972055134,58286766,2707.992431640625,106.42432403564453,25.579923629760742,3,5,23,3,0,4,0,30,0,1,LivesExhausted,,,,,,,,,
ppo_rollout,663552,588.2953444999985,1127.9232552213437,,,,,,,,,,,,,,,,,,,-0.009428474658246462,1.2993221446871757,-1.1100911994775136,0.9939401745796204,0.011266285,0.10291341145833334
training_episode,665988,590.0720734999995,1128.6553455236524,28962646,26254.666015625,300.8222961425781,262.046630859375,1,36,48,27,1,2,3,174,5,1,MaxDuration,,,,,,,,,
training_episode,666618,590.4059587000011,1129.0841330053786,71796807,23034.666015625,302.7441711425781,229.3466339111328,2,35,46,23,0,2,2,173,1,1,MaxDuration,,,,,,,,,
training_episode,667704,590.9547913999995,1129.8732317884724,56087457,1320.3282470703125,58.24623107910156,11.703283309936523,3,4,16,2,0,0,1,37,0,0,LivesExhausted,,,,,,,,,
training_episode,668838,591.5369089000014,1130.678390370847,61742823,26254.666015625,300.3718566894531,261.546630859375,2,48,39,27,4,1,4,179,1,1,MaxDuration,,,,,,,,,
ppo_rollout,669696,591.9775147,1131.2862116720528,,,,,,,,,,,,,,,,,,,-0.006450179241558847,2.254164213935534,-1.1042720089356104,0.989933431148529,0.009084784,0.075927734375
training_episode,670914,593.1536128000007,1131.0965414725013,64779964,2458.668212890625,98.39260864257812,22.586681365966797,4,4,18,3,1,0,0,66,0,0,LivesExhausted,,,,,,,,,
training_episode,673110,594.2512736999997,1132.70266264471,27182253,1214.3499755859375,54.05693435668945,10.643499374389648,3,4,12,2,0,1,1,34,0,0,LivesExhausted,,,,,,,,,
ppo_rollout,675840,595.6130766999995,1134.6963766217132,,,,,,,,,,,,,,,,,,,-0.007194437610451132,2.4034271677335104,-1.1089814027150473,0.9905852675437927,0.0077300724,0.06599934895833333
training_episode,676014,596.2685794999998,1133.7407726009487,70958975,906.5253295898438,42.49887466430664,7.565253257751465,3,3,12,1,0,0,0,0,1,0,LivesExhausted,,,,,,,,,
training_episode,676290,596.4127017999999,1133.9295725240709,64989422,1686.523681640625,71.50686645507812,14.86523723602295,4,5,14,2,1,0,0,28,0,0,LivesExhausted,,,,,,,,,
training_episode,676974,596.7760540999989,1134.3853282131906,15871521,1592.1826171875,67.77606964111328,14.421826362609863,3,3,13,2,0,0,0,32,0,0,LivesExhausted,,,,,,,,,
training_episode,676986,596.7866708000001,1134.38525544227,2256751,2256.44091796875,91.61116027832031,21.064409255981445,3,5,18,3,0,0,0,26,0,0,LivesExhausted,,,,,,,,,
training_episode,677598,597.1135614000013,1134.789165416531,15452605,777.1159057617188,37.37973403930664,6.271158695220947,3,3,10,1,0,0,0,32,2,0,LivesExhausted,,,,,,,,,
training_episode,679098,597.8706593999996,1135.8610584461815,68131292,27389.33203125,303.5849914550781,272.8932800292969,2,33,48,27,0,1,6,142,4,1,MaxDuration,,,,,,,,,
training_episode,679950,598.2903990000013,1136.488235707086,46242931,508.9664001464844,24.700469970703125,3.5896639823913574,3,3,6,1,0,0,0,7,0,0,LivesExhausted,,,,,,,,,
training_episode,681642,599.1698997999993,1137.643930757419,56611102,959.6920776367188,44.5985221862793,8.09692096710205,3,4,10,1,0,0,0,10,0,0,LivesExhausted,,,,,,,,,
ppo_rollout,681984,599.343596499999,1137.8848526664808,,,,,,,,,,,,,,,,,,,-0.006892007714486681,1.784095353881518,-1.1108710805575053,0.9820323586463928,0.007863882,0.080322265625
training_episode,682020,599.924289999999,1136.843450696089,63313758,1096.992919921875,50.01761245727539,9.469929695129395,3,4,11,2,0,0,0,41,0,0,LivesExhausted,,,,,,,,,
training_episode,687312,602.5715806000007,1140.6312911664709,14824231,1608.18017578125,68.41620635986328,14.581801414489746,3,3,14,2,0,0,0,24,0,0,LivesExhausted,,,,,,,,,
ppo_rollout,688128,602.9844162000009,1141.203622369833,,,,,,,,,,,,,,,,,,,-0.0015840289260571202,1.2613957434892655,-1.112816831469536,0.9819768667221069,0.02146774,0.11569010416666667
training_episode,688452,603.7032381999998,1140.3814928220147,53992877,1281.5537109375,56.716487884521484,11.315536499023438,3,3,8,2,0,0,0,40,0,0,LivesExhausted,,,,,,,,,
training_episode,691638,605.2864579999987,1142.6622731414247,31266684,1935.2041015625,80.12870788574219,17.852039337158203,3,3,18,2,0,0,0,42,0,0,LivesExhausted,,,,,,,,,
training_episode,694230,606.5684739999997,1144.5204123813403,39435546,1049.007568359375,48.1279296875,8.990076065063477,3,5,13,2,0,1,1,13,0,0,LivesExhausted,,,,,,,,,
ppo_rollout,694272,606.5952969999998,1144.5390418185193,,,,,,,,,,,,,,,,,,,-0.007007204473484308,1.5387274771928787,-1.105497591694196,0.9331298470497131,0.00802778,0.07732747395833334
training_episode,696192,608.1384132999992,1144.7920157225183,40063920,790.3704223632812,37.909645080566406,6.4037041664123535,3,3,13,1,0,0,0,5,0,0,LivesExhausted,,,,,,,,,
training_episode,697074,608.5786305000001,1145.413205566047,12206006,1965.396728515625,81.31896209716797,17.653966903686523,4,6,13,2,2,2,0,26,0,0,LivesExhausted,,,,,,,,,
training_episode,700236,610.2049073000017,1147.5423937482944,15557334,540.8082275390625,26.320507049560547,3.9080820083618164,3,3,8,1,0,0,0,14,0,0,LivesExhausted,,,,,,,,,
training_episode,700260,610.2225698000002,1147.5485087834581,59229327,700.2025146484375,33.88032150268555,5.502025127410889,3,4,12,1,0,0,0,19,0,0,LivesExhausted,,,,,,,,,
ppo_rollout,700416,610.3068681000004,1147.6456133953172,,,,,,,,,,,,,,,,,,,-0.005589038446002329,2.8128419309854507,-1.1041201859712602,0.9860301613807678,0.0059306207,0.06612955729166667
training_episode,700680,611.0089635000004,1146.758954216225,49803717,1206.61865234375,53.746986389160156,10.56618595123291,3,4,7,2,0,0,0,31,1,0,LivesExhausted,,,,,,,,,
ppo_rollout,706560,614.0105345000011,1150.7294424115435,,,,,,,,,,,,,,,,,,,-0.009133083516887078,1.6147184357047082,-1.103239401181539,0.9944544434547424,0.009257579,0.07568359375
ppo_rollout,712704,617.7632887,1153.6846119486802,,,,,,,,,,,,,,,,,,,-0.007960780209396034,1.890631947418054,-1.094935455918312,0.9934837818145752,0.009189136,0.09856770833333334
training_episode,713298,618.6509236999991,1152.9894689786286,49280072,23034.666015625,302.6440734863281,229.34661865234375,2,33,44,23,7,3,1,209,3,1,MaxDuration,,,,,,,,,
training_episode,713718,618.8681508000009,1153.2634198049911,57763121,23034.666015625,300.9824523925781,228.3466339111328,4,34,46,23,3,2,1,164,2,1,MaxDuration,,,,,,,,,
training_episode,715992,620.019312700002,1154.7898353070086,14091128,26254.666015625,300.2917785644531,261.546630859375,2,39,43,27,2,3,5,102,3,1,MaxDuration,,,,,,,,,
training_episode,716922,620.4906714999997,1155.4114073413598,59124598,558.1293334960938,26.700515747070312,4.081293106079102,3,3,9,1,0,0,0,7,0,0,LivesExhausted,,,,,,,,,
training_episode,717810,620.9307603999987,1156.0226127911467,56820560,782.5065307617188,37.589698791503906,6.325065612792969,3,3,10,1,0,0,0,7,0,0,LivesExhausted,,,,,,,,,
ppo_rollout,718848,621.4568209999998,1156.7143133826835,,,,,,,,,,,,,,,,,,,-0.006518468183154861,1.9979338427384694,-1.0818903247515361,0.9627641439437866,0.007476608,0.06975911458333334
training_episode,723852,624.6621560999993,1158.7895839877353,37759882,1306.6767578125,57.706321716308594,11.566767692565918,3,5,14,2,0,1,0,9,0,0,LivesExhausted,,,,,,,,,
ppo_rollout,724992,625.2663156000017,1159.4931342244179,,,,,,,,,,,,,,,,,,,-0.007872194151665705,1.668953688442707,-1.081614942351977,0.9958369731903076,0.015180048,0.12578125
ppo_rollout,731136,628.9332964999994,1162.5016580752783,,,,,,,,,,,,,,,,,,,-0.00694068089457384,1.9436846032738686,-1.0832846055428187,0.9925855994224548,0.008294704,0.095849609375
training_episode,736452,632.2304449000003,1164.8474159077934,17651914,28554.666015625,301.7431945800781,285.546630859375,0,42,41,28,1,6,4,129,1,1,MaxDuration,,,,,,,,,
training_episode,736458,632.2383642999994,1164.842315153384,53469232,26254.666015625,301.5930480957031,262.546630859375,0,36,42,27,1,8,6,123,0,1,MaxDuration,,,,,,,,,
training_episode,736848,632.4360000000015,1165.0949661309576,24668757,26254.666015625,301.3828430175781,261.546630859375,2,42,42,27,4,1,5,140,0,1,MaxDuration,,,,,,,,,
ppo_rollout,737280,632.6537714000006,1165.376756339367,,,,,,,,,,,,,,,,,,,-0.007958836808878307,2.7079977214336397,-1.0712207933266957,0.9897186160087585,0.0096026,0.06778971354166667
ppo_rollout,743424,636.2993696000012,1168.3557072629835,,,,,,,,,,,,,,,,,,,-0.00808302906419461,2.6235897054274875,-1.062390614549319,0.9830231666564941,0.0069650966,0.06544596354166667
training_episode,744576,637.4409961000019,1168.0704638632792,14614773,1588.8800048828125,67.64604187011719,14.388800621032715,3,4,13,2,0,1,0,29,1,0,LivesExhausted,,,,,,,,,
training_episode,746916,638.6373258999993,1169.546422842431,66560357,2129.71630859375,87.2002182006836,19.797164916992188,3,5,13,3,0,2,0,38,0,0,LivesExhausted,,,,,,,,,
ppo_rollout,749568,639.9775442999999,1171.241095372915,,,,,,,,,,,,,,,,,,,-0.009202030119680179,1.3368738353252412,-1.0560866792996724,0.9954614639282227,0.012606948,0.09640299479166667
training_episode,751644,641.605939699999,1171.5041172334727,22574177,1337.013916015625,58.896121978759766,11.870138168334961,3,4,14,2,1,0,1,33,0,0,LivesExhausted,,,,,,,,,
training_episode,752754,642.1790763999998,1172.1870544581952,18803933,27389.33203125,306.3176574707031,272.8932800292969,2,44,45,27,1,3,1,147,3,1,MaxDuration,,,,,,,,,
training_episode,753000,642.310835799999,1172.329591890097,46661847,1113.966064453125,50.6974983215332,9.639659881591797,3,4,12,2,0,0,0,27,1,0,LivesExhausted,,,,,,,,,
training_episode,754254,642.9565537999988,1173.102592301473,35770031,24077.33203125,303.6750793457031,239.27330017089844,3,48,43,24,3,3,2,115,0,1,MaxDuration,,,,,,,,,
ppo_rollout,755712,643.715278300002,1173.9848741756946,,,,,,,,,,,,,,,,,,,-0.009262819720121721,2.1105301727851233,-1.0547876477241516,0.9914630651473999,0.0077952812,0.08059895833333333
training_episode,760452,646.6323343000004,1176.0191374024205,9064136,25150.666015625,304.9663391113281,250.5066375732422,2,43,42,26,0,2,3,160,0,1,MaxDuration,,,,,,,,,
ppo_rollout,761856,647.339833500002,1176.902703300117,,,,,,,,,,,,,,,,,,,-0.007567038877944772,2.007127921283245,-1.05322667658329,0.9939256906509399,0.01240477,0.08557942708333334
training_episode,764526,649.2519124999999,1177.5490919327867,15243147,2398.704833984375,96.02210235595703,22.487049102783203,3,5,18,3,1,2,0,38,1,0,LivesExhausted,,,,,,,,,
training_episode,767052,650.5290918999999,1179.1202108420266,52003026,2712.69482421875,106.6243667602539,25.62694549560547,3,4,20,3,0,1,0,45,3,1,LivesExhausted,,,,,,,,,
training_episode,767688,650.8535573000008,1179.5095707622386,16080979,1387.5120849609375,60.2958869934082,12.375121116638184,3,5,12,2,0,1,0,10,1,0,LivesExhausted,,,,,,,,,
ppo_rollout,768000,651.023920399999,1179.680156035018,,,,,,,,,,,,,,,,,,,-0.006171020184410736,2.051560832063357,-1.0440117160479228,0.9909501671791077,0.007266317,0.072998046875
training_episode,768552,651.8559419000012,1179.0212385881737,63942132,696.1993408203125,33.54037857055664,5.461993217468262,3,3,12,1,0,0,0,15,1,0,LivesExhausted,,,,,,,,,
training_episode,773358,654.2958136999987,1181.9699649715205,42682145,30977.33203125,304.2356262207031,309.2732849121094,1,40,40,31,3,1,8,144,0,1,MaxDuration,,,,,,,,,
ppo_rollout,774144,654.7000804000018,1182.440667377071,,,,,,,,,,,,,,,,,,,-0.007575780040739725,3.753998906413714,-1.036513368288676,0.986066460609436,0.0077769286,0.06971028645833334
training_episode,776862,656.6663809999991,1183.0390933322367,60171888,1975.53759765625,81.71904754638672,18.255374908447266,3,5,14,2,0,2,0,33,1,0,LivesExhausted,,,,,,,,,
training_episode,780030,658.2329983000018,1185.0363047956569,22993093,2602.017578125,102.84355926513672,24.520174026489258,3,3,15,3,0,0,0,69,0,1,LivesExhausted,,,,,,,,,
ppo_rollout,780288,658.3609462999993,1185.1978832967432,,,,,,,,,,,,,,,,,,,-0.009112449902265023,1.4896366824706395,-1.0330608030160269,0.9958855509757996,0.008851791,0.10128580729166667
training_episode,781506,659.5363699000009,1184.9323792689283,36188947,1594.344970703125,67.8660888671875,13.943449974060059,4,6,13,2,1,0,0,21,0,0,LivesExhausted,,,,,,,,,
ppo_rollout,786432,661.9909222999995,1187.980036444679,,,,,,,,,,,,,,,,,,,-0.005825467789933706,2.256475977599621,-1.027585885922114,0.9924259185791016,0.0069611706,0.06787109375
training_episode,787500,663.0990884999992,1187.6053121734926,48546969,1436.56298828125,62.23556137084961,12.865630149841309,3,4,9,2,0,1,0,21,0,0,LivesExhausted,,,,,,,,,
training_episode,788256,663.4938365000016,1188.0381649935614,27286982,24077.33203125,305.0864562988281,239.77330017089844,2,39,44,24,6,4,3,125,1,1,MaxDuration,,,,,,,,,
training_episode,789384,664.0627927999994,1188.7189111613793,40901752,27389.33203125,305.2366027832031,272.3932800292969,3,35,43,27,3,4,6,189,3,1,MaxDuration,,,,,,,,,
training_episode,791892,665.3314059000004,1190.2218848797613,16604624,630.3232421875,30.290597915649414,4.803232192993164,3,3,11,1,0,0,1,5,0,0,LivesExhausted,,,,,,,,,
ppo_rollout,792576,665.6730357000015,1190.6385830493361,,,,,,,,,,,,,,,,,,,-0.006111479894025251,1.956202793121338,-1.0240526606639226,0.9937884211540222,0.008811959,0.10452473958333333
training_episode,797130,668.570995099999,1192.2892345647933,60276617,1937.51171875,80.2187271118164,17.8751163482666,3,3,16,2,0,0,0,51,0,0,LivesExhausted,,,,,,,,,
training_episode,798222,669.1318009999995,1192.9219307871463,1733106,1165.260986328125,52.717159271240234,10.152609825134277,3,4,9,2,0,0,0,34,1,0,LivesExhausted,,,,,,,,,
ppo_rollout,798720,669.3879132000002,1193.2094742818547,,,,,,,,,,,,,,,,,,,-0.0030739304958842693,2.690213597814242,-1.0228906929492951,0.9924671649932861,0.011992991,0.08997395833333334
ppo_rollout,804864,673.0523539999995,1195.8415942186878,,,,,,,,,,,,,,,,,,,-0.008689080380524199,1.5147538428505263,-1.0271650065978368,0.9952481389045715,0.009700467,0.08722330729166666
training_episode,805164,673.7695582999986,1195.0139184553325,41634855,27389.33203125,305.0564270019531,273.3932800292969,1,35,46,27,2,7,4,145,2,1,MaxDuration,,,,,,,,,
training_episode,809286,675.8575075000008,1197.421040706571,46452389,2547.3193359375,101.29322814941406,22.97319221496582,5,7,19,3,2,0,0,67,1,1,LivesExhausted,,,,,,,,,
ppo_rollout,811008,676.7234183,1198.4334782403967,,,,,,,,,,,,,,,,,,,-0.007454110550073286,1.92258260200421,-1.0284732987483343,0.9940689206123352,0.0075238054,0.07991536458333333
training_episode,811656,677.6126167000002,1197.8171303137717,28334272,1214.8226318359375,54.07693099975586,10.648225784301758,3,4,15,2,0,0,0,18,0,0,LivesExhausted,,,,,,,,,
training_episode,813150,678.3750914000011,1198.673138664122,26553879,26254.666015625,302.3838195800781,262.046630859375,1,36,46,27,3,4,1,150,1,1,MaxDuration,,,,,,,,,
training_episode,814284,678.966150799999,1199.2998458620673,54097606,884.6292114257812,41.62902069091797,7.346292018890381,3,5,8,1,0,1,1,15,0,0,LivesExhausted,,,,,,,,,
training_episode,816978,680.3913519000016,1200.747184276488,25401860,639.361083984375,31.880634307861328,4.893610954284668,3,3,10,1,1,0,0,14,0,0,LivesExhausted,,,,,,,,,
ppo_rollout,817152,680.4885018999994,1200.8314581633942,,,,,,,,,,,,,,,,,,,-0.005339164901912833,2.4045883188645045,-1.0244974503914515,0.9921737909317017,0.005734866,0.05262044270833333
training_episode,817782,681.3915755000016,1200.1645300646926,29800478,26254.666015625,302.2737121582031,262.046630859375,1,32,45,27,3,3,2,182,1,1,MaxDuration,,,,,,,,,
training_episode,819618,682.3741785999991,1201.1269266981624,24249841,1555.0682373046875,66.30575561523438,14.05068302154541,3,4,15,2,0,0,1,32,0,1,LivesExhausted,,,,,,,,,
training_episode,822576,683.9282125999998,1202.722719790899,52212484,488.55206298828125,24.620468139648438,3.3855204582214355,3,3,7,1,0,0,0,5,0,0,LivesExhausted,,,,,,,,,
ppo_rollout,823296,684.303652999999,1203.1150153746164,,,,,,,,,,,,,,,,,,,-0.005776882142527029,2.146795082092285,-1.0228595236937206,0.9960929751396179,0.017604487,0.094970703125
training_episode,823368,684.9058034000009,1202.1623935914206,23412009,1806.9931640625,75.65775299072266,16.569931030273438,3,5,13,2,0,2,0,30,0,0,LivesExhausted,,,,,,,,,
training_episode,825798,686.1896726000014,1203.4544280898558,69283311,29750.666015625,303.4148254394531,297.0066223144531,1,42,46,30,2,4,3,171,2,1,MaxDuration,,,,,,,,,
ppo_rollout,829440,688.0244496000014,1205.5385538729238,,,,,,,,,,,,,,,,,,,-0.008447667941800319,2.5306414355834326,-1.0248924314975738,0.9934647083282471,0.006932638,0.0861328125
training_episode,834786,691.4025026000018,1207.380645659812,30219394,29750.666015625,304.6460266113281,297.0066223144531,1,33,44,30,2,4,7,187,0,1,MaxDuration,,,,,,,,,
ppo_rollout,835584,691.8129116000018,1207.8178738634542,,,,,,,,,,,,,,,,,,,-0.008271061778456594,2.1368970294793446,-1.0249591052532196,0.9918839335441589,0.0118140355,0.08502604166666666
ppo_rollout,841728,695.5025199000011,1210.244357016885,,,,,,,,,,,,,,,,,,,-0.004990224416057269,3.3330632040898007,-1.0207913964986801,0.9844716191291809,0.005410012,0.05595703125
training_episode,842100,696.2578366999987,1209.4657404378218,53783419,1402.9256591796875,60.905784606933594,12.529256820678711,3,3,10,2,0,0,0,29,1,0,LivesExhausted,,,,,,,,,
ppo_rollout,847872,699.1404335000007,1212.7348946983757,,,,,,,,,,,,,,,,,,,-0.00826338713328975,1.5235083947579067,-1.017675272623698,0.9931172728538513,0.010275683,0.11134440104166667
training_episode,849522,700.5354976000017,1212.675164799526,61009720,1426.2401123046875,61.81563186645508,12.762401580810547,3,3,15,2,0,0,1,29,0,1,LivesExhausted,,,,,,,,,
training_episode,853164,702.4063588999998,1214.6302338949401,15662063,26254.666015625,301.5329895019531,261.546630859375,2,42,38,27,2,7,4,137,5,1,MaxDuration,,,,,,,,,
training_episode,853830,702.7360622000015,1215.0080889928722,43624706,28554.666015625,300.3818664550781,285.046630859375,1,47,39,28,2,3,3,168,1,1,MaxDuration,,,,,,,,,
ppo_rollout,854016,702.8357178000006,1215.100454304201,,,,,,,,,,,,,,,,,,,-0.006750039275114735,1.6241785471638044,-1.014092900355657,0.9940248727798462,0.008363205,0.09539388020833334
training_episode,856194,704.4953658000013,1215.3294990489183,25297131,1252.4654541015625,55.566680908203125,11.02465534210205,3,4,12,2,1,0,0,13,0,0,LivesExhausted,,,,,,,,,
training_episode,858642,705.7228026000012,1216.6845067732245,12101277,23034.666015625,300.4919738769531,229.3466339111328,2,37,38,23,3,8,1,129,0,1,MaxDuration,,,,,,,,,
training_episode,858828,705.8178918000012,1216.7841166646924,73996116,1024.2977294921875,47.1580924987793,8.742977142333984,3,6,7,2,0,0,0,16,0,0,LivesExhausted,,,,,,,,,
training_episode,859824,706.3282084999992,1217.3151088301763,53259774,27389.33203125,303.7551574707031,272.8932800292969,2,35,44,27,3,3,4,156,5,1,MaxDuration,,,,,,,,,
ppo_rollout,860160,706.4997151999996,1217.495182933657,,,,,,,,,,,,,,,,,,,-0.0050072292855475094,2.5518283545970917,-0.9995383833845456,0.9930840730667114,0.01394211,0.09747721354166666
training_episode,862596,708.3210075999996,1217.8037792818395,53573961,26254.666015625,306.5979309082031,261.546630859375,2,38,45,27,3,3,2,187,0,1,MaxDuration,,,,,,,,,
training_episode,863856,708.9595351999997,1218.484211170534,62999571,1476.74658203125,63.8152961730957,11.76746654510498,6,7,14,2,3,0,0,25,0,0,LivesExhausted,,,,,,,,,
ppo_rollout,866304,710.1702259000012,1219.8540130320584,,,,,,,,,,,,,,,,,,,-0.008388576510090692,1.9624432186285654,-0.9871784999966622,0.9960930943489075,0.012154438,0.10647786458333333
training_episode,866646,710.9060123000017,1219.0725426503723,37969340,1509.2999267578125,65.10549926757812,13.092999458312988,4,6,11,2,1,0,1,37,2,1,LivesExhausted,,,,,,,,,
training_episode,871926,713.547695600002,1221.9589599638775,70121143,1859.601806640625,77.74819946289062,16.59601593017578,4,5,17,2,2,1,0,33,1,0,LivesExhausted,,,,,,,,,
ppo_rollout,872448,713.8251439999985,1222.2152824585874,,,,,,,,,,,,,,,,,,,-0.008156188829646756,2.025167811413606,-0.9858069976170858,0.9909549355506897,0.008907399,0.08948567708333334
ppo_rollout,878592,717.5066938000018,1224.5070430588892,,,,,,,,,,,,,,,,,,,-0.005310954783150616,2.9363690103093782,-0.9872968857487042,0.9896590113639832,0.007706456,0.06726888020833334
ppo_rollout,884736,721.2119516999992,1226.7350782451003,,,,,,,,,,,,,,,,,,,-0.008515713177621365,1.657843229174614,-0.9903712078928948,0.9955645203590393,0.0108008655,0.07796223958333333
training_episode,890034,724.4555547000018,1228.5556984493887,67502918,27389.33203125,301.6430969238281,273.3932800292969,1,38,38,27,2,7,4,163,1,1,MaxDuration,,,,,,,,,
ppo_rollout,890880,724.9228984000001,1228.9306931347994,,,,,,,,,,,,,,,,,,,-0.00695046967593953,2.3645252123475076,-0.9900656148791314,0.9825151562690735,0.0077821612,0.07770182291666666
training_episode,895422,727.8225004999986,1230.2752379664878,23307280,26254.666015625,306.4577941894531,262.046630859375,1,41,45,27,5,4,3,145,3,1,MaxDuration,,,,,,,,,
training_episode,896178,728.230944400002,1230.6233439975165,57030018,26254.666015625,302.9143371582031,261.546630859375,2,49,40,27,4,0,2,121,3,1,MaxDuration,,,,,,,,,
training_episode,896526,728.4163372000003,1230.7878807965865,30533581,1215.241943359375,54.08692932128906,10.652420043945312,3,3,9,2,0,0,1,38,1,0,LivesExhausted,,,,,,,,,
ppo_rollout,897024,728.6699087000015,1231.0430131530393,,,,,,,,,,,,,,,,,,,-0.009736152594753852,2.039449065923691,-0.9902969494462013,0.963409423828125,0.013144831,0.10681966145833334
training_episode,900048,730.759468100001,1231.661085883916,21107971,27389.33203125,301.5429992675781,273.3932800292969,1,29,47,27,1,5,3,164,0,1,MaxDuration,,,,,,,,,
training_episode,902670,732.0890878999999,1233.0056750187496,63418487,23034.666015625,300.1416320800781,228.8466339111328,3,28,50,23,5,2,1,159,3,1,MaxDuration,,,,,,,,,
ppo_rollout,903168,732.3369678999989,1233.2683444751738,,,,,,,,,,,,,,,,,,,-0.009219794627279043,2.367670633395513,-0.9846456855535507,0.9917720556259155,0.010644778,0.08185221354166666
training_episode,903720,733.1790231000014,1232.6048230061513,2885125,638.4795532226562,30.57060432434082,4.884795188903809,3,3,9,1,0,0,0,10,0,0,LivesExhausted,,,,,,,,,
training_episode,908526,735.5544723999992,1235.1580122076095,46766576,24077.33203125,304.9763488769531,239.77330017089844,2,32,43,24,4,2,4,159,0,1,MaxDuration,,,,,,,,,
ppo_rollout,909312,735.9572727000013,1235.5499887432504,,,,,,,,,,,,,,,,,,,-0.006292188235480959,4.649777784943581,-0.9765885134538015,0.9846355319023132,0.007680109,0.061604817708333336
training_episode,909642,736.6693120000018,1234.8037106777128,9168865,1315.6658935546875,58.066261291503906,11.656658172607422,3,4,8,2,0,1,0,6,0,0,LivesExhausted,,,,,,,,,
training_episode,914124,738.927698800002,1237.0953227014118,39226088,1010.7008666992188,46.61818313598633,8.607008934020996,3,3,9,2,0,0,0,13,0,0,LivesExhausted,,,,,,,,,
ppo_rollout,915456,739.6085921000013,1237.7573892167854,,,,,,,,,,,,,,,,,,,-0.010783015395281837,1.212670827905337,-0.9700107698639234,0.9963885545730591,0.012303494,0.10172526041666667
ppo_rollout,921600,743.261535900001,1239.9403917546363,,,,,,,,,,,,,,,,,,,-0.007320820804064473,2.013261556128661,-0.9710167715946834,0.9936554431915283,0.0086134495,0.08841145833333333
ppo_rollout,927744,747.0144321000007,1241.935845057148,,,,,,,,,,,,,,,,,,,-0.008533554646419361,2.4105049818754196,-0.9725796729326248,0.985593318939209,0.0079570515,0.06520182291666667
training_episode,931524,749.5486259999998,1242.7799447397028,65094151,26254.666015625,300.8222961425781,262.046630859375,1,28,45,27,2,4,7,162,3,1,MaxDuration,,,,,,,,,
training_episode,932406,750.0078589000004,1243.1949731400334,15138418,29750.666015625,301.8633117675781,296.5066223144531,2,41,38,30,2,4,8,158,2,1,MaxDuration,,,,,,,,,
training_episode,933090,750.349678300001,1243.540214629021,39645004,30977.33203125,304.6560363769531,309.2732849121094,1,30,41,31,3,2,10,153,2,1,MaxDuration,,,,,,,,,
training_episode,933756,750.6952697000015,1243.8549138229612,10739800,380.9343566894531,18.570329666137695,2.3093435764312744,3,4,4,1,0,0,0,3,0,0,LivesExhausted,,,,,,,,,
ppo_rollout,933888,750.766172399999,1243.913263985522,,,,,,,,,,,,,,,,,,,-0.007520544222400834,2.066637483239174,-0.9632687990864118,0.7809250354766846,0.010561024,0.10670572916666667
ppo_rollout,940032,754.5059331000011,1245.890799211793,,,,,,,,,,,,,,,,,,,-0.008712766214739532,2.435051467021306,-0.9499857659141223,0.991780698299408,0.0133402245,0.09510091145833334
training_episode,940110,755.1197782000017,1244.981295869331,35141657,27389.33203125,303.2246398925781,272.3932800292969,3,34,48,27,4,2,5,103,2,1,MaxDuration,,,,,,,,,
training_episode,940422,755.279507700001,1245.1310943994765,22155261,1567.2593994140625,66.78585815429688,14.172593116760254,3,5,15,2,1,1,2,45,1,1,LivesExhausted,,,,,,,,,
training_episode,941100,755.6190663000016,1245.468837370969,72006265,1410.320068359375,61.18573760986328,12.103200912475586,4,5,8,2,1,0,0,41,0,0,LivesExhausted,,,,,,,,,
training_episode,946068,758.1618488999993,1247.844376992366,31057226,27389.33203125,303.5049133300781,273.8932800292969,0,34,47,27,3,2,2,134,2,1,MaxDuration,,,,,,,,,
ppo_rollout,946176,758.2247305000019,1247.883327909993,,,,,,,,,,,,,,,,,,,-0.00612719253792117,2.7719880948464075,-0.9405307367444038,0.9912993907928467,0.0081025185,0.10205078125
training_episode,946656,759.0406753999996,1247.1742696807794,58705682,1145.609130859375,51.947288513183594,9.956090927124023,3,4,12,2,0,2,1,26,0,0,LivesExhausted,,,,,,,,,
training_episode,947382,759.4162709000011,1247.5134340711934,30847768,1154.7086181640625,52.307228088378906,10.047085762023926,3,4,12,2,0,0,0,19,0,0,LivesExhausted,,,,,,,,,
training_episode,950874,761.1500669999987,1249.259562897735,5503350,27389.33203125,306.1975402832031,273.8932800292969,0,34,46,27,4,4,2,131,2,1,MaxDuration,,,,,,,,,
training_episode,951060,761.2441615999996,1249.3494833524126,13986399,653.3678588867188,30.650606155395508,5.033679008483887,3,5,10,1,0,1,0,7,0,0,LivesExhausted,,,,,,,,,
ppo_rollout,952320,761.8869919999997,1249.9491525640856,,,,,,,,,,,,,,,,,,,-0.00832306116547746,2.6246103420853615,-0.9379621356725693,0.9938978552818298,0.009402626,0.07373046875
training_episode,952716,762.6459504999984,1249.2244918830156,29486291,1108.3780517578125,50.477535247802734,9.583780288696289,3,4,14,2,0,0,1,15,0,0,LivesExhausted,,,,,,,,,
ppo_rollout,958464,765.5338168000017,1252.0204580987204,,,,,,,,,,,,,,,,,,,-0.00830161154929859,3.0003482272227604,-0.9373068188627561,0.9910474419593811,0.008753164,0.08611653645833334
ppo_rollout,964608,769.2930314000005,1253.8889092034995,,,,,,,,,,,,,,,,,,,-0.006461174103120962,4.0797027597824735,-0.9314256280660629,0.9834221005439758,0.0059378217,0.05945638020833333
training_episode,969108,772.1482280000018,1255.0802616100775,67084002,26254.666015625,300.1116027832031,262.546630859375,0,32,39,27,2,5,4,140,3,1,MaxDuration,,,,,,,,,
ppo_rollout,970752,772.9937338000018,1255.8342423137476,,,,,,,,,,,,,,,,,,,-0.007277348303856949,2.082878408332666,-0.9264348387718201,0.9273794889450073,0.009014721,0.0666015625
training_episode,976206,776.3130117000001,1257.4901944027276,31161955,26254.666015625,300.7722473144531,261.546630859375,2,37,48,27,2,4,1,191,4,1,MaxDuration,,,,,,,,,
ppo_rollout,976896,776.6700248999987,1257.8005699727908,,,,,,,,,,,,,,,,,,,-0.009349478080791111,1.8710653990507127,-0.9197412297129631,0.9797235727310181,0.013922668,0.10087890625
training_episode,982200,779.8682995000017,1259.44342221593,68445479,26254.666015625,301.0625305175781,261.546630859375,2,38,38,27,3,2,3,117,4,1,MaxDuration,,,,,,,,,
ppo_rollout,983040,780.2926712000008,1259.8349776734376,,,,,,,,,,,,,,,,,,,-0.006804390709536771,1.9544451852639517,-0.913340104619662,0.9923446178436279,0.012946165,0.10875651041666666
training_episode,987648,783.1575486000002,1261.1102347995677,54307064,27389.33203125,304.8762512207031,272.8932800292969,2,37,45,27,0,3,7,200,2,1,MaxDuration,,,,,,,,,
training_episode,987648,783.1575486000002,1261.1102347995677,46138202,27389.33203125,306.4377746582031,272.8932800292969,2,37,44,27,4,4,2,154,0,1,MaxDuration,,,,,,,,,
training_episode,989166,783.9235246999997,1261.8144102494496,46976034,30977.33203125,303.7251281738281,309.2732849121094,1,42,44,31,3,3,5,129,1,1,MaxDuration,,,,,,,,,
ppo_rollout,989184,783.9390836999992,1261.8123277274242,,,,,,,,,,,,,,,,,,,-0.004919780643346409,2.633579099178314,-0.9055896639823914,0.9867250919342041,0.00925008,0.10276692708333333
training_episode,991680,785.7427271999986,1262.092496272744,65617796,681.0943603515625,33.590370178222656,5.310943603515625,3,4,9,1,0,0,0,7,0,0,LivesExhausted,,,,,,,,,
training_episode,994524,787.1429134999998,1263.4605265997866,30743039,505.8424377441406,23.690446853637695,3.558424472808838,3,3,8,1,1,0,1,9,0,0,LivesExhausted,,,,,,,,,
ppo_rollout,995328,787.5504421000005,1263.8276188963355,,,,,,,,,,,,,,,,,,,-0.00957042928203009,2.458618407448133,-0.8943668593962987,0.993434727191925,0.008583353,0.08064778645833333
training_episode,995592,788.2500787999998,1263.0407871517746,28648459,1201.286865234375,53.53702163696289,10.51286792755127,3,4,7,2,0,0,0,35,1,0,LivesExhausted,,,,,,,,,
training_episode,995736,788.3293775999991,1263.0964014450817,55459083,1582.5972900390625,67.39598846435547,14.325973510742188,3,3,14,2,0,0,0,26,0,0,LivesExhausted,,,,,,,,,
validation,1000002,,,,,,,,,,,,,,,,,,17767.310314941406,24077.33203125,11875.28239227727,,,,,,
ppo_rollout,1001472,1009.1930197000001,992.349313214339,,,,,,,,,,,,,,,,,,,-0.007949061738327146,2.5071675673127176,-0.8878515178958575,0.9925348162651062,0.013326651,0.09306640625
training_episode,1005366,1011.7529893999999,993.6872048148949,21841074,25150.666015625,302.1235656738281,250.5066375732422,2,33,45,26,4,5,2,148,1,1,MaxDuration,,,,,,,,,
ppo_rollout,1007616,1012.880659800001,994.8022901325409,,,,,,,,,,,,,,,,,,,-0.008537274583553274,1.9456103752056757,-0.8846597443024318,0.994593620300293,0.010406512,0.10556640625
training_episode,1012218,1015.7917017,996.4818557839967,43310519,26254.666015625,300.0615539550781,262.546630859375,0,35,44,27,5,4,4,157,2,1,MaxDuration,,,,,,,,,
ppo_rollout,1013760,1016.5736056999995,997.2322656379987,,,,,,,,,,,,,,,,,,,-0.0068531087182539824,3.6519249469041823,-0.884181200961272,0.9809228181838989,0.006739047,0.06368815104166667
training_episode,1016970,1018.8467130999998,998.158002498443,57972579,832.6298828125,39.57936477661133,6.826298713684082,3,3,10,1,0,0,0,15,0,0,LivesExhausted,,,,,,,,,
training_episode,1018284,1019.5514270999993,998.7568777147375,37864611,26254.666015625,300.6821594238281,261.546630859375,2,37,41,27,6,2,2,161,3,1,MaxDuration,,,,,,,,,
ppo_rollout,1019904,1020.4019551000019,999.5120010330114,,,,,,,,,,,,,,,,,,,-0.008256220675927276,1.4408874253431956,-0.881853099167347,0.994763970375061,0.016163226,0.132861328125
training_episode,1025004,1023.5894907000002,1001.3819107296935,44253080,1262.739501953125,55.96661376953125,11.127395629882812,3,4,13,2,0,1,0,34,0,0,LivesExhausted,,,,,,,,,
ppo_rollout,1026048,1024.1168088999984,1001.8857137029865,,,,,,,,,,,,,,,,,,,-0.007320281747767391,2.375222646196683,-0.8801655943195025,0.9935997724533081,0.006833503,0.07010091145833333
training_episode,1030644,1026.9628403999995,1003.584511001943,39121359,23034.666015625,300.9724426269531,228.3466339111328,4,30,44,23,2,6,4,179,3,1,MaxDuration,,,,,,,,,
training_episode,1031676,1027.4957245000005,1004.0684115761491,22888364,26254.666015625,300.6621398925781,261.546630859375,2,29,49,27,4,3,4,149,4,1,MaxDuration,,,,,,,,,
training_episode,1032120,1027.7558869999993,1004.2462544415478,10425613,27389.33203125,303.1745910644531,273.8932800292969,0,28,48,27,0,1,6,154,0,1,MaxDuration,,,,,,,,,
ppo_rollout,1032192,1027.7965380999995,1004.2765875706549,,,,,,,,,,,,,,,,,,,-0.010860996530391276,1.950310930609703,-0.8742955341935158,0.9920674562454224,0.011887707,0.09734700520833334
training_episode,1037796,1031.160764799999,1006.4347242704564,49070614,1027.45849609375,47.26807403564453,8.774584770202637,3,4,7,2,0,0,2,21,0,1,LivesExhausted,,,,,,,,,
ppo_rollout,1038336,1031.441288099999,1006.6845413108309,,,,,,,,,,,,,,,,,,,-0.007230407890165225,2.5958429276943207,-0.8728583330909411,0.9839447736740112,0.009912882,0.09493815104166667
training_episode,1041096,1033.3766294999987,1007.4700455570941,37655153,1878.02978515625,78.46835327148438,17.280298233032227,3,4,12,2,0,2,0,12,0,0,LivesExhausted,,,,,,,,,
training_episode,1041408,1033.534124400001,1007.6183992517615,10320884,23034.666015625,300.3017883300781,228.3466339111328,4,35,41,23,3,4,1,175,3,1,MaxDuration,,,,,,,,,
ppo_rollout,1044480,1035.1024787999995,1009.0595099442443,,,,,,,,,,,,,,,,,,,-0.008074345556087792,3.6542555769284566,-0.8689300715923309,0.985137403011322,0.006663387,0.07659505208333334
training_episode,1045902,1036.3754678000005,1009.1921629718063,66874544,778.061279296875,37.41972732543945,6.280612468719482,3,5,9,1,0,1,0,17,0,0,LivesExhausted,,,,,,,,,
training_episode,1046166,1036.5098906999992,1009.3159837514715,51898297,900.3048706054688,42.24891662597656,7.503048896789551,3,3,12,1,1,0,0,24,0,0,LivesExhausted,,,,,,,,,
training_episode,1046460,1036.6561655000005,1009.4571708790936,57658392,1703.4805908203125,72.17700958251953,15.534805297851562,3,6,11,2,0,2,0,43,1,0,LivesExhausted,,,,,,,,,
ppo_rollout,1050624,1038.7178338000012,1011.4623681355713,,,,,,,,,,,,,,,,,,,-0.008819563112532099,2.271509848535061,-0.8670908858378729,0.9932069778442383,0.012255163,0.091259765625
training_episode,1052496,1040.2224067999996,1011.7990086733059,68969124,1235.910888671875,54.90679168701172,10.859108924865723,3,3,14,2,0,0,1,19,0,0,LivesExhausted,,,,,,,,,
training_episode,1053570,1040.7761621999998,1012.2925930326426,52945587,26254.666015625,304.9763488769531,261.046630859375,3,39,42,27,3,6,5,131,3,1,MaxDuration,,,,,,,,,
ppo_rollout,1056768,1042.3972515999994,1013.7862493190025,,,,,,,,,,,,,,,,,,,-0.007821543340105564,2.7173596024513245,-0.8656547615925471,0.9932465553283691,0.0085225105,0.07111002604166666
training_episode,1061400,1045.2749159000014,1015.426644086369,49384801,29750.666015625,303.2546691894531,297.0066223144531,1,34,43,30,5,7,3,162,1,1,MaxDuration,,,,,,,,,
ppo_rollout,1062912,1046.0385553999986,1016.1308056121785,,,,,,,,,,,,,,,,,,,-0.007596844642345483,3.129206391175588,-0.859734146296978,0.9895490407943726,0.0067569236,0.06787109375
training_episode,1066998,1048.6761369000014,1017.4714217815234,50432091,27389.33203125,302.9343566894531,272.8932800292969,2,37,43,27,0,1,5,166,1,1,MaxDuration,,,,,,,,,
training_episode,1067112,1048.7403102999997,1017.5178635926991,19641765,1034.9810791015625,47.57802200317383,8.849810600280762,3,3,12,2,0,0,1,18,0,0,LivesExhausted,,,,,,,,,
ppo_rollout,1069056,1049.7601128999995,1018.3812347820065,,,,,,,,,,,,,,,,,,,-0.008617264562053606,2.504058855275313,-0.8482067823410034,0.9837462902069092,0.015797792,0.09964192708333333
ppo_rollout,1075200,1053.4663247999997,1020.630631172882,,,,,,,,,,,,,,,,,,,-0.0068651355589584755,2.1318864479660986,-0.8337839941183726,0.9868068099021912,0.011186338,0.09412434895833334
training_episode,1076298,1054.575191,1020.5986345832785,43938893,1829.159423828125,76.5379409790039,16.791595458984375,3,5,13,2,0,1,0,36,0,0,LivesExhausted,,,,,,,,,
ppo_rollout,1081344,1057.1244880000013,1022.9107472912865,,,,,,,,,,,,,,,,,,,-0.008294478727232974,1.495535273849964,-0.8224484259883563,0.9933489561080933,0.017133,0.13160807291666668
training_episode,1082268,1058.164289299999,1022.7787980975489,32628161,1089.2335205078125,49.7176628112793,9.392334938049316,3,4,11,2,0,1,0,32,0,0,LivesExhausted,,,,,,,,,
training_episode,1082490,1058.2852617999997,1022.8716576462865,11787090,26254.666015625,302.6640930175781,261.546630859375,2,28,47,27,4,1,1,152,1,1,MaxDuration,,,,,,,,,
training_episode,1083240,1058.6784731000007,1023.2001759968527,45719286,29750.666015625,306.4577941894531,297.5066223144531,0,33,48,30,1,3,3,127,1,1,MaxDuration,,,,,,,,,
ppo_rollout,1087488,1060.834522000001,1025.1250100248897,,,,,,,,,,,,,,,,,,,-0.007269057784772788,2.3781473939617475,-0.8160243580738703,0.9902787804603577,0.010598861,0.08894856770833333
training_episode,1087866,1061.5832900999994,1024.7580290167573,29067375,805.7778930664062,38.509544372558594,6.557779312133789,3,4,10,1,0,0,1,21,0,0,LivesExhausted,,,,,,,,,
training_episode,1088760,1062.0486310999986,1025.1507964115876,36607863,25150.666015625,302.1535949707031,250.0066375732422,3,26,45,26,7,5,5,189,4,1,MaxDuration,,,,,,,,,
training_episode,1089636,1062.4945995000016,1025.5449773700223,43834164,28554.666015625,300.5119934082031,285.046630859375,1,37,41,28,5,4,5,168,1,1,MaxDuration,,,,,,,,,
ppo_rollout,1093632,1064.456137199999,1027.4091733612875,,,,,,,,,,,,,,,,,,,-0.008378156307541455,3.63816672762235,-0.8152566244204839,0.9908400774002075,0.0098578455,0.09158528645833333
ppo_rollout,1099776,1068.0902497999996,1029.6657985651807,,,,,,,,,,,,,,,,,,,-0.008155421524619063,1.97984998524189,-0.8098751833041509,0.99423748254776,0.010678566,0.07897135416666666
training_episode,1103004,1070.322014100002,1030.5347226997656,14195857,29750.666015625,300.0215148925781,297.5066223144531,0,36,43,30,1,4,7,164,1,1,MaxDuration,,,,,,,,,
ppo_rollout,1105920,1071.8286984000006,1031.8066699006008,,,,,,,,,,,,,,,,,,,-0.006608440191484988,3.891092998782794,-0.8007174402475357,0.9832701086997986,0.0073355096,0.06611328125
training_episode,1111176,1075.1606341000006,1033.4976604962358,35874760,1599.4114990234375,68.06613159179688,14.494114875793457,3,4,15,2,0,0,0,33,1,0,LivesExhausted,,,,,,,,,
ppo_rollout,1112064,1075.6445392999995,1033.8582676426743,,,,,,,,,,,,,,,,,,,-0.013068895381487285,1.6322386354207992,-0.8043235227465629,0.9877126812934875,0.01438327,0.12633463541666667
ppo_rollout,1118208,1079.380857,1035.9716801981415,,,,,,,,,,,,,,,,,,,-0.010556225150745982,1.7640710393587749,-0.8047291725873947,0.9914739727973938,0.011815411,0.10904947916666667
training_episode,1118508,1080.098998100002,1035.5606309861994,11891819,29750.666015625,301.9734191894531,297.0066223144531,1,33,43,30,2,4,5,189,0,1,MaxDuration,,,,,,,,,
training_episode,1119180,1080.440966000002,1035.8548363298528,45195641,24077.33203125,305.6970520019531,239.77330017089844,2,31,48,24,4,6,4,161,2,1,MaxDuration,,,,,,,,,
training_episode,1121724,1081.731263900001,1036.9710457991312,54516522,2146.282470703125,87.86035919189453,19.962825775146484,3,4,13,3,0,1,0,31,0,0,LivesExhausted,,,,,,,,,
training_episode,1124352,1083.0513772000013,1038.133576734626,23726196,24077.33203125,303.9953918457031,239.27330017089844,3,30,44,24,3,3,5,162,3,1,MaxDuration,,,,,,,,,
ppo_rollout,1124352,1083.0565892000013,1038.12858091792,,,,,,,,,,,,,,,,,,,-0.012249377653157959,2.001052137215932,-0.7935584912697474,0.9922200441360474,0.013395238,0.12158203125
training_episode,1125432,1084.1984725000002,1038.031346239514,65722525,28554.666015625,305.5669250488281,285.046630859375,1,29,50,28,3,2,7,146,1,1,MaxDuration,,,,,,,,,
training_episode,1125804,1084.4102300000013,1038.171688955755,66665086,25150.666015625,301.3528137207031,250.5066375732422,2,28,47,26,1,1,6,93,0,1,MaxDuration,,,,,,,,,
training_episode,1127106,1085.080118400001,1038.730671484395,62161739,965.7119140625,44.83848190307617,8.157118797302246,3,4,13,1,0,1,0,15,0,0,LivesExhausted,,,,,,,,,
training_episode,1128354,1085.7739115000004,1039.21634886325,2466209,674.926513671875,33.34041213989258,5.249265193939209,3,3,3,1,0,0,1,14,0,0,LivesExhausted,,,,,,,,,
ppo_rollout,1130496,1086.875263500002,1040.134077906538,,,,,,,,,,,,,,,,,,,-0.00924957160411092,3.3408900757630664,-0.7857231785853703,0.987519383430481,0.009224561,0.08390299479166667
training_episode,1131432,1087.9207320999994,1039.994888061386,55982728,479.9322509765625,25.640491485595703,3.2993221282958984,3,4,8,1,0,0,2,20,0,1,LivesExhausted,,,,,,,,,
training_episode,1134276,1089.3783409999996,1041.2140184086884,42053771,1662.4195556640625,70.5566635131836,15.124197006225586,3,6,14,2,1,2,0,30,0,0,LivesExhausted,,,,,,,,,
ppo_rollout,1136640,1090.5679181999985,1042.2459537192733,,,,,,,,,,,,,,,,,,,-0.008737568196374923,1.924493325750033,-0.7839271754026413,0.9911950826644897,0.01050282,0.08753255208333334
training_episode,1137618,1091.6184871000005,1042.1388181343484,23935654,1134.5960693359375,51.507362365722656,9.84596061706543,3,4,12,2,0,0,1,10,0,0,LivesExhausted,,,,,,,,,
training_episode,1139364,1092.5074389000001,1042.8890087441214,73263013,903.8232421875,42.388893127441406,7.038232326507568,4,4,12,1,1,0,0,11,1,0,LivesExhausted,,,,,,,,,
ppo_rollout,1142784,1094.2551607999994,1044.3487414439257,,,,,,,,,,,,,,,,,,,-0.006638711568666622,2.788369354605675,-0.7785741373896599,0.9895220994949341,0.009308004,0.08011067708333333
ppo_rollout,1148928,1097.9347853,1046.4446662795792,,,,,,,,,,,,,,,,,,,-0.010202239835052751,2.0245992253224054,-0.7758979847033819,0.9928335547447205,0.010200629,0.09127604166666667
training_episode,1154580,1101.3958581000006,1048.2879443470456,17756643,26254.666015625,300.5620422363281,261.546630859375,2,25,46,27,3,3,6,189,2,1,MaxDuration,,,,,,,,,
ppo_rollout,1155072,1101.6525401,1048.4902979438064,,,,,,,,,,,,,,,,,,,-0.008298966393340379,2.370072959860166,-0.7790776168306669,0.985617995262146,0.0094246855,0.08797200520833333
training_episode,1155330,1102.3497688999996,1048.0611803936492,62475926,29750.666015625,301.1926574707031,297.0066223144531,1,24,46,30,5,6,5,207,3,1,MaxDuration,,,,,,,,,
ppo_rollout,1161216,1105.2752120000005,1050.6125419195591,,,,,,,,,,,,,,,,,,,-0.009276024133820707,2.0158441245555876,-0.7716395849982898,0.9654271006584167,0.012410662,0.1232421875
training_episode,1162128,1106.3102661000012,1050.4539599878876,14405315,27389.33203125,305.7471008300781,272.8932800292969,2,30,43,27,5,7,1,122,0,1,MaxDuration,,,,,,,,,
training_episode,1163568,1107.0537437999992,1051.0492435588662,72529910,25150.666015625,303.8052062988281,250.5066375732422,2,23,45,26,2,1,4,152,0,1,MaxDuration,,,,,,,,,
ppo_rollout,1167360,1108.9301761999996,1052.690264052714,,,,,,,,,,,,,,,,,,,-0.008253987240217005,1.906952407459418,-0.7569283232092857,0.9916079044342041,0.011522184,0.10475260416666667
ppo_rollout,1173504,1112.545393100001,1054.7920177262554,,,,,,,,,,,,,,,,,,,-0.009091569857749468,2.333647665878137,-0.7539352705081304,0.9906162619590759,0.010382905,0.10797526041666666
training_episode,1174278,1113.4957108000017,1054.586909146088,1523648,27389.33203125,305.4868469238281,272.8932800292969,2,23,49,27,3,7,6,148,1,1,MaxDuration,,,,,,,,,
training_episode,1175442,1114.0821897999995,1055.0765560761868,47185492,27389.33203125,300.6221008300781,272.3932800292969,3,28,47,27,2,3,4,102,2,1,MaxDuration,,,,,,,,,
ppo_rollout,1179648,1116.198860200002,1056.8439388915244,,,,,,,,,,,,,,,,,,,-0.007681221476135155,3.087900976339976,-0.7580155397454897,0.9660352468490601,0.010026045,0.08634440104166667
training_episode,1182060,1117.992620500001,1057.3057266436572,24040383,1241.657470703125,55.12675476074219,10.41657543182373,4,5,14,2,1,0,1,19,0,0,LivesExhausted,,,,,,,,,
ppo_rollout,1185792,1119.8840554000017,1058.8524716306076,,,,,,,,,,,,,,,,,,,-0.012544271303340793,1.442544545729955,-0.7569006145000458,0.9947896599769592,0.012502406,0.11861979166666667
training_episode,1191156,1123.1680836999985,1060.532272316742,30428852,27389.33203125,304.7661437988281,272.8932800292969,2,38,36,27,1,4,4,135,3,1,MaxDuration,,,,,,,,,
training_episode,1191900,1123.5551608999995,1060.8290909769435,48023324,24077.33203125,304.7361145019531,239.77330017089844,2,27,47,24,2,4,4,180,0,1,MaxDuration,,,,,,,,,
ppo_rollout,1191936,1123.578283499999,1060.8393002106302,,,,,,,,,,,,,,,,,,,-0.008574313435625905,2.4590629542867344,-0.7493338088194529,0.9902357459068298,0.013406329,0.11336263020833333
training_episode,1193718,1125.0063617000014,1061.076666443173,46347660,371.1092834472656,21.34039306640625,2.211092710494995,3,3,5,1,0,0,0,5,0,0,LivesExhausted,,,,,,,,,
ppo_rollout,1198080,1127.1841115999996,1062.8964582364154,,,,,,,,,,,,,,,,,,,-0.009073376722517424,2.0140963112314543,-0.7456494341293971,0.988182008266449,0.014583803,0.12791341145833332
training_episode,1198344,1127.894114499999,1062.4614355144781,62894842,26254.666015625,301.7431945800781,262.046630859375,1,30,47,27,1,2,4,128,1,1,MaxDuration,,,,,,,,,
training_episode,1200036,1128.7506992000017,1063.1541587088464,30638310,27389.33203125,303.8452453613281,273.8932800292969,0,30,47,27,6,5,5,132,2,1,MaxDuration,,,,,,,,,
ppo_rollout,1204224,1130.8568029000016,1064.8775308348975,,,,,,,,,,,,,,,,,,,-0.011768987112251732,1.7502741187810897,-0.7391226246953011,0.9952554106712341,0.013093222,0.11380208333333333
ppo_rollout,1210368,1134.5309737999996,1066.8443858751532,,,,,,,,,,,,,,,,,,,-0.0065678464966670924,2.6616547852754593,-0.7336463019251823,0.9895511865615845,0.016760925,0.10472005208333333
training_episode,1210962,1135.3933671999985,1066.5572258770208,31580871,25150.666015625,305.6870422363281,250.5066375732422,2,24,49,26,3,4,2,149,0,1,MaxDuration,,,,,,,,,
training_episode,1215072,1137.4715217000012,1068.2219086980056,13043838,714.593994140625,34.230262756347656,5.645939350128174,3,3,10,1,0,0,1,12,0,0,LivesExhausted,,,,,,,,,
ppo_rollout,1216512,1138.2102320000013,1068.7937656845793,,,,,,,,,,,,,,,,,,,-0.008869385713478551,2.0441151817639667,-0.7338739961385727,0.9847865104675293,0.011435234,0.114501953125
training_episode,1218300,1139.701735999999,1068.9638889871806,7702659,512.1033935546875,26.90052032470703,3.6210336685180664,3,3,6,1,0,0,0,4,0,0,LivesExhausted,,,,,,,,,
training_episode,1218612,1139.8781710000003,1069.0721438510639,28020085,27389.33203125,304.5559387207031,273.3932800292969,1,24,44,27,2,4,3,185,1,1,MaxDuration,,,,,,,,,
training_episode,1222050,1141.6460385999999,1070.428100025293,41425397,629.0174560546875,31.240619659423828,4.79017448425293,3,3,9,1,0,0,1,21,0,0,LivesExhausted,,,,,,,,,
ppo_rollout,1222656,1141.9565963999994,1070.6676627241388,,,,,,,,,,,,,,,,,,,-0.009523292258381843,1.7365884537498155,-0.726520315806071,0.9909740686416626,0.011467024,0.123193359375
training_episode,1226424,1144.4589163000019,1071.619070403146,4560789,1508.8026123046875,65.08549499511719,13.58802604675293,3,3,14,2,0,0,1,37,1,1,LivesExhausted,,,,,,,,,
training_episode,1227948,1145.2276727999997,1072.2304648801885,71168433,23034.666015625,300.3418273925781,229.3466339111328,2,29,40,23,2,3,4,155,3,1,MaxDuration,,,,,,,,,
ppo_rollout,1228800,1145.6600848999988,1072.5694437606755,,,,,,,,,,,,,,,,,,,-0.010341945150867105,2.387472543120384,-0.7236732199788094,0.9930336475372314,0.0134244375,0.09475911458333333
training_episode,1230204,1146.9364902999987,1072.5999306885958,9587781,27389.33203125,304.0254211425781,273.8932800292969,0,21,50,27,4,2,4,173,1,1,MaxDuration,,,,,,,,,
training_episode,1234716,1149.2656983000015,1074.352085706897,66141441,2669.53173828125,105.52413177490234,24.195314407348633,5,6,16,3,2,1,0,37,2,1,LivesExhausted,,,,,,,,,
ppo_rollout,1234944,1149.3959060999987,1074.4287442177113,,,,,,,,,,,,,,,,,,,-0.007846547525453692,3.338725660244624,-0.7229201351602872,0.9900928735733032,0.009215207,0.08089192708333333
training_episode,1235136,1150.0748676000003,1073.9613870334433,67188731,27389.33203125,306.5578918457031,272.8932800292969,2,30,46,27,3,5,2,200,2,1,MaxDuration,,,,,,,,,
training_episode,1235898,1150.482437499999,1074.2432563208956,59543514,1031.8115234375,47.44804382324219,8.818114280700684,3,3,13,2,1,0,1,20,0,0,LivesExhausted,,,,,,,,,
training_episode,1236384,1150.7422240000014,1074.4230760059418,1209461,26254.666015625,302.8542785644531,261.546630859375,2,31,46,27,3,4,8,119,2,1,MaxDuration,,,,,,,,,
training_episode,1238208,1151.6983209999999,1075.1148781087788,28857917,567.763916015625,29.100570678710938,4.177639007568359,3,3,3,1,0,0,0,9,0,0,LivesExhausted,,,,,,,,,
ppo_rollout,1241088,1153.1789892999986,1076.2318872574706,,,,,,,,,,,,,,,,,,,-0.004714411161451911,4.878129142522812,-0.7230656117200851,0.985072135925293,0.0062319,0.04568684895833333
training_episode,1245180,1155.8059976000004,1077.3261279017258,4141873,2025.551513671875,83.69947052001953,18.25551414489746,4,5,16,3,2,1,0,35,1,0,LivesExhausted,,,,,,,,,
ppo_rollout,1247232,1156.8412199000013,1078.1358569742285,,,,,,,,,,,,,,,,,,,-0.00770613478962332,2.613278892139594,-0.7219744900862376,0.9902587532997131,0.012926823,0.090966796875
ppo_rollout,1253376,1160.5370334,1079.9965567044524,,,,,,,,,,,,,,,,,,,-0.008378979676247884,3.8196489244699476,-0.7184589003523191,0.9855113625526428,0.00587875,0.06228841145833333
ppo_rollout,1259520,1164.2138156,1081.8631278232015,,,,,,,,,,,,,,,,,,,-0.011883686813234817,1.4432761748631795,-0.7139378622174263,0.9921708106994629,0.017788203,0.12677408854166666
training_episode,1262490,1166.2592523999992,1082.5123122513037,57867850,26254.666015625,300.4919738769531,261.046630859375,3,31,48,27,4,8,3,158,2,1,MaxDuration,,,,,,,,,
training_episode,1264122,1167.088425599999,1083.141578882608,16918811,26254.666015625,301.3928527832031,261.546630859375,2,26,45,27,6,4,3,121,0,1,MaxDuration,,,,,,,,,
ppo_rollout,1265664,1167.8624479999999,1083.7440677774068,,,,,,,,,,,,,,,,,,,-0.008518019904537747,2.3293232917785645,-0.7126168121894201,0.9630833864212036,0.010161429,0.11051432291666667
ppo_rollout,1271808,1171.5555239999994,1085.572108147049,,,,,,,,,,,,,,,,,,,-0.011452211156332244,2.2491471131642657,-0.7156861469149589,0.9853541851043701,0.0100361705,0.10745442708333333
training_episode,1272414,1172.4259856999997,1085.283007643593,4874976,27389.33203125,304.2456359863281,272.3932800292969,3,37,41,27,5,3,2,149,3,1,MaxDuration,,,,,,,,,
training_episode,1273080,1172.7872075000014,1085.5166153404675,47709137,27389.33203125,305.7771301269531,272.8932800292969,2,30,48,27,5,4,7,145,1,1,MaxDuration,,,,,,,,,
training_episode,1274478,1173.486123999999,1086.0614147321617,11996548,26254.666015625,302.1936340332031,261.546630859375,2,23,48,27,3,1,4,143,1,1,MaxDuration,,,,,,,,,
training_episode,1277142,1174.8581731000013,1087.0605739841012,62580655,827.9110717773438,39.38939666748047,6.779110431671143,3,4,8,1,0,1,0,18,0,0,LivesExhausted,,,,,,,,,
ppo_rollout,1277952,1175.2681460999993,1087.3705751668213,,,,,,,,,,,,,,,,,,,-0.010500540758948773,2.0042004704475405,-0.7196995536486308,0.9910509586334229,0.014795254,0.13453776041666668
training_episode,1281834,1177.7935388000005,1088.3350585417556,7179014,24077.33203125,305.3967590332031,239.77330017089844,2,27,47,24,5,4,2,132,4,1,MaxDuration,,,,,,,,,
ppo_rollout,1284096,1178.914341300002,1089.2190848946777,,,,,,,,,,,,,,,,,,,-0.009126590900511171,2.4383980105320613,-0.718717274069786,0.9934561252593994,0.010024703,0.107080078125
training_episode,1289160,1181.9965281000004,1090.6631020924058,25716047,2518.47412109375,100.15298461914062,23.68474006652832,3,4,16,3,0,1,0,26,0,1,LivesExhausted,,,,,,,,,
ppo_rollout,1290240,1182.5416541000013,1091.073617175849,,,,,,,,,,,,,,,,,,,-0.008922428762889466,2.0521062538027763,-0.711670957505703,0.9918161034584045,0.01036919,0.09847005208333333
ppo_rollout,1296384,1186.2075011999987,1092.881303387935,,,,,,,,,,,,,,,,,,,-0.00935190319820928,2.928447338938713,-0.7087806289394697,0.9787417054176331,0.01229962,0.09327799479166667
training_episode,1298712,1187.9295647,1093.2567372611668,57239476,29750.666015625,301.8032531738281,297.0066223144531,1,33,44,30,0,3,3,137,3,1,MaxDuration,,,,,,,,,
training_episode,1300290,1188.7208647000007,1093.8564625330744,19851223,23034.666015625,301.3728332519531,228.3466339111328,4,25,46,23,4,1,5,140,4,1,MaxDuration,,,,,,,,,
ppo_rollout,1302528,1189.881828900001,1094.6700490452367,,,,,,,,,,,,,,,,,,,-0.012919095521404718,1.5571191107233366,-0.7071580986181895,0.9910642504692078,0.017911853,0.14036458333333332
ppo_rollout,1308672,1193.5102566999994,1096.4899485811018,,,,,,,,,,,,,,,,,,,-0.008870592890889383,2.2643111139535903,-0.7009141609072685,0.9904898405075073,0.016575988,0.11604817708333333
training_episode,1309278,1194.378609700001,1096.2001406981483,68236021,23034.666015625,301.6230773925781,229.3466339111328,2,21,45,23,2,4,2,123,2,1,MaxDuration,,,,,,,,,
training_episode,1311114,1195.3459346000018,1096.849005839249,72425181,27389.33203125,305.2466125488281,273.3932800292969,1,30,47,27,7,1,4,183,1,1,MaxDuration,,,,,,,,,
ppo_rollout,1314816,1197.2125901,1098.231016673636,,,,,,,,,,,,,,,,,,,-0.009864802689601977,2.572661080956459,-0.6929871574044227,0.9885151982307434,0.009232538,0.08958333333333333
training_episode,1318062,1199.4093088000009,1098.9259382343048,39854462,26254.666015625,301.8733215332031,262.546630859375,0,29,45,27,5,5,2,141,3,1,MaxDuration,,,,,,,,,
ppo_rollout,1320960,1200.884552399999,1099.989168284351,,,,,,,,,,,,,,,,,,,-0.01108629583613947,1.7524421726663908,-0.6834094658493995,0.9938056468963623,0.01566093,0.131298828125
training_episode,1321632,1201.782033800002,1099.7268746155537,7493201,2140.78173828125,87.65031433105469,19.907817840576172,3,4,19,3,0,1,0,37,2,0,LivesExhausted,,,,,,,,,
training_episode,1324320,1203.1385249000014,1100.7211327640518,21526887,1150.7789306640625,52.147254943847656,10.007789611816406,3,4,14,2,0,1,0,19,1,0,LivesExhausted,,,,,,,,,
training_episode,1325562,1203.7665691000002,1101.178612221355,68550208,24077.33203125,303.3347473144531,240.27330017089844,1,16,46,24,4,10,1,165,1,1,MaxDuration,,,,,,,,,
ppo_rollout,1327104,1204.5581635000017,1101.735092761254,,,,,,,,,,,,,,,,,,,-0.008903097718333204,2.1858898301919303,-0.6844325214624405,0.9935421347618103,0.011371382,0.1201171875
ppo_rollout,1333248,1208.3757398999987,1103.3389333936275,,,,,,,,,,,,,,,,,,,-0.007563222543103621,2.0151389544208844,-0.6783714522918065,0.9941965341567993,0.012759131,0.125
training_episode,1333314,1208.9815034999992,1102.840693707934,42996332,1788.205078125,74.92759704589844,16.382051467895508,3,4,15,2,0,1,1,22,0,1,LivesExhausted,,,,,,,,,
training_episode,1335174,1209.9599879999987,1103.4860765990895,12729651,27389.33203125,303.8352355957031,273.3932800292969,1,26,46,27,2,1,4,170,3,1,MaxDuration,,,,,,,,,
training_episode,1336536,1210.6752956000018,1103.9590919691002,55773270,26254.666015625,302.0134582519531,261.546630859375,2,26,44,27,4,5,3,132,3,1,MaxDuration,,,,,,,,,
ppo_rollout,1339392,1212.112314599999,1105.0065112505713,,,,,,,,,,,,,,,,,,,-0.010457194125046953,1.9317683388789495,-0.6741074308753013,0.9935463070869446,0.012861812,0.11194661458333334
ppo_rollout,1345536,1215.8663319000007,1106.6479634298025,,,,,,,,,,,,,,,,,,,-0.007668571729057779,2.4247242704033853,-0.665900298456351,0.992956280708313,0.008787748,0.108154296875
training_episode,1345920,1216.6335084999992,1106.2657658175135,38492985,27389.33203125,305.3266906738281,272.8932800292969,2,24,46,27,7,6,3,144,2,1,MaxDuration,,,,,,,,,
ppo_rollout,1351680,1219.6288324999987,1108.2716019670693,,,,,,,,,,,,,,,,,,,-0.009673487804442023,2.644263372818629,-0.6564492836594582,0.985787570476532,0.01260335,0.10953776041666667
ppo_rollout,1357824,1223.3378639000002,1109.933764063558,,,,,,,,,,,,,,,,,,,-0.012155352152573566,1.3223233342170715,-0.648483008146286,0.9950864911079407,0.01295875,0.14090169270833333
training_episode,1358280,1224.1214789000005,1109.5957577842314,64465777,28554.666015625,305.3667297363281,284.546630859375,2,26,48,28,4,2,5,154,1,1,MaxDuration,,,,,,,,,
training_episode,1358502,1224.2418208000017,1109.6680222149769,24878215,2651.73681640625,104.81398010253906,24.017366409301758,5,5,20,3,2,0,0,60,0,1,LivesExhausted,,,,,,,,,
training_episode,1361766,1225.906672699999,1110.823548256555,25192402,23034.666015625,301.6531066894531,229.3466339111328,2,16,48,23,5,5,5,158,0,1,MaxDuration,,,,,,,,,
training_episode,1362990,1226.5417358999985,1111.2463278714931,70854246,824.1632080078125,39.249420166015625,6.741631984710693,3,3,11,1,0,0,0,13,0,0,LivesExhausted,,,,,,,,,
ppo_rollout,1363968,1227.0282417000017,1111.6027762411347,,,,,,,,,,,,,,,,,,,-0.009801494854036719,2.253327974677086,-0.6457806597153346,0.9900138974189758,0.011623935,0.12171223958333334
training_episode,1367178,1229.2026172000005,1112.2478758744376,64151590,714.3079223632812,34.900150299072266,5.6430792808532715,3,3,8,1,0,0,0,5,0,0,LivesExhausted,,,,,,,,,
training_episode,1369908,1230.5889807999993,1113.2132835363357,71273162,24077.33203125,304.9363098144531,239.77330017089844,2,24,47,24,2,3,3,147,0,1,MaxDuration,,,,,,,,,
ppo_rollout,1370112,1230.7042359000006,1113.2747901838918,,,,,,,,,,,,,,,,,,,-0.008412010742661853,2.2298783202966055,-0.6477715656161308,0.9940747022628784,0.022096092,0.11975911458333334
training_episode,1371276,1231.9112071000018,1113.1289269038082,18070830,26254.666015625,300.8022766113281,262.046630859375,1,27,48,27,4,2,4,197,1,1,MaxDuration,,,,,,,,,
training_episode,1372698,1232.6175847000013,1113.644667282669,24564028,26254.666015625,301.3227844238281,261.546630859375,2,12,48,27,3,3,3,133,3,1,MaxDuration,,,,,,,,,
ppo_rollout,1376256,1234.4103925999989,1114.9096023902036,,,,,,,,,,,,,,,,,,,-0.010067279122692223,2.0223621984322864,-0.6487892384330431,0.9949789047241211,0.015327354,0.127001953125
ppo_rollout,1382400,1238.1016229999987,1116.548088072413,,,,,,,,,,,,,,,,,,,-0.00829703161531749,1.6456126729647318,-0.6467080702384312,0.9933872818946838,0.011386297,0.10406901041666666
ppo_rollout,1388544,1241.7567103000001,1118.209379085648,,,,,,,,,,,,,,,,,,,-0.009188340304535813,2.45621300637722,-0.6450140471259753,0.9879995584487915,0.011077159,0.11036783854166667
ppo_rollout,1394688,1245.4646925000015,1119.8133583381355,,,,,,,,,,,,,,,,,,,-0.010674670643250768,1.8293000762661298,-0.6445807680487633,0.97060227394104,0.012658787,0.11427408854166667
training_episode,1395036,1246.2088963999995,1119.4238815257431,29695749,27389.33203125,304.4258117675781,273.3932800292969,1,22,45,27,3,2,3,161,3,1,MaxDuration,,,,,,,,,
training_episode,1398456,1247.9623174000008,1120.5915278864647,9692510,24077.33203125,305.6970520019531,240.27330017089844,1,25,44,24,5,4,5,154,3,1,MaxDuration,,,,,,,,,
ppo_rollout,1400832,1249.1840918999987,1121.3975658858624,,,,,,,,,,,,,,,,,,,-0.012573108193464577,1.7803263540069263,-0.6407334705193838,0.9084935784339905,0.013142257,0.130810546875
training_episode,1403184,1250.9420658000017,1121.7018264571961,33361264,23034.666015625,300.0215148925781,228.8466339111328,3,24,49,23,3,7,4,120,1,1,MaxDuration,,,,,,,,,
training_episode,1403238,1250.9740104000011,1121.7163492879538,38702443,1605.6610107421875,68.30618286132812,14.556610107421875,3,5,15,2,0,1,0,25,0,0,LivesExhausted,,,,,,,,,
training_episode,1404990,1251.8543043999998,1122.3270911493144,44776725,1224.13720703125,54.43687057495117,10.741372108459473,3,4,13,2,0,1,0,28,0,0,LivesExhausted,,,,,,,,,
training_episode,1406136,1252.4538872000012,1122.7048072353164,17547185,26254.666015625,301.8833312988281,262.546630859375,0,27,40,27,2,6,6,181,3,1,MaxDuration,,,,,,,,,
ppo_rollout,1406976,1252.8946853999987,1122.9802603487055,,,,,,,,,,,,,,,,,,,-0.010226037139849117,1.844970653951168,-0.6405138249198595,0.9947572350502014,0.01816404,0.141015625
training_episode,1407774,1253.8655001000006,1122.7472164181281,49908446,24077.33203125,304.1155090332031,240.77330017089844,0,25,47,24,2,4,3,176,3,1,MaxDuration,,,,,,,,,
training_episode,1408824,1254.410412600002,1123.0965446786645,10949258,23034.666015625,301.0024719238281,229.3466339111328,2,21,50,23,1,2,4,198,1,1,MaxDuration,,,,,,,,,
training_episode,1409976,1255.0206872999988,1123.4683334450572,36293676,1266.7032470703125,56.1265869140625,11.167032241821289,3,4,14,2,0,0,0,14,0,0,LivesExhausted,,,,,,,,,
ppo_rollout,1413120,1256.604535800001,1124.554272836804,,,,,,,,,,,,,,,,,,,-0.012229787013105427,2.03307423889637,-0.6362219323714574,0.9950821995735168,0.013897411,0.127587890625
training_episode,1417224,1259.2174111999993,1125.4799905041218,21003242,1390.1326904296875,60.395870208740234,12.401326179504395,3,4,15,2,0,1,1,17,1,1,LivesExhausted,,,,,,,,,
training_episode,1417710,1259.4679477999998,1125.6419843604695,69178582,2001.8433837890625,82.75926971435547,18.518434524536133,3,5,15,3,0,2,0,46,0,0,LivesExhausted,,,,,,,,,
ppo_rollout,1419264,1260.248771300001,1126.1776502554872,,,,,,,,,,,,,,,,,,,-0.006827697307259465,1.9945508733391761,-0.6263363108038902,0.9840191602706909,0.017419538,0.101171875
training_episode,1421754,1262.0555674999996,1126.5383526783583,51688839,786.1539306640625,37.73967361450195,6.361539363861084,3,3,11,1,0,0,0,5,0,0,LivesExhausted,,,,,,,,,
ppo_rollout,1425408,1263.9136165000018,1127.773276109806,,,,,,,,,,,,,,,,,,,-0.008401590283028781,3.367598967750867,-0.6234934851527214,0.9832528233528137,0.011492257,0.092919921875
training_episode,1431516,1267.5482512999988,1129.3581909263303,36398405,1966.228759765625,81.34896850585938,18.16228675842285,3,5,17,2,0,2,0,41,1,0,LivesExhausted,,,,,,,,,
ppo_rollout,1431552,1267.5732018000017,1129.3643617324367,,,,,,,,,,,,,,,,,,,-0.01152504252968356,1.8142008210221927,-0.6217326695720354,0.9924132823944092,0.011578627,0.10900065104166666
ppo_rollout,1437696,1271.2864401000006,1130.8985564944037,,,,,,,,,,,,,,,,,,,-0.01287575534467275,1.7757431467374165,-0.62067674746116,0.9912753105163574,0.017043639,0.122509765625
training_episode,1439334,1272.7298912000006,1130.9029590268487,71377891,25150.666015625,301.2026672363281,250.5066375732422,2,23,44,26,5,2,4,172,1,1,MaxDuration,,,,,,,,,
training_episode,1441722,1273.9839948000008,1131.6641385485632,40168649,24077.33203125,306.0473937988281,240.27330017089844,1,15,50,24,3,2,1,152,4,1,MaxDuration,,,,,,,,,
training_episode,1441956,1274.1418577000004,1131.707581291558,29172104,2124.233154296875,87.00017547607422,19.74233055114746,3,3,11,3,0,0,0,40,1,0,LivesExhausted,,,,,,,,,
training_episode,1442268,1274.312245000001,1131.8010995021075,50746278,27389.33203125,301.0825500488281,273.3932800292969,1,35,43,27,3,4,4,170,1,1,MaxDuration,,,,,,,,,
ppo_rollout,1443840,1275.1112393000003,1132.3247380304067,,,,,,,,,,,,,,,,,,,-0.011906647456150192,1.7145961662133535,-0.6193953012426694,0.9937650561332703,0.019405508,0.11783854166666667
training_episode,1445058,1276.2838789000016,1132.2387000966123,70225872,23034.666015625,301.8933410644531,229.34661865234375,2,26,48,23,1,2,0,140,2,1,MaxDuration,,,,,,,,,
ppo_rollout,1449984,1278.7758308000011,1133.8844268685398,,,,,,,,,,,,,,,,,,,-0.007974454147430757,2.971165852745374,-0.6160568490624427,0.9903737306594849,0.014008236,0.13240559895833334
training_episode,1453770,1281.2811180999997,1134.6221991905902,59334056,27389.33203125,300.4719543457031,273.8932800292969,0,27,45,27,5,3,4,161,5,1,MaxDuration,,,,,,,,,
ppo_rollout,1456128,1282.5749260000011,1135.3161288917936,,,,,,,,,,,,,,,,,,,-0.0119264610868413,2.822533561786016,-0.6145420968532562,0.9874036908149719,0.011780276,0.09982096354166667
training_episode,1458582,1284.4462380000004,1135.5726357773797,65198880,845.8526000976562,40.09927749633789,6.958526611328125,3,3,10,1,0,0,1,18,0,0,LivesExhausted,,,,,,,,,
ppo_rollout,1462272,1286.342948900001,1136.766832865561,,,,,,,,,,,,,,,,,,,-0.012673341154974574,1.5607285072406134,-0.6063400829831759,0.9861453175544739,0.016652448,0.12158203125
ppo_rollout,1468416,1290.0006205999998,1138.3064291217288,,,,,,,,,,,,,,,,,,,-0.011865805743339782,1.3329418619473776,-0.6028945043683052,0.9926842451095581,0.01815173,0.13095703125
ppo_rollout,1474560,1293.6425588999991,1139.8511821177538,,,,,,,,,,,,,,,,,,,-0.012411364235837634,2.068867297967275,-0.6053666998942693,0.9900846481323242,0.014299653,0.13357747395833333
training_episode,1475460,1294.6683821000006,1139.6431861622732,58810411,28554.666015625,301.0325012207031,285.046630859375,1,25,43,28,2,4,7,122,3,1,MaxDuration,,,,,,,,,
training_episode,1478286,1296.1207485000014,1140.5465129007605,50536820,28554.666015625,304.6860656738281,285.046630859375,1,25,44,28,3,3,4,176,0,1,MaxDuration,,,,,,,,,
training_episode,1478334,1296.1505518000013,1140.5573202487901,52526671,28554.666015625,300.5220031738281,285.046630859375,1,27,48,28,3,8,3,187,3,1,MaxDuration,,,,,,,,,
training_episode,1478658,1296.322069400001,1140.6563499180359,51479381,27389.33203125,305.8171691894531,272.8932800292969,2,30,46,27,1,5,4,141,1,1,MaxDuration,,,,,,,,,
ppo_rollout,1480704,1297.3401172000013,1141.3383278363008,,,,,,,,,,,,,,,,,,,-0.014257316095366453,2.6119370967149735,-0.6103579714894295,0.946304202079773,0.014235954,0.117626953125
training_episode,1481202,1298.144703500002,1141.0145540835679,52317213,26254.666015625,301.1626281738281,262.046630859375,1,17,49,27,3,2,2,151,1,1,MaxDuration,,,,,,,,,
ppo_rollout,1486848,1300.9474114000004,1142.8963130799766,,,,,,,,,,,,,,,,,,,-0.009859281863706807,2.0505178834001225,-0.6142191087206205,0.9951328635215759,0.013917811,0.12882486979166666
ppo_rollout,1492992,1304.5934696000004,1144.4116767331084,,,,,,,,,,,,,,,,,,,-0.009717868076404557,2.16405617048343,-0.6161061480641365,0.9902602434158325,0.013704116,0.102001953125
training_episode,1495020,1306.1543319000011,1144.596747480265,32837619,24077.33203125,303.6050109863281,239.27330017089844,3,26,50,24,6,2,3,147,2,1,MaxDuration,,,,,,,,,
ppo_rollout,1499136,1308.2448241999991,1145.9139545357898,,,,,,,,,,,,,,,,,,,-0.009147268469678237,2.5365513200561205,-0.6151317179203033,0.9820477962493896,0.013085116,0.101953125
validation,1500000,,,,,,,,,,,,,,,,,,19018.602585144043,25657.7568359375,11468.970656994456,,,,,,
ppo_rollout,1505280,1542.4516707000002,975.9009170879689,,,,,,,,,,,,,,,,,,,-0.012493195817417776,1.430720569193363,-0.6171885679165522,0.9890748858451843,0.014827522,0.13509114583333334
ppo_rollout,1511424,1546.2445222999995,977.480584863638,,,,,,,,,,,,,,,,,,,-0.010792546552450707,2.1786019812027613,-0.6201768706242243,0.9781224131584167,0.012023429,0.117236328125
training_episode,1512084,1547.1526067000013,977.3334533722559,44043622,27389.33203125,305.1865539550781,273.3932800292969,1,21,45,27,2,3,5,159,5,1,MaxDuration,,,,,,,,,
training_episode,1514418,1548.3457634000006,978.0877345345016,7074285,26254.666015625,301.0725402832031,261.546630859375,2,27,42,27,3,6,2,132,2,1,MaxDuration,,,,,,,,,
training_episode,1514646,1548.4703802000004,978.1562627012396,21945803,23034.666015625,302.5539855957031,229.34661865234375,2,32,45,23,2,2,2,158,1,1,MaxDuration,,,,,,,,,
training_episode,1515318,1548.8202155,978.3692031103917,62266468,24077.33203125,305.4868469238281,239.27330017089844,3,23,50,24,4,4,2,149,3,1,MaxDuration,,,,,,,,,
ppo_rollout,1517568,1549.9780624999985,979.0899863139201,,,,,,,,,,,,,,,,,,,-0.009270588925573975,2.1872178008159002,-0.6120067765315373,0.8078286647796631,0.014642152,0.12044270833333333
training_episode,1517886,1550.7087176999994,978.8337311028458,57553663,24077.33203125,305.6770324707031,240.27330017089844,1,35,51,24,11,3,4,127,0,1,MaxDuration,,,,,,,,,
training_episode,1520238,1551.890440700001,979.6039463419056,2989854,1058.335205078125,48.48786926269531,9.083352088928223,3,3,11,2,0,0,0,21,0,0,LivesExhausted,,,,,,,,,
ppo_rollout,1523712,1553.6489380999992,980.7312080832045,,,,,,,,,,,,,,,,,,,-0.011200111695022013,1.8006761739651362,-0.6108257383108139,0.9962072372436523,0.01973176,0.14318033854166667
training_episode,1523802,1554.2631800000017,980.4015301964487,44881454,2439.888916015625,97.65245056152344,22.398887634277344,4,6,21,3,1,2,0,55,0,0,LivesExhausted,,,,,,,,,
training_episode,1526520,1555.6319187000008,981.2861137971964,20374868,2315.099365234375,93.32152557373047,21.65099334716797,3,5,19,3,0,0,0,39,1,0,LivesExhausted,,,,,,,,,
ppo_rollout,1529856,1557.2927014999987,982.3817953596191,,,,,,,,,,,,,,,,,,,-0.007344767606506745,2.287316477795442,-0.6114189659555753,0.9896922707557678,0.014500204,0.11282552083333333
training_episode,1531236,1558.5439805999995,982.4785306414731,3304041,26254.666015625,301.7431945800781,262.046630859375,1,24,49,27,4,5,3,150,1,1,MaxDuration,,,,,,,,,
training_episode,1535682,1560.7944074000006,983.9104962953876,42158500,2473.388671875,98.98273468017578,23.23388671875,3,4,20,3,0,1,0,19,0,0,LivesExhausted,,,,,,,,,
ppo_rollout,1536000,1560.9646171999993,984.0069294813486,,,,,,,,,,,,,,,,,,,-0.007249116963551691,2.8991301849484445,-0.6076191807786624,0.9849832057952881,0.012490059,0.10911458333333333
ppo_rollout,1542144,1564.6353163999993,985.6252021386373,,,,,,,,,,,,,,,,,,,-0.007509276618172104,3.0050686851143835,-0.6041505724191666,0.9876106381416321,0.014000197,0.1037109375
ppo_rollout,1548288,1568.3910699000007,987.1823614111228,,,,,,,,,,,,,,,,,,,-0.011993125116957042,1.4968167702356974,-0.6003631671269735,0.9924657940864563,0.013725855,0.116259765625
training_episode,1551054,1570.3616626000003,987.7049579979982,8226304,27389.33203125,303.3747863769531,272.8932800292969,2,32,47,27,0,4,5,193,1,1,MaxDuration,,,,,,,,,
training_episode,1553976,1571.8578780999997,988.623730968849,62685384,26254.666015625,300.7121887207031,262.046630859375,1,26,48,27,3,4,4,95,2,1,MaxDuration,,,,,,,,,
ppo_rollout,1554432,1572.0876186999994,988.769316359988,,,,,,,,,,,,,,,,,,,-0.009374815479774649,2.2556914021571477,-0.5923892552653949,0.9800139665603638,0.0119183725,0.11669921875
training_episode,1556310,1573.599878500001,989.0125318791444,4351331,26254.666015625,300.5520324707031,261.546630859375,2,30,48,27,6,3,6,172,1,1,MaxDuration,,,,,,,,,
training_episode,1559748,1575.3325549,990.1071333468448,63732674,595.6929931640625,28.610559463500977,4.456929683685303,3,3,9,1,0,0,1,9,0,0,LivesExhausted,,,,,,,,,
ppo_rollout,1560576,1575.7545133999993,990.3674631607123,,,,,,,,,,,,,,,,,,,-0.010660728821918989,2.3910045593976976,-0.5836469059189161,0.9830479025840759,0.01473797,0.12600911458333333
training_episode,1562784,1577.413430200002,990.7256842626557,55354354,26254.666015625,302.1535949707031,261.046630859375,3,21,47,27,4,4,5,136,3,1,MaxDuration,,,,,,,,,
ppo_rollout,1566720,1579.4043923999998,991.9688760769336,,,,,,,,,,,,,,,,,,,-0.008884145334983865,2.428606333831946,-0.577133660018444,0.9899673461914062,0.014577317,0.10615234375
training_episode,1567272,1580.2433528000001,991.7915473100921,8854678,27389.33203125,300.2717590332031,272.8932800292969,2,36,44,27,3,6,4,180,0,1,MaxDuration,,,,,,,,,
training_episode,1568550,1580.897361200001,992.1896503194689,57134747,1046.2777099609375,48.017948150634766,8.962777137756348,3,4,12,2,0,1,0,22,1,0,LivesExhausted,,,,,,,,,
training_episode,1572018,1582.7264810999986,993.2341555992946,2780396,23034.666015625,302.7441711425781,229.84661865234375,1,21,42,23,1,7,3,151,1,1,MaxDuration,,,,,,,,,
ppo_rollout,1572864,1583.1512198000019,993.502061160461,,,,,,,,,,,,,,,,,,,-0.01387749423350518,1.505768746137619,-0.5672840033968289,0.9956339001655579,0.018829219,0.145361328125
ppo_rollout,1579008,1586.8643845000006,995.0491141040537,,,,,,,,,,,,,,,,,,,-0.010287699924083427,2.3465209489067393,-0.5598249559601148,0.9914973974227905,0.014682215,0.11722005208333333
ppo_rollout,1585152,1590.5121737000009,996.6299071527811,,,,,,,,,,,,,,,,,,,-0.009659140159298356,2.1291205341617268,-0.5613225852449735,0.9829916954040527,0.020478863,0.12503255208333333
training_episode,1587624,1592.3545392000015,997.0292173736773,52421942,30977.33203125,304.7160949707031,308.7732849121094,2,21,46,31,4,5,4,162,0,1,MaxDuration,,,,,,,,,
training_episode,1590522,1593.8329096999987,997.922674528899,5608079,27389.33203125,304.4958801269531,272.3932800292969,3,29,43,27,5,1,4,139,0,1,MaxDuration,,,,,,,,,
ppo_rollout,1591296,1594.229916100001,998.1596656351937,,,,,,,,,,,,,,,,,,,-0.011406587211725612,1.4526855935653051,-0.5605462357401848,0.9614463448524475,0.016473355,0.15909830729166666
training_episode,1595838,1597.0905660999997,999.2157200558398,53678690,23034.666015625,300.7221984863281,229.3466339111328,2,21,46,23,4,2,4,156,3,1,MaxDuration,,,,,,,,,
ppo_rollout,1597440,1597.9025591999998,999.710521021863,,,,,,,,,,,,,,,,,,,-0.011579088588284018,1.9602878918250402,-0.5695365150769551,0.9901685118675232,0.015824564,0.14329427083333332
training_episode,1597710,1598.5940104000001,999.447007561489,66455628,1376.552001953125,59.86595916748047,12.265519142150879,3,3,10,2,0,0,0,38,0,0,LivesExhausted,,,,,,,,,
training_episode,1597860,1598.6726363000016,999.4916806095572,27915356,2065.722900390625,85.2798080444336,19.157228469848633,3,3,19,3,1,0,0,47,2,0,LivesExhausted,,,,,,,,,
ppo_rollout,1603584,1601.6643288999985,1001.1985477015149,,,,,,,,,,,,,,,,,,,-0.013588494586292655,2.5135647123058638,-0.5785124431053797,0.9924965500831604,0.015074187,0.11767578125
training_episode,1603998,1602.4488528000002,1000.9667373765427,24773486,27389.33203125,305.9973449707031,272.8932800292969,2,28,48,27,2,3,3,195,1,1,MaxDuration,,,,,,,,,
training_episode,1604556,1602.7461451999989,1001.1292211217736,35351115,26254.666015625,300.0215148925781,261.546630859375,2,25,46,27,4,2,4,123,3,1,MaxDuration,,,,,,,,,
training_episode,1605564,1603.2840361999988,1001.4220585676167,8016846,1517.70166015625,65.4355697631836,13.677016258239746,3,3,15,2,1,0,1,33,0,1,LivesExhausted,,,,,,,,,
training_episode,1608144,1604.6561683,1002.1735694966325,51793568,29750.666015625,301.0325012207031,296.5066223144531,2,34,41,30,4,4,9,123,1,1,MaxDuration,,,,,,,,,
training_episode,1609716,1605.465232300001,1002.647685925848,45928744,1036.7344970703125,47.64801025390625,8.867344856262207,3,3,11,2,0,0,1,30,0,0,LivesExhausted,,,,,,,,,
ppo_rollout,1609728,1605.4784887999995,1002.6468814310784,,,,,,,,,,,,,,,,,,,-0.011147148715099319,2.5235931371649105,-0.5794402514894803,0.9910179972648621,0.013222627,0.11650390625
training_episode,1612932,1607.663203,1003.2773014834003,27391711,509.253173828125,26.790517807006836,3.592531681060791,3,3,4,1,0,0,1,0,0,0,LivesExhausted,,,,,,,,,
ppo_rollout,1615872,1609.151211100001,1004.1766049415609,,,,,,,,,,,,,,,,,,,-0.011063786657177842,2.574187112847964,-0.5850744888186454,0.9857019186019897,0.012320132,0.09226888020833333
training_episode,1616082,1609.8416416,1003.8763802840867,6550640,2399.39404296875,96.05210876464844,22.493940353393555,3,4,19,3,0,0,0,60,1,0,LivesExhausted,,,,,,,,,
training_episode,1620486,1612.0969871000016,1005.2037892056912,24354570,1453.5587158203125,62.90544891357422,13.0355863571167,3,4,14,2,0,0,1,22,2,1,LivesExhausted,,,,,,,,,
ppo_rollout,1622016,1612.8924931000001,1005.6566119186682,,,,,,,,,,,,,,,,,,,-0.009166078314107533,2.4958325346310932,-0.5859915629029274,0.985646665096283,0.010298415,0.10984700520833333
training_episode,1624968,1614.9819552000008,1006.183378562123,34513283,1766.18017578125,74.04740905761719,16.161800384521484,3,3,16,2,0,0,0,35,0,0,LivesExhausted,,,,,,,,,
training_episode,1625262,1615.1369976999995,1006.2688194960667,26868066,837.2576904296875,39.759334564208984,6.87257719039917,3,5,8,1,0,2,0,12,0,0,LivesExhausted,,,,,,,,,
ppo_rollout,1628160,1616.647768499999,1007.1210511802967,,,,,,,,,,,,,,,,,,,-0.009534486879905065,2.494859876235326,-0.5808510089914004,0.986534059047699,0.016166532,0.10748697916666666
training_episode,1631868,1619.0808978999994,1007.8977536678901,18385017,26254.666015625,300.2217102050781,261.546630859375,2,33,47,27,5,2,6,142,3,1,MaxDuration,,,,,,,,,
training_episode,1632582,1619.4550342000002,1008.1057920860917,19222849,1405.0228271484375,60.98577117919922,12.550228118896484,3,3,15,2,1,0,1,42,0,1,LivesExhausted,,,,,,,,,
ppo_rollout,1634304,1620.3199950000017,1008.6303971086886,,,,,,,,,,,,,,,,,,,-0.011530543609599894,2.1662552083532014,-0.5875588382283846,0.9914774894714355,0.013126704,0.11134440104166667
training_episode,1634610,1621.0230508999994,1008.3817124577329,7388472,27389.33203125,306.2075500488281,272.8932800292969,2,26,48,27,1,3,2,114,10,1,MaxDuration,,,,,,,,,
ppo_rollout,1640448,1623.9731696999988,1010.1447675413533,,,,,,,,,,,,,,,,,,,-0.00916092390252743,3.6528734296560286,-0.5948204730947813,0.9857387542724609,0.012980332,0.11902669270833334
training_episode,1641942,1625.301256499999,1010.2385594261066,7912117,25150.666015625,303.1345520019531,250.0066375732422,3,22,46,26,1,1,4,127,1,1,MaxDuration,,,,,,,,,
training_episode,1644468,1626.5816601000006,1010.9962754030436,13776941,25150.666015625,302.6440734863281,250.5066375732422,2,26,41,26,6,3,4,166,1,1,MaxDuration,,,,,,,,,
ppo_rollout,1646592,1627.6681186999995,1011.6263758456575,,,,,,,,,,,,,,,,,,,-0.010235529507432754,2.5763354430596035,-0.5972994988163313,0.9881349205970764,0.02019314,0.13782552083333333
ppo_rollout,1652736,1631.3035366000004,1013.1382436923233,,,,,,,,,,,,,,,,,,,-0.013368989884232482,1.4459861983855566,-0.5929875855644544,0.9929862022399902,0.015878314,0.12877604166666667
ppo_rollout,1658880,1635.007405100001,1014.6009093448349,,,,,,,,,,,,,,,,,,,-0.010089668179959214,1.7872374763091405,-0.5857825964689255,0.991163969039917,0.013612068,0.11730143229166666
training_episode,1661058,1636.6742746000018,1014.8983373041392,56401644,26254.666015625,300.7121887207031,262.046630859375,1,20,48,27,1,3,6,153,4,1,MaxDuration,,,,,,,,,
ppo_rollout,1665024,1638.686478300002,1016.0723372339784,,,,,,,,,,,,,,,,,,,-0.012038463798429195,1.6878630846738816,-0.5768055905898412,0.9424082040786743,0.013751102,0.130419921875
training_episode,1668402,1640.9531591999985,1016.727376187498,51374652,27389.33203125,304.4358215332031,273.8932800292969,0,24,48,27,3,1,7,148,1,1,MaxDuration,,,,,,,,,
training_episode,1668750,1641.132533,1016.8282978032951,32104516,27389.33203125,301.3828430175781,273.3932800292969,1,28,46,27,6,0,6,170,3,1,MaxDuration,,,,,,,,,
training_episode,1670766,1642.1630315000002,1017.4178616564477,52107755,26254.666015625,301.2827453613281,262.546630859375,0,13,49,27,4,3,3,161,2,1,MaxDuration,,,,,,,,,
ppo_rollout,1671168,1642.3723774999999,1017.5329437431434,,,,,,,,,,,,,,,,,,,-0.014477238703208665,1.988985513150692,-0.5715430503090223,0.979536771774292,0.014553548,0.12814127604166667
training_episode,1675488,1645.0893563999998,1018.4784148543289,54830709,1266.5579833984375,56.1165885925293,11.165578842163086,3,3,14,2,0,0,0,28,0,0,LivesExhausted,,,,,,,,,
ppo_rollout,1677312,1645.9949314000005,1019.0262242018952,,,,,,,,,,,,,,,,,,,-0.010108497098553926,2.278237427274386,-0.5674288839101791,0.9891877770423889,0.018131992,0.138525390625
training_episode,1678374,1647.096594499999,1018.9894178668349,13148567,27389.33203125,303.5449523925781,272.8932800292969,2,32,47,27,5,6,5,121,3,1,MaxDuration,,,,,,,,,
training_episode,1681002,1648.4387926000018,1019.7539681462106,41739584,26254.666015625,304.4358215332031,261.546630859375,2,25,47,27,6,4,1,111,1,1,MaxDuration,,,,,,,,,
ppo_rollout,1683456,1649.6742720000002,1020.4778170899424,,,,,,,,,,,,,,,,,,,-0.009829488963199158,2.426247250040372,-0.5610135073463122,0.9924572706222534,0.014448296,0.11767578125
training_episode,1684800,1650.8888942000012,1020.5411193443346,32418703,1855.5992431640625,77.58816528320312,17.055992126464844,3,3,17,2,1,0,0,14,0,0,LivesExhausted,,,,,,,,,
ppo_rollout,1689600,1653.3127301999994,1021.9482189528723,,,,,,,,,,,,,,,,,,,-0.00854589212879849,2.0124171485503513,-0.5594266677896181,0.9934101700782776,0.014953467,0.1462890625
training_episode,1691742,1654.9838614,1022.2105722341638,71901536,1309.3675537109375,57.806304931640625,11.59367561340332,3,3,15,2,0,0,1,25,0,0,LivesExhausted,,,,,,,,,
ppo_rollout,1695744,1657.0025921999986,1023.3804147213581,,,,,,,,,,,,,,,,,,,-0.007128270831890405,3.138196814060211,-0.56495178292195,0.9844016432762146,0.013000108,0.09737955729166667
training_episode,1697778,1658.6334247999985,1023.6004982262561,18908662,27389.33203125,305.9673156738281,273.8932800292969,0,28,46,27,3,4,4,130,1,1,MaxDuration,,,,,,,,,
ppo_rollout,1701888,1660.7092260999998,1024.7958963874153,,,,,,,,,,,,,,,,,,,-0.004412692228409772,2.354977339009444,-0.5633986448248227,0.9846097826957703,0.01773268,0.11419270833333334
training_episode,1704090,1662.3834528000007,1025.088403719221,73158284,1161.7138671875,52.587181091308594,10.117137908935547,3,4,13,2,0,2,0,22,0,0,LivesExhausted,,,,,,,,,
training_episode,1704564,1662.6204292000002,1025.2273880817052,22678906,25150.666015625,301.3027648925781,250.5066375732422,2,32,43,26,2,2,4,167,1,1,MaxDuration,,,,,,,,,
training_episode,1707234,1663.9949235999993,1025.985101148298,37026779,450.2927551269531,22.220413208007812,3.002927303314209,3,3,8,1,0,0,1,6,0,0,LivesExhausted,,,,,,,,,
training_episode,1707246,1664.0057975000018,1025.9856080819923,49175343,28554.666015625,303.9553527832031,284.546630859375,2,24,42,28,1,1,4,145,1,1,MaxDuration,,,,,,,,,
ppo_rollout,1708032,1664.422307500001,1026.201098305094,,,,,,,,,,,,,,,,,,,-0.011561941225469734,1.8479572688539823,-0.5553836350639662,0.9898936748504639,0.01606143,0.1455078125
training_episode,1713852,1668.0619157,1027.4510699327275,6655369,1241.290283203125,55.116756439208984,10.91290283203125,3,3,11,2,0,0,1,26,0,0,LivesExhausted,,,,,,,,,
ppo_rollout,1714176,1668.2417868000011,1027.5345058273053,,,,,,,,,,,,,,,,,,,-0.011219470121432096,2.4558760677774747,-0.5480423405766487,0.9893942475318909,0.014230943,0.11749674479166666
training_episode,1714578,1669.0400584000017,1027.2839117136905,34932199,26254.666015625,301.6631164550781,261.046630859375,3,30,44,27,3,2,4,127,3,1,MaxDuration,,,,,,,,,
training_episode,1717278,1670.4858233999985,1028.011118648564,31895058,26254.666015625,302.2637023925781,261.046630859375,3,25,47,27,3,3,5,152,3,1,MaxDuration,,,,,,,,,
training_episode,1717440,1670.5936389000017,1028.0417451672115,26134963,586.8759765625,29.86058807373047,4.368759632110596,3,3,4,1,0,0,0,21,1,0,LivesExhausted,,,,,,,,,
ppo_rollout,1720320,1672.0568792000013,1028.8645209384804,,,,,,,,,,,,,,,,,,,-0.011352300406239616,3.423929273088773,-0.5475157847007116,0.9865840673446655,0.012140624,0.10647786458333333
training_episode,1720398,1672.6646149000007,1028.5373317966992,61323907,1058.2969970703125,48.497867584228516,9.082969665527344,3,4,10,2,0,0,0,42,0,0,LivesExhausted,,,,,,,,,
training_episode,1724172,1674.5825743999994,1029.6130070610393,28439001,1299.33203125,57.4163703918457,11.49332046508789,3,4,13,2,0,0,0,11,0,0,LivesExhausted,,,,,,,,,
ppo_rollout,1726464,1675.779823500001,1030.2451287390136,,,,,,,,,,,,,,,,,,,-0.009425086941337212,2.1746746569871904,-0.5490303451816241,0.9919926524162292,0.015788492,0.12565104166666666
training_episode,1728000,1677.1525398000013,1030.317731388978,48128053,26254.666015625,302.1135559082031,262.546630859375,0,28,49,27,1,5,3,155,3,1,MaxDuration,,,,,,,,,
ppo_rollout,1732608,1679.6209651999998,1031.5470191774434,,,,,,,,,,,,,,,,,,,-0.009997688744139548,2.3892275686065356,-0.5497448692719141,0.9909707307815552,0.019215947,0.13556315104166666
ppo_rollout,1738752,1683.2847156999997,1032.9518136668485,,,,,,,,,,,,,,,,,,,-0.014038183763235186,1.8113438874483108,-0.5433252125978469,0.9914330244064331,0.014044651,0.13466796875
training_episode,1740852,1684.8995350000005,1033.2081906592725,2047293,26254.666015625,306.3276672363281,261.546630859375,2,20,48,27,1,4,4,187,3,1,MaxDuration,,,,,,,,,
training_episode,1743372,1686.200989699999,1033.9052169042866,6445911,26254.666015625,300.9924621582031,261.546630859375,2,28,41,27,4,6,5,107,3,1,MaxDuration,,,,,,,,,
ppo_rollout,1744896,1686.9886160999995,1034.325888952275,,,,,,,,,,,,,,,,,,,-0.011117713488056324,2.925784065326055,-0.5383901546398798,0.9665110111236572,0.011280947,0.102001953125
training_episode,1746954,1688.5615887999993,1034.5811556932892,44462538,1116.774658203125,50.80747985839844,9.667745590209961,3,3,12,2,1,0,0,26,0,0,LivesExhausted,,,,,,,,,
training_episode,1750734,1690.5080908000018,1035.6259218916234,66246170,1413.8946533203125,61.33571243286133,12.638946533203125,3,3,12,2,0,0,1,9,0,1,LivesExhausted,,,,,,,,,
ppo_rollout,1751040,1690.6677366000004,1035.7091237343955,,,,,,,,,,,,,,,,,,,-0.013217501217150129,1.696566493809223,-0.5337275996804237,0.9919692873954773,0.013949216,0.13976236979166667
training_episode,1753938,1692.694774399999,1036.1809030938314,54935438,26254.666015625,304.1155090332031,261.546630859375,2,31,49,27,1,6,2,179,2,1,MaxDuration,,,,,,,,,
training_episode,1756968,1694.200418299999,1037.0484985259202,11263445,24077.33203125,304.7261047363281,239.77330017089844,2,27,50,24,2,6,6,179,1,1,MaxDuration,,,,,,,,,
ppo_rollout,1757184,1694.3155477,1037.1055157850276,,,,,,,,,,,,,,,,,,,-0.008988410170422867,3.0017963151137033,-0.5355741406480471,0.9856724739074707,0.011346315,0.10768229166666667
training_episode,1760484,1696.549661500001,1037.6849201357722,70749517,23034.666015625,302.5439758300781,229.3466339111328,2,25,49,23,2,8,0,137,1,1,MaxDuration,,,,,,,,,
ppo_rollout,1763328,1697.9947944999985,1038.476681855341,,,,,,,,,,,,,,,,,,,-0.010991066434265425,1.986504529416561,-0.5346336086591085,0.9928763508796692,0.020236963,0.14217122395833334
training_episode,1764300,1699.0358048999988,1038.4124895495315,34618012,26254.666015625,302.4538879394531,261.546630859375,2,20,46,27,4,3,4,169,0,1,MaxDuration,,,,,,,,,
ppo_rollout,1769472,1701.6175833999987,1039.8764195092658,,,,,,,,,,,,,,,,,,,-0.007995188181909422,2.467148713270823,-0.524550886452198,0.9890612959861755,0.018074967,0.116943359375
training_episode,1772556,1703.7339042999993,1040.394861853898,56611102,2529.739013671875,100.59307861328125,23.79738998413086,3,3,21,3,0,0,0,42,1,1,LivesExhausted,,,,,,,,,
ppo_rollout,1775616,1705.287550000001,1041.2414023664214,,,,,,,,,,,,,,,,,,,-0.009244677839645495,1.7594535102446873,-0.5208857958515485,0.9913405179977417,0.018133812,0.157373046875
ppo_rollout,1781760,1708.950061800002,1042.6050706966294,,,,,,,,,,,,,,,,,,,-0.005820809976042559,2.0256258140007657,-0.515172366797924,0.983489990234375,0.025569087,0.1603515625
training_episode,1782546,1709.9086494000003,1042.4802521617094,21945803,2014.1798095703125,83.24937438964844,18.64179801940918,3,3,20,3,0,0,0,55,1,0,LivesExhausted,,,,,,,,,
training_episode,1783698,1710.5137170999988,1042.7849728232977,11158716,24077.33203125,306.1675109863281,239.77330017089844,2,28,49,24,4,4,3,161,0,1,MaxDuration,,,,,,,,,
training_episode,1785774,1711.5539597999996,1043.3641252003958,5293892,553.468994140625,26.870519638061523,4.034689903259277,3,3,8,1,0,0,0,14,0,0,LivesExhausted,,,,,,,,,
training_episode,1787088,1712.2284003999994,1043.7205688110957,61952281,27389.33203125,302.9143371582031,273.3932800292969,1,26,42,27,5,4,5,117,2,1,MaxDuration,,,,,,,,,
ppo_rollout,1787904,1712.6503704999996,1043.939867001594,,,,,,,,,,,,,,,,,,,-0.011469136636393765,1.550522194802761,-0.5074863245089849,0.9938658475875854,0.019178735,0.157275390625
training_episode,1790052,1714.2821044000011,1044.1991988398656,63104300,26254.666015625,300.9023742675781,261.546630859375,2,23,47,27,4,4,4,107,1,1,MaxDuration,,,,,,,,,
training_episode,1793202,1715.8666462,1045.070725030566,14719502,26254.666015625,301.9133605957031,261.546630859375,2,23,40,27,2,3,5,133,3,1,MaxDuration,,,,,,,,,
ppo_rollout,1794048,1716.304893299999,1045.2967925474602,,,,,,,,,,,,,,,,,,,-0.011183745379094034,2.975136601924896,-0.5028242682417233,0.9894025921821594,0.016064754,0.13331705729166668
training_episode,1798116,1718.9140076000003,1046.0767624499051,1942564,867.033935546875,40.93913650512695,7.170339584350586,3,3,7,1,0,0,0,26,0,0,LivesExhausted,,,,,,,,,
ppo_rollout,1800192,1719.961022899999,1046.6469739905644,,,,,,,,,,,,,,,,,,,-0.009055773091192047,3.91061938504378,-0.504409501949946,0.9835023880004883,0.010630137,0.09347330729166667
training_episode,1801044,1720.9790723000006,1046.5228944318287,18489746,27389.33203125,306.1775207519531,273.8932800292969,0,24,49,27,3,2,6,139,3,1,MaxDuration,,,,,,,,,
training_episode,1804254,1722.6274569999987,1047.384907670145,5817537,1124.7525634765625,51.117427825927734,9.747525215148926,3,3,14,2,0,0,1,17,1,0,LivesExhausted,,,,,,,,,
ppo_rollout,1806336,1723.694381199999,1047.9444730465893,,,,,,,,,,,,,,,,,,,-0.009581539304538941,2.096653423209985,-0.5118460158507029,0.9878799915313721,0.017770065,0.11761067708333334
ppo_rollout,1812480,1727.4138060000005,1049.2448269803856,,,,,,,,,,,,,,,,,,,-0.010453728268233438,2.0513687605659165,-0.5220177297790846,0.9905886650085449,0.018059205,0.13758138020833333
ppo_rollout,1818624,1731.1462844999987,1050.5316715769443,,,,,,,,,,,,,,,,,,,-0.009481865072545285,3.4087729156017303,-0.5243849684794744,0.98309725522995,0.012661595,0.11368815104166667
training_episode,1820040,1732.4499264000005,1050.5585023066208,7283743,24077.33203125,302.8342590332031,240.27330017089844,1,24,44,24,4,8,2,158,1,1,MaxDuration,,,,,,,,,
training_episode,1821822,1733.400257199999,1051.0105744087234,19641765,26254.666015625,300.3718566894531,261.546630859375,2,32,43,27,1,4,6,156,6,1,MaxDuration,,,,,,,,,
training_episode,1823268,1734.1587622000006,1051.3847057964595,16814082,26254.666015625,301.4429016113281,262.046630859375,1,32,41,27,3,3,5,159,1,1,MaxDuration,,,,,,,,,
ppo_rollout,1824768,1734.9324172000015,1051.7804508748436,,,,,,,,,,,,,,,,,,,-0.015406146661068003,1.8903368214766185,-0.5258376951018969,0.9337868094444275,0.01414642,0.13025716145833333
training_episode,1825536,1735.8976785000013,1051.6380214169394,6236453,990.0262451171875,45.79832077026367,8.400261878967285,3,3,12,1,0,0,1,24,0,0,LivesExhausted,,,,,,,,,
training_episode,1826196,1736.252120699999,1051.8034669203103,43415248,29750.666015625,301.1726379394531,297.0066223144531,1,28,46,30,2,1,5,183,2,1,MaxDuration,,,,,,,,,
ppo_rollout,1830912,1738.6312455000007,1053.0766686373804,,,,,,,,,,,,,,,,,,,-0.012643657547111312,2.4504151324431103,-0.520344182352225,0.9933163523674011,0.01871533,0.13291015625
ppo_rollout,1837056,1742.3513724000004,1054.3544942198132,,,,,,,,,,,,,,,,,,,-0.011652418020336579,2.8159391338626545,-0.5063320065538088,0.9871174097061157,0.014868365,0.127490234375
training_episode,1837182,1742.9927511999995,1054.038806951523,67921834,26254.666015625,301.1325988769531,261.546630859375,2,22,45,27,7,3,2,144,2,1,MaxDuration,,,,,,,,,
training_episode,1840950,1744.9383947999995,1055.022919712306,2780396,27389.33203125,305.7471008300781,272.8932800292969,2,32,45,27,1,5,3,161,1,1,MaxDuration,,,,,,,,,
ppo_rollout,1843200,1746.0892378999997,1055.6161506480587,,,,,,,,,,,,,,,,,,,-0.01026405415808161,1.6086832284927368,-0.4987847626209259,0.9907110333442688,0.0153147215,0.14978841145833333
ppo_rollout,1849344,1749.7621263,1056.9116637074394,,,,,,,,,,,,,,,,,,,-0.010085252459005763,2.461201427380244,-0.4959211232761542,0.9856110215187073,0.01605291,0.133447265625
ppo_rollout,1855488,1753.4583467000011,1058.1876686674755,,,,,,,,,,,,,,,,,,,-0.011621952462398137,1.8053089012702306,-0.49655396193265916,0.9443990588188171,0.016529601,0.152587890625
training_episode,1858596,1755.5836356,1058.676990552372,59229327,27389.33203125,306.4177551269531,273.3932800292969,1,27,49,27,1,4,6,170,1,1,MaxDuration,,,,,,,,,
training_episode,1860012,1756.3000792999992,1059.0513670883263,60486075,27389.33203125,306.1675109863281,273.8932800292969,0,14,49,27,1,7,4,99,0,1,MaxDuration,,,,,,,,,
ppo_rollout,1861632,1757.1308118000015,1059.4726286160492,,,,,,,,,,,,,,,,,,,-0.013102071361693864,1.747137467066447,-0.4869434282183647,0.9092389941215515,0.015151066,0.13592122395833334
training_episode,1861914,1757.840385200001,1059.2053838768518,15976250,29750.666015625,303.1245422363281,297.5066223144531,0,15,46,30,7,2,4,173,2,1,MaxDuration,,,,,,,,,
training_episode,1862622,1758.2131483000012,1059.383500687019,58496224,24077.33203125,303.5049133300781,239.77330017089844,2,20,48,24,2,1,3,164,1,1,MaxDuration,,,,,,,,,
ppo_rollout,1867776,1760.7881739000004,1060.761327049937,,,,,,,,,,,,,,,,,,,-0.012372560275252908,2.1600294043620427,-0.47316403264800705,0.9910741448402405,0.012953895,0.14205729166666667
training_episode,1873806,1764.3587097000018,1062.0323348638144,26344421,27389.33203125,305.1865539550781,273.3932800292969,1,18,46,27,4,4,3,142,4,1,MaxDuration,,,,,,,,,
ppo_rollout,1873920,1764.4231940999998,1062.058131102642,,,,,,,,,,,,,,,,,,,-0.009420045201356213,2.111196005841096,-0.46863685846328734,0.9910940527915955,0.021718793,0.12527669270833333
training_episode,1877604,1766.8497164,1062.6846089805897,14195857,30977.33203125,305.4167785644531,309.2732849121094,1,31,48,31,1,3,8,117,1,1,MaxDuration,,,,,,,,,
ppo_rollout,1880064,1768.1179379999994,1063.3136849042028,,,,,,,,,,,,,,,,,,,-0.010354368879537409,3.622335769732793,-0.46805695394674934,0.9783417582511902,0.012788321,0.10909830729166667
ppo_rollout,1886208,1771.7988632000015,1064.5723051167145,,,,,,,,,,,,,,,,,,,-0.014243762020487338,1.836107222735882,-0.4639583098391692,0.9889694452285767,0.01762925,0.13173828125
ppo_rollout,1892352,1775.4812715000007,1065.824816277145,,,,,,,,,,,,,,,,,,,-0.014590934922064964,1.3552172695597013,-0.4587818207840125,0.993057906627655,0.01745371,0.14658203125
training_episode,1894944,1777.3545133000007,1066.1598380177243,53992877,24077.33203125,302.8642883300781,239.77330017089844,2,17,47,24,8,3,4,142,3,1,MaxDuration,,,,,,,,,
training_episode,1896360,1778.0724945000002,1066.5256933369653,70121143,24077.33203125,302.8442687988281,240.27330017089844,1,28,45,24,6,7,3,144,0,1,MaxDuration,,,,,,,,,
training_episode,1897980,1778.9204906000014,1066.927954357219,6026995,23034.666015625,300.4919738769531,228.8466339111328,3,19,46,23,4,2,0,161,3,1,MaxDuration,,,,,,,,,
ppo_rollout,1898496,1779.1862271999998,1067.058619820683,,,,,,,,,,,,,,,,,,,-0.012213414529105649,1.957860984901587,-0.4533501133322716,0.9761132001876831,0.01472076,0.12755533854166667
training_episode,1899084,1780.051082099999,1066.8705067494877,70540059,27389.33203125,303.8052062988281,273.8932800292969,0,26,45,27,2,0,3,122,3,1,MaxDuration,,,,,,,,,
ppo_rollout,1904640,1782.8696673000013,1068.3001875759146,,,,,,,,,,,,,,,,,,,-0.012481172972669204,2.1580876747767133,-0.4469729798535506,0.9912238717079163,0.02462787,0.149755859375
training_episode,1909950,1786.1145786999987,1069.33229411863,18699204,26254.666015625,301.1826477050781,262.046630859375,1,27,43,27,3,5,6,164,1,1,MaxDuration,,,,,,,,,
ppo_rollout,1910784,1786.5366364000001,1069.546496314997,,,,,,,,,,,,,,,,,,,-0.010800064442446456,2.8472331633170445,-0.446303503960371,0.9898966550827026,0.0113243675,0.11676432291666666
training_episode,1914030,1788.7606366,1070.0313730282587,35874760,24077.33203125,303.4949035644531,239.77330017089844,2,22,47,24,3,3,1,166,3,1,MaxDuration,,,,,,,,,
ppo_rollout,1916928,1790.2534247000003,1070.7579013966847,,,,,,,,,,,,,,,,,,,-0.011339102343966564,1.6950874462723733,-0.44548577393094696,0.9763502478599548,0.018223235,0.153564453125
ppo_rollout,1923072,1793.9572186000005,1071.9720515413185,,,,,,,,,,,,,,,,,,,-0.015555828736008455,1.3370559751987456,-0.439969286074241,0.9937767386436462,0.024724016,0.16027018229166667
ppo_rollout,1929216,1797.687461900001,1073.1654088308458,,,,,,,,,,,,,,,,,,,-0.013086134156522652,1.9876505136489868,-0.4399030456940333,0.985845148563385,0.01461433,0.13064778645833333
training_episode,1931628,1799.5975553999997,1073.3666503401387,29905207,27389.33203125,305.6570129394531,273.3932800292969,1,16,49,27,1,3,4,168,0,1,MaxDuration,,,,,,,,,
training_episode,1932534,1800.1056935000015,1073.566961639077,66036712,28554.666015625,301.4028625488281,285.046630859375,1,22,48,28,4,2,7,98,2,1,MaxDuration,,,,,,,,,
training_episode,1934586,1801.1837565999995,1074.063650036361,17547185,27389.33203125,305.0163879394531,272.8932800292969,2,27,42,27,2,3,4,191,2,1,MaxDuration,,,,,,,,,
training_episode,1935240,1801.543435800002,1074.2122346556846,37236237,26254.666015625,301.2727355957031,261.546630859375,2,25,46,27,1,0,3,112,2,1,MaxDuration,,,,,,,,,
ppo_rollout,1935360,1801.6158613000007,1074.2356578740892,,,,,,,,,,,,,,,,,,,-0.015904324854879328,1.8341282119353612,-0.43989937007427216,0.9663025140762329,0.019605318,0.15291341145833334
training_episode,1940262,1804.6859698000007,1075.124444068806,11053987,1027.3875732421875,47.26807403564453,8.773876190185547,3,3,8,2,0,0,0,31,0,0,LivesExhausted,,,,,,,,,
ppo_rollout,1941504,1805.3261794999999,1075.4311448237656,,,,,,,,,,,,,,,,,,,-0.014199810770029823,2.3058380782604218,-0.4244644244511922,0.9889686107635498,0.019277418,0.14386393229166666
training_episode,1946088,1808.2332688999995,1076.2372496242488,40482836,23034.666015625,301.1125793457031,229.84661865234375,1,19,46,23,3,7,4,106,1,1,MaxDuration,,,,,,,,,
ppo_rollout,1947648,1809.0923096000006,1076.5885132918588,,,,,,,,,,,,,,,,,,,-0.014012875379800485,2.117843992014726,-0.4140747738381227,0.9907233715057373,0.01956675,0.13937174479166667
training_episode,1950162,1810.9966516999993,1076.8446193256982,44043622,26254.666015625,301.0525207519531,261.546630859375,2,25,43,27,2,5,5,163,2,1,MaxDuration,,,,,,,,,
ppo_rollout,1953792,1812.8985888999996,1077.7172049019516,,,,,,,,,,,,,,,,,,,-0.010908003174699843,2.0895010739564897,-0.40679777910312015,0.9884219765663147,0.019089896,0.14051106770833333
ppo_rollout,1959936,1816.5981009999996,1078.9045738411241,,,,,,,,,,,,,,,,,,,-0.012704063889880974,1.4524985253810883,-0.39363951807220776,0.9936165809631348,0.017879367,0.17760416666666667
ppo_rollout,1966080,1820.2402704999986,1080.121142172039,,,,,,,,,,,,,,,,,,,-0.015557272742929248,1.5290486335754394,-0.38178085113565124,0.991278886795044,0.018761495,0.15426432291666667
training_episode,1967646,1821.5875220999988,1080.1819710159298,55982728,29750.666015625,300.0915832519531,296.5066223144531,2,21,45,30,3,4,9,213,1,1,MaxDuration,,,,,,,,,
training_episode,1968780,1822.1582120999992,1080.4660028565918,55354354,23034.666015625,302.0034484863281,229.3466339111328,2,19,47,23,2,1,3,126,1,1,MaxDuration,,,,,,,,,
training_episode,1971366,1823.466251400001,1081.1091230706606,53364503,24077.33203125,301.0024719238281,240.77330017089844,0,20,42,24,5,4,5,143,3,1,MaxDuration,,,,,,,,,
ppo_rollout,1972224,1823.9165390999988,1081.3126355952575,,,,,,,,,,,,,,,,,,,-0.016220378062765425,2.047401800751686,-0.3724711780746778,0.9334269165992737,0.019175494,0.16383463541666668
training_episode,1976880,1826.8156963000001,1082.1452892067532,3513499,28554.666015625,305.1264953613281,285.046630859375,1,13,47,28,3,3,5,157,2,1,MaxDuration,,,,,,,,,
ppo_rollout,1978368,1827.564924000002,1082.5158515681808,,,,,,,,,,,,,,,,,,,-0.011833324619025613,1.8336612155040106,-0.35833944504459697,0.9934319257736206,0.021141501,0.15769856770833332
training_episode,1979472,1828.6688109999996,1082.4661021683496,72110994,1586.4146728515625,67.5460205078125,14.364147186279297,3,3,12,2,0,0,0,39,0,0,LivesExhausted,,,,,,,,,
training_episode,1982292,1830.130654200002,1083.1423403847152,43938893,26254.666015625,301.6831359863281,262.546630859375,0,16,48,27,1,4,6,116,2,1,MaxDuration,,,,,,,,,
ppo_rollout,1984512,1831.3036446000006,1083.6608149892388,,,,,,,,,,,,,,,,,,,-0.015682469013457496,2.011530739068985,-0.35019135077794394,0.9923233985900879,0.019659245,0.15408528645833333
training_episode,1986354,1832.7970281999987,1083.7828572598737,24773486,23034.666015625,301.5429992675781,229.34661865234375,2,27,44,23,5,1,2,178,1,1,MaxDuration,,,,,,,,,
training_episode,1989714,1834.529865200002,1084.5906832828148,33675451,1425.7916259765625,61.805633544921875,12.757916450500488,3,3,13,2,0,0,1,36,1,1,LivesExhausted,,,,,,,,,
ppo_rollout,1990656,1835.0340104999996,1084.806051882165,,,,,,,,,,,,,,,,,,,-0.014469273786138123,1.7345401873191197,-0.3397448097666105,0.9926011562347412,0.026329508,0.1556640625
ppo_rollout,1996800,1838.6886368999985,1085.9913744648875,,,,,,,,,,,,,,,,,,,-0.010689808498136699,2.9664343973000844,-0.3364113003015518,0.9812549352645874,0.017955856,0.12918294270833333
validation,2000004,,,,,,,,,,,,,,,,,,22419.92903137207,26254.666015625,9348.51273359314,,,,,,
ppo_rollout,2002944,2103.7289751999997,952.0922246220342,,,,,,,,,,,,,,,,,,,-0.013456398632843047,1.6767488241195678,-0.33768916527430215,0.9885395765304565,0.020405764,0.14482421875
training_episode,2004096,2104.919488800002,952.1010236560256,39854462,27389.33203125,303.7351379394531,273.3932800292969,1,22,49,27,6,5,3,128,3,1,MaxDuration,,,,,,,,,
training_episode,2005206,2105.466597900002,952.3808176296874,17442456,29750.666015625,303.5349426269531,297.0066223144531,1,28,44,30,4,2,5,137,1,1,MaxDuration,,,,,,,,,
ppo_rollout,2009088,2107.5005831000017,953.3036508320947,,,,,,,,,,,,,,,,,,,-0.01516690988598081,1.9643472184737523,-0.3359008563061555,0.9779542684555054,0.017708125,0.14197591145833333
training_episode,2009568,2108.310119900001,953.1652772673289,53678690,750.7927856445312,36.339908599853516,6.007927894592285,3,3,10,1,0,0,0,13,0,0,LivesExhausted,,,,,,,,,
training_episode,2013654,2110.3893088000004,954.1623394334737,38492985,24077.33203125,306.4377746582031,239.77330017089844,2,23,44,24,6,4,2,138,4,1,MaxDuration,,,,,,,,,
ppo_rollout,2015232,2111.2011999999995,954.5428450874319,,,,,,,,,,,,,,,,,,,-0.013854242035692247,2.010157120227814,-0.33044330154856044,0.9926766157150269,0.024607353,0.17548828125
training_episode,2015616,2111.941816499999,954.3899288572096,57867850,23034.666015625,301.1426086425781,228.3466339111328,4,16,48,23,4,4,4,141,0,1,MaxDuration,,,,,,,,,
training_episode,2016744,2112.5099827000013,954.6672046597372,32942348,1373.982177734375,59.76597595214844,11.739821434020996,4,4,11,2,1,0,1,33,2,0,LivesExhausted,,,,,,,,,
training_episode,2018658,2113.4844435000014,955.1326512993086,25087673,529.440185546875,25.35048484802246,3.7944016456604004,3,4,8,1,0,0,0,15,0,0,LivesExhausted,,,,,,,,,
ppo_rollout,2021376,2114.863178300002,955.7951647845371,,,,,,,,,,,,,,,,,,,-0.014196171283644313,1.8160759940743447,-0.3310278425614039,0.9911194443702698,0.02489247,0.14498697916666667
training_episode,2022960,2116.2158788999986,955.9327194215778,2047293,26254.666015625,305.0163879394531,262.546630859375,0,16,47,27,4,4,5,169,3,1,MaxDuration,,,,,,,,,
training_episode,2024790,2117.1332217000017,956.3828951558123,16185708,1573.9114990234375,67.04591369628906,14.239114761352539,3,5,15,2,0,0,0,34,0,0,LivesExhausted,,,,,,,,,
training_episode,2026026,2117.842142199999,956.6463711480303,29172104,23034.666015625,302.5840148925781,229.8466339111328,1,15,46,23,8,7,5,147,2,1,MaxDuration,,,,,,,,,
ppo_rollout,2027520,2118.5892534999984,957.0142002044294,,,,,,,,,,,,,,,,,,,-0.0095335968498451,2.9903662463029224,-0.3372829884290695,0.9863055944442749,0.019853132,0.13880208333333333
training_episode,2029224,2120.006043199999,957.1784035752228,65408338,765.2631225585938,36.9198112487793,6.1526312828063965,3,4,7,1,0,0,0,5,1,0,LivesExhausted,,,,,,,,,
training_episode,2033406,2122.122252600002,958.1945608970889,8749949,1416.7200927734375,61.455692291259766,12.667201042175293,3,3,15,2,0,0,1,30,0,1,LivesExhausted,,,,,,,,,
ppo_rollout,2033664,2122.2642166000005,958.2520329434082,,,,,,,,,,,,,,,,,,,-0.010454428215355922,2.268576579292615,-0.3418296108643214,0.9909813404083252,0.014444697,0.13310546875
ppo_rollout,2039808,2125.9779707000016,959.4680792145606,,,,,,,,,,,,,,,,,,,-0.008898390646209009,2.724517447749774,-0.33864395320415497,0.988902747631073,0.015256688,0.15081380208333334
training_episode,2040426,2126.8935055,959.3456347125979,32313974,26254.666015625,302.6941223144531,262.546630859375,0,18,49,27,2,1,3,135,3,1,MaxDuration,,,,,,,,,
ppo_rollout,2045952,2129.9119133999993,960.5805700828382,,,,,,,,,,,,,,,,,,,-0.013872798807763804,1.718174504240354,-0.3393036914368471,0.9869779944419861,0.018023906,0.15595703125
training_episode,2049738,2132.4657396000002,961.2055949768657,13043838,26254.666015625,300.6521301269531,262.046630859375,1,31,43,27,1,1,5,121,1,1,MaxDuration,,,,,,,,,
ppo_rollout,2052096,2133.6528899000004,961.7759335241157,,,,,,,,,,,,,,,,,,,-0.015311091463081539,1.7612587650616964,-0.32940623089671134,0.9827967882156372,0.022360831,0.16171875
training_episode,2055222,2135.7793308,962.2819971903064,12206006,27389.33203125,304.6560363769531,273.8932800292969,0,17,47,27,6,4,4,136,2,1,MaxDuration,,,,,,,,,
ppo_rollout,2058240,2137.3904435000004,962.9686547253432,,,,,,,,,,,,,,,,,,,-0.015840094781015068,1.6052744194865227,-0.3163251169025898,0.9837475419044495,0.024334138,0.18142903645833333
training_episode,2059686,2138.7116781000004,963.0498683346576,72529910,26254.666015625,306.0273742675781,262.046630859375,1,27,46,27,3,6,3,141,2,1,MaxDuration,,,,,,,,,
ppo_rollout,2064384,2141.1493133000004,964.1476132359553,,,,,,,,,,,,,,,,,,,-0.012427291698986664,1.8212382937471072,-0.30388859535257023,0.9909440875053406,0.0253816,0.172900390625
training_episode,2065254,2142.177577300001,964.0909427326957,46661847,26254.666015625,300.2317199707031,262.546630859375,0,24,47,27,1,4,4,122,4,1,MaxDuration,,,,,,,,,
training_episode,2067132,2143.1603882000018,964.5251057183561,29486291,2480.090087890625,99.24279022216797,22.300899505615234,5,7,18,3,2,2,1,32,1,1,LivesExhausted,,,,,,,,,
training_episode,2067150,2143.1735135000017,964.5275974991646,26658608,1434.667724609375,62.155574798583984,12.84667682647705,3,3,12,2,0,0,0,44,0,0,LivesExhausted,,,,,,,,,
training_episode,2069682,2144.4534136,965.1326472630255,43310519,26254.666015625,302.2837219238281,261.546630859375,2,32,41,27,3,2,4,133,1,1,MaxDuration,,,,,,,,,
ppo_rollout,2070528,2144.8842387000004,965.3332159571152,,,,,,,,,,,,,,,,,,,-0.010895801415123666,1.7489683002233505,-0.2974806425472101,0.9952135682106018,0.018937873,0.168212890625
training_episode,2076576,2148.5077372999986,966.5201404438998,48232782,29750.666015625,301.2126770019531,296.5066223144531,2,17,43,30,4,5,4,179,2,1,MaxDuration,,,,,,,,,
ppo_rollout,2076672,2148.5613305000006,966.5407128577191,,,,,,,,,,,,,,,,,,,-0.006271901119422788,3.347163968284925,-0.29966794649759926,0.9858555197715759,0.012329894,0.097802734375
ppo_rollout,2082816,2152.2041008999986,967.7595164552553,,,,,,,,,,,,,,,,,,,-0.011562213321061185,2.506887184580167,-0.2982857346534729,0.987524151802063,0.0173825,0.13489583333333333
training_episode,2085960,2154.3403328999993,968.2592708980427,41739584,26254.666015625,301.8232727050781,262.546630859375,0,19,45,27,2,2,4,123,2,1,MaxDuration,,,,,,,,,
ppo_rollout,2088960,2155.876101599999,968.9610634162433,,,,,,,,,,,,,,,,,,,-0.01317303183604963,1.417077193160852,-0.288071105380853,0.9902990460395813,0.023282724,0.174951171875
ppo_rollout,2095104,2159.6208522999987,970.12584304727,,,,,,,,,,,,,,,,,,,-0.013926913907441,1.599838387966156,-0.2774289334813754,0.9796420335769653,0.030157546,0.18307291666666667
ppo_rollout,2101248,2163.2862862,971.3222024307398,,,,,,,,,,,,,,,,,,,-0.015930308552924544,1.6979446783661842,-0.2639062337577343,0.9648779034614563,0.021148136,0.164501953125
training_episode,2101776,2164.1214088000015,971.191353430318,38283527,27389.33203125,304.2956848144531,273.3932800292969,1,19,48,27,3,5,5,124,3,1,MaxDuration,,,,,,,,,
training_episode,2103726,2165.1320398999997,971.6386627843557,44776725,27389.33203125,304.7561340332031,273.3932800292969,1,25,47,27,2,6,3,160,2,1,MaxDuration,,,,,,,,,
training_episode,2103906,2165.2284965,971.6785103285288,28753188,28554.666015625,306.4077453613281,284.546630859375,2,24,48,28,1,3,5,155,0,1,MaxDuration,,,,,,,,,
training_episode,2105898,2166.2318496000007,972.1480184075673,12939109,25150.666015625,301.7532043457031,251.5066375732422,0,33,44,26,1,3,3,130,4,1,MaxDuration,,,,,,,,,
ppo_rollout,2107392,2166.9856040999985,972.4993078000862,,,,,,,,,,,,,,,,,,,-0.013368319002135346,2.079992259542147,-0.25499052107334136,0.8083561658859253,0.01952832,0.149658203125
training_episode,2112696,2170.182714900002,973.5106567270532,36293676,26254.666015625,300.9624328613281,261.546630859375,2,26,39,27,6,5,5,132,2,1,MaxDuration,,,,,,,,,
ppo_rollout,2113536,2170.6039015999995,973.7087445765975,,,,,,,,,,,,,,,,,,,-0.013813250040402635,1.9853288357456524,-0.2554944547514121,0.9943315386772156,0.020825984,0.15626627604166668
ppo_rollout,2119680,2174.2841856000014,974.8863621592625,,,,,,,,,,,,,,,,,,,-0.01214439690617534,2.2820265566309295,-0.2529314858218034,0.9867075681686401,0.017533902,0.134130859375
training_episode,2122188,2176.1363119999987,975.2091301898193,49175343,28554.666015625,301.8733215332031,285.046630859375,1,18,47,28,1,3,8,131,1,1,MaxDuration,,,,,,,,,
ppo_rollout,2125824,2178.004808400001,976.0419223140588,,,,,,,,,,,,,,,,,,,-0.01540371124089385,1.658534690241019,-0.24542821769913037,0.9855176210403442,0.021973953,0.17726236979166668
training_episode,2129004,2180.1988304000006,976.5182745325077,42786874,1283.002197265625,56.7664794921875,11.330021858215332,3,3,12,2,0,0,0,32,0,0,LivesExhausted,,,,,,,,,
ppo_rollout,2131968,2181.723735200001,977.1943008194665,,,,,,,,,,,,,,,,,,,-0.01362898329583307,1.5133243704835573,-0.24346581026911734,0.9892466068267822,0.021342238,0.17014973958333332
ppo_rollout,2138112,2185.453443999999,978.3379306797996,,,,,,,,,,,,,,,,,,,-0.009651948129370187,1.9591594691077867,-0.24804688294728597,0.9877625703811646,0.019417016,0.146533203125
training_episode,2138310,2186.123152799999,978.1287926351451,23097822,27389.33203125,304.4358215332031,272.8932800292969,2,27,48,27,4,5,5,158,0,1,MaxDuration,,,,,,,,,
training_episode,2140086,2187.0295321000012,978.5354832154801,3408770,27389.33203125,302.9443664550781,273.3932800292969,1,23,44,27,3,2,8,117,3,1,MaxDuration,,,,,,,,,
training_episode,2140620,2187.3010170000016,978.6581651829399,69073853,27389.33203125,305.9372863769531,272.8932800292969,2,20,47,27,4,3,2,139,4,1,MaxDuration,,,,,,,,,
training_episode,2142648,2188.3244648,979.1271972987906,29381562,27389.33203125,306.2275695800781,273.8932800292969,0,30,45,27,6,6,2,152,2,1,MaxDuration,,,,,,,,,
ppo_rollout,2144256,2189.1442601000017,979.495065301018,,,,,,,,,,,,,,,,,,,-0.012417190602476088,2.505845367908478,-0.24421558553973835,0.976982593536377,0.016756464,0.15148111979166667
training_episode,2144448,2189.813025700001,979.2836077018495,26449150,1125.3253173828125,51.13742446899414,9.753252029418945,3,3,12,2,0,0,0,15,0,0,LivesExhausted,,,,,,,,,
training_episode,2147538,2191.427168800001,979.9723351864649,23202551,1433.235595703125,62.095584869384766,12.832355499267578,3,4,14,2,0,0,1,35,0,1,LivesExhausted,,,,,,,,,
training_episode,2148882,2192.1468773000015,980.2636959466469,43624706,26254.666015625,301.5329895019531,262.546630859375,0,21,44,27,2,5,3,185,1,1,MaxDuration,,,,,,,,,
ppo_rollout,2150400,2192.9353945000003,980.6034438558102,,,,,,,,,,,,,,,,,,,-0.012291582204246273,1.7709784487883249,-0.23409774750471116,0.9943532943725586,0.024542792,0.16940104166666667
training_episode,2151714,2194.1721700000016,980.6495722712582,31685600,2276.933837890625,92.42133331298828,20.769338607788086,4,4,20,3,1,0,0,9,1,0,LivesExhausted,,,,,,,,,
ppo_rollout,2156544,2196.6750242000016,981.7310144842127,,,,,,,,,,,,,,,,,,,-0.0059148650970504,2.999571156005065,-0.23160050734877585,0.9809125661849976,0.021199338,0.138671875
ppo_rollout,2162688,2200.3503972,982.8834547225177,,,,,,,,,,,,,,,,,,,-0.008766990622583156,2.6220091844598454,-0.23797389219204584,0.9795604348182678,0.023153117,0.15519205729166666
training_episode,2165676,2202.4761332000016,983.291472427202,35665302,28554.666015625,305.5869445800781,284.546630859375,2,32,46,28,2,6,5,188,2,1,MaxDuration,,,,,,,,,
ppo_rollout,2168832,2204.1412278999996,983.9805056712992,,,,,,,,,,,,,,,,,,,-0.015025156346382573,2.038137186070283,-0.24223222558697063,0.9740009307861328,0.019757668,0.13912760416666667
training_episode,2174670,2207.756368800001,985.0135779166682,49489530,1788.6973876953125,74.9375991821289,16.386974334716797,3,3,15,2,0,0,0,41,0,0,LivesExhausted,,,,,,,,,
ppo_rollout,2174976,2207.917991800001,985.0800655086175,,,,,,,,,,,,,,,,,,,-0.014903449381624039,1.6266683752338091,-0.23461524695158004,0.9856176376342773,0.018386303,0.164404296875
training_episode,2178702,2210.374805899999,985.6708437793187,24249841,26254.666015625,300.4219055175781,261.546630859375,2,26,46,27,3,1,1,135,2,1,MaxDuration,,,,,,,,,
training_episode,2180502,2211.2978877999994,986.0733879546921,1209461,26254.666015625,300.3918762207031,260.546630859375,4,26,46,27,6,2,6,147,0,1,MaxDuration,,,,,,,,,
ppo_rollout,2181120,2211.6156993000004,986.2111218917225,,,,,,,,,,,,,,,,,,,-0.013459106889786198,2.7355230192343396,-0.23238349656263987,0.9841734766960144,0.019438459,0.14095052083333334
training_episode,2182218,2212.7084453999996,986.2203059497575,23621467,1453.3018798828125,62.895450592041016,13.033019065856934,3,3,9,2,1,0,1,41,0,1,LivesExhausted,,,,,,,,,
training_episode,2183856,2213.5347058000007,986.5921660400286,12415464,26254.666015625,302.6340637207031,261.546630859375,2,26,44,27,1,3,6,160,2,1,MaxDuration,,,,,,,,,
training_episode,2184984,2214.085354400002,986.8562635391768,59019869,25150.666015625,300.8323059082031,251.0066375732422,1,24,44,26,3,4,3,143,1,1,MaxDuration,,,,,,,,,
ppo_rollout,2187264,2215.233085,987.3742022050019,,,,,,,,,,,,,,,,,,,-0.013637521983279536,2.107428842286269,-0.22714106999337674,0.9910680055618286,0.021777228,0.15851236979166666
training_episode,2188464,2216.430519400001,987.3821808736096,15662063,25150.666015625,306.2375793457031,251.5066375732422,0,24,46,26,3,4,4,109,2,1,MaxDuration,,,,,,,,,
training_episode,2190306,2217.3345329000003,987.8103495440309,37759882,330.437255859375,15.330255508422852,1.8043725490570068,3,3,5,1,0,0,0,5,0,0,LivesExhausted,,,,,,,,,
ppo_rollout,2193408,2218.8737041999993,988.523139396444,,,,,,,,,,,,,,,,,,,-0.013493879492549847,1.8843295991420745,-0.2218073279907306,0.9907522201538086,0.019384444,0.14908854166666666
ppo_rollout,2199552,2222.5537463,989.6507581252906,,,,,,,,,,,,,,,,,,,-0.007967342374225457,1.9964535156885783,-0.22650634596745173,0.9831784963607788,0.02046058,0.14025065104166667
training_episode,2200146,2223.413526200002,989.5352232385812,35770031,1982.46484375,81.98910522460938,18.324647903442383,3,4,19,2,2,3,0,33,1,0,LivesExhausted,,,,,,,,,
ppo_rollout,2205696,2226.2393254000017,990.7721846588481,,,,,,,,,,,,,,,,,,,-0.008447187079582363,1.8188119118412336,-0.22108930721879005,0.984958827495575,0.024262154,0.16121419270833334
ppo_rollout,2211840,2229.8762141000007,991.911562630269,,,,,,,,,,,,,,,,,,,-0.013172592965808387,1.5441197300950686,-0.21910319079955418,0.990729808807373,0.025567463,0.16487630208333334
training_episode,2215158,2232.1259831999996,992.398286061043,11891819,29750.666015625,303.7451477050781,297.5066223144531,0,26,47,30,0,1,5,167,0,1,MaxDuration,,,,,,,,,
training_episode,2217150,2233.1294893000013,992.8443516703502,25297131,27389.33203125,305.3567199707031,273.3932800292969,1,25,44,27,3,2,1,135,3,1,MaxDuration,,,,,,,,,
ppo_rollout,2217984,2233.542010000001,993.034377714704,,,,,,,,,,,,,,,,,,,-0.015031371758474658,1.8703495616714159,-0.22329349492986997,0.9851710200309753,0.020677945,0.15179036458333334
training_episode,2218422,2234.3226012000014,992.8834801243735,48337511,26254.666015625,301.6831359863281,262.046630859375,1,17,51,27,6,4,3,136,1,1,MaxDuration,,,,,,,,,
training_episode,2220294,2235.2589087000015,993.3050669693092,51060465,27389.33203125,303.5950012207031,272.3932800292969,3,19,49,27,3,6,5,100,1,1,MaxDuration,,,,,,,,,
training_episode,2221704,2235.9520722000016,993.6277380999574,63942132,24077.33203125,305.9773254394531,239.77330017089844,2,24,47,24,2,5,4,111,3,1,MaxDuration,,,,,,,,,
training_episode,2223942,2237.0836100000015,994.1255615385777,64570506,995.2765502929688,45.998287200927734,8.452765464782715,3,3,13,1,0,0,0,19,0,0,LivesExhausted,,,,,,,,,
ppo_rollout,2224128,2237.1836121000015,994.164264377144,,,,,,,,,,,,,,,,,,,-0.01172509418684058,2.206655639906724,-0.21726295029123624,0.9856246113777161,0.018955225,0.15895182291666668
ppo_rollout,2230272,2240.8448242000013,995.2817686946369,,,,,,,,,,,,,,,,,,,-0.009354097617324442,1.8849606439471245,-0.2130706500262022,0.9903897643089294,0.024028754,0.15721028645833332
training_episode,2233758,2243.1582430000017,995.8093714389807,71273162,1977.1890869140625,81.7890625,17.77189064025879,4,4,11,2,1,0,0,32,0,0,LivesExhausted,,,,,,,,,
ppo_rollout,2236416,2244.5298828999985,996.3850412677442,,,,,,,,,,,,,,,,,,,-0.01182299125357531,1.5427400802572568,-0.2146203774958849,0.9884080290794373,0.024910012,0.16422526041666666
training_episode,2236698,2245.2438389000017,996.193803651995,29695749,24077.33203125,304.5459289550781,239.77330017089844,2,23,47,24,4,4,3,141,0,1,MaxDuration,,,,,,,,,
training_episode,2239740,2246.826851599999,996.8458399030827,14300586,1091.672607421875,49.81764602661133,9.416726112365723,3,3,12,2,0,0,0,28,0,0,LivesExhausted,,,,,,,,,
ppo_rollout,2242560,2248.286345200002,997.4530178452458,,,,,,,,,,,,,,,,,,,-0.013387684617191553,2.3359101484219233,-0.214891654253006,0.9843456149101257,0.018664172,0.144140625
ppo_rollout,2248704,2251.9948664000003,998.5386883206971,,,,,,,,,,,,,,,,,,,-0.006475718775376057,1.9693503638108572,-0.2194306639333566,0.9896440505981445,0.02132258,0.15906575520833333
training_episode,2251206,2253.817783800001,998.8411734884808,65198880,26254.666015625,300.3718566894531,262.046630859375,1,25,46,27,6,2,3,169,2,1,MaxDuration,,,,,,,,,
training_episode,2253246,2254.845374200002,999.290694511339,59962430,26254.666015625,300.7622375488281,261.546630859375,2,20,44,27,5,1,4,165,2,1,MaxDuration,,,,,,,,,
ppo_rollout,2254848,2255.6505829999987,999.644190015046,,,,,,,,,,,,,,,,,,,-0.011401359849454213,2.309776893258095,-0.21603829277058442,0.9739798307418823,0.021074226,0.172021484375
training_episode,2256696,2257.214925,999.7701038592945,69388040,28554.666015625,303.3347473144531,285.046630859375,1,30,46,28,3,4,8,158,2,1,MaxDuration,,,,,,,,,
training_episode,2258130,2257.9872504999985,1000.063219798947,8540491,27389.33203125,303.5049133300781,272.8932800292969,2,25,44,27,3,2,4,108,2,1,MaxDuration,,,,,,,,,
ppo_rollout,2260992,2259.4769903000015,1000.6705134447053,,,,,,,,,,,,,,,,,,,-0.012334716176458945,1.8324211900432905,-0.21354950442910195,0.9907202124595642,0.020495994,0.15657552083333334
training_episode,2261334,2260.2313992000018,1000.4878265120946,43101061,808.8002319335938,38.62952423095703,6.588002681732178,3,4,10,1,0,0,1,8,1,0,LivesExhausted,,,,,,,,,
training_episode,2265126,2262.2624588,1001.2657864647231,62161739,630.5840454101562,31.590627670288086,4.805840492248535,3,3,6,1,0,0,0,4,0,0,LivesExhausted,,,,,,,,,
ppo_rollout,2267136,2263.298447500001,1001.6955574304562,,,,,,,,,,,,,,,,,,,-0.010430176779239748,1.8678708533445993,-0.21924870200455188,0.9935433268547058,0.031554844,0.166650390625
training_episode,2267604,2264.0794613,1001.5567204067902,57448934,1889.3057861328125,78.908447265625,16.893056869506836,4,5,15,2,2,1,0,47,3,0,LivesExhausted,,,,,,,,,
training_episode,2269188,2264.8763279000013,1001.9037119364466,33465993,687.681884765625,33.85032653808594,5.376818656921387,3,3,9,1,0,0,0,14,2,0,LivesExhausted,,,,,,,,,
ppo_rollout,2273280,2266.9117751000013,1002.8092072086563,,,,,,,,,,,,,,,,,,,-0.008732434831714878,3.2941412483652432,-0.21819001473486424,0.988620400428772,0.013390797,0.14573567708333332
training_episode,2273472,2267.577345400001,1002.5995384951067,52945587,27389.33203125,306.4177551269531,273.3932800292969,1,31,46,27,3,4,9,136,5,1,MaxDuration,,,,,,,,,
training_episode,2275890,2268.8370366000017,1003.1086249414227,51165194,26254.666015625,301.2226867675781,262.546630859375,0,22,45,27,2,2,2,154,2,1,MaxDuration,,,,,,,,,
ppo_rollout,2279424,2270.695470900002,1003.8439893027745,,,,,,,,,,,,,,,,,,,-0.01192661670114224,2.292388824125131,-0.21230814593533676,0.9913358092308044,0.019574044,0.12819010416666668
training_episode,2279832,2271.4848931999986,1003.6747357752586,31476142,1187.2861328125,52.977115631103516,9.8728609085083,4,5,12,2,1,1,1,33,0,0,LivesExhausted,,,,,,,,,
ppo_rollout,2285568,2274.415291699999,1004.903549646672,,,,,,,,,,,,,,,,,,,-0.013114145590225234,2.7862097596128783,-0.21040859383841357,0.9870583415031433,0.019834219,0.13369140625
training_episode,2287302,2275.8496457,1005.0321225400975,72425181,1436.702880859375,62.24555969238281,12.367029190063477,4,4,13,2,1,0,0,41,0,0,LivesExhausted,,,,,,,,,
training_episode,2287854,2276.1323121999994,1005.1498270716394,33361264,24077.33203125,305.3467102050781,240.27330017089844,1,25,47,24,5,4,1,145,2,1,MaxDuration,,,,,,,,,
training_episode,2289438,2276.9340869000007,1005.4915569018615,66455628,24077.33203125,301.5530090332031,239.27330017089844,3,24,45,24,3,3,6,161,2,1,MaxDuration,,,,,,,,,
ppo_rollout,2291712,2278.092805,1005.9783319494746,,,,,,,,,,,,,,,,,,,-0.01514703802143534,1.9497845361630122,-0.2089488593240579,0.9933098554611206,0.020242453,0.14925130208333334
training_episode,2296668,2281.1724722,1006.7927909830754,64151590,1867.4840087890625,78.04826354980469,17.17483901977539,3,3,18,2,1,0,0,22,1,0,LivesExhausted,,,,,,,,,
ppo_rollout,2297856,2281.773813399999,1007.0481072688083,,,,,,,,,,,,,,,,,,,-0.0046651289056171665,1.926499384144942,-0.20275772449870905,0.9926923513412476,0.0216524,0.16949869791666666
ppo_rollout,2304000,2285.4865527,1008.1004402664845,,,,,,,,,,,,,,,,,,,-0.011286344022179644,3.4194138477245968,-0.19369502899547417,0.9878216981887817,0.01882189,0.13483072916666666
training_episode,2304222,2286.1594821,1007.9008127129471,73681929,27389.33203125,305.1064758300781,273.3932800292969,1,22,46,27,0,4,4,116,3,1,MaxDuration,,,,,,,,,
training_episode,2305416,2286.7724307999997,1008.1527872860869,23307280,26254.666015625,301.8733215332031,262.046630859375,1,22,50,27,2,3,6,147,2,1,MaxDuration,,,,,,,,,
training_episode,2306088,2287.1219371000007,1008.2925455754439,55563812,1878.417724609375,78.48835754394531,17.284175872802734,3,4,16,2,0,1,0,50,0,0,LivesExhausted,,,,,,,,,
training_episode,2309196,2288.7018040000003,1008.954506858072,1628377,879.2437744140625,41.4190559387207,7.2924370765686035,3,3,11,1,0,0,0,28,0,0,LivesExhausted,,,,,,,,,
ppo_rollout,2310144,2289.192378399999,1009.152407546737,,,,,,,,,,,,,,,,,,,-0.01733162418434707,1.8888955548405648,-0.1840581708898147,0.991647481918335,0.027158832,0.16477864583333332
training_episode,2312232,2290.8075855999996,1009.3523413029859,70435330,24077.33203125,302.8242492675781,240.27330017089844,1,25,45,24,2,5,4,178,2,1,MaxDuration,,,,,,,,,
ppo_rollout,2316288,2292.859392999999,1010.2180740221262,,,,,,,,,,,,,,,,,,,-0.009811353051918558,1.9294147064288458,-0.17393590124944847,0.9937402009963989,0.023033204,0.17985026041666666
ppo_rollout,2322432,2296.5088244,1011.2880801173377,,,,,,,,,,,,,,,,,,,-0.011340300308074803,2.1854852557182314,-0.17517830915749072,0.9904213547706604,0.02516718,0.15797526041666668
training_episode,2323458,2297.6145413000013,1011.2479522720014,42367958,2320.7001953125,93.55157470703125,21.707002639770508,3,3,19,3,1,0,0,36,1,0,LivesExhausted,,,,,,,,,
training_episode,2324268,2298.0377322999993,1011.4142023567855,21107971,27389.33203125,303.4348449707031,273.3932800292969,1,16,48,27,5,2,5,177,2,1,MaxDuration,,,,,,,,,
training_episode,2325528,2298.700188499999,1011.6708614869464,70958975,28554.666015625,300.7221984863281,284.546630859375,2,27,42,28,1,1,3,121,5,1,MaxDuration,,,,,,,,,
ppo_rollout,2328576,2300.2626347000005,1012.308753301856,,,,,,,,,,,,,,,,,,,-0.012374436800989012,1.830455599228541,-0.1738748294611772,0.9881715774536133,0.020411447,0.160546875
ppo_rollout,2334720,2303.9240069000007,1013.3667573269643,,,,,,,,,,,,,,,,,,,-0.0071245806233491745,2.696772868434588,-0.17172284349799155,0.9891874194145203,0.021515815,0.16285807291666668
ppo_rollout,2340864,2307.635977599999,1014.3991611859678,,,,,,,,,,,,,,,,,,,-0.01408313624948884,1.7394139930605887,-0.17211535374323528,0.9918496608734131,0.03270197,0.187109375
training_episode,2341626,2308.562347700001,1014.3221829520611,68654937,25150.666015625,301.7331848144531,251.5066375732422,0,27,47,26,3,3,4,145,1,1,MaxDuration,,,,,,,,,
training_episode,2342106,2308.8079174999984,1014.4221969474434,69911685,23034.666015625,300.1116027832031,229.8466339111328,1,24,47,23,2,7,1,139,1,1,MaxDuration,,,,,,,,,
training_episode,2345454,2310.5326152000016,1015.1139977727497,51793568,29750.666015625,302.1335754394531,297.0066223144531,1,31,45,30,1,3,7,122,0,1,MaxDuration,,,,,,,,,
ppo_rollout,2347008,2311.3324041999986,1015.4350779382378,,,,,,,,,,,,,,,,,,,-0.01513510345442531,2.5638919323682785,-0.16527344870070618,0.9814279675483704,0.016593093,0.15240885416666666
ppo_rollout,2353152,2314.9770697999993,1016.490413964791,,,,,,,,,,,,,,,,,,,-0.012085203376288215,2.006229351957639,-0.1551137720545133,0.9923000335693359,0.030338958,0.177294921875
training_episode,2356098,2317.0034860000014,1016.8728766427064,53155045,2167.182861328125,88.69053649902344,20.171829223632812,3,4,18,3,1,1,0,48,0,0,LivesExhausted,,,,,,,,,
ppo_rollout,2359296,2318.6390606999994,1017.5348289387164,,,,,,,,,,,,,,,,,,,-0.011468406747250507,2.2255570605397224,-0.14856392939885457,0.9905303716659546,0.020849643,0.15730794270833334
training_episode,2359740,2319.450255399999,1017.3703852911701,26972795,28554.666015625,302.3337707519531,285.546630859375,0,19,46,28,0,7,7,158,3,1,MaxDuration,,,,,,,,,
training_episode,2361036,2320.1190965999995,1017.6356909694687,23830925,29750.666015625,306.3677062988281,296.5066223144531,2,27,47,30,7,7,5,139,4,1,MaxDuration,,,,,,,,,
training_episode,2361960,2320.5882133999985,1017.8281464850611,24354570,24077.33203125,303.5549621582031,238.77330017089844,4,28,44,24,2,2,1,153,2,1,MaxDuration,,,,,,,,,
ppo_rollout,2365440,2322.4346907,1018.5173384949043,,,,,,,,,,,,,,,,,,,-0.008993373025441542,2.705446934203307,-0.1382201353708903,0.9856280088424683,0.027275046,0.1666015625
training_episode,2371026,2325.948139799999,1019.3804235909909,35036928,1803.1947021484375,75.50772094726562,16.531946182250977,3,5,17,2,0,1,0,26,1,0,LivesExhausted,,,,,,,,,
ppo_rollout,2371584,2326.2324193999993,1019.4957220189108,,,,,,,,,,,,,,,,,,,-0.014085544471163303,1.4910313750306765,-0.13148241837819416,0.9951729774475098,0.03452942,0.19996744791666668
training_episode,2376438,2329.276042199999,1020.2474747284381,44567267,971.5121459960938,45.068443298339844,8.215121269226074,3,3,8,1,0,0,0,10,0,0,LivesExhausted,,,,,,,,,
ppo_rollout,2377728,2329.943227399999,1020.508985814785,,,,,,,,,,,,,,,,,,,-0.007194421939008559,2.7947242384155593,-0.12389079133669535,0.989325225353241,0.01966601,0.15714518229166666
training_episode,2378238,2330.761733700001,1020.3694206977699,52317213,27389.33203125,305.0864562988281,273.3932800292969,1,18,45,27,8,2,2,141,0,1,MaxDuration,,,,,,,,,
training_episode,2378856,2331.089750700001,1020.4909524764782,21003242,30977.33203125,306.2275695800781,309.7732849121094,0,31,45,31,4,3,13,170,4,1,MaxDuration,,,,,,,,,
training_episode,2381778,2332.5793452,1021.0919533782384,12729651,601.2647094726562,29.480579376220703,4.512646675109863,3,3,9,1,0,0,0,20,0,0,LivesExhausted,,,,,,,,,
ppo_rollout,2383872,2333.6501215999997,1021.5207403779823,,,,,,,,,,,,,,,,,,,-0.013209164435587202,2.0844322800636292,-0.11245526075363159,0.9935740828514099,0.021012582,0.161083984375
training_episode,2385096,2334.8475733000014,1021.521073698605,37550424,530.8988647460938,27.650537490844727,3.808988571166992,3,4,8,1,0,0,0,18,1,0,LivesExhausted,,,,,,,,,
ppo_rollout,2390016,2337.4307138000004,1022.4970459614227,,,,,,,,,,,,,,,,,,,-0.009164716020071259,1.874930788576603,-0.11021830340226492,0.9948739409446716,0.030808635,0.18828125
training_episode,2392752,2339.411710700002,1022.8007276598771,65931983,30977.33203125,305.4367980957031,309.2732849121094,1,41,43,31,1,3,8,176,0,1,MaxDuration,,,,,,,,,
training_episode,2395806,2340.9799107,1023.4201451492191,39749733,26254.666015625,300.5019836425781,262.046630859375,1,29,45,27,2,2,3,112,3,1,MaxDuration,,,,,,,,,
ppo_rollout,2396160,2341.1639907999997,1023.4908829181195,,,,,,,,,,,,,,,,,,,-0.01494626367930323,2.228051978846391,-0.10903598566850027,0.9927634000778198,0.027404813,0.16570638020833334
training_episode,2397126,2342.2340692,1023.4357152949913,53469232,26254.666015625,300.7322082519531,262.046630859375,1,22,47,27,4,1,6,116,1,1,MaxDuration,,,,,,,,,
ppo_rollout,2402304,2344.8239046000017,1024.5136085858028,,,,,,,,,,,,,,,,,,,-0.009846678886484975,2.814407792190711,-0.10381092230478922,0.9828587174415588,0.021353023,0.15284830729166668
training_episode,2403420,2345.9925779000005,1024.4789444949588,59334056,1466.2579345703125,63.405364990234375,13.162579536437988,3,4,8,2,0,0,1,25,0,1,LivesExhausted,,,,,,,,,
training_episode,2405412,2347.0015198,1024.8872783878628,22469448,345.5126037597656,16.570283889770508,1.9551258087158203,3,3,7,1,0,0,0,10,0,0,LivesExhausted,,,,,,,,,
ppo_rollout,2408448,2348.5306524000007,1025.5126955821372,,,,,,,,,,,,,,,,,,,-0.01368534587090835,2.1757772932449977,-0.0940262238184611,0.9913833737373352,0.022801021,0.16140950520833333
training_episode,2413002,2351.440839400002,1026.1801868745742,42053771,28554.666015625,304.6560363769531,285.046630859375,1,23,47,28,5,2,2,166,3,1,MaxDuration,,,,,,,,,
ppo_rollout,2414592,2352.2671016999993,1026.4956723047983,,,,,,,,,,,,,,,,,,,-0.011315151651312286,2.5132438932855923,-0.08835424880186717,0.986946165561676,0.018315766,0.15470377604166666
training_episode,2415456,2353.2498073999996,1026.4341645346735,32628161,24077.33203125,304.9763488769531,239.77330017089844,2,31,47,24,2,2,2,184,2,1,MaxDuration,,,,,,,,,
ppo_rollout,2420736,2355.941560899999,1027.5025663519637,,,,,,,,,,,,,,,,,,,-0.015074632751444975,2.1545072734355926,-0.0836670051018397,0.9914911985397339,0.025708398,0.17166341145833333
training_episode,2421426,2356.8619997999995,1027.394052008764,4665518,27389.33203125,302.7041320800781,272.8932800292969,2,33,40,27,5,3,6,175,2,1,MaxDuration,,,,,,,,,
ppo_rollout,2426880,2359.6175360000016,1028.505663724648,,,,,,,,,,,,,,,,,,,-0.011157654718651126,2.0983603517214457,-0.0798383355140686,0.988337516784668,0.025057936,0.1716796875
training_episode,2427126,2360.2963523,1028.3140918448134,72844097,2428.76611328125,97.21235656738281,22.28765869140625,4,5,18,3,1,0,0,43,3,0,LivesExhausted,,,,,,,,,
training_episode,2429394,2361.4506275999993,1028.7718792872047,45614557,27389.33203125,305.3066711425781,272.8932800292969,2,46,40,27,4,6,4,190,0,1,MaxDuration,,,,,,,,,
training_episode,2430468,2362.003806500001,1028.985640629195,68026563,1798.0374755859375,75.30767822265625,15.480375289916992,5,5,16,2,2,0,0,26,0,0,LivesExhausted,,,,,,,,,
ppo_rollout,2433024,2363.3288323000015,1029.4902540634478,,,,,,,,,,,,,,,,,,,-0.006083285309917604,2.3004531006018323,-0.08123325804869334,0.9893971681594849,0.022137774,0.202490234375
training_episode,2433744,2364.2511581,1029.393172405527,25820776,28554.666015625,305.1164855957031,285.046630859375,1,28,49,28,3,0,5,141,3,1,MaxDuration,,,,,,,,,
training_episode,2437182,2365.989120000002,1030.0901130094792,11682361,1261.1624755859375,55.90662384033203,11.111624717712402,3,3,14,2,0,0,2,16,1,1,LivesExhausted,,,,,,,,,
ppo_rollout,2439168,2366.9991475999996,1030.4895979676103,,,,,,,,,,,,,,,,,,,-0.011041187542044402,2.2949233333269756,-0.08136117060979207,0.9935637712478638,0.021354979,0.16199544270833333
training_episode,2439810,2367.8837944000006,1030.3757328675097,33047077,1109.95068359375,50.53752517700195,9.599506378173828,3,3,14,2,0,0,1,19,1,0,LivesExhausted,,,,,,,,,
training_episode,2441826,2368.8688766999985,1030.7982953457667,56820560,26254.666015625,303.4348449707031,261.046630859375,3,33,45,27,4,3,1,148,1,1,MaxDuration,,,,,,,,,
training_episode,2443326,2369.6264874000008,1031.1017424019697,28334272,1126.2713623046875,51.187416076660156,9.762713432312012,3,3,12,2,0,0,0,17,2,0,LivesExhausted,,,,,,,,,
training_episode,2445222,2370.5821362999995,1031.4858795892633,21317429,331.4812316894531,15.780265808105469,1.814812183380127,3,3,6,1,0,0,1,0,0,0,LivesExhausted,,,,,,,,,
ppo_rollout,2445312,2370.6342160999993,1031.5011836886652,,,,,,,,,,,,,,,,,,,-0.010315734931888679,3.640684738755226,-0.07530214190483094,0.9876211881637573,0.0141887395,0.14127604166666666
training_episode,2445996,2371.528316600001,1031.4007144164154,51479381,723.78515625,34.710182189941406,5.737851142883301,3,3,11,1,1,0,0,5,2,0,LivesExhausted,,,,,,,,,
training_episode,2449332,2373.207478299999,1032.07663990446,45928744,697.3829345703125,34.230262756347656,5.47382926940918,3,4,5,1,0,0,0,14,0,0,LivesExhausted,,,,,,,,,
training_episode,2449374,2373.232988399999,1032.0832433950507,27705898,29750.666015625,303.0845031738281,297.5066223144531,0,30,47,30,1,1,4,126,2,1,MaxDuration,,,,,,,,,
ppo_rollout,2451456,2374.3035440999993,1032.494773505991,,,,,,,,,,,,,,,,,,,-0.010733638853222753,3.1812686185042063,-0.0743661344051361,0.9891345500946045,0.039433215,0.16201171875
training_episode,2453976,2376.1411049000017,1032.7568488838856,15452605,800.6672973632812,38.30957794189453,6.5066728591918945,3,4,9,1,1,1,0,26,0,0,LivesExhausted,,,,,,,,,
ppo_rollout,2457600,2377.9527848,1033.4940271771204,,,,,,,,,,,,,,,,,,,-0.013401221774984151,2.245308598379294,-0.07850281596183777,0.9912301301956177,0.028148795,0.183837890625
ppo_rollout,2463744,2381.608511300001,1034.4874013971194,,,,,,,,,,,,,,,,,,,-0.010589698553667403,2.6935654496153196,-0.08655081192652385,0.9892476201057434,0.024593724,0.19588216145833334
training_episode,2463804,2382.214168300001,1034.2495787262585,36503134,26254.666015625,305.5969543457031,261.046630859375,3,30,48,27,3,3,3,182,3,1,MaxDuration,,,,,,,,,
training_episode,2465928,2383.294819999999,1034.6718246129535,12310735,27389.33203125,304.4057922363281,273.3932800292969,1,30,45,27,1,3,5,105,2,1,MaxDuration,,,,,,,,,
ppo_rollout,2469888,2385.3126950000005,1035.4566951231523,,,,,,,,,,,,,,,,,,,-0.01555864411056973,1.9550181443492571,-0.08608151376247405,0.9616968631744385,0.029786915,0.19523111979166666
training_episode,2470446,2386.1616534999994,1035.3221444055866,7807388,1245.9825439453125,55.306724548339844,10.959824562072754,3,3,14,2,0,0,0,14,0,0,LivesExhausted,,,,,,,,,
ppo_rollout,2476032,2389.0764850000014,1036.3971248078308,,,,,,,,,,,,,,,,,,,-0.016075028160897394,1.8538677528500558,-0.08614315291245779,0.9955204129219055,0.025165776,0.178857421875
training_episode,2476560,2389.9065020000016,1036.2581121594012,10844529,27389.33203125,306.2375793457031,273.3932800292969,1,22,50,27,4,4,4,95,3,1,MaxDuration,,,,,,,,,
ppo_rollout,2482176,2392.8941430000013,1037.3112439015229,,,,,,,,,,,,,,,,,,,-0.016307987459003925,2.6867328534523645,-0.0822172353665034,0.9917130470275879,0.020009257,0.15384114583333333
training_episode,2482398,2393.5658788,1037.1128791510578,19432307,27389.33203125,303.3047180175781,273.3932800292969,1,26,50,27,5,0,5,144,3,1,MaxDuration,,,,,,,,,
training_episode,2485458,2395.114826699999,1037.7197670411804,33989638,26254.666015625,301.0024719238281,262.546630859375,0,28,43,27,5,2,5,134,1,1,MaxDuration,,,,,,,,,
ppo_rollout,2488320,2396.5833396000016,1038.2781015307023,,,,,,,,,,,,,,,,,,,-0.013343761649836475,2.171243740618229,-0.0774477869272232,0.9907606244087219,0.01912614,0.152734375
training_episode,2490072,2398.0312931000008,1038.381778905402,8226304,27389.33203125,300.7422180175781,273.8932800292969,0,29,49,27,0,4,8,197,0,1,MaxDuration,,,,,,,,,
ppo_rollout,2494464,2400.291991500002,1039.2335635970471,,,,,,,,,,,,,,,,,,,-0.011463634999624142,2.445494683086872,-0.0738590011994044,0.9899115562438965,0.037402444,0.18517252604166667
validation,2500002,,,,,,,,,,,,,,,,,,16429.095086364745,24077.33203125,12120.221388935546,,,,,,
ppo_rollout,2500608,2614.8241897000007,956.3197441151465,,,,,,,,,,,,,,,,,,,-0.008812975087979187,3.0853827476501463,-0.07111337085564931,0.988593578338623,0.018931614,0.16253255208333334
training_episode,2502042,2616.121116800001,956.3937938242169,21526887,26254.666015625,300.9123840332031,262.046630859375,1,20,47,27,5,3,4,119,0,1,MaxDuration,,,,,,,,,
ppo_rollout,2506752,2618.5144297000006,957.3183831135866,,,,,,,,,,,,,,,,,,,-0.013955029894714244,2.280724176267783,-0.06627721687157949,0.978800892829895,0.02889841,0.1560546875
training_episode,2506842,2619.118457200002,957.1319667152312,65513067,27389.33203125,303.2446594238281,273.3932800292969,1,28,46,27,2,3,4,170,3,1,MaxDuration,,,,,,,,,
training_episode,2508018,2619.717642300002,957.3619536333182,61323907,1090.7713623046875,49.777652740478516,9.407712936401367,3,3,12,2,0,0,0,43,0,0,LivesExhausted,,,,,,,,,
training_episode,2512836,2622.1796928000003,958.3004577831805,38597714,26254.666015625,302.2637023925781,261.546630859375,2,24,46,27,4,3,8,168,2,1,MaxDuration,,,,,,,,,
ppo_rollout,2512896,2622.2182304999988,958.3092554126765,,,,,,,,,,,,,,,,,,,-0.01612946060874189,1.664687065780163,-0.06105177899201711,0.9940134286880493,0.031521175,0.20030924479166667
ppo_rollout,2519040,2625.8985470000007,959.3059118288927,,,,,,,,,,,,,,,,,,,-0.013472167668320859,1.8161554654439291,-0.056008993585904436,0.994920551776886,0.023418149,0.17044270833333333
training_episode,2519154,2626.5249656000015,959.1205235030105,26134963,25150.666015625,306.2475891113281,251.5066375732422,0,25,51,26,2,4,3,158,2,1,MaxDuration,,,,,,,,,
training_episode,2521596,2627.7529590000013,959.6016213638288,52631400,425.247314453125,20.350370407104492,2.7524728775024414,3,3,6,1,0,0,0,7,0,0,LivesExhausted,,,,,,,,,
training_episode,2521728,2627.827066400001,959.6247912366046,3094583,27389.33203125,302.2136535644531,272.8932800292969,2,28,47,27,1,4,5,182,1,1,MaxDuration,,,,,,,,,
ppo_rollout,2525184,2629.561293900002,960.306194747339,,,,,,,,,,,,,,,,,,,-0.009908877545967698,2.3332290907700854,-0.05251048803329468,0.9930955171585083,0.02798149,0.17054036458333333
training_episode,2526582,2630.824638099999,960.376439922927,62894842,27389.33203125,304.2256164550781,272.8932800292969,2,28,44,27,2,0,4,161,2,1,MaxDuration,,,,,,,,,
training_episode,2529522,2632.3343029999996,960.9425357247264,17966101,1504.8468017578125,64.92546081542969,13.548467636108398,3,3,16,2,0,0,1,15,0,1,LivesExhausted,,,,,,,,,
ppo_rollout,2531328,2633.257848600002,961.2913529701643,,,,,,,,,,,,,,,,,,,-0.01466387949573497,2.801211084425449,-0.05219489634037018,0.9891164898872375,0.020740269,0.151123046875
ppo_rollout,2537472,2636.9478007,962.2761585672674,,,,,,,,,,,,,,,,,,,-0.011404616915388032,2.2033796697854995,-0.05312760472297669,0.9936264157295227,0.019274728,0.177880859375
training_episode,2538588,2638.058305900002,962.2941215220538,10635071,1803.86962890625,75.53772735595703,16.0386962890625,4,4,16,2,1,0,0,27,0,0,LivesExhausted,,,,,,,,,
training_episode,2543352,2640.4810337000017,963.2154018679321,29276833,25150.666015625,304.2356262207031,250.5066375732422,2,29,47,26,4,4,2,125,3,1,MaxDuration,,,,,,,,,
ppo_rollout,2543616,2640.6180879999993,963.2653853123196,,,,,,,,,,,,,,,,,,,-0.013857506080239546,2.0087467218438784,-0.05259932478268941,0.993678867816925,0.020794287,0.17054036458333333
training_episode,2544588,2641.6739884000017,963.2483081461523,66769815,24077.33203125,304.7261047363281,240.27330017089844,1,29,44,24,1,3,2,137,3,1,MaxDuration,,,,,,,,,
training_episode,2547672,2643.2527644,963.839718362426,37340966,741.6993408203125,35.989967346191406,5.916993618011475,3,3,5,1,0,0,1,19,0,0,LivesExhausted,,,,,,,,,
training_episode,2548908,2643.8923533000016,964.0740466678055,57972579,23034.666015625,300.5620422363281,229.3466339111328,2,23,43,23,4,2,2,195,4,1,MaxDuration,,,,,,,,,
ppo_rollout,2549760,2644.3316347,964.2360914724188,,,,,,,,,,,,,,,,,,,-0.014076638413826004,2.00745071520408,-0.05112976829210917,0.9944919943809509,0.029053995,0.19090169270833332
training_episode,2550726,2645.361852500002,964.2257438578521,50327362,1124.8699951171875,51.12742614746094,9.748700141906738,3,5,13,2,1,0,1,24,0,0,LivesExhausted,,,,,,,,,
training_episode,2551170,2645.5883422000006,964.3110227339886,57658392,2652.75634765625,104.85398864746094,24.52756118774414,4,5,19,3,1,1,0,43,0,1,LivesExhausted,,,,,,,,,
ppo_rollout,2555904,2647.9765880000014,965.2290777730996,,,,,,,,,,,,,,,,,,,-0.015123659527550142,2.403693082431952,-0.051816593607266745,0.9932182431221008,0.020229595,0.151416015625
training_episode,2557674,2649.396673200001,965.3797884900277,45719286,24077.33203125,300.6321105957031,239.77330017089844,2,27,46,24,2,2,3,122,0,1,MaxDuration,,,,,,,,,
training_episode,2561028,2651.072277200001,966.0347709210315,35141657,2539.313232421875,100.98316192626953,23.893131256103516,3,4,17,3,2,2,0,42,0,1,LivesExhausted,,,,,,,,,
training_episode,2561646,2651.402928300002,966.1473828281727,63418487,698.3585205078125,33.070457458496094,5.483585357666016,3,3,12,1,0,0,1,0,0,0,LivesExhausted,,,,,,,,,
ppo_rollout,2562048,2651.6088079,966.22397405184,,,,,,,,,,,,,,,,,,,-0.013280234730336815,2.9681809837619464,-0.058785019318262736,0.9921247363090515,0.01728447,0.154150390625
training_episode,2563278,2652.8353991000004,966.2408760338528,69178582,27389.33203125,305.7871398925781,272.8932800292969,2,33,47,27,3,2,4,145,3,1,MaxDuration,,,,,,,,,
training_episode,2565336,2653.9422016999997,966.6133642084434,22993093,738.833251953125,35.86998748779297,5.888332366943359,3,3,6,1,0,0,1,13,0,0,LivesExhausted,,,,,,,,,
ppo_rollout,2568192,2655.398576200001,967.1587621603693,,,,,,,,,,,,,,,,,,,-0.009268161640890563,4.181855830550194,-0.0702582428852717,0.9864216446876526,0.023063952,0.145654296875
training_episode,2570076,2656.9298979000014,967.3104292406625,64046861,829.6546630859375,39.45938491821289,6.796546459197998,3,3,10,1,0,0,1,24,0,0,LivesExhausted,,,,,,,,,
training_episode,2570106,2656.9488348999985,967.3148260292837,68131292,1660.5775146484375,70.47664642333984,15.105774879455566,3,3,10,2,0,0,0,39,1,0,LivesExhausted,,,,,,,,,
training_episode,2572458,2658.1496479000016,967.7626698076612,34932199,406.9443054199219,19.560352325439453,2.5694429874420166,3,3,5,1,0,0,0,9,0,0,LivesExhausted,,,,,,,,,
ppo_rollout,2574336,2659.1116703000007,968.1188002569157,,,,,,,,,,,,,,,,,,,-0.013577148646193866,2.542862370113532,-0.07117415070533753,0.9927963614463806,0.02372689,0.16380208333333332
ppo_rollout,2580480,2662.8296775000017,969.0743729515153,,,,,,,,,,,,,,,,,,,-0.007976897557576497,2.548479570945104,-0.06607070863246918,0.9938660860061646,0.023055034,0.18875325520833333
training_episode,2584326,2665.4408729999996,969.567933837263,70016414,26254.666015625,305.4267883300781,261.546630859375,2,38,44,27,1,2,1,164,0,1,MaxDuration,,,,,,,,,
ppo_rollout,2586624,2666.656465100001,969.9877107728612,,,,,,,,,,,,,,,,,,,-0.012789366266224534,2.277979510029157,-0.06080433527628581,0.992393434047699,0.026896616,0.16263020833333333
training_episode,2586978,2667.3999307000013,969.8500664357083,17023540,23034.666015625,302.0835266113281,228.3466339111328,4,29,45,23,6,6,3,155,1,1,MaxDuration,,,,,,,,,
training_episode,2587776,2667.8136350999994,969.9987907524885,4560789,27389.33203125,304.9963684082031,273.8932800292969,0,24,47,27,3,3,5,144,4,1,MaxDuration,,,,,,,,,
ppo_rollout,2592768,2670.3156869000013,970.9593561239094,,,,,,,,,,,,,,,,,,,-0.014356995046061154,2.2325799157222113,-0.053950037558873495,0.9870357513427734,0.030430907,0.16236979166666668
ppo_rollout,2598912,2674.0053073000017,971.917293097737,,,,,,,,,,,,,,,,,,,-0.007139587983450231,2.5338563457131387,-0.04376649061838786,0.9911827445030212,0.025953747,0.210791015625
training_episode,2599452,2674.859255700001,971.8088884342936,49803717,23034.666015625,301.4328918457031,229.8466339111328,1,14,50,23,0,4,4,181,2,1,MaxDuration,,,,,,,,,
ppo_rollout,2605056,2677.7678803000017,972.8460854150452,,,,,,,,,,,,,,,,,,,-0.013001405930845067,2.1868126933773357,-0.04343104362487793,0.9823377132415771,0.029530128,0.17991536458333332
training_episode,2606868,2679.2885449999994,972.9702330362483,16604624,24077.33203125,306.5679016113281,239.27330017089844,3,36,46,24,3,2,1,170,2,1,MaxDuration,,,,,,,,,
training_episode,2608806,2680.283550600001,973.3320936943405,18908662,27389.33203125,302.8742980957031,273.3932800292969,1,21,49,27,4,2,4,141,1,1,MaxDuration,,,,,,,,,
ppo_rollout,2611200,2681.4933268999994,973.7857535594677,,,,,,,,,,,,,,,,,,,-0.014160052865433197,1.6176409780979157,-0.04244945645332336,0.9933120012283325,0.029561846,0.177685546875
ppo_rollout,2617344,2685.1521293000005,974.7470064879797,,,,,,,,,,,,,,,,,,,-0.011895596682249258,2.1285946145653725,-0.033912653724352516,0.9928880333900452,0.023948839,0.17197265625
training_episode,2617614,2685.8600154999986,974.590628288089,28857917,1749.3199462890625,73.38726806640625,15.99319839477539,3,4,17,2,0,1,0,23,2,0,LivesExhausted,,,,,,,,,
training_episode,2620758,2687.463391199999,975.1790512129678,59752972,27389.33203125,303.5449523925781,272.8932800292969,2,32,44,27,2,1,4,156,2,1,MaxDuration,,,,,,,,,
training_episode,2623440,2688.814830700001,975.6863767807389,8435762,29750.666015625,303.8252258300781,297.5066223144531,0,15,48,30,5,3,5,129,1,1,MaxDuration,,,,,,,,,
ppo_rollout,2623488,2688.8462919000012,975.6928121563179,,,,,,,,,,,,,,,,,,,-0.012662775399318586,1.9792716999848683,-0.022307226061820985,0.9939486980438232,0.030292213,0.20061848958333334
training_episode,2624016,2689.688742800001,975.5835157596582,21736345,23034.666015625,301.9834289550781,229.8466339111328,1,23,46,23,2,4,1,148,4,1,MaxDuration,,,,,,,,,
ppo_rollout,2629632,2692.483919800001,976.6565291856341,,,,,,,,,,,,,,,,,,,-0.012783110031159594,2.4128605966766674,-0.009979256987571716,0.9930772185325623,0.029173203,0.17561848958333334
ppo_rollout,2635776,2696.1696338,977.6002099263758,,,,,,,,,,,,,,,,,,,-0.01069589302545258,2.382848003009955,-0.007053350408871968,0.9918946623802185,0.024411505,0.17013346354166667
training_episode,2636202,2696.9390714,977.4792571163015,1314190,27389.33203125,306.2075500488281,272.8932800292969,2,31,47,27,3,2,4,184,3,1,MaxDuration,,,,,,,,,
ppo_rollout,2641920,2699.8766818000004,978.5335818518345,,,,,,,,,,,,,,,,,,,-0.01222332110046409,1.9949515153964361,-0.009364588061968486,0.9741199016571045,0.040137537,0.18702799479166668
training_episode,2643540,2701.2436635000013,978.6381124073662,54621251,26254.666015625,305.5569152832031,261.546630859375,2,35,47,27,4,3,1,164,0,1,MaxDuration,,,,,,,,,
ppo_rollout,2648064,2703.521493299999,979.4869419616466,,,,,,,,,,,,,,,,,,,-0.015479700616560876,1.9450834448138872,-0.003182243307431539,0.9908787608146667,0.030199045,0.19933268229166667
training_episode,2650302,2705.242203599999,979.6912071211638,32418703,1272.17529296875,56.336551666259766,11.221753120422363,3,3,14,2,1,0,0,14,1,0,LivesExhausted,,,,,,,,,
ppo_rollout,2654208,2707.2434642000007,980.4097913980289,,,,,,,,,,,,,,,,,,,-0.017203306874337916,1.7409903158744175,0.0027921597162882486,0.9934064745903015,0.037949268,0.19366861979166666
training_episode,2654256,2707.8056388000005,980.2239724917141,48965885,28554.666015625,305.3166809082031,285.546630859375,0,23,45,28,1,3,5,118,0,1,MaxDuration,,,,,,,,,
training_episode,2657556,2709.4628957999994,980.8423669944101,43519977,27389.33203125,306.5979309082031,272.8932800292969,2,33,46,27,2,1,4,153,1,1,MaxDuration,,,,,,,,,
training_episode,2658702,2710.0582522000004,981.0497607723709,72634639,1647.6146240234375,69.96653747558594,14.97614574432373,3,4,15,2,0,1,0,48,0,0,LivesExhausted,,,,,,,,,
training_episode,2659500,2710.456271700001,981.2001129728461,13986399,29750.666015625,300.4519348144531,296.5066223144531,2,29,41,30,4,2,5,153,0,1,MaxDuration,,,,,,,,,
training_episode,2660214,2710.8208231999997,981.3315499250664,4037144,26254.666015625,301.6030578613281,261.046630859375,3,34,46,27,3,2,4,173,0,1,MaxDuration,,,,,,,,,
ppo_rollout,2660352,2710.899419900001,981.3540039409262,,,,,,,,,,,,,,,,,,,-0.014663215183342496,2.397297881046931,0.0005193054676055908,0.9928967952728271,0.034876846,0.204541015625
training_episode,2663142,2712.847144700001,981.6778675506623,20479597,1008.1769409179688,46.5181999206543,8.581768989562988,3,4,10,2,0,1,0,21,0,0,LivesExhausted,,,,,,,,,
ppo_rollout,2666496,2714.5358210000013,982.3027492846626,,,,,,,,,,,,,,,,,,,-0.01641731405397877,2.238863991697629,-0.0016830921173095702,0.9953023791313171,0.027835501,0.17893880208333332
training_episode,2666880,2715.3102905999986,982.1639940128916,24982944,1417.401611328125,61.47568893432617,12.674016952514648,3,3,12,2,0,0,1,37,0,1,LivesExhausted,,,,,,,,,
training_episode,2668380,2716.0812011999988,982.4374907573,38702443,1598.538330078125,68.026123046875,14.485383033752441,3,4,9,2,0,0,0,27,0,0,LivesExhausted,,,,,,,,,
training_episode,2672622,2718.2943000000014,983.1981768861446,14719502,27389.33203125,303.4448547363281,273.3932800292969,1,27,46,27,2,2,3,127,3,1,MaxDuration,,,,,,,,,
ppo_rollout,2672640,2718.3098850999995,983.1991616002532,,,,,,,,,,,,,,,,,,,-0.008847161784069612,1.8872609421610833,-0.003208427627881368,0.990395188331604,0.037382998,0.178515625
training_episode,2673462,2719.3132651999986,983.1386601217398,68969124,1233.43701171875,54.80680847167969,10.334370613098145,4,4,12,2,1,0,0,14,0,0,LivesExhausted,,,,,,,,,
training_episode,2678280,2721.7975420000002,984.0114698729491,7912117,1994.9444580078125,82.48921203613281,18.449443817138672,3,3,17,2,0,0,0,54,0,0,LivesExhausted,,,,,,,,,
training_episode,2678376,2721.846712900002,984.0289636098993,5084434,867.327392578125,40.949134826660156,7.173274040222168,3,3,10,1,0,0,0,19,0,0,LivesExhausted,,,,,,,,,
ppo_rollout,2678784,2722.0531181000006,984.1042344793761,,,,,,,,,,,,,,,,,,,-0.00715403893069985,2.9318064322074253,-0.007116042574246724,0.989241898059845,0.01826664,0.186181640625
training_episode,2683632,2725.0643329000013,984.7958331112466,8121575,939.1004638671875,43.77865982055664,7.89100456237793,3,4,5,1,0,1,0,34,0,0,LivesExhausted,,,,,,,,,
training_episode,2683662,2725.0856102,984.7991527147069,4456060,965.539306640625,44.82848358154297,8.155393600463867,3,4,6,1,0,0,0,14,2,0,LivesExhausted,,,,,,,,,
ppo_rollout,2684928,2725.7402998,985.0270769364953,,,,,,,,,,,,,,,,,,,-0.00984592429207017,2.7252960721651713,-0.01368281642595927,0.9902098774909973,0.020860918,0.13826497395833334
training_episode,2690712,2729.2923936000007,985.8643237747377,33884909,1338.697021484375,58.97610855102539,11.886970520019531,3,5,13,2,0,0,1,0,1,0,LivesExhausted,,,,,,,,,
training_episode,2690790,2729.337935200001,985.8764520498352,63627945,24077.33203125,304.3957824707031,238.77330017089844,4,27,49,24,3,1,1,135,2,1,MaxDuration,,,,,,,,,
ppo_rollout,2691072,2729.4880097999994,985.9255619874241,,,,,,,,,,,,,,,,,,,-0.012509000768962627,2.0889511957764624,-0.017754761377970378,0.9936876893043518,0.024466582,0.172216796875
training_episode,2694918,2732.141924200001,986.3755525032249,13881670,23034.666015625,301.7732238769531,228.3466339111328,4,31,41,23,4,1,3,159,2,1,MaxDuration,,,,,,,,,
training_episode,2695902,2732.6647924999997,986.5469073993642,31999787,924.6851806640625,43.20875549316406,7.746851921081543,3,3,6,1,0,0,1,21,0,0,LivesExhausted,,,,,,,,,
training_episode,2696682,2733.0631226000005,986.6885172540799,47813866,1073.1824951171875,49.0777702331543,9.23182487487793,3,4,6,2,0,0,1,22,0,0,LivesExhausted,,,,,,,,,
ppo_rollout,2697216,2733.340196500001,986.78386373337,,,,,,,,,,,,,,,,,,,-0.008681486831240667,3.2943531652291616,-0.012390284736951192,0.9879974126815796,0.020480817,0.172314453125
training_episode,2699424,2735.022331100001,986.9842630916716,65722525,23034.666015625,302.3037414550781,229.3466339111328,2,33,44,23,2,4,3,155,1,1,MaxDuration,,,,,,,,,
training_episode,2701332,2735.988153099999,987.3332225284922,62790113,810.673828125,38.709510803222656,6.606738567352295,3,3,7,1,0,0,0,23,0,0,LivesExhausted,,,,,,,,,
training_episode,2702208,2736.4751536000003,987.4776302810864,58600953,1160.7593994140625,52.54718780517578,10.107593536376953,3,3,12,2,0,0,0,10,0,0,LivesExhausted,,,,,,,,,
ppo_rollout,2703360,2737.0684494000016,987.6844697079495,,,,,,,,,,,,,,,,,,,-0.011162377651392793,3.586363261938095,-0.010907608270645141,0.9925451874732971,0.02651824,0.152880859375
training_episode,2708412,2740.1394351000017,988.4212333527313,35979489,1138.6175537109375,51.667335510253906,9.886175155639648,3,3,11,2,0,0,0,15,0,0,LivesExhausted,,,,,,,,,
training_episode,2708652,2740.2650920999986,988.4634912909934,54411793,26254.666015625,300.1916809082031,261.546630859375,2,25,42,27,3,3,1,116,5,1,MaxDuration,,,,,,,,,
ppo_rollout,2709504,2740.708466799999,988.6144523658758,,,,,,,,,,,,,,,,,,,-0.009244155711106336,2.409044678509235,-0.0067548036575317385,0.9951755404472351,0.030724248,0.201708984375
training_episode,2712384,2742.765127499999,988.9231756684572,17756643,2267.99072265625,92.07125854492188,20.179906845092773,5,5,16,3,2,0,0,56,0,0,LivesExhausted,,,,,,,,,
training_episode,2713668,2743.4281911,989.1521887846216,34408554,939.3572998046875,43.788658142089844,7.39357328414917,4,6,9,1,1,1,0,21,0,0,LivesExhausted,,,,,,,,,
ppo_rollout,2715648,2744.438399400002,989.5095479620544,,,,,,,,,,,,,,,,,,,-0.012459930901726087,2.3236023460825286,-0.011247262358665466,0.9953886866569519,0.02854664,0.19944661458333332
training_episode,2718444,2746.4057212000007,989.8187944395254,45195641,1971.459228515625,81.55901336669922,18.21459197998047,3,4,14,2,0,1,0,45,0,0,LivesExhausted,,,,,,,,,
training_episode,2719710,2747.0524412999985,990.0466256526727,69283311,1406.5203857421875,61.04576110839844,12.565203666687012,3,4,13,2,1,0,0,32,0,0,LivesExhausted,,,,,,,,,
training_episode,2720256,2747.327742900001,990.1461545787672,28124814,27389.33203125,304.9263000488281,273.3932800292969,1,29,46,27,2,6,7,159,0,1,MaxDuration,,,,,,,,,
ppo_rollout,2721792,2748.1050397,990.4250240366094,,,,,,,,,,,,,,,,,,,-0.008262347740431627,2.265496430794398,-0.011829448739687602,0.9948846697807312,0.02888597,0.16717122395833334
training_episode,2723208,2749.3715273999987,990.4838152504108,34094367,1903.8516845703125,79.49857330322266,17.038516998291016,4,5,17,2,1,0,0,30,0,0,LivesExhausted,,,,,,,,,
training_episode,2726688,2751.1360891000004,991.1134570198603,15138418,1316.8642578125,58.10625457763672,11.668642044067383,3,3,13,2,0,0,0,24,0,0,LivesExhausted,,,,,,,,,
ppo_rollout,2727936,2751.7741717999997,991.3371627496574,,,,,,,,,,,,,,,,,,,-0.012052155625618373,3.226392770806948,-0.00826931397120158,0.9950032830238342,0.02423518,0.16083984375
training_episode,2730012,2753.3754708000015,991.5146077795147,8854678,1281.1168212890625,56.69649124145508,11.311168670654297,3,4,14,2,0,1,2,19,1,1,LivesExhausted,,,,,,,,,
training_episode,2731380,2754.0632353,991.7637202337044,40901752,28554.666015625,303.8052062988281,285.546630859375,0,27,46,28,7,5,2,161,1,1,MaxDuration,,,,,,,,,
training_episode,2732022,2754.4184305000017,991.8689076968105,57239476,956.0256958007812,44.44854736328125,8.060256958007812,3,3,8,1,0,0,0,18,0,0,LivesExhausted,,,,,,,,,
training_episode,2733426,2755.1170595000003,992.126991691621,6655369,580.4801025390625,28.440555572509766,4.304800987243652,3,3,9,1,0,0,0,11,0,0,LivesExhausted,,,,,,,,,
ppo_rollout,2734080,2755.455877100001,992.2423446233884,,,,,,,,,,,,,,,,,,,-0.011919082317035645,3.236515920360883,-0.00715973178545634,0.9938522577285767,0.027920322,0.14140625
training_episode,2735898,2756.965779000002,992.3583458451038,67502918,28554.666015625,303.9153137207031,285.546630859375,0,36,47,28,6,7,5,157,0,1,MaxDuration,,,,,,,,,
training_episode,2740020,2759.0525000000016,993.1017985340976,72320452,717.43603515625,34.34024429321289,5.674360275268555,3,4,10,1,0,0,0,5,0,0,LivesExhausted,,,,,,,,,
ppo_rollout,2740224,2759.163891100001,993.1356411407479,,,,,,,,,,,,,,,,,,,-0.012871525491452,2.7831560373306274,-0.006016201774279277,0.9935665130615234,0.023314359,0.17332356770833332
training_episode,2740830,2760.0401091999993,993.039916653397,49594259,1884.422607421875,78.7184066772461,17.34422492980957,3,4,15,2,0,1,0,53,1,0,LivesExhausted,,,,,,,,,
training_episode,2741334,2760.305853400001,993.1269017248097,9692510,1529.1297607421875,65.89566802978516,13.791297912597656,3,4,10,2,0,1,0,36,0,0,LivesExhausted,,,,,,,,,
training_episode,2743602,2761.4539965000004,993.5352910015424,26030234,479.572265625,23.09043312072754,3.295722484588623,3,3,7,1,0,0,1,2,0,0,LivesExhausted,,,,,,,,,
ppo_rollout,2746368,2762.858013699999,994.0315377705872,,,,,,,,,,,,,,,,,,,-0.013321227172855287,2.6733747964104015,-0.007434162497520447,0.9934534430503845,0.022035195,0.14251302083333334
training_episode,2746632,2763.5509937999996,993.8778065474612,19537036,1240.164306640625,55.07676315307617,10.401642799377441,4,5,7,2,1,0,1,20,1,0,LivesExhausted,,,,,,,,,
training_episode,2748450,2764.478794900002,994.2018745343345,63837403,1346.437255859375,59.276058197021484,11.964371681213379,3,4,14,2,0,1,1,33,0,0,LivesExhausted,,,,,,,,,
ppo_rollout,2752512,2766.5234315999987,994.9353649277081,,,,,,,,,,,,,,,,,,,-0.008979103582290312,2.334433674812317,-0.005883858601252238,0.9955692887306213,0.018843438,0.18766276041666666
training_episode,2754900,2768.3269169000014,995.149808059867,31580871,24077.33203125,303.7751770019531,239.77330017089844,2,26,49,24,2,3,4,149,1,1,MaxDuration,,,,,,,,,
training_episode,2755680,2768.7146648999988,995.292160270163,36607863,1799.127685546875,75.3576889038086,16.491275787353516,3,5,17,2,0,1,0,24,1,0,LivesExhausted,,,,,,,,,
training_episode,2756496,2769.128842099999,995.437972438141,40587565,26254.666015625,301.9734191894531,261.546630859375,2,29,49,27,4,2,3,108,2,1,MaxDuration,,,,,,,,,
ppo_rollout,2758656,2770.213434199999,995.8279625471037,,,,,,,,,,,,,,,,,,,-0.016919195225151878,2.548389595250289,-0.006214799483617147,0.9943554997444153,0.025100835,0.16780598958333334
training_episode,2760594,2771.7616113000004,995.9709336998998,60381346,2544.069580078125,101.16320037841797,23.44069480895996,4,6,21,3,1,3,0,54,0,1,LivesExhausted,,,,,,,,,
training_episode,2761230,2772.0921211999994,996.0816160772835,20060681,829.302001953125,39.44938659667969,6.793020248413086,3,4,11,1,0,0,0,20,1,0,LivesExhausted,,,,,,,,,
training_episode,2763804,2773.406675000002,996.5375885597441,6550640,1590.04638671875,67.68605041503906,14.400464057922363,3,3,15,2,0,0,0,47,0,0,LivesExhausted,,,,,,,,,
ppo_rollout,2764800,2773.930470700001,996.7084716807278,,,,,,,,,,,,,,,,,,,-0.015314402506919577,2.483019090195497,0.0015406548976898194,0.9946761727333069,0.026930885,0.18790690104166666
training_episode,2768718,2776.4563436999997,997.2128703851013,72006265,27389.33203125,305.7771301269531,273.3932800292969,1,28,48,27,2,3,6,135,2,1,MaxDuration,,,,,,,,,
training_episode,2769822,2777.0115454000006,997.4110495104316,28020085,1099.7244873046875,50.13759231567383,9.497244834899902,3,3,9,2,0,0,0,22,0,0,LivesExhausted,,,,,,,,,
ppo_rollout,2770944,2777.5897914000016,997.6073531733957,,,,,,,,,,,,,,,,,,,-0.010927354268884908,3.9450522939364117,0.015830578406651814,0.9916892647743225,0.01865369,0.13043619791666666
training_episode,2771574,2778.462810000001,997.520639838976,46557118,2253.1865234375,91.48113250732422,19.5318660736084,6,7,18,3,3,1,0,46,0,0,LivesExhausted,,,,,,,,,
training_episode,2773554,2779.4517540999987,997.8780872554097,46242931,851.0028076171875,40.29924392700195,7.010027885437012,3,3,10,1,0,0,1,10,0,0,LivesExhausted,,,,,,,,,
ppo_rollout,2777088,2781.2705117000005,998.4961866591524,,,,,,,,,,,,,,,,,,,-0.01208928426882873,2.99717831214269,0.020233867565790813,0.9933963418006897,0.022356832,0.16845703125
training_episode,2779608,2783.155863600001,998.7252371861733,11263445,23034.666015625,300.0115051269531,229.8466339111328,1,25,48,23,4,8,2,175,3,1,MaxDuration,,,,,,,,,
training_episode,2779980,2783.362739100001,998.7846574747585,15033689,1649.2435302734375,70.03655242919922,13.99243450164795,5,5,15,2,2,0,1,29,0,1,LivesExhausted,,,,,,,,,
training_episode,2780676,2783.7397821000013,998.8994006840359,1000003,2226.221435546875,90.41090393066406,20.26221466064453,4,7,14,3,1,2,0,41,1,0,LivesExhausted,,,,,,,,,
training_episode,2782494,2784.7394798999994,999.1936481253607,58182037,1776.6358642578125,74.46749877929688,15.266358375549316,5,6,14,2,4,0,0,21,1,0,LivesExhausted,,,,,,,,,
ppo_rollout,2783232,2785.1410510999995,999.3145585573681,,,,,,,,,,,,,,,,,,,-0.013621313992189243,2.5960972333947816,0.01266566018263499,0.9961341619491577,0.031425934,0.18251953125
training_episode,2788368,2788.3186080000014,1000.0177139010789,5608079,1739.6201171875,72.99718475341797,15.396201133728027,4,5,13,2,2,1,0,22,0,0,LivesExhausted,,,,,,,,,
ppo_rollout,2789376,2788.8289731000004,1000.1961493176082,,,,,,,,,,,,,,,,,,,-0.01181531742719623,2.892045251528422,0.004803356528282165,0.9949488043785095,0.030405765,0.17814127604166666
training_episode,2791620,2790.5402149,1000.3869448267524,58286766,27389.33203125,305.9573059082031,273.8932800292969,0,28,46,27,1,3,3,126,5,1,MaxDuration,,,,,,,,,
training_episode,2795088,2792.2843396999997,1001.0040740694415,73158284,1263.5323486328125,55.99660873413086,11.135323524475098,3,5,9,2,0,0,0,29,0,0,LivesExhausted,,,,,,,,,
ppo_rollout,2795520,2792.504899300002,1001.0797118747237,,,,,,,,,,,,,,,,,,,-0.010075201788761963,2.8308287084102632,0.0055760641892751055,0.9936895966529846,0.023924781,0.17203776041666666
training_episode,2797248,2794.006462199999,1001.1601754841499,56296915,27389.33203125,300.0915832519531,273.3932800292969,1,37,42,27,1,1,5,161,1,1,MaxDuration,,,,,,,,,
training_episode,2799330,2795.0901244999986,1001.5169011771167,55773270,1487.2352294921875,64.23531341552734,13.372352600097656,3,5,16,2,0,1,0,20,0,0,LivesExhausted,,,,,,,,,
ppo_rollout,2801664,2796.313212699999,1001.913515008154,,,,,,,,,,,,,,,,,,,-0.010316877270815894,3.2031137963136036,0.010312338670094809,0.9934780597686768,0.0159361,0.172216796875
training_episode,2805162,2798.7144943999992,1002.303738238717,61428636,2031.740966796875,83.94952392578125,17.81740951538086,5,5,11,3,2,0,0,32,1,0,LivesExhausted,,,,,,,,,
training_episode,2806152,2799.2126400999987,1002.479039927368,31266684,1768.810791015625,74.15743255615234,16.188108444213867,3,4,14,2,0,0,0,32,1,0,LivesExhausted,,,,,,,,,
ppo_rollout,2807808,2800.086452200001,1002.7576104994658,,,,,,,,,,,,,,,,,,,-0.01466479383719464,1.5969395369291306,0.009411238630612691,0.9978364109992981,0.02851669,0.18152669270833333
training_episode,2811504,2802.5424757,1003.1976408485161,27286982,1167.625244140625,52.80714416503906,10.176251411437988,3,4,13,2,0,2,0,21,0,0,LivesExhausted,,,,,,,,,
ppo_rollout,2813952,2803.798605600001,1003.621299468414,,,,,,,,,,,,,,,,,,,-0.012874462673789822,3.9907214492559433,0.015480498472849527,0.9930817484855652,0.02177433,0.15074869791666667
training_episode,2816190,2805.502874500002,1003.8093439850433,38074069,26254.666015625,301.7231750488281,261.546630859375,2,36,44,27,5,3,2,161,1,1,MaxDuration,,,,,,,,,
training_episode,2817252,2806.0427640999987,1003.9946775022142,51269923,24077.33203125,304.7761535644531,239.77330017089844,2,26,42,24,5,6,2,165,0,1,MaxDuration,,,,,,,,,
training_episode,2818554,2806.6905106000013,1004.2268605516689,22155261,26254.666015625,300.4619445800781,262.046630859375,1,35,45,27,3,4,4,168,0,1,MaxDuration,,,,,,,,,
training_episode,2818848,2806.8447880999993,1004.2764074276176,33780180,1410.0208740234375,61.18573760986328,12.10020923614502,4,5,15,2,1,0,1,9,0,1,LivesExhausted,,,,,,,,,
ppo_rollout,2820096,2807.4784440000003,1004.494266385897,,,,,,,,,,,,,,,,,,,-0.012520981919563686,2.3377861653765044,0.020214250683784483,0.9958028197288513,0.030142302,0.18811848958333333
training_episode,2822520,2809.2697039000013,1004.7166336794235,54830709,1165.099853515625,52.717159271240234,10.15099811553955,3,6,13,2,1,1,1,18,0,0,LivesExhausted,,,,,,,,,
training_episode,2823426,2809.7325733,1004.8735694030544,27915356,858.5459594726562,40.59919357299805,7.0854597091674805,3,3,10,1,0,0,0,20,0,0,LivesExhausted,,,,,,,,,
training_episode,2824128,2810.1047504999988,1004.9902942221304,44671996,1296.32666015625,57.296390533447266,10.963266372680664,4,5,13,2,1,0,0,13,0,0,LivesExhausted,,,,,,,,,
ppo_rollout,2826240,2811.1752051000003,1005.3588957645434,,,,,,,,,,,,,,,,,,,-0.010775685508269817,4.370243272185325,0.019202205538749694,0.9893462061882019,0.020245316,0.17169596354166666
training_episode,2826636,2811.938218800002,1005.2269218084992,33256535,1503.8642578125,64.89545440673828,13.538642883300781,3,4,13,2,0,0,1,18,0,1,LivesExhausted,,,,,,,,,
training_episode,2831892,2814.629164099999,1006.1332541139647,63104300,939.5943603515625,43.79865646362305,7.395943641662598,4,5,11,1,1,0,2,10,0,1,LivesExhausted,,,,,,,,,
ppo_rollout,2832384,2814.883310199999,1006.2171990350668,,,,,,,,,,,,,,,,,,,-0.010712059952008227,3.2471652130285897,0.01887225906054179,0.9929555058479309,0.026985833,0.177880859375
training_episode,2832426,2815.459815099999,1006.0260795799702,61219178,1995.52587890625,82.50921630859375,17.955259323120117,4,4,17,2,1,0,0,71,0,0,LivesExhausted,,,,,,,,,
training_episode,2835738,2817.1193748000005,1006.6091005466608,61533365,27389.33203125,303.3747863769531,272.3932800292969,3,35,44,27,3,2,3,182,3,1,MaxDuration,,,,,,,,,
ppo_rollout,2838528,2818.5548289,1007.0863163260851,,,,,,,,,,,,,,,,,,,-0.008332618904144813,3.2968058928847315,0.020322052637736003,0.9918155670166016,0.028894335,0.16769205729166667
training_episode,2840280,2819.986819599999,1007.1961968967215,1418919,788.6048583984375,37.839656829833984,6.386048316955566,3,3,12,1,0,0,0,5,0,0,LivesExhausted,,,,,,,,,
training_episode,2840430,2820.0645685000018,1007.2216188691136,49280072,1676.649658203125,71.11678314208984,14.766496658325195,4,4,11,2,1,0,0,30,0,0,LivesExhausted,,,,,,,,,
training_episode,2842314,2821.018721299999,1007.54879027892,36188947,23034.666015625,301.3127746582031,228.8466339111328,3,34,44,23,4,2,4,170,4,1,MaxDuration,,,,,,,,,
ppo_rollout,2844672,2822.1952521999992,1007.9642780854654,,,,,,,,,,,,,,,,,,,-0.008459686224038402,2.6623273586233456,0.02221664587656657,0.9931405782699585,0.025788123,0.20441080729166666
training_episode,2845098,2822.980146400001,1007.8349306240091,67607647,491.58551025390625,23.200435638427734,3.4158549308776855,3,3,8,1,0,0,0,8,0,0,LivesExhausted,,,,,,,,,
training_episode,2847630,2824.2357330000013,1008.2833974255925,35246386,1411.6949462890625,61.2457275390625,12.116950035095215,4,5,14,2,1,0,1,33,1,1,LivesExhausted,,,,,,,,,
ppo_rollout,2850816,2825.8620889000013,1008.8305481000003,,,,,,,,,,,,,,,,,,,-0.008370585720210025,3.2365222051739693,0.01847754915555318,0.9921906590461731,0.027634112,0.17604166666666668
training_episode,2852862,2827.456868100002,1008.9851527662984,25506589,933.3947143554688,43.55869674682617,7.83394718170166,3,4,10,1,0,0,1,10,0,0,LivesExhausted,,,,,,,,,
training_episode,2853120,2827.591572100002,1009.0283293216348,10216155,2675.423828125,105.75418090820312,25.254236221313477,3,4,22,3,1,1,0,37,0,1,LivesExhausted,,,,,,,,,
ppo_rollout,2856960,2829.563898299999,1009.6820933135529,,,,,,,,,,,,,,,,,,,-0.014533232371710862,2.045235268274943,0.019594365358352663,0.9957067370414734,0.03381833,0.19607747395833333
training_episode,2858538,2830.9225369000014,1009.754934209623,55877999,973.1651611328125,45.12843322753906,8.231651306152344,3,3,12,1,1,0,0,24,0,0,LivesExhausted,,,,,,,,,
training_episode,2859660,2831.483735599999,1009.9510599498572,8016846,1279.1822509765625,56.61650466918945,10.79182243347168,4,6,11,2,1,1,1,28,0,0,LivesExhausted,,,,,,,,,
training_episode,2860116,2831.7212048,1010.027397877965,69806956,27389.33203125,305.6970520019531,272.8932800292969,2,30,48,27,3,3,4,212,0,1,MaxDuration,,,,,,,,,
training_episode,2860152,2831.744294799999,1010.0318751421754,25716047,23034.666015625,300.1416320800781,229.8466339111328,1,22,43,23,5,4,2,75,2,1,MaxDuration,,,,,,,,,
training_episode,2861892,2832.6274617000017,1010.3312344089311,20374868,578.0904541015625,27.950544357299805,4.280904293060303,3,3,10,1,0,0,0,8,0,0,LivesExhausted,,,,,,,,,
ppo_rollout,2863104,2833.236356100002,1010.5418821962003,,,,,,,,,,,,,,,,,,,-0.009993643230215336,3.4224609325329465,0.0181280384461085,0.9930540919303894,0.035668053,0.19446614583333333
training_episode,2866308,2835.4198681999987,1010.8936712147714,13462754,1128.6016845703125,51.26740264892578,9.786016464233398,3,3,14,2,1,0,0,38,0,0,LivesExhausted,,,,,,,,,
training_episode,2867730,2836.1596615000017,1011.1313685645262,15347876,1466.0394287109375,63.405364990234375,13.160394668579102,3,4,14,2,1,1,1,34,0,1,LivesExhausted,,,,,,,,,
training_episode,2868804,2836.702383,1011.3165262568189,14091128,27389.33203125,303.1345520019531,272.8932800292969,2,26,46,27,2,1,5,132,6,1,MaxDuration,,,,,,,,,
ppo_rollout,2869248,2836.925860700001,1011.3933676405712,,,,,,,,,,,,,,,,,,,-0.015341399163783838,2.0381689205765725,0.018143394589424135,0.9969313740730286,0.0395126,0.18317057291666666
training_episode,2870124,2837.9107836000003,1011.3510320994433,51688839,335.951416015625,19.94036102294922,1.8595139980316162,3,3,6,1,0,0,0,5,0,0,LivesExhausted,,,,,,,,,
ppo_rollout,2875392,2840.5460367000014,1012.2673467881833,,,,,,,,,,,,,,,,,,,-0.010766006485209801,3.855398562550545,0.02745017906030019,0.9923393130302429,0.024821393,0.151318359375
training_episode,2879694,2843.2332712999996,1012.8236852980162,38807172,2234.283447265625,90.73097229003906,20.84283447265625,3,4,14,3,0,1,0,35,0,0,LivesExhausted,,,,,,,,,
training_episode,2881158,2843.9573500000006,1013.0805934906159,59438785,26254.666015625,300.4719543457031,261.546630859375,2,34,44,27,2,2,2,152,4,1,MaxDuration,,,,,,,,,
ppo_rollout,2881536,2844.1576792999986,1013.1421408074679,,,,,,,,,,,,,,,,,,,-0.012664326974966873,2.9342953503131866,0.030180986722310385,0.992445707321167,0.021620609,0.17176106770833333
ppo_rollout,2887680,2847.8102037999997,1014.0001591913673,,,,,,,,,,,,,,,,,,,-0.012552953267004341,3.6470264638463656,0.032017786304155985,0.9900830984115601,0.02614743,0.164404296875
training_episode,2892822,2851.039305099999,1014.655250394219,23412009,2427.755126953125,97.17234802246094,22.777549743652344,3,3,15,3,1,0,0,45,1,0,LivesExhausted,,,,,,,,,
ppo_rollout,2893824,2851.566382000001,1014.8190896998726,,,,,,,,,,,,,,,,,,,-0.014123226647886138,1.5486925467848778,0.022685023148854573,0.9976896047592163,0.03228655,0.21629231770833332
training_episode,2896008,2853.261667999999,1014.9815674038631,46871305,26254.666015625,302.8542785644531,261.546630859375,2,38,46,27,5,4,3,149,2,1,MaxDuration,,,,,,,,,
training_episode,2898438,2854.5090031,1015.389335557286,54725980,27389.33203125,304.5058898925781,272.3932800292969,3,33,40,27,5,2,2,164,3,1,MaxDuration,,,,,,,,,
ppo_rollout,2899968,2855.2860311000004,1015.6488591382159,,,,,,,,,,,,,,,,,,,-0.0141508156065053,2.7408735290169717,0.023007336258888244,0.9928142428398132,0.02881448,0.17635091145833334
training_episode,2901030,2856.3740822,1015.6337778298303,19327578,1607.948974609375,68.39620208740234,14.579490661621094,3,3,12,2,0,0,0,28,0,0,LivesExhausted,,,,,,,,,
training_episode,2903004,2857.3618281000017,1015.9735359558393,60800262,27389.33203125,305.7871398925781,273.3932800292969,1,37,48,27,3,2,3,115,3,1,MaxDuration,,,,,,,,,
ppo_rollout,2906112,2858.917808000002,1016.5077120678098,,,,,,,,,,,,,,,,,,,-0.015896641280657303,1.9018554518620172,0.020691190163294473,0.9975700974464417,0.02848387,0.20618489583333333
training_episode,2906496,2859.6954480999993,1016.3655720510711,59124598,27389.33203125,303.0744934082031,272.8932800292969,2,32,44,27,5,4,9,117,5,1,MaxDuration,,,,,,,,,
training_episode,2907078,2860.0084537000002,1016.457834674966,7388472,2272.655517578125,92.25129699707031,20.72655487060547,4,4,19,3,2,0,0,45,1,0,LivesExhausted,,,,,,,,,
training_episode,2907954,2860.4758379999985,1016.5979944208156,47394950,1306.253173828125,57.68632507324219,11.562531471252441,3,4,14,2,0,1,1,20,0,0,LivesExhausted,,,,,,,,,
training_episode,2910582,2861.853480400001,1017.026909285792,30219394,586.6480102539062,29.180572509765625,4.366479873657227,3,3,8,1,0,0,1,7,1,0,LivesExhausted,,,,,,,,,
ppo_rollout,2912256,2862.7081091,1017.3080485371515,,,,,,,,,,,,,,,,,,,-0.013979291069942217,1.859687573214372,0.009808984398841859,0.9971311092376709,0.03062187,0.19246419270833334
training_episode,2916288,2865.3112212000015,1017.7910093754665,66246170,26254.666015625,304.8962707519531,261.546630859375,2,30,48,27,5,1,6,91,2,1,MaxDuration,,,,,,,,,
training_episode,2917344,2865.851810700002,1017.9674989152426,37131508,1272.077880859375,56.336551666259766,11.220779418945312,3,4,13,2,0,0,1,10,0,0,LivesExhausted,,,,,,,,,
ppo_rollout,2918400,2866.4060978999987,1018.1390564784568,,,,,,,,,,,,,,,,,,,-0.008449796963638316,3.9116163154443107,0.010144546627998352,0.991117000579834,0.016674155,0.13509114583333334
training_episode,2921724,2868.645002699999,1018.5031599413808,64465777,754.2109375,36.47988510131836,6.04210901260376,3,3,8,1,0,0,1,1,1,0,LivesExhausted,,,,,,,,,
ppo_rollout,2924544,2870.079860599999,1018.9765240151245,,,,,,,,,,,,,,,,,,,-0.010136363979351396,3.289606607457002,0.014956335226694742,0.9922507405281067,0.022484295,0.14114583333333333
ppo_rollout,2930688,2873.7613925000005,1019.8090932840032,,,,,,,,,,,,,,,,,,,-0.012214254446250076,1.3739577223857244,0.018224601944287617,0.9978736042976379,0.03848125,0.22713216145833334
training_episode,2934414,2876.262907100001,1020.217586075478,45824015,2675.537353515625,105.75418090820312,24.255373001098633,5,6,22,3,2,1,0,54,0,1,LivesExhausted,,,,,,,,,
training_episode,2934624,2876.373800000001,1020.2512621968671,71377891,25150.666015625,301.5129699707031,251.0066375732422,1,32,45,26,5,1,3,163,3,1,MaxDuration,,,,,,,,,
ppo_rollout,2936832,2877.5148009000004,1020.6140378779102,,,,,,,,,,,,,,,,,,,-0.005856839266683286,2.3726958597699803,0.015659499168395995,0.991085410118103,0.031481232,0.21564127604166666
training_episode,2939148,2879.2331135999993,1020.8093211060243,6341182,26254.666015625,301.1426086425781,262.546630859375,0,30,46,27,5,4,5,144,0,1,MaxDuration,,,,,,,,,
training_episode,2940882,2880.1163552,1021.0983298262547,55144896,1150.6790771484375,52.13725662231445,10.006791114807129,3,5,11,2,0,0,0,21,0,0,LivesExhausted,,,,,,,,,
training_episode,2942574,2880.9579532999996,1021.3873467432671,43729435,26254.666015625,300.6020812988281,262.046630859375,1,28,46,27,6,4,4,90,1,1,MaxDuration,,,,,,,,,
ppo_rollout,2942976,2881.1756663000015,1021.4496930620556,,,,,,,,,,,,,,,,,,,-0.014028490707278251,2.4367831259965897,0.011401452620824178,0.9943053722381592,0.025538743,0.18733723958333334
training_episode,2944488,2882.5009001,1021.5046246465524,16290437,27389.33203125,304.3957824707031,273.3932800292969,1,20,47,27,2,1,3,155,1,1,MaxDuration,,,,,,,,,
training_episode,2947554,2884.0268738000013,1022.027231014077,31057226,539.2454833984375,25.530488967895508,3.8924546241760254,3,3,10,1,0,0,0,5,0,0,LivesExhausted,,,,,,,,,
training_episode,2947782,2884.1435079000003,1022.0649533997482,23726196,929.2725219726562,43.39872360229492,7.792725563049316,3,3,6,1,1,0,0,37,0,0,LivesExhausted,,,,,,,,,
ppo_rollout,2949120,2884.797797899999,1022.2969534110241,,,,,,,,,,,,,,,,,,,-0.015520669349158803,1.881506153444449,0.007675202687581381,0.9969998002052307,0.030609684,0.19593098958333333
training_episode,2951100,2886.3292145999985,1022.4405397251186,40692294,2061.527587890625,85.1197738647461,18.615276336669922,4,6,19,3,1,2,0,24,2,0,LivesExhausted,,,,,,,,,
training_episode,2951670,2886.613604000002,1022.5372720165418,14614773,649.964599609375,32.36057662963867,4.999645709991455,3,3,8,1,0,0,1,13,0,0,LivesExhausted,,,,,,,,,
training_episode,2952978,2887.279047,1022.7546253515967,12520193,25150.666015625,305.7270812988281,248.5066375732422,6,21,47,26,8,2,5,156,2,1,MaxDuration,,,,,,,,,
ppo_rollout,2955264,2888.4287549,1023.1389626580261,,,,,,,,,,,,,,,,,,,-0.007214320728477711,4.969623268644015,0.011100627978642781,0.9894320368766785,0.015100074,0.15382486979166668
training_episode,2959596,2891.1486444,1023.6747964282565,20689055,1532.8311767578125,66.03569793701172,13.828311920166016,3,3,15,2,0,0,0,34,2,0,LivesExhausted,,,,,,,,,
ppo_rollout,2961408,2892.046723700001,1023.9834563292463,,,,,,,,,,,,,,,,,,,-0.011188364706079786,1.966584351658821,0.011730905373891194,0.9968197345733643,0.04300357,0.17464192708333334
training_episode,2962842,2893.3446829999993,1024.0197158010021,57553663,2443.737548828125,97.81248474121094,22.437376022338867,4,5,20,3,3,2,0,43,0,0,LivesExhausted,,,,,,,,,
training_episode,2966550,2895.2490595000017,1024.6268763186513,70644788,632.63623046875,30.860610961914062,4.826362609863281,3,3,8,1,0,0,1,11,0,0,LivesExhausted,,,,,,,,,
ppo_rollout,2967552,2895.7702094000015,1024.7884968106193,,,,,,,,,,,,,,,,,,,-0.00603624246432446,4.158978733917078,0.008820491035779317,0.9892289042472839,0.038248595,0.17635091145833334
training_episode,2971002,2898.084644800001,1025.1605332959593,36712592,24077.33203125,304.8662414550781,239.77330017089844,2,26,49,24,2,6,1,137,2,1,MaxDuration,,,,,,,,,
ppo_rollout,2973696,2899.4473125000004,1025.6078760872465,,,,,,,,,,,,,,,,,,,-0.012864561361493543,1.8980596572160722,0.010507426659266154,0.996074378490448,0.032585926,0.18458658854166668
training_episode,2974080,2900.1885908000004,1025.4781393990716,54097606,1448.490966796875,62.705482482910156,12.984909057617188,3,3,12,2,0,0,1,23,1,1,LivesExhausted,,,,,,,,,
training_episode,2975460,2900.8999565000013,1025.702383611311,27077524,26254.666015625,302.5639953613281,262.046630859375,1,21,47,27,2,3,3,112,3,1,MaxDuration,,,,,,,,,
training_episode,2979324,2902.865764000002,1026.3388810286021,49070614,670.3497924804688,32.16061019897461,5.203497886657715,3,3,11,1,0,0,0,26,0,0,LivesExhausted,,,,,,,,,
ppo_rollout,2979840,2903.1365473000005,1026.420890457714,,,,,,,,,,,,,,,,,,,-0.010997215084110697,3.8933765292167664,0.013356998562812805,0.9914537668228149,0.02043458,0.159716796875
training_episode,2983746,2905.6424044999985,1026.8799751060355,41006481,24077.33203125,301.5630187988281,238.27330017089844,5,31,43,24,7,0,6,142,2,1,MaxDuration,,,,,,,,,
training_episode,2984136,2905.836895700002,1026.9454574053566,65303609,2028.238525390625,83.79949188232422,18.782384872436523,3,4,18,3,0,1,0,24,0,0,LivesExhausted,,,,,,,,,
ppo_rollout,2985984,2906.7731238999986,1027.2504501464925,,,,,,,,,,,,,,,,,,,-0.009769650490488857,3.0581832066178323,0.009492692351341248,0.994210958480835,0.021816542,0.14104817708333334
training_episode,2989212,2908.961315299999,1027.5874018254947,56401644,26254.666015625,301.8933410644531,262.046630859375,1,28,48,27,3,3,5,156,2,1,MaxDuration,,,,,,,,,
training_episode,2991090,2909.9563697000012,1027.8813906437927,26868066,2450.18017578125,98.05253601074219,23.001802444458008,3,5,15,3,0,2,0,45,1,0,LivesExhausted,,,,,,,,,
ppo_rollout,2992128,2910.4885140000006,1028.0500972971713,,,,,,,,,,,,,,,,,,,-0.014112820751809826,1.7987306574980417,0.008218338092168173,0.9968128204345703,0.034505814,0.20623372395833334
training_episode,2994234,2912.094712099999,1028.2062556408985,7179014,890.1029052734375,41.84898376464844,7.401029109954834,3,3,10,1,0,0,0,28,2,0,LivesExhausted,,,,,,,,,
training_episode,2994258,2912.1109354,1028.208768972847,10320884,2041.143310546875,84.3196029663086,18.91143226623535,3,4,18,3,0,1,0,46,1,0,LivesExhausted,,,,,,,,,
training_episode,2996142,2913.0626096999986,1028.5196033972497,7597930,24077.33203125,304.5058898925781,240.27330017089844,1,27,49,24,4,3,3,139,3,1,MaxDuration,,,,,,,,,
ppo_rollout,2998272,2914.1541289000015,1028.865278698128,,,,,,,,,,,,,,,,,,,-0.01379370591409194,3.448811012506485,0.007699590921401977,0.9953956604003906,0.020630011,0.15895182291666668
validation,3000000,,,,,,,,,,,,,,,,,,10561.91171875,1778.1604614257812,12275.619674895823,,,,,,
training_episode,3001932,3064.9837953999995,979.4283429835325,30009936,2223.54736328125,90.31088256835938,20.7354736328125,3,5,16,3,0,2,0,35,0,0,LivesExhausted,,,,,,,,,
ppo_rollout,3004416,3066.2560286000007,979.8320727221738,,,,,,,,,,,,,,,,,,,-0.015776467241812496,1.5644365842143695,0.006811391313870748,0.9979225993156433,0.035517965,0.21798502604166667
training_episode,3007626,3068.398883599999,980.1939428655061,73786658,27389.33203125,305.1765441894531,272.8932800292969,2,37,45,27,5,3,5,99,3,1,MaxDuration,,,,,,,,,
training_episode,3009396,3069.305419200002,980.4811151001007,65617796,1435.566162109375,62.1955680847168,12.85566234588623,3,3,15,2,0,0,2,10,0,1,LivesExhausted,,,,,,,,,
ppo_rollout,3010560,3069.9249268999993,980.6624173836245,,,,,,,,,,,,,,,,,,,-0.0054067693505203355,8.544845458865165,0.0043408711751302086,0.9886924028396606,0.013955273,0.10968424479166666
ppo_rollout,3016704,3073.630288700002,981.4791359555221,,,,,,,,,,,,,,,,,,,-0.011530570891530563,4.5512103115518885,0.00656968355178833,0.9914538264274597,0.01708948,0.11142578125
training_episode,3017052,3074.3752491999985,981.3545047193198,52840858,1475.0537109375,63.755306243896484,13.250537872314453,3,4,12,2,0,1,0,46,0,0,LivesExhausted,,,,,,,,,
training_episode,3020544,3076.1471261000006,981.9244256465407,62371197,27389.33203125,306.6279602050781,273.3932800292969,1,31,50,27,5,3,4,143,1,1,MaxDuration,,,,,,,,,
ppo_rollout,3022848,3077.2983279,982.3058013562312,,,,,,,,,,,,,,,,,,,-0.018210893160236687,1.820409071445465,0.011127399404843648,0.9968751668930054,0.029697096,0.19108072916666666
training_episode,3024726,3078.810626900002,982.4332726321467,9587781,1479.524169921875,63.92527770996094,13.295242309570312,3,3,15,2,0,0,2,20,0,1,LivesExhausted,,,,,,,,,
training_episode,3025668,3079.2874911,982.5870461088888,71692078,911.660888671875,42.6988410949707,7.616608619689941,3,4,11,1,0,0,0,10,0,0,LivesExhausted,,,,,,,,,
ppo_rollout,3028992,3081.0278480000015,983.1108803402151,,,,,,,,,,,,,,,,,,,-0.012647906927547107,3.008054139216741,0.016743744413057964,0.9929305911064148,0.01950652,0.13971354166666666
training_episode,3029484,3081.850683299999,983.0080400767744,29800478,636.819091796875,31.790632247924805,4.868190765380859,3,4,7,1,0,0,0,18,0,0,LivesExhausted,,,,,,,,,
training_episode,3030660,3082.4440037999993,983.2003424113591,19118120,24077.33203125,303.4949035644531,239.77330017089844,2,26,45,24,2,3,3,157,3,1,MaxDuration,,,,,,,,,
training_episode,3030690,3082.463238600001,983.2039396442192,73472471,27389.33203125,303.5849914550781,273.3932800292969,1,29,50,27,1,3,5,124,2,1,MaxDuration,,,,,,,,,
training_episode,3031980,3083.1071647999997,983.4170004261541,14405315,1390.924560546875,60.425865173339844,12.409245491027832,3,3,15,2,0,0,0,20,0,0,LivesExhausted,,,,,,,,,
training_episode,3032826,3083.533058600002,983.5555326839842,22574177,27389.33203125,305.6570129394531,272.8932800292969,2,32,42,27,4,1,4,126,3,1,MaxDuration,,,,,,,,,
ppo_rollout,3035136,3084.7231347000015,983.9249318221799,,,,,,,,,,,,,,,,,,,-0.009075517715731014,2.306831448773543,0.020578834414482116,0.9955410361289978,0.027957743,0.173486328125
training_episode,3037074,3086.265810699999,984.0610583412964,44462538,727.0860595703125,35.40006637573242,5.770860195159912,3,4,9,1,0,0,0,17,1,0,LivesExhausted,,,,,,,,,
ppo_rollout,3041280,3088.4018031999985,984.7423339957987,,,,,,,,,,,,,,,,,,,-0.010062897172368442,3.2292651067177456,0.026294421156247458,0.9940465092658997,0.024043666,0.187158203125
training_episode,3044346,3090.4664433,985.0765429276908,8645220,24077.33203125,305.9673156738281,239.27330017089844,3,27,49,24,2,3,2,178,3,1,MaxDuration,,,,,,,,,
training_episode,3044394,3090.496489600002,985.0824973414,24878215,1405.2965087890625,60.99576950073242,12.55296516418457,3,4,13,2,1,0,0,34,0,0,LivesExhausted,,,,,,,,,
ppo_rollout,3047424,3092.0372505000014,985.571567582898,,,,,,,,,,,,,,,,,,,-0.0037241330137476325,5.0590697487195335,0.033312105139096576,0.9867437481880188,0.013924622,0.153662109375
training_episode,3048510,3093.139046100001,985.5716004244065,67293460,708.9336547851562,34.690185546875,5.589336395263672,3,4,9,1,0,1,0,9,0,0,LivesExhausted,,,,,,,,,
ppo_rollout,3053568,3095.7383754,986.3779265925366,,,,,,,,,,,,,,,,,,,-0.014198202319676057,1.4407764971256256,0.038550429542859393,0.9971097111701965,0.036812667,0.2146484375
ppo_rollout,3059712,3099.4165710999987,987.1896628964892,,,,,,,,,,,,,,,,,,,-0.006874115617635349,4.153651088476181,0.03944165011246999,0.9869986772537231,0.018976975,0.167431640625
training_episode,3065820,3103.111026900002,987.9826965336605,47918595,25150.666015625,302.7441711425781,250.0066375732422,3,23,48,26,3,3,1,106,3,1,MaxDuration,,,,,,,,,
ppo_rollout,3065856,3103.136230100001,987.9862734550976,,,,,,,,,,,,,,,,,,,-0.014741056410518165,2.367219513654709,0.04124004244804382,0.9896091222763062,0.03194056,0.181298828125
training_episode,3066708,3104.1494072999994,987.9382715239321,3722957,28554.666015625,300.3618469238281,284.046630859375,3,39,42,28,6,2,4,165,5,1,MaxDuration,,,,,,,,,
training_episode,3067272,3104.437987000001,988.0281109960529,20584326,28554.666015625,304.8061828613281,285.046630859375,1,35,46,28,2,0,6,124,1,1,MaxDuration,,,,,,,,,
training_episode,3067998,3104.804635200002,988.1452653146947,10425613,27389.33203125,300.1015930175781,273.3932800292969,1,33,47,27,2,4,6,154,2,1,MaxDuration,,,,,,,,,
training_episode,3069588,3105.6061584000017,988.4022131065846,58391495,503.521240234375,23.960453033447266,3.5352120399475098,3,3,9,1,1,0,0,10,0,0,LivesExhausted,,,,,,,,,
ppo_rollout,3072000,3106.8119307999987,988.7949668099045,,,,,,,,,,,,,,,,,,,-0.01005202995535607,2.3572808275620143,0.050681687394777936,0.9124510288238525,0.028785497,0.206103515625
training_episode,3075048,3108.8887615999993,989.1148367809136,52107755,1332.51416015625,58.72615051269531,11.825141906738281,3,3,15,2,0,0,0,37,0,0,LivesExhausted,,,,,,,,,
training_episode,3075204,3108.9715321000003,989.1386808301871,2989854,1534.1156005859375,66.08570861816406,13.841156005859375,3,3,16,2,0,0,0,24,1,0,LivesExhausted,,,,,,,,,
training_episode,3076392,3109.5640386999985,989.3322542043976,11472903,1280.1015625,56.656497955322266,10.301015853881836,5,6,13,2,2,0,0,27,0,0,LivesExhausted,,,,,,,,,
ppo_rollout,3078144,3110.465258799999,989.6088668058397,,,,,,,,,,,,,,,,,,,-0.0066283165380203474,2.201975163817406,0.05570661723613739,0.9968759417533875,0.027322324,0.218701171875
training_episode,3080484,3112.241586600001,989.7959121371761,50536820,26254.666015625,300.7322082519531,261.546630859375,2,28,49,27,8,2,6,169,0,1,MaxDuration,,,,,,,,,
training_episode,3080898,3112.4496093999987,989.8627726197691,59543514,1031.4871826171875,47.438045501708984,8.314871788024902,4,5,12,2,2,0,0,20,1,0,LivesExhausted,,,,,,,,,
ppo_rollout,3084288,3114.1755137,990.402752327697,,,,,,,,,,,,,,,,,,,-0.011587823290998738,2.667252290745576,0.05425679981708527,0.9958492517471313,0.024577374,0.17132161458333334
training_episode,3084630,3114.920038,990.2758216485555,37445695,23034.666015625,300.9824523925781,229.3466339111328,2,29,45,23,3,4,1,122,3,1,MaxDuration,,,,,,,,,
ppo_rollout,3090432,3117.8371155999994,991.2102157412654,,,,,,,,,,,,,,,,,,,-0.010781632866322373,3.5765361726284026,0.05674554308255513,0.992944061756134,0.019252557,0.150439453125
ppo_rollout,3096576,3121.5513831999997,991.9990478662579,,,,,,,,,,,,,,,,,,,-0.010925445232229929,3.6505148659149804,0.07153082092603048,0.9898542165756226,0.022765925,0.14684244791666667
training_episode,3101868,3124.893151100001,992.63169971367,70330601,26254.666015625,300.3418273925781,261.046630859375,3,30,41,27,5,3,2,143,4,1,MaxDuration,,,,,,,,,
ppo_rollout,3102720,3125.370832200002,992.7525937189163,,,,,,,,,,,,,,,,,,,-0.01174912544277807,2.6497452447811765,0.0795800268650055,0.9710893034934998,0.02508632,0.165673828125
training_episode,3106860,3128.081416699999,993.2158362033982,18280288,883.3171997070312,41.57902908325195,7.333171844482422,3,3,8,1,1,0,0,12,0,0,LivesExhausted,,,,,,,,,
ppo_rollout,3108864,3129.1083357999996,993.5303180243442,,,,,,,,,,,,,,,,,,,-0.01456394261913374,1.6909046853582064,0.08016153971354166,0.9834976196289062,0.03113042,0.22859700520833334
training_episode,3111426,3130.961304100001,993.7606050657926,22783635,27389.33203125,303.1145324707031,272.8932800292969,2,32,48,27,7,3,3,151,1,1,MaxDuration,,,,,,,,,
training_episode,3112212,3131.355673000002,993.8864584546983,53783419,959.5838623046875,44.588523864746094,8.09583854675293,3,3,10,1,0,0,0,17,0,0,LivesExhausted,,,,,,,,,
training_episode,3112884,3131.7060733,993.9898340203536,30114665,29750.666015625,304.0854797363281,297.0066223144531,1,32,45,30,2,1,3,158,0,1,MaxDuration,,,,,,,,,
ppo_rollout,3115008,3132.782837999999,994.3261825287109,,,,,,,,,,,,,,,,,,,-0.015802105861560754,1.7715360894799232,0.08867109815279643,0.9968714714050293,0.030989682,0.212939453125
training_episode,3115128,3133.3937012999995,994.1706331724541,30743039,501.0038146972656,24.280460357666016,3.510037899017334,3,3,7,1,0,0,0,4,0,0,LivesExhausted,,,,,,,,,
training_episode,3116538,3134.094380300001,994.3982604958054,70749517,26254.666015625,300.4319152832031,261.546630859375,2,33,44,27,2,3,2,151,0,1,MaxDuration,,,,,,,,,
training_episode,3117198,3134.4286015,994.5027934304345,73367742,26254.666015625,302.4538879394531,261.546630859375,2,27,47,27,3,4,3,103,0,1,MaxDuration,,,,,,,,,
training_episode,3118122,3134.8916439999994,994.650646368561,64989422,1257.9444580078125,55.77664566040039,11.07944393157959,3,4,13,2,0,1,0,33,0,0,LivesExhausted,,,,,,,,,
ppo_rollout,3121152,3136.443392199999,995.1246076246659,,,,,,,,,,,,,,,,,,,-0.016714387874041375,2.058763137459755,0.08829357226689656,0.9973835945129395,0.037537742,0.20498046875
training_episode,3121422,3137.1537826999993,994.9853326327982,42682145,27389.33203125,306.5779113769531,272.8932800292969,2,37,42,27,1,3,6,161,1,1,MaxDuration,,,,,,,,,
training_episode,3122526,3137.696439899999,995.1651027463694,46138202,759.6791381835938,36.689849853515625,6.0967912673950195,3,3,10,1,0,0,1,5,0,0,LivesExhausted,,,,,,,,,
training_episode,3123762,3138.345327700001,995.3531794059488,34513283,1385.2091064453125,60.19590377807617,12.352090835571289,3,4,13,2,1,1,0,27,0,0,LivesExhausted,,,,,,,,,
training_episode,3127062,3140.0400974000004,995.8669007409344,9797239,567.582763671875,27.480533599853516,4.175827503204346,3,3,9,1,0,0,0,21,0,0,LivesExhausted,,,,,,,,,
ppo_rollout,3127296,3140.159058699999,995.9036919915374,,,,,,,,,,,,,,,,,,,-0.009045634308131411,2.7290809959173203,0.08315565188725789,0.9952579140663147,0.026266322,0.20079752604166667
training_episode,3127584,3140.865454300001,995.7714029800868,40273378,2112.622802734375,86.54007720947266,18.62622833251953,5,6,18,3,2,1,0,41,0,0,LivesExhausted,,,,,,,,,
ppo_rollout,3133440,3143.8622806999992,996.6848800076323,,,,,,,,,,,,,,,,,,,-0.010093505028635263,5.617409654458364,0.08707746764024099,0.9857884049415588,0.01639323,0.14388020833333334
training_episode,3133974,3144.6805515000015,996.5953452744526,27601169,1193.7908935546875,53.2370719909668,10.437909126281738,3,5,11,2,0,1,1,26,2,0,LivesExhausted,,,,,,,,,
ppo_rollout,3139584,3147.5623540999986,997.4652276261959,,,,,,,,,,,,,,,,,,,-0.013067584793316201,4.562905636429787,0.08732061982154846,0.9894265532493591,0.018206384,0.125
ppo_rollout,3145728,3151.2324343,998.2532439562102,,,,,,,,,,,,,,,,,,,-0.008444903757966435,2.7336050758759183,0.09628580709298452,0.9863793253898621,0.03733062,0.17666015625
training_episode,3149418,3153.7089326999994,998.6394011649243,45090912,30977.33203125,304.4057922363281,309.2732849121094,1,33,46,31,3,3,6,151,0,1,MaxDuration,,,,,,,,,
ppo_rollout,3151872,3154.9866346000017,999.0127899225168,,,,,,,,,,,,,,,,,,,-0.01610899506874072,1.664752042790254,0.11128397484620413,0.9032061696052551,0.042553503,0.24095052083333332
training_episode,3151902,3155.5566048,998.841850976642,34199096,27389.33203125,306.4277648925781,272.8932800292969,2,23,50,27,4,1,3,121,4,1,MaxDuration,,,,,,,,,
training_episode,3157860,3158.5865558000005,999.7699743897579,65094151,27389.33203125,303.5950012207031,272.8932800292969,2,27,44,27,3,5,6,182,1,1,MaxDuration,,,,,,,,,
ppo_rollout,3158016,3158.6709534,999.7926490572577,,,,,,,,,,,,,,,,,,,-0.01748607724439353,1.9123600348830223,0.1252582589785258,0.9911752939224243,0.03149732,0.23011067708333333
training_episode,3159126,3159.7919489999986,999.7892427695408,36398405,27389.33203125,304.9663391113281,273.8932800292969,0,29,44,27,4,4,1,172,2,1,MaxDuration,,,,,,,,,
training_episode,3163320,3161.910605699999,1000.4457413493792,14824231,26254.666015625,302.0935363769531,262.046630859375,1,24,41,27,2,2,3,125,1,1,MaxDuration,,,,,,,,,
ppo_rollout,3164160,3162.3256083999986,1000.5800767622185,,,,,,,,,,,,,,,,,,,-0.011774273253589247,3.6103778024514517,0.12995577653249105,0.9904754161834717,0.021432122,0.175244140625
training_episode,3168120,3164.9189732000013,1001.0114087681562,73053555,1789.007080078125,74.94760131835938,16.39006996154785,3,3,18,2,0,0,0,38,0,0,LivesExhausted,,,,,,,,,
ppo_rollout,3170304,3166.055828299999,1001.3417867309945,,,,,,,,,,,,,,,,,,,-0.010747344011906534,2.8006365612149238,0.13337737917900086,0.9943391680717468,0.02722787,0.17093098958333333
training_episode,3170412,3166.6579267000016,1001.1855001035462,21631616,29750.666015625,303.6050109863281,297.0066223144531,1,18,49,30,3,4,6,171,2,1,MaxDuration,,,,,,,,,
ppo_rollout,3176448,3169.725495400002,1002.1208475654292,,,,,,,,,,,,,,,,,,,-0.013546543698369835,3.232521377503872,0.14370786050955456,0.989396333694458,0.0262845,0.18087565104166667
training_episode,3177654,3170.9073271999987,1002.127678958678,60276617,1388.0989990234375,60.31588363647461,12.380989074707031,3,3,14,2,0,0,0,20,0,0,LivesExhausted,,,,,,,,,
ppo_rollout,3182592,3173.4466832,1002.8818246257026,,,,,,,,,,,,,,,,,,,-0.016021085237540925,2.116675282518069,0.1493648648262024,0.9948202967643738,0.034627583,0.21407877604166667
training_episode,3185484,3175.4699172,1003.1535750805758,3304041,27389.33203125,300.5320129394531,273.3932800292969,1,30,46,27,3,4,2,138,1,1,MaxDuration,,,,,,,,,
training_episode,3188700,3177.109603000001,1003.6480947931589,64361048,27389.33203125,306.5979309082031,272.8932800292969,2,29,45,27,4,3,4,171,0,1,MaxDuration,,,,,,,,,
ppo_rollout,3188736,3177.135248900002,1003.6513242878201,,,,,,,,,,,,,,,,,,,-0.015037352040720483,1.9164847855766614,0.13770363529523214,0.9953634142875671,0.04007284,0.22457682291666667
training_episode,3188778,3177.7363824999993,1003.4746801404948,58705682,564.8203125,27.430532455444336,4.148202896118164,3,3,10,1,0,0,0,10,0,0,LivesExhausted,,,,,,,,,
training_episode,3194052,3180.4451143000006,1004.2782960280684,6969556,26254.666015625,301.5730285644531,261.546630859375,2,34,36,27,7,2,3,171,2,1,MaxDuration,,,,,,,,,
ppo_rollout,3194880,3180.8689570999995,1004.4047846953036,,,,,,,,,,,,,,,,,,,-0.01921991050670234,3.180149910847346,0.12715117633342743,0.992630660533905,0.024261633,0.17306315104166667
training_episode,3195948,3181.9810602,1004.3893849572827,16499895,1389.9837646484375,60.395870208740234,12.399837493896484,3,3,8,2,1,0,1,30,2,1,LivesExhausted,,,,,,,,,
training_episode,3196128,3182.0795897999997,1004.4148519242045,67817105,1411.4735107421875,61.2357292175293,12.61473560333252,3,4,16,2,0,0,0,23,1,0,LivesExhausted,,,,,,,,,
training_episode,3197292,3182.6755219000006,1004.5925128086176,7074285,513.406494140625,26.960521697998047,3.6340646743774414,3,3,5,1,0,0,0,9,0,0,LivesExhausted,,,,,,,,,
training_episode,3199416,3183.783609500002,1004.9100040760788,62475926,29750.666015625,300.7722473144531,297.5066223144531,0,25,40,30,4,3,5,204,2,1,MaxDuration,,,,,,,,,
ppo_rollout,3201024,3184.6139196000004,1005.1529261675968,,,,,,,,,,,,,,,,,,,-0.014182804629672318,2.4973795488476753,0.12710839211940766,0.9952687621116638,0.025713677,0.19973958333333333
training_episode,3203766,3186.5672266,1005.3972730455621,67084002,748.1119384765625,36.239925384521484,5.981119632720947,3,4,8,1,0,0,0,22,0,0,LivesExhausted,,,,,,,,,
training_episode,3204828,3187.1066032000017,1005.560340147457,3199312,27389.33203125,305.8672180175781,272.8932800292969,2,27,46,27,5,5,3,155,4,1,MaxDuration,,,,,,,,,
training_episode,3206358,3187.8847661,1005.7948248620667,39121359,2117.245849609375,86.71011352539062,19.67245864868164,3,5,18,3,1,1,0,59,0,0,LivesExhausted,,,,,,,,,
ppo_rollout,3207168,3188.2906170999995,1005.9208476161972,,,,,,,,,,,,,,,,,,,-0.011665816500317306,2.828162292142709,0.12737167676289876,0.9950191974639893,0.046117444,0.182568359375
training_episode,3207744,3189.1255587000014,1005.838102312782,66665086,689.6014404296875,33.110450744628906,5.396014213562012,3,5,9,1,0,0,0,5,0,0,LivesExhausted,,,,,,,,,
training_episode,3208350,3189.441728500002,1005.9283953461319,71587349,572.9202880859375,29.310575485229492,4.229202747344971,3,5,8,1,1,1,1,14,0,0,LivesExhausted,,,,,,,,,
training_episode,3209496,3190.0588190000017,1006.0930478410713,22888364,2557.242919921875,101.68331146240234,23.57242774963379,4,5,21,3,1,1,0,46,1,1,LivesExhausted,,,,,,,,,
training_episode,3212052,3191.381981900002,1006.4768235884105,73577200,1031.23876953125,47.42804718017578,8.812387466430664,3,3,9,2,0,0,0,20,0,0,LivesExhausted,,,,,,,,,
ppo_rollout,3213312,3192.0423293999993,1006.6633422759148,,,,,,,,,,,,,,,,,,,-0.014206787723621044,3.685671052336693,0.1281606247027715,0.9936566352844238,0.027220024,0.181103515625
training_episode,3214134,3193.0766981999986,1006.5946746007924,48546969,26254.666015625,303.9553527832031,261.546630859375,2,30,44,27,7,1,4,141,2,1,MaxDuration,,,,,,,,,
training_episode,3217584,3194.875772800002,1007.1077027136165,16395166,1981.9432373046875,81.9791030883789,18.319433212280273,3,4,17,2,1,2,0,39,0,0,LivesExhausted,,,,,,,,,
ppo_rollout,3219456,3195.800359500001,1007.4021020836547,,,,,,,,,,,,,,,,,,,-0.012376447735975186,3.6122986639539403,0.12458084523677826,0.9931972622871399,0.023444094,0.16580403645833333
training_episode,3219786,3196.5307844000017,1007.2751420738666,2466209,1022.8441162109375,47.088104248046875,8.72844123840332,3,3,10,2,0,0,0,30,0,0,LivesExhausted,,,,,,,,,
training_episode,3222702,3197.995781900001,1007.7255317970809,18803933,909.905029296875,42.62885284423828,7.599050521850586,3,3,11,1,0,0,0,11,0,0,LivesExhausted,,,,,,,,,
ppo_rollout,3225600,3199.4799190000012,1008.1638521451207,,,,,,,,,,,,,,,,,,,-0.01127774391497951,4.844818790753682,0.125707338253657,0.9917130470275879,0.017581524,0.15517578125
training_episode,3229314,3201.9406156000005,1008.5489981502577,50955736,1239.7403564453125,55.056766510009766,10.397403717041016,4,5,13,2,1,1,1,28,0,0,LivesExhausted,,,,,,,,,
ppo_rollout,3231744,3203.1875470999985,1008.9150112130822,,,,,,,,,,,,,,,,,,,-0.010358911396663947,3.2116808409492177,0.12613194982210796,0.9922240376472473,0.030581387,0.159326171875
training_episode,3232380,3204.077175300001,1008.83337795924,31790329,26254.666015625,302.0635070800781,262.046630859375,1,25,46,27,2,3,3,149,0,1,MaxDuration,,,,,,,,,
training_episode,3236010,3205.9122522,1009.388200746713,11787090,632.5494384765625,30.210596084594727,4.825493812561035,3,3,10,1,0,0,1,10,0,0,LivesExhausted,,,,,,,,,
ppo_rollout,3237888,3206.890218299999,1009.6659940284558,,,,,,,,,,,,,,,,,,,-0.011673491159065937,3.651840418577194,0.13042117456595104,0.9851851463317871,0.024388915,0.17067057291666668
training_episode,3240612,3208.814474499999,1009.9094309604658,22259990,801.4769897460938,38.33957290649414,6.514769554138184,3,4,9,1,1,2,1,21,0,0,LivesExhausted,,,,,,,,,
ppo_rollout,3244032,3210.542803100001,1010.4310077621961,,,,,,,,,,,,,,,,,,,-0.013825659999080623,2.118164802591006,0.12854242225488027,0.9959942102432251,0.03134673,0.212255859375
training_episode,3244968,3211.586195600001,1010.3941798123724,56506373,27389.33203125,305.1264953613281,273.8932800292969,0,26,44,27,5,1,5,159,0,1,MaxDuration,,,,,,,,,
training_episode,3245928,3212.0688013,1010.5412432903979,42891603,25150.666015625,303.5549621582031,250.0066375732422,3,28,45,26,5,2,3,144,2,1,MaxDuration,,,,,,,,,
training_episode,3248772,3213.5006872000013,1010.9759779857808,47709137,27389.33203125,305.9472961425781,272.3932800292969,3,31,48,27,3,4,7,124,3,1,MaxDuration,,,,,,,,,
training_episode,3249762,3213.9999844000013,1011.1269495250713,45509828,670.4910278320312,31.95063591003418,5.2049102783203125,3,3,9,1,0,0,1,16,0,0,LivesExhausted,,,,,,,,,
ppo_rollout,3250176,3214.224828999999,1011.1850206232108,,,,,,,,,,,,,,,,,,,-0.01131384830417422,3.3467641532421113,0.13253299196561177,0.9928709268569946,0.0278639,0.180029296875
training_episode,3250536,3214.978684900001,1011.0598913974153,17651914,1004.6204833984375,46.37822341918945,8.546204566955566,3,3,12,2,0,0,1,6,0,0,LivesExhausted,,,,,,,,,
training_episode,3254994,3217.244708000002,1011.7334226725529,36922050,934.2667846679688,43.598690032958984,7.342668056488037,4,4,6,1,1,0,1,26,0,0,LivesExhausted,,,,,,,,,
ppo_rollout,3256320,3217.9160286000006,1011.9344231044797,,,,,,,,,,,,,,,,,,,-0.013063488625145206,3.430307553211848,0.1440719445546468,0.993633508682251,0.030580208,0.19908854166666667
training_episode,3256338,3218.4845633000004,1011.7612609150399,69492769,27389.33203125,304.5759582519531,272.3932800292969,3,22,51,27,2,5,2,152,6,1,MaxDuration,,,,,,,,,
training_episode,3262116,3221.4355209999994,1012.628059365091,32523432,1347.6507568359375,59.3260498046875,11.476507186889648,4,6,10,2,1,0,0,31,0,0,LivesExhausted,,,,,,,,,
ppo_rollout,3262464,3221.621490900001,1012.6776249833711,,,,,,,,,,,,,,,,,,,-0.012822114471540165,2.7582611605525016,0.1481214553117752,0.9954326152801514,0.036494058,0.21647135416666666
training_episode,3265506,3223.7216064999993,1012.9615390534191,28229543,23034.666015625,301.5830383300781,228.8466339111328,3,31,43,23,3,4,3,152,2,1,MaxDuration,,,,,,,,,
training_episode,3267330,3224.704011400001,1013.2185739991352,23516738,930.4540405273438,43.438716888427734,7.804540634155273,3,3,6,1,0,0,1,21,0,0,LivesExhausted,,,,,,,,,
ppo_rollout,3268608,3225.377115200001,1013.403358198416,,,,,,,,,,,,,,,,,,,-0.00998364775441587,5.499817980329196,0.1549851305782795,0.9876536130905151,0.021019211,0.16064453125
ppo_rollout,3274752,3229.0540462999998,1014.1521179406592,,,,,,,,,,,,,,,,,,,-0.014284815111507972,1.970744659503301,0.15840252712368966,0.9952429533004761,0.036461,0.20123697916666666
training_episode,3276726,3230.6377137000018,1014.2660026856474,33151806,26254.666015625,300.9123840332031,262.046630859375,1,23,47,27,2,5,8,142,1,1,MaxDuration,,,,,,,,,
ppo_rollout,3280896,3232.7406186000007,1014.8961475977785,,,,,,,,,,,,,,,,,,,-0.010258336260449141,2.5018335342407227,0.15611323031286398,0.9931376576423645,0.033209097,0.20084635416666666
training_episode,3283266,3234.5627944000007,1015.0571216871471,10739800,1224.983642578125,54.476863861083984,10.249835968017578,4,4,15,2,1,0,1,24,1,0,LivesExhausted,,,,,,,,,
training_episode,3284802,3235.3415940000014,1015.2875375174367,63313758,23034.666015625,300.2217102050781,228.3466339111328,4,22,45,23,4,3,3,161,2,1,MaxDuration,,,,,,,,,
training_episode,3286674,3236.313238900002,1015.5611516507948,62580655,24077.33203125,301.1025695800781,239.77330017089844,2,30,48,24,2,4,6,219,1,1,MaxDuration,,,,,,,,,
ppo_rollout,3287040,3236.4986647000005,1015.6160531908281,,,,,,,,,,,,,,,,,,,-0.009689801549150919,2.3555110822121303,0.14979357520739237,0.9909895658493042,0.031879984,0.21396484375
training_episode,3292668,3239.9064193000013,1016.2849088435703,15557334,1093.9732666015625,49.907630920410156,9.439732551574707,3,3,7,2,0,0,1,17,0,0,LivesExhausted,,,,,,,,,
training_episode,3292992,3240.0776222999993,1016.3312068006688,63523216,27389.33203125,305.3967590332031,273.3932800292969,1,24,49,27,6,4,4,95,3,1,MaxDuration,,,,,,,,,
ppo_rollout,3293184,3240.1869066,1016.3561840497687,,,,,,,,,,,,,,,,,,,-0.007697130175074562,3.0307589679956437,0.15258104652166365,0.992929995059967,0.035754923,0.20804036458333333
training_episode,3296004,3242.2303236000007,1016.5853967895445,16709353,2685.698486328125,106.15426635742188,24.856983184814453,4,4,22,3,1,0,0,65,0,1,LivesExhausted,,,,,,,,,
training_episode,3298002,3243.2625850000004,1016.8778856368793,28439001,886.8753051757812,41.7190055847168,7.368753433227539,3,3,6,1,0,0,0,11,0,0,LivesExhausted,,,,,,,,,
ppo_rollout,3299328,3243.9590492999996,1017.0683260357273,,,,,,,,,,,,,,,,,,,-0.01309520032373257,4.333378740151724,0.15423200639585655,0.9920961260795593,0.02825419,0.17664388020833333
training_episode,3301758,3245.8066817,1017.23803164725,3932415,27389.33203125,302.0835266113281,272.8932800292969,2,28,44,27,4,2,7,203,1,1,MaxDuration,,,,,,,,,
training_episode,3301914,3245.8861615999995,1017.2611840374533,51374652,655.360107421875,32.57054138183594,5.053601264953613,3,3,9,1,0,0,0,16,0,0,LivesExhausted,,,,,,,,,
training_episode,3303072,3246.5023946,1017.4247847449901,32209245,1336.800048828125,58.896121978759766,11.868000030517578,3,3,15,2,0,0,0,10,0,0,LivesExhausted,,,,,,,,,
training_episode,3303852,3246.9027322,1017.5395669341202,28543730,26254.666015625,304.3257141113281,260.546630859375,4,29,45,27,6,3,1,149,0,1,MaxDuration,,,,,,,,,
ppo_rollout,3305472,3247.7554388999997,1017.7712152857016,,,,,,,,,,,,,,,,,,,-0.012032630445901304,3.5003424833218255,0.15453087737162907,0.9932464361190796,0.022727517,0.14586588541666667
training_episode,3309504,3250.326309,1018.2066923053663,69702227,1202.2672119140625,53.5770149230957,10.522672653198242,3,3,12,2,0,0,1,46,0,0,LivesExhausted,,,,,,,,,
training_episode,3310326,3250.7483606999995,1018.3273611763574,15766792,1682.9183349609375,71.3568344116211,14.829183578491211,4,6,13,2,1,1,0,45,0,0,LivesExhausted,,,,,,,,,
ppo_rollout,3311616,3251.444580700001,1018.5060571713773,,,,,,,,,,,,,,,,,,,-0.006849420007589894,2.6006334950526555,0.1583501862982909,0.9949098825454712,0.043514237,0.23162434895833334
training_episode,3312906,3252.653237300001,1018.5241888096299,61114449,548.49560546875,28.350553512573242,3.4849562644958496,4,5,7,1,1,0,0,9,0,0,LivesExhausted,,,,,,,,,
training_episode,3314298,3253.353781500002,1018.7327363063168,67712376,2610.951171875,103.2036361694336,23.609508514404297,5,8,18,3,3,2,0,66,0,1,LivesExhausted,,,,,,,,,
ppo_rollout,3317760,3255.0937440999987,1019.2517515090269,,,,,,,,,,,,,,,,,,,-0.009939880479942076,4.068361122409502,0.15947446674108506,0.991199791431427,0.031500075,0.18538411458333334
training_episode,3318762,3256.2076559000016,1019.2107969486082,7702659,1065.490478515625,48.7778205871582,9.154903411865234,3,3,14,2,1,0,0,19,0,0,LivesExhausted,,,,,,,,,
training_episode,3318864,3256.2639930000005,1019.2244876750076,67188731,792.8238525390625,38.00962829589844,6.428238868713379,3,3,11,1,0,0,0,16,0,0,LivesExhausted,,,,,,,,,
training_episode,3320856,3257.311364000001,1019.5083088163748,12101277,26254.666015625,300.4319152832031,261.546630859375,2,32,43,27,3,4,2,150,0,1,MaxDuration,,,,,,,,,
training_episode,3323850,3258.895359000002,1019.9314902273909,6131724,903.6085815429688,42.3788948059082,7.53608512878418,3,3,10,1,0,0,0,26,0,0,LivesExhausted,,,,,,,,,
ppo_rollout,3323904,3258.928652499999,1019.9376403807297,,,,,,,,,,,,,,,,,,,-0.009950063767610118,4.20625506490469,0.169874807074666,0.9918312430381775,0.023178054,0.17701822916666668
training_episode,3326682,3260.9122979999993,1020.1691109694483,34303825,1058.689697265625,48.50786590576172,9.086896896362305,3,3,10,2,0,0,0,35,0,0,LivesExhausted,,,,,,,,,
training_episode,3329304,3262.232336199999,1020.5600511820471,21841074,27389.33203125,305.2666320800781,272.8932800292969,2,38,43,27,2,2,2,138,4,1,MaxDuration,,,,,,,,,
ppo_rollout,3330048,3262.6145591999993,1020.6685281317863,,,,,,,,,,,,,,,,,,,-0.013156258262461052,1.7762959197163581,0.17005152975519497,0.9969947934150696,0.046946704,0.2400390625
training_episode,3330312,3263.316558300001,1020.5298629486622,72948826,1209.1270751953125,53.84696960449219,10.59127140045166,3,4,8,2,0,0,0,15,0,0,LivesExhausted,,,,,,,,,
training_episode,3333102,3264.6894422000005,1020.9553034097779,4874976,1199.6455078125,53.47703170776367,9.996455192565918,4,4,13,2,1,0,0,2,0,0,LivesExhausted,,,,,,,,,
ppo_rollout,3336192,3266.2706265999986,1021.4070973882484,,,,,,,,,,,,,,,,,,,-0.013465217334063103,2.104384342332681,0.16354247803489366,0.9965375065803528,0.058746595,0.23639322916666666
training_episode,3337104,3267.3016867000006,1021.3639020798537,74100845,1277.8116455078125,56.56651306152344,11.278116226196289,3,4,14,2,0,1,0,33,0,0,LivesExhausted,,,,,,,,,
training_episode,3339906,3268.7409208999998,1021.7714039815692,35455844,23034.666015625,300.3918762207031,228.8466339111328,3,35,39,23,2,0,2,153,3,1,MaxDuration,,,,,,,,,
training_episode,3341760,3269.6540018999985,1022.0530973791418,2256751,812.0340576171875,38.75950241088867,6.620339870452881,3,3,11,1,0,0,0,11,0,0,LivesExhausted,,,,,,,,,
ppo_rollout,3342336,3269.9565906999997,1022.1346697708015,,,,,,,,,,,,,,,,,,,-0.016230977796173343,1.9831094150741895,0.16951429322361947,0.997053325176239,0.046409044,0.21813151041666667
training_episode,3342420,3270.573056600002,1021.967692559263,62266468,1857.316162109375,77.64817810058594,17.073162078857422,3,3,16,2,1,0,0,19,0,0,LivesExhausted,,,,,,,,,
training_episode,3347070,3272.9095426999993,1022.6588777760176,11577632,28554.666015625,306.1875305175781,284.546630859375,2,24,44,28,5,4,6,141,3,1,MaxDuration,,,,,,,,,
ppo_rollout,3348480,3273.6349267000005,1022.8629871613226,,,,,,,,,,,,,,,,,,,-0.011133454388861234,2.9372838020324705,0.17949495539069177,0.9949129223823547,0.03137772,0.2095703125
training_episode,3349806,3274.8734030999985,1022.8810667395785,28962646,1418.818603515625,61.52568054199219,12.688185691833496,3,3,16,2,0,0,0,43,1,0,LivesExhausted,,,,,,,,,
training_episode,3350910,3275.4249592000015,1023.0458770206218,62999571,640.6448974609375,31.990636825561523,4.906448841094971,3,3,8,1,1,0,0,10,0,0,LivesExhausted,,,,,,,,,
ppo_rollout,3354624,3277.304478599999,1023.5924131873857,,,,,,,,,,,,,,,,,,,-0.012686865834984929,1.507774718105793,0.1756270293146372,0.9978375434875488,0.038134623,0.22049153645833333
training_episode,3355470,3278.3173024999996,1023.5342373482777,66141441,27389.33203125,305.0063781738281,273.3932800292969,1,32,45,27,3,2,4,183,4,1,MaxDuration,,,,,,,,,
training_episode,3356028,3278.605215200001,1023.6145493946809,43205790,909.9265747070312,42.638851165771484,7.599265098571777,3,4,10,1,0,1,1,22,1,0,LivesExhausted,,,,,,,,,
ppo_rollout,3360768,3280.995743200001,1024.3134289233171,,,,,,,,,,,,,,,,,,,-0.010635250767033236,5.205842829247316,0.17494686332841713,0.9920307993888855,0.01951803,0.15349934895833334
training_episode,3366090,3284.2651756999985,1024.9141953900119,37655153,24077.33203125,306.4978332519531,238.77330017089844,4,29,41,24,7,2,2,121,0,1,MaxDuration,,,,,,,,,
ppo_rollout,3366912,3284.720726200001,1025.022301940136,,,,,,,,,,,,,,,,,,,-0.013251266971928998,2.3478694130976994,0.17365294347206753,0.9944792985916138,0.034067135,0.202978515625
ppo_rollout,3373056,3288.404368399999,1025.7424641608748,,,,,,,,,,,,,,,,,,,-0.011615228596686697,2.8201910982529323,0.1759501212586959,0.9889933466911316,0.023264797,0.17376302083333334
training_episode,3376398,3290.6660889000013,1026.0530569750567,48128053,24077.33203125,304.0454406738281,239.27330017089844,3,27,46,24,2,3,2,178,3,1,MaxDuration,,,,,,,,,
training_episode,3378450,3291.699870799999,1026.3542037867862,27810627,27389.33203125,305.7270812988281,272.8932800292969,2,30,45,27,2,1,2,171,3,1,MaxDuration,,,,,,,,,
ppo_rollout,3379200,3292.0877365000015,1026.4611002113243,,,,,,,,,,,,,,,,,,,-0.014187572372611612,2.43655187835296,0.18619715919097266,0.9916583895683289,0.02854363,0.17965494791666667
ppo_rollout,3385344,3295.7773616000013,1027.176179872938,,,,,,,,,,,,,,,,,,,-0.015496099864443143,2.047201662758986,0.1925792157649994,0.9911883473396301,0.034723323,0.22146809895833333
training_episode,3385752,3296.5489961999992,1027.0595109925036,34827470,1864.6470947265625,77.93824005126953,17.14647102355957,3,4,18,2,1,0,0,30,0,0,LivesExhausted,,,,,,,,,
training_episode,3386334,3296.8437933999994,1027.1442058550522,32732890,25150.666015625,304.3457336425781,251.0066375732422,1,22,47,26,3,2,5,122,6,1,MaxDuration,,,,,,,,,
training_episode,3391476,3299.4482032000014,1027.8918749840486,20793784,915.5571899414062,42.84881591796875,7.655572891235352,3,3,11,1,0,0,0,30,1,0,LivesExhausted,,,,,,,,,
ppo_rollout,3391488,3299.461366800002,1027.8914110424182,,,,,,,,,,,,,,,,,,,-0.019005056866444648,2.7754548807938892,0.19803114781777065,0.9949272274971008,0.0380837,0.20400390625
training_episode,3392076,3300.3411806000004,1027.7955563925432,24459299,27389.33203125,305.0163879394531,272.8932800292969,2,24,48,27,6,3,6,164,3,1,MaxDuration,,,,,,,,,
training_episode,3392598,3300.610242900002,1027.869924144444,22050532,24077.33203125,304.7361145019531,238.27330017089844,5,21,44,24,6,1,5,145,2,1,MaxDuration,,,,,,,,,
ppo_rollout,3397632,3303.113290000001,1028.6150373001583,,,,,,,,,,,,,,,,,,,-0.015372450143331662,1.7673145386079947,0.20273431353271007,0.9962289929389954,0.046112377,0.232421875
training_episode,3397674,3303.710607500001,1028.441774617512,71796807,2482.560546875,99.34281158447266,22.825605392456055,4,6,20,3,2,2,0,49,0,0,LivesExhausted,,,,,,,,,
training_episode,3402342,3306.0543225,1029.1246507489896,24564028,26254.666015625,302.0534973144531,261.546630859375,2,21,39,27,1,3,5,135,2,1,MaxDuration,,,,,,,,,
ppo_rollout,3403776,3306.809928400002,1029.3231463856512,,,,,,,,,,,,,,,,,,,-0.014005404378985986,3.8053940663735073,0.20583892377714316,0.9897627234458923,0.02456005,0.16383463541666668
ppo_rollout,3409920,3310.538281600002,1030.0198064321933,,,,,,,,,,,,,,,,,,,-0.013015803752932698,4.487700653076172,0.20718925508360067,0.9894678592681885,0.019143907,0.13004557291666666
training_episode,3414510,3313.518673499999,1030.4785747271271,40168649,26254.666015625,300.4719543457031,262.046630859375,1,29,46,27,2,1,3,146,1,1,MaxDuration,,,,,,,,,
ppo_rollout,3416064,3314.294825699999,1030.7061319683612,,,,,,,,,,,,,,,,,,,-0.01331486834678799,2.3666092693805694,0.21098291637996833,0.992361307144165,0.05515736,0.195361328125
ppo_rollout,3422208,3317.9820889000002,1031.4124393403683,,,,,,,,,,,,,,,,,,,-0.017125169180023173,1.8649809603889784,0.21610522381961345,0.9901651740074158,0.036937825,0.23245442708333333
training_episode,3427494,3321.319357700002,1031.9676101166988,30428852,23034.666015625,300.1216125488281,229.3466339111328,2,20,44,23,4,5,3,121,2,1,MaxDuration,,,,,,,,,
ppo_rollout,3428352,3321.7626156000006,1032.088200372725,,,,,,,,,,,,,,,,,,,-0.010775783457211219,2.1210387070973713,0.22421569973230362,0.991929829120636,0.037974045,0.23649088541666666
training_episode,3428868,3322.5945839000015,1031.9850687215824,11996548,24077.33203125,306.5779113769531,239.27330017089844,3,26,47,24,4,4,3,142,1,1,MaxDuration,,,,,,,,,
training_episode,3428952,3322.640331499999,1031.9961409882744,55668541,27389.33203125,302.9043273925781,273.8932800292969,0,23,50,27,5,7,5,136,7,1,MaxDuration,,,,,,,,,
training_episode,3434292,3325.4157105000013,1032.7406552979894,33570722,27389.33203125,305.1365051269531,272.3932800292969,3,28,47,27,7,4,5,149,1,1,MaxDuration,,,,,,,,,
ppo_rollout,3434496,3325.5401434999985,1032.763356266489,,,,,,,,,,,,,,,,,,,-0.017209554770185303,2.123873221874237,0.2287671076754729,0.9810087084770203,0.03305322,0.237060546875
training_episode,3437202,3327.471386000001,1032.9771773430357,41425397,1954.8087158203125,80.89887237548828,17.54808807373047,4,5,13,2,1,0,0,64,0,0,LivesExhausted,,,,,,,,,
training_episode,3439086,3328.4187619000004,1033.249193090363,5922266,24077.33203125,306.1875305175781,239.77330017089844,2,22,44,24,2,5,5,165,0,1,MaxDuration,,,,,,,,,
training_episode,3439284,3328.521740799999,1033.2767119536313,19955952,2119.125,86.79013061523438,19.69124984741211,3,4,18,3,0,1,0,28,0,0,LivesExhausted,,,,,,,,,
ppo_rollout,3440640,3329.2467966000004,1033.4589804257707,,,,,,,,,,,,,,,,,,,-0.012959698944663008,2.3241065134604773,0.22985906700293224,0.99686598777771,0.04080923,0.220458984375
ppo_rollout,3446784,3332.903803199999,1034.168461955206,,,,,,,,,,,,,,,,,,,-0.011608574911952019,2.987369845310847,0.2257274697224299,0.9936360716819763,0.037915327,0.19484049479166668
training_episode,3450738,3335.5865410000006,1034.5221020604902,40063920,26254.666015625,301.8633117675781,262.546630859375,0,25,47,27,8,3,3,106,0,1,MaxDuration,,,,,,,,,
ppo_rollout,3452928,3336.7426707999985,1034.819984836333,,,,,,,,,,,,,,,,,,,-0.013583574241298873,4.211966040730476,0.22765516340732575,0.9871885180473328,0.020052372,0.171044921875
ppo_rollout,3459072,3340.4429439000014,1035.512971810109,,,,,,,,,,,,,,,,,,,-0.01427747831621673,1.6634480560819307,0.2399767870704333,0.9895397424697876,0.04063581,0.22566731770833334
ppo_rollout,3465216,3344.1401927000006,1036.205362312351,,,,,,,,,,,,,,,,,,,-0.01202971594563375,2.082540797193845,0.24609389354785283,0.9800381064414978,0.041823298,0.21946614583333332
training_episode,3465552,3344.861742000001,1036.0822859984146,48861156,28554.666015625,304.9863586425781,284.546630859375,2,24,44,28,3,2,7,158,3,1,MaxDuration,,,,,,,,,
training_episode,3470502,3347.3715599999996,1036.784216449518,42263229,24077.33203125,301.6931457519531,239.27330017089844,3,20,43,24,4,1,3,144,0,1,MaxDuration,,,,,,,,,
ppo_rollout,3471360,3347.8058348000013,1036.9060128624155,,,,,,,,,,,,,,,,,,,-0.01568623506852115,1.7134359747171402,0.24846761400500933,0.7141257524490356,0.047353726,0.24930013020833333
training_episode,3473964,3349.701522899999,1037.0965819642406,59857701,27389.33203125,306.3076477050781,273.3932800292969,1,27,49,27,2,5,5,122,2,1,MaxDuration,,,,,,,,,
training_episode,3475386,3350.442049600002,1037.291780771112,18594475,26254.666015625,302.4839172363281,262.546630859375,0,26,44,27,5,1,2,162,2,1,MaxDuration,,,,,,,,,
training_episode,3476016,3350.7726672999997,1037.3774484680034,58077308,26254.666015625,306.0774230957031,262.046630859375,1,23,44,27,5,2,5,164,3,1,MaxDuration,,,,,,,,,
ppo_rollout,3477504,3351.519572600002,1037.5902406866337,,,,,,,,,,,,,,,,,,,-0.013279913761653005,2.099076755841573,0.2605100246767203,0.9935835599899292,0.03917761,0.216162109375
training_episode,3479034,3352.8839407000014,1037.624344155993,60904991,900.25732421875,42.24891662597656,7.502573013305664,3,3,11,1,0,0,0,9,0,0,LivesExhausted,,,,,,,,,
ppo_rollout,3483648,3355.2084060999987,1038.2806604998036,,,,,,,,,,,,,,,,,,,-0.013256636209553108,2.526103557149569,0.27224528541167575,0.995252251625061,0.03977047,0.19915364583333334
training_episode,3485664,3356.8247009000006,1038.3813009554704,50117904,2074.075439453125,85.61988067626953,19.240753173828125,3,3,18,3,0,0,0,27,1,0,LivesExhausted,,,,,,,,,
training_episode,3487380,3357.6867681000003,1038.6257685297394,2570938,27389.33203125,305.3266906738281,273.8932800292969,0,27,47,27,4,5,5,176,1,1,MaxDuration,,,,,,,,,
ppo_rollout,3489792,3358.907015500001,1038.9665399774444,,,,,,,,,,,,,,,,,,,-0.013470434337311115,2.9288974101344745,0.27472167536616326,0.9916005730628967,0.029129237,0.20255533854166666
training_episode,3492624,3360.9358949999987,1039.181974638645,40378107,935.95166015625,43.6586799621582,7.8595170974731445,3,3,11,1,0,0,1,16,0,0,LivesExhausted,,,,,,,,,
ppo_rollout,3495936,3362.640999200001,1039.6399737086745,,,,,,,,,,,,,,,,,,,-0.013676598095723117,2.7111606190601987,0.26945079788565635,0.9902729988098145,0.030365383,0.18806966145833334
validation,3500004,,,,,,,,,,,,,,,,,,16099.936788330078,24077.33203125,12246.901882859265,,,,,,
training_episode,3501660,3570.0068193000006,980.8552692587288,10006697,26254.666015625,300.8723449707031,261.046630859375,3,32,43,27,7,5,7,129,6,1,MaxDuration,,,,,,,,,
ppo_rollout,3502080,3570.231051300001,980.9113050890121,,,,,,,,,,,,,,,,,,,-0.006449857936240732,2.024547511835893,0.27041089658935863,0.9942830801010132,0.041146625,0.22001953125
training_episode,3506640,3573.2423272999986,981.3608142971025,13776941,26254.666015625,301.1225891113281,261.546630859375,2,24,46,27,3,0,3,159,3,1,MaxDuration,,,,,,,,,
ppo_rollout,3508224,3574.0724295,981.5760786053203,,,,,,,,,,,,,,,,,,,-0.01582896913557003,1.8176642710963884,0.28003173545002935,0.9913908243179321,0.036140475,0.218017578125
training_episode,3510120,3575.659832000001,981.6705628948652,1523648,1660.5679931640625,70.47664642333984,14.605680465698242,4,4,11,2,1,0,0,31,0,0,LivesExhausted,,,,,,,,,
training_episode,3512058,3576.6452753000012,981.9419399105539,51898297,26254.666015625,300.3017883300781,262.046630859375,1,31,45,27,2,3,7,158,1,1,MaxDuration,,,,,,,,,
ppo_rollout,3514368,3577.8077185,982.2685500475701,,,,,,,,,,,,,,,,,,,-0.017852095510655395,2.00635560353597,0.2876587398350239,0.9942604303359985,0.040945984,0.23097330729166668
training_episode,3515406,3578.8861049000006,982.2626082419646,6760098,27389.33203125,303.0444641113281,273.3932800292969,1,29,47,27,3,3,5,174,2,1,MaxDuration,,,,,,,,,
ppo_rollout,3520512,3581.4797857000012,982.9769287143736,,,,,,,,,,,,,,,,,,,-0.012504305341280997,3.040741527080536,0.29265198931097985,0.9927772879600525,0.0375723,0.23460286458333332
training_episode,3521796,3582.684642600001,983.0047440190511,18070830,23034.666015625,301.0625305175781,229.8466339111328,1,27,46,23,2,2,3,187,3,1,MaxDuration,,,,,,,,,
training_episode,3523416,3583.4970030000004,983.233974257631,7493201,1565.9244384765625,66.73584747314453,14.159244537353516,3,4,16,2,0,1,0,20,0,0,LivesExhausted,,,,,,,,,
ppo_rollout,3526656,3585.1996304999993,983.6707473687219,,,,,,,,,,,,,,,,,,,-0.015364255470922216,3.29873041510582,0.2964175656437874,0.9930254220962524,0.024551583,0.1669921875
training_episode,3529206,3587.057231400002,983.8722307261813,68550208,24077.33203125,304.8161926269531,240.77330017089844,0,16,48,24,4,4,1,181,1,1,MaxDuration,,,,,,,,,
ppo_rollout,3532800,3588.9613455,984.3516438062456,,,,,,,,,,,,,,,,,,,-0.01530121050697441,2.4222703620791437,0.29574016903837524,0.994168758392334,0.032004874,0.19436848958333333
ppo_rollout,3538944,3592.6294509,985.0567803794652,,,,,,,,,,,,,,,,,,,-0.011418680210287373,2.563577662905057,0.2888543243209521,0.9933406710624695,0.040696125,0.23450520833333333
training_episode,3542826,3595.1364342999987,985.4496664435535,52526671,28554.666015625,301.5329895019531,284.546630859375,2,24,48,28,3,4,3,157,3,1,MaxDuration,,,,,,,,,
ppo_rollout,3545088,3596.2935197000006,985.7615849708864,,,,,,,,,,,,,,,,,,,-0.016680392137883852,2.0390291516979535,0.286954299112161,0.9801579117774963,0.046714406,0.2267578125
training_episode,3546636,3597.633296600001,985.8247652287973,41634855,24077.33203125,304.2856750488281,239.77330017089844,2,18,50,24,1,6,3,129,2,1,MaxDuration,,,,,,,,,
training_episode,3548430,3598.5503271000016,986.0720783248313,27182253,27389.33203125,303.0845031738281,272.8932800292969,2,32,50,27,3,2,4,168,2,1,MaxDuration,,,,,,,,,
ppo_rollout,3551232,3599.9882996000015,986.4565394266923,,,,,,,,,,,,,,,,,,,-0.014060908166963296,1.6936853845914206,0.287918750445048,0.9922147989273071,0.045998607,0.240380859375
training_episode,3556176,3603.0475982999997,986.9911243131745,52003026,1902.89794921875,79.45856475830078,17.02897834777832,4,4,17,2,1,0,0,40,1,0,LivesExhausted,,,,,,,,,
ppo_rollout,3557376,3603.6777970000003,987.1515158656676,,,,,,,,,,,,,,,,,,,-0.012020993620778124,2.3836696088314056,0.293578095237414,0.995795488357544,0.03530054,0.22138671875
training_episode,3558084,3604.602789200002,987.0946143249458,38388256,26254.666015625,302.3537902832031,261.546630859375,2,20,49,27,7,4,6,125,4,1,MaxDuration,,,,,,,,,
training_episode,3560046,3605.5921839000002,987.3679047499113,50641549,26254.666015625,305.1965637207031,261.546630859375,2,16,52,27,4,4,6,128,1,1,MaxDuration,,,,,,,,,
ppo_rollout,3563520,3607.3666871999994,987.845236982539,,,,,,,,,,,,,,,,,,,-0.013075076569415008,3.0734730596343676,0.30253964488705,0.9917417764663696,0.035430588,0.20069986979166668
training_episode,3565962,3609.164691099999,988.0297257682548,12624922,27389.33203125,306.2776184082031,272.8932800292969,2,20,47,27,0,2,3,181,1,1,MaxDuration,,,,,,,,,
ppo_rollout,3569664,3611.040574499999,988.5416478584631,,,,,,,,,,,,,,,,,,,-0.01350375470938161,2.1995723421374955,0.30558106750249864,0.9952763915061951,0.031985044,0.202001953125
training_episode,3574200,3613.8802711999997,989.0200371284509,5189163,1614.2342529296875,68.64625549316406,13.642342567443848,5,6,15,2,2,0,0,25,0,0,LivesExhausted,,,,,,,,,
ppo_rollout,3575808,3614.7009354,989.2403448874267,,,,,,,,,,,,,,,,,,,-0.013010307017248124,2.396140367289384,0.3125058668355147,0.9906695485115051,0.040437534,0.219287109375
training_episode,3579540,3617.1794421000013,989.5942563252684,22678906,27389.33203125,305.9072570800781,272.8932800292969,2,38,47,27,2,1,2,162,1,1,MaxDuration,,,,,,,,,
training_episode,3580794,3617.8364925999995,989.7611479469106,68236021,1236.08056640625,54.91679000854492,10.86080551147461,3,3,13,2,0,0,1,20,0,0,LivesExhausted,,,,,,,,,
ppo_rollout,3581952,3618.432910200001,989.9180360378757,,,,,,,,,,,,,,,,,,,-0.012995761768737187,2.287998213370641,0.3246678906182448,0.9907171130180359,0.03681099,0.2015625
training_episode,3584880,3620.4962577000006,990.1626033656981,50746278,27389.33203125,303.7351379394531,272.8932800292969,2,27,43,27,2,5,2,176,3,1,MaxDuration,,,,,,,,,
ppo_rollout,3588096,3622.1867908999993,990.5883398985261,,,,,,,,,,,,,,,,,,,-0.005318968477270877,3.277892969051997,0.3308204618593057,0.9900020360946655,0.03663403,0.21746419270833334
training_episode,3590172,3623.805635500001,990.7186977219433,35560573,1868.830322265625,78.1082763671875,16.688302993774414,4,5,13,2,1,0,0,40,2,0,LivesExhausted,,,,,,,,,
training_episode,3592680,3625.0683377999994,991.0654545564635,30324123,27389.33203125,304.1555480957031,272.8932800292969,2,20,42,27,3,2,5,136,1,1,MaxDuration,,,,,,,,,
training_episode,3593580,3625.532118700001,991.1869161122042,55459083,1711.1162109375,72.4770736694336,15.611160278320312,3,3,15,2,0,0,0,31,0,0,LivesExhausted,,,,,,,,,
training_episode,3594102,3625.813086599999,991.2540757500174,70854246,23034.666015625,300.1116027832031,229.3466339111328,2,27,49,23,4,2,1,204,0,1,MaxDuration,,,,,,,,,
ppo_rollout,3594240,3625.8844648000013,991.2726218644843,,,,,,,,,,,,,,,,,,,-0.013671011922027295,2.2100560704867047,0.33050148909290633,0.9951765537261963,0.034126956,0.221044921875
training_episode,3596250,3627.4674242,991.3941545024668,30533581,26254.666015625,301.6430969238281,261.546630859375,2,26,47,27,2,2,7,132,1,1,MaxDuration,,,,,,,,,
ppo_rollout,3600384,3629.5792035999984,991.956311747918,,,,,,,,,,,,,,,,,,,-0.014639135997276754,3.2881639525294304,0.3314407703777154,0.9911081194877625,0.044277344,0.18567708333333333
training_episode,3605580,3632.8382810000003,992.4966984788277,15243147,1859.768310546875,77.74819946289062,17.09768295288086,3,3,15,2,0,0,0,52,1,0,LivesExhausted,,,,,,,,,
ppo_rollout,3606528,3633.318910599999,992.626325610494,,,,,,,,,,,,,,,,,,,-0.010024792256687457,2.5019715761144954,0.336764012525479,0.9929153919219971,0.03811688,0.21642252604166667
ppo_rollout,3612672,3637.001056199999,993.3106821185754,,,,,,,,,,,,,,,,,,,-0.010596929009382923,3.890625661611557,0.33599746922651924,0.9860122799873352,0.02606911,0.22454427083333334
training_episode,3613740,3638.1185847999986,993.2991230956978,19746494,1597.6636962890625,67.9961166381836,13.97663688659668,4,4,13,2,3,0,0,22,1,0,LivesExhausted,,,,,,,,,
training_episode,3615864,3639.2622102999994,993.5706170789847,46452389,26254.666015625,302.6841125488281,261.546630859375,2,18,46,27,4,2,6,162,1,1,MaxDuration,,,,,,,,,
ppo_rollout,3618816,3640.8049887000016,993.9604046994417,,,,,,,,,,,,,,,,,,,-0.015132183170256516,1.4023627879718938,0.3374626189470291,0.9940860271453857,0.053429887,0.27073567708333335
ppo_rollout,3624960,3644.5401268999994,994.6275452544807,,,,,,,,,,,,,,,,,,,-0.01282271205758055,1.9780003468195597,0.3430998183786869,0.9919502139091492,0.04369219,0.25
training_episode,3626244,3645.7822343000007,994.6408663369461,56925289,26254.666015625,300.5420227050781,261.046630859375,3,26,49,27,4,3,3,168,1,1,MaxDuration,,,,,,,,,
training_episode,3628740,3647.0474447000015,994.9802011140255,32837619,23034.666015625,300.4419250488281,229.3466339111328,2,20,47,23,3,0,2,143,3,1,MaxDuration,,,,,,,,,
training_episode,3629598,3647.507620299999,995.0899018825008,61009720,23034.666015625,300.0915832519531,228.8466339111328,3,21,44,23,2,2,0,148,1,1,MaxDuration,,,,,,,,,
training_episode,3630246,3647.826859500001,995.1804567000719,4979705,23034.666015625,301.1726379394531,229.84661865234375,1,19,42,23,4,3,2,142,4,1,MaxDuration,,,,,,,,,
ppo_rollout,3631104,3648.2528571000003,995.299432969229,,,,,,,,,,,,,,,,,,,-0.012138741358648985,2.512805666029453,0.34820013791322707,0.9782260060310364,0.037349496,0.211376953125
ppo_rollout,3637248,3652.0409753999993,995.9493950096277,,,,,,,,,,,,,,,,,,,-0.013432350475341082,1.8334158991773923,0.354927063981692,0.9955998063087463,0.04657298,0.25706380208333335
ppo_rollout,3643392,3655.799116000002,996.606182230938,,,,,,,,,,,,,,,,,,,-0.012859348198010897,3.4467641244331997,0.36629646420478823,0.9909815788269043,0.028303184,0.20564778645833334
ppo_rollout,3649536,3659.5197141999997,997.2718512319362,,,,,,,,,,,,,,,,,,,-0.013153041646000929,1.7821404591202736,0.3692174141605695,0.9613515138626099,0.043696865,0.24378255208333333
training_episode,3649896,3660.2681109000005,997.1662974990512,34618012,26254.666015625,301.2427062988281,261.546630859375,2,15,47,27,3,4,5,133,1,1,MaxDuration,,,,,,,,,
training_episode,3652116,3661.4386670999993,997.4538240436011,37864611,26254.666015625,302.0635070800781,262.046630859375,1,27,47,27,6,1,4,175,1,1,MaxDuration,,,,,,,,,
ppo_rollout,3655680,3663.2450393,997.9348803536644,,,,,,,,,,,,,,,,,,,-0.017372786744575326,1.5549112608035405,0.38140552416443824,0.9643623232841492,0.038040593,0.24677734375
ppo_rollout,3661824,3666.9211729000017,998.6099584202486,,,,,,,,,,,,,,,,,,,-0.020519478432834148,1.8116523876786232,0.3917647349337737,0.9953954815864563,0.050110444,0.25782877604166665
training_episode,3662364,3667.7516725999994,998.5310694177449,32104516,26254.666015625,300.9824523925781,261.046630859375,3,26,45,27,4,2,4,181,5,1,MaxDuration,,,,,,,,,
training_episode,3664752,3668.9706234000005,998.8501888314137,2361480,25150.666015625,300.0815734863281,250.5066375732422,2,21,44,26,3,2,2,124,4,1,MaxDuration,,,,,,,,,
training_episode,3665676,3669.443102600002,998.9733857441929,21422158,26254.666015625,300.5920715332031,261.546630859375,2,22,45,27,4,1,4,146,2,1,MaxDuration,,,,,,,,,
training_episode,3666402,3669.819168500002,999.0688455362233,6864827,26254.666015625,301.2727355957031,262.046630859375,1,27,44,27,4,3,2,127,0,1,MaxDuration,,,,,,,,,
ppo_rollout,3667968,3670.6065185000007,999.2811764250125,,,,,,,,,,,,,,,,,,,-0.01171360890730284,2.437942478060722,0.40088641916712126,0.9890667200088501,0.038706396,0.23357747395833334
ppo_rollout,3674112,3674.2392153,999.9653764241941,,,,,,,,,,,,,,,,,,,-0.014648000630162035,1.8823488781849542,0.4109497288862864,0.9957809448242188,0.049144704,0.24739583333333334
ppo_rollout,3680256,3677.8780033000003,1000.6465675854027,,,,,,,,,,,,,,,,,,,-0.014340918218173708,2.086081333955129,0.4232872396707535,0.9939915537834167,0.04700925,0.23059895833333333
training_episode,3686184,3681.4570214000014,1001.2839966818901,30952497,26254.666015625,302.3638000488281,261.546630859375,2,23,47,27,8,4,2,180,2,1,MaxDuration,,,,,,,,,
ppo_rollout,3686400,3681.580930100001,1001.3089675309319,,,,,,,,,,,,,,,,,,,-0.01739928181050345,1.812042626241843,0.4300570604701837,0.9811077117919922,0.04921499,0.25924479166666664
training_episode,3688848,3683.463964499999,1001.4616772559446,19013391,24077.33203125,306.0874328613281,240.27330017089844,1,29,49,24,2,2,1,166,4,1,MaxDuration,,,,,,,,,
ppo_rollout,3692544,3685.3207318999994,1001.960010708831,,,,,,,,,,,,,,,,,,,-0.016557849016195784,1.5028591404358547,0.4328148071964582,0.9673296809196472,0.047157466,0.25828450520833335
training_episode,3698496,3688.8975686000013,1002.6019782933798,16080979,26254.666015625,301.0525207519531,262.046630859375,1,19,48,27,6,2,4,135,2,1,MaxDuration,,,,,,,,,
ppo_rollout,3698688,3689.0018199000006,1002.6256913313916,,,,,,,,,,,,,,,,,,,-0.014076902453477183,1.5051361386974653,0.43738030791282656,0.9963694214820862,0.04346842,0.27413736979166664
training_episode,3700884,3690.6952778999985,1002.760651132867,5398621,23034.666015625,301.0425109863281,229.8466339111328,1,25,45,23,3,1,1,146,3,1,MaxDuration,,,,,,,,,
training_episode,3701742,3691.135184499999,1002.8735917190304,50851007,24077.33203125,300.5019836425781,239.27330017089844,3,15,46,24,6,3,3,194,5,1,MaxDuration,,,,,,,,,
training_episode,3702552,3691.547300800001,1002.9810532828915,63209029,23034.666015625,301.2026672363281,229.8466339111328,1,20,46,23,4,2,5,119,0,1,MaxDuration,,,,,,,,,
training_episode,3704334,3692.4717869999986,1003.2125399147976,47499679,1062.1014404296875,48.64784240722656,9.121013641357422,3,3,6,2,0,0,1,19,1,0,LivesExhausted,,,,,,,,,
ppo_rollout,3704832,3692.7186681999992,1003.280328908973,,,,,,,,,,,,,,,,,,,-0.015799530973890797,2.1141503368814787,0.4395528862873713,0.9842309355735779,0.03786375,0.23688151041666666
training_episode,3708588,3695.1766788999994,1003.6294126818295,18385017,1485.5623779296875,64.16529846191406,13.355623245239258,3,4,12,2,0,0,1,24,0,1,LivesExhausted,,,,,,,,,
ppo_rollout,3710976,3696.3926082,1003.9453037990739,,,,,,,,,,,,,,,,,,,-0.013568699196912348,2.8585303301612535,0.43531647001703583,0.9881461262702942,0.04129747,0.19534505208333333
training_episode,3714324,3698.6612209999985,1004.2347157698771,13358025,2651.71533203125,104.81398010253906,25.01715087890625,3,4,21,3,2,1,1,28,0,1,LivesExhausted,,,,,,,,,
ppo_rollout,3717120,3700.0796575999993,1004.605398795942,,,,,,,,,,,,,,,,,,,-0.011414781400041344,3.838923546671867,0.4367731449504693,0.9813956022262573,0.029458394,0.18694661458333334
training_episode,3722454,3703.3601364999995,1005.1558214152096,2885125,23034.666015625,302.2336730957031,229.34661865234375,2,15,43,23,4,1,2,165,0,1,MaxDuration,,,,,,,,,
ppo_rollout,3723264,3703.812922000001,1005.2516361948151,,,,,,,,,,,,,,,,,,,-0.013384382450021803,2.5718154976765315,0.4351661207775275,0.9858792424201965,0.039187443,0.19798177083333332
training_episode,3725472,3705.6066847,1005.3608806844022,55040167,27389.33203125,305.1565246582031,273.8932800292969,0,30,45,27,4,5,5,122,4,1,MaxDuration,,,,,,,,,
ppo_rollout,3729408,3707.6650372000004,1005.8643277054013,,,,,,,,,,,,,,,,,,,-0.015389669403278579,1.6587333555022876,0.4342053939898809,0.9932430982589722,0.046994958,0.26121419270833335
ppo_rollout,3735552,3711.3691953999987,1006.5158714551961,,,,,,,,,,,,,,,,,,,-0.014813852073469509,1.8752942765752474,0.4316914645334085,0.9902443885803223,0.049308002,0.231884765625
training_episode,3736590,3712.445982699999,1006.503533630526,46347660,2282.615966796875,92.65138244628906,21.32615852355957,3,4,18,3,0,1,0,37,1,0,LivesExhausted,,,,,,,,,
training_episode,3738942,3713.6497253999987,1006.8106247142834,68759666,26254.666015625,303.1946105957031,261.546630859375,2,14,49,27,6,3,1,167,2,1,MaxDuration,,,,,,,,,
training_episode,3740874,3714.6151742,1007.0690568386145,16918811,29750.666015625,304.4858703613281,297.0066223144531,1,23,44,30,5,1,4,145,3,1,MaxDuration,,,,,,,,,
ppo_rollout,3741696,3715.0366522000004,1007.1760658900128,,,,,,,,,,,,,,,,,,,-0.016217061167117207,1.490959568321705,0.432629407197237,0.9881380200386047,0.047729995,0.26388346354166664
training_episode,3744804,3717.209036600001,1007.4235705144091,53573961,25150.666015625,301.7431945800781,250.5066375732422,2,20,49,26,1,3,3,182,1,1,MaxDuration,,,,,,,,,
ppo_rollout,3747840,3718.7768767000016,1007.8152371770658,,,,,,,,,,,,,,,,,,,-0.007583490297353516,2.4711304624875385,0.43523181875546774,0.990060031414032,0.03190964,0.23590494791666666
training_episode,3750786,3720.9015259000007,1008.0315143768205,36817321,24077.33203125,303.8152160644531,239.77330017089844,2,19,49,24,2,2,2,178,0,1,MaxDuration,,,,,,,,,
ppo_rollout,3753984,3722.5049456000015,1008.4564170793666,,,,,,,,,,,,,,,,,,,-0.010331039472172657,2.177375609676043,0.43836857105294863,0.9906648397445679,0.038343173,0.22010091145833333
training_episode,3758514,3725.365396500001,1008.8980811200807,74205574,29750.666015625,300.4619445800781,297.0066223144531,1,16,45,30,3,1,6,144,2,1,MaxDuration,,,,,,,,,
ppo_rollout,3760128,3726.201634699999,1009.1048119844252,,,,,,,,,,,,,,,,,,,-0.016251553131345037,1.8867020716269811,0.44135206614931427,0.9900697469711304,0.044389207,0.24482421875
training_episode,3761208,3727.3072116000003,1009.0952493249,66874544,2120.443115234375,86.84014129638672,19.704431533813477,3,4,19,3,0,2,0,50,0,0,LivesExhausted,,,,,,,,,
ppo_rollout,3766272,3729.9028782999994,1009.7506886604449,,,,,,,,,,,,,,,,,,,-0.016198532090250715,1.6963876376549403,0.4462755444149176,0.9929056763648987,0.04032187,0.23929036458333333
ppo_rollout,3772416,3733.589299200001,1010.3992961433435,,,,,,,,,,,,,,,,,,,-0.015243662376694072,2.153838031490644,0.4560312713185946,0.9901883602142334,0.05258588,0.22560221354166668
training_episode,3772698,3734.3054502999985,1010.2810416049167,9273594,26254.666015625,300.8523254394531,262.546630859375,0,22,50,27,3,0,3,175,4,1,MaxDuration,,,,,,,,,
training_episode,3774954,3735.4632090999985,1010.5718591482303,53888148,26254.666015625,300.0515441894531,261.546630859375,2,25,47,27,5,5,5,123,0,1,MaxDuration,,,,,,,,,
training_episode,3776988,3736.513104900001,1010.8322636542933,41215939,23034.666015625,300.8923645019531,228.3466339111328,4,25,42,23,4,6,7,142,2,1,MaxDuration,,,,,,,,,
ppo_rollout,3778560,3737.3158293999986,1011.0357733953201,,,,,,,,,,,,,,,,,,,-0.013746242454120268,1.7901761944095294,0.4534434489905834,0.9876405000686646,0.0415565,0.254638671875
training_episode,3780840,3739.003523399999,1011.1892049146714,61847552,26254.666015625,300.2617492675781,261.546630859375,2,22,46,27,1,0,4,159,1,1,MaxDuration,,,,,,,,,
training_episode,3783900,3740.5448161999993,1011.5906066977818,60171888,1778.123291015625,74.52751159667969,16.281232833862305,3,4,16,2,0,2,0,34,1,0,LivesExhausted,,,,,,,,,
ppo_rollout,3784704,3740.981320499999,1011.6874893922638,,,,,,,,,,,,,,,,,,,-0.01153459853764313,2.5001810108621916,0.45323604966203374,0.9898402690887451,0.035626996,0.22010091145833333
ppo_rollout,3790848,3744.6222273999992,1012.3445757122732,,,,,,,,,,,,,,,,,,,-0.011307451513130218,2.389422919849555,0.4610839456319809,0.9878391623497009,0.03889618,0.20690104166666667
training_episode,3794772,3747.200895099999,1012.6951039540493,64256319,27389.33203125,302.1135559082031,272.8932800292969,2,18,47,27,5,3,3,173,1,1,MaxDuration,,,,,,,,,
ppo_rollout,3796992,3748.3221774000012,1012.9844288448434,,,,,,,,,,,,,,,,,,,-0.009819134033750742,2.680030457675457,0.4629046986500422,0.9886077046394348,0.041075397,0.230078125
training_episode,3797700,3749.2578060999986,1012.9204755728418,41530126,24077.33203125,304.0554504394531,239.77330017089844,2,30,45,24,2,2,1,190,1,1,MaxDuration,,,,,,,,,
ppo_rollout,3803136,3752.0273903999987,1013.6215982140133,,,,,,,,,,,,,,,,,,,-0.0147113491941127,1.9008017266790072,0.467672003308932,0.985624372959137,0.05436465,0.244580078125
training_episode,3804708,3753.3875632000018,1013.6730982175058,22364719,1323.8572998046875,58.3762092590332,11.73857307434082,3,3,14,2,0,0,1,29,0,0,LivesExhausted,,,,,,,,,
training_episode,3805020,3753.555028400002,1013.7109943002316,13567483,2068.241455078125,85.38983154296875,19.182415008544922,3,5,19,3,0,1,0,47,0,0,LivesExhausted,,,,,,,,,
training_episode,3808830,3755.493351699999,1014.2023013503291,44148351,29750.666015625,301.0625305175781,297.0066223144531,1,32,45,30,2,5,6,135,1,1,MaxDuration,,,,,,,,,
ppo_rollout,3809280,3755.7141271,1014.2625000431972,,,,,,,,,,,,,,,,,,,-0.016781424129536995,1.70952551116546,0.47628808841109277,0.9951463341712952,0.036697287,0.22228190104166667
training_episode,3812304,3757.839102099999,1014.4936748009153,54202335,1462.2462158203125,63.25539016723633,13.122462272644043,3,3,14,2,0,0,1,38,0,1,LivesExhausted,,,,,,,,,
training_episode,3813288,3758.3266140999986,1014.623898224759,48651698,23034.666015625,302.4538879394531,229.34661865234375,2,25,46,23,4,4,0,182,3,1,MaxDuration,,,,,,,,,
ppo_rollout,3815424,3759.4056213000003,1014.9008604931087,,,,,,,,,,,,,,,,,,,-0.015904259675880893,2.735515829920769,0.47584947273135186,0.9920483231544495,0.04573253,0.21650390625
training_episode,3816546,3760.535703400001,1014.894233433114,39435546,1487.7982177734375,64.25531768798828,13.377982139587402,3,4,10,2,0,0,1,30,0,1,LivesExhausted,,,,,,,,,
training_episode,3816846,3760.6868493,1014.9332164443452,56715831,26254.666015625,300.0014953613281,262.046630859375,1,24,51,27,1,1,3,171,2,1,MaxDuration,,,,,,,,,
training_episode,3819984,3762.2749060999995,1015.3388828143402,52736129,26254.666015625,300.6421203613281,261.046630859375,3,19,46,27,8,3,2,163,3,1,MaxDuration,,,,,,,,,
ppo_rollout,3821568,3763.0876032000015,1015.5405355831389,,,,,,,,,,,,,,,,,,,-0.012681382785861691,2.868027546008428,0.4764358920355638,0.9911741018295288,0.049529146,0.233251953125
ppo_rollout,3827712,3766.7769512000013,1016.1769729371914,,,,,,,,,,,,,,,,,,,-0.008773209653251493,2.2512265374263127,0.48121662984291713,0.9920402765274048,0.053284664,0.23544921875
training_episode,3829326,3768.149222799999,1016.2352320948008,71901536,2630.759765625,103.98380279541016,24.30759620666504,4,5,18,3,1,0,0,47,0,1,LivesExhausted,,,,,,,,,
ppo_rollout,3833856,3770.544092600001,1016.791186058334,,,,,,,,,,,,,,,,,,,-0.009997433369668822,2.860882687071959,0.4780297632018725,0.9868472814559937,0.051424082,0.221630859375
training_episode,3836940,3772.767646700002,1017.0093574026826,11368174,1466.3692626953125,63.405364990234375,13.163692474365234,3,3,13,2,0,0,1,18,0,1,LivesExhausted,,,,,,,,,
ppo_rollout,3840000,3774.3367295999997,1017.3973005336381,,,,,,,,,,,,,,,,,,,-0.010792135059212645,2.230157362918059,0.4739000824590524,0.9854990839958191,0.04560687,0.23287760416666667
training_episode,3841620,3775.7325304000005,1017.450248149071,41844313,26254.666015625,304.9663391113281,262.046630859375,1,20,43,27,4,5,2,175,6,1,MaxDuration,,,,,,,,,
ppo_rollout,3846144,3778.020234899999,1018.031604084779,,,,,,,,,,,,,,,,,,,-0.014481616773991846,2.3837931409478186,0.47699083263675374,0.9890362620353699,0.049667146,0.22877604166666668
training_episode,3848514,3779.7689088000006,1018.1876439694364,9901968,26254.666015625,301.6931457519531,262.546630859375,0,18,50,27,5,4,3,164,0,1,MaxDuration,,,,,,,,,
training_episode,3850032,3780.5423998000006,1018.3808546106177,46766576,24077.33203125,306.1575012207031,239.27330017089844,3,31,50,24,4,3,3,128,1,1,MaxDuration,,,,,,,,,
ppo_rollout,3852288,3781.647993900002,1018.6796883829336,,,,,,,,,,,,,,,,,,,-0.014418221229182867,2.090257180730502,0.484479604413112,0.9889728426933289,0.053942863,0.26243489583333335
training_episode,3853050,3782.655963100002,1018.6096852546717,42158500,27389.33203125,304.1855773925781,273.8932800292969,0,23,49,27,3,3,2,137,1,1,MaxDuration,,,,,,,,,
training_episode,3855990,3784.2231610000017,1018.9647480993254,17861372,26254.666015625,300.0215148925781,262.546630859375,0,19,44,27,4,6,3,148,2,1,MaxDuration,,,,,,,,,
ppo_rollout,3858432,3785.512569800001,1019.2627626656782,,,,,,,,,,,,,,,,,,,-0.015545835648663343,2.0583757067720097,0.4903414497772853,0.9913527965545654,0.05290353,0.2470703125
training_episode,3860610,3787.1779238000017,1019.3896557482881,71168433,2152.778564453125,88.12041473388672,19.527786254882812,4,4,19,3,1,0,0,49,1,0,LivesExhausted,,,,,,,,,
ppo_rollout,3864576,3789.1819140000007,1019.8971935660936,,,,,,,,,,,,,,,,,,,-0.014055032942754528,1.786067122220993,0.5004178042213122,0.9929540157318115,0.06081001,0.26414388020833335
ppo_rollout,3870720,3792.8948892000008,1020.5186574037684,,,,,,,,,,,,,,,,,,,-0.009836800077270407,2.396470460295677,0.5020866900682449,0.9856491088867188,0.047839567,0.23797200520833334
training_episode,3873066,3794.6626803,1020.6614727857185,29591020,27389.33203125,301.0124816894531,273.3932800292969,1,25,46,27,2,2,8,129,1,1,MaxDuration,,,,,,,,,
ppo_rollout,3876864,3796.5707592,1021.1488856372373,,,,,,,,,,,,,,,,,,,-0.012968344507195676,1.485284800330798,0.5070486187934875,0.9893448948860168,0.053208906,0.278955078125
training_episode,3878088,3797.751522300001,1021.1536950820167,30638310,27389.33203125,303.8852844238281,273.8932800292969,0,22,46,27,2,4,8,123,1,1,MaxDuration,,,,,,,,,
training_episode,3880548,3798.991111200001,1021.4680388589373,73263013,1438.414794921875,62.30554962158203,12.884148597717285,3,4,16,2,1,1,0,28,1,0,LivesExhausted,,,,,,,,,
training_episode,3881508,3799.476037100001,1021.590335640756,47080763,594.2271118164062,28.48055648803711,3.9422712326049805,4,4,8,1,1,0,0,10,0,0,LivesExhausted,,,,,,,,,
ppo_rollout,3883008,3800.206664000001,1021.788640282222,,,,,,,,,,,,,,,,,,,-0.015378944759140723,1.680966816842556,0.5057371944189072,0.98846036195755,0.054323222,0.26324869791666666
training_episode,3885012,3801.798837099999,1021.8878395374215,50432091,27389.33203125,304.1255187988281,273.3932800292969,1,32,45,27,2,2,4,170,1,1,MaxDuration,,,,,,,,,
training_episode,3885756,3802.1822617,1021.9804660975493,39226088,928.9378662109375,43.378726959228516,7.789379119873047,3,3,13,1,0,0,0,8,0,0,LivesExhausted,,,,,,,,,
training_episode,3888354,3803.5028829000003,1022.3086769518378,2675667,580.5994262695312,27.820541381835938,4.305994033813477,3,3,8,1,0,0,0,0,0,0,LivesExhausted,,,,,,,,,
training_episode,3889092,3803.876138399999,1022.4023754979164,62057010,28554.666015625,300.3117980957031,285.046630859375,1,30,44,28,3,1,10,131,3,1,MaxDuration,,,,,,,,,
ppo_rollout,3889152,3803.910910800001,1022.408802729313,,,,,,,,,,,,,,,,,,,-0.009318452946414861,2.616081090271473,0.49763478462894756,0.9919114708900452,0.0727003,0.265234375
training_episode,3892212,3805.961336700002,1022.6619914575334,5503350,26254.666015625,301.7932434082031,262.046630859375,1,24,47,27,5,3,2,155,2,1,MaxDuration,,,,,,,,,
ppo_rollout,3895296,3807.493242100001,1023.0605157559181,,,,,,,,,,,,,,,,,,,-0.011628905474208296,3.077029706041018,0.49397133365273477,0.9923104643821716,0.040626854,0.23732096354166668
training_episode,3896796,3808.8403026000015,1023.0925138394376,12834380,23034.666015625,301.5329895019531,229.84661865234375,1,20,47,23,4,3,1,133,5,1,MaxDuration,,,,,,,,,
training_episode,3900774,3810.8431734000005,1023.5986689842615,56087457,695.1998291015625,33.12044906616211,5.451998233795166,3,3,11,1,0,0,0,16,0,0,LivesExhausted,,,,,,,,,
ppo_rollout,3901440,3811.186934900001,1023.6810911250585,,,,,,,,,,,,,,,,,,,-0.01323809169892532,1.6297756562630334,0.4868332634369532,0.9949015378952026,0.060398515,0.265966796875
training_episode,3902244,3812.205118099999,1023.6185827127991,29067375,2022.14208984375,83.55944061279297,18.721420288085938,3,3,19,3,0,0,0,30,1,0,LivesExhausted,,,,,,,,,
ppo_rollout,3907584,3814.9201133999995,1024.2898629186275,,,,,,,,,,,,,,,,,,,-0.007796833369260033,3.3589499086141585,0.4818720941742261,0.9854546189308167,0.04811598,0.24039713541666666
ppo_rollout,3913728,3818.557051,1024.9232753966783,,,,,,,,,,,,,,,,,,,-0.005514222839459156,2.2958815996845563,0.48639493584632876,0.9868971109390259,0.051870514,0.22205403645833333
training_episode,3918300,3821.4189890999987,1025.3521038065544,58810411,29750.666015625,306.5879211425781,297.0066223144531,1,32,43,30,6,2,7,132,2,1,MaxDuration,,,,,,,,,
ppo_rollout,3919872,3822.213302799999,1025.5503001699199,,,,,,,,,,,,,,,,,,,-0.013556340620076905,1.8064134185512861,0.489835400134325,0.9877176880836487,0.049484845,0.25856119791666665
training_episode,3922188,3823.939085400001,1025.6931170726853,47604408,24077.33203125,303.5449523925781,239.77330017089844,2,23,47,24,5,2,2,153,2,1,MaxDuration,,,,,,,,,
training_episode,3924372,3825.0741688000016,1025.9597139344228,46976034,23034.666015625,300.1116027832031,228.8466339111328,3,21,43,23,8,3,3,163,1,1,MaxDuration,,,,,,,,,
training_episode,3925158,3825.4647799000013,1026.0604203242997,13672212,26254.666015625,300.5019836425781,261.546630859375,2,26,39,27,5,4,3,149,3,1,MaxDuration,,,,,,,,,
ppo_rollout,3926016,3825.8992983999997,1026.1681486603345,,,,,,,,,,,,,,,,,,,-0.01876650070383524,1.9802423233787219,0.48981305037935574,0.9824340343475342,0.047263872,0.24303385416666667
training_episode,3931902,3829.4319639999994,1026.7585472109984,34722741,1955.0350341796875,80.90887451171875,18.050350189208984,3,3,17,2,0,0,0,40,0,0,LivesExhausted,,,,,,,,,
ppo_rollout,3932160,3829.570334,1026.7888188628317,,,,,,,,,,,,,,,,,,,-0.0145615401386749,1.9678211763501168,0.49361955548326175,0.9957864284515381,0.038806822,0.25830078125
training_episode,3932592,3830.3370082,1026.69608224579,20898513,1610.1341552734375,68.48622131347656,14.60134220123291,3,3,16,2,0,0,0,23,1,0,LivesExhausted,,,,,,,,,
training_episode,3937134,3832.6055879999985,1027.2734591650346,48756427,801.220947265625,37.81966018676758,6.012209415435791,4,4,11,1,1,0,0,6,0,0,LivesExhausted,,,,,,,,,
training_episode,3937512,3832.8034423999998,1027.3190522742889,42996332,30977.33203125,306.1274719238281,309.2732849121094,1,32,44,31,3,2,8,130,1,1,MaxDuration,,,,,,,,,
ppo_rollout,3938304,3833.2104163000004,1027.4165966087094,,,,,,,,,,,,,,,,,,,-0.010815834929235279,2.902040160695712,0.4941540452341239,0.9891468286514282,0.053954232,0.21482747395833332
training_episode,3938946,3834.1428835000006,1027.334170813251,44881454,24077.33203125,305.8371887207031,240.77330017089844,0,17,47,24,0,5,2,140,1,1,MaxDuration,,,,,,,,,
training_episode,3940842,3835.173548499999,1027.5524562744572,4141873,613.1407470703125,30.900611877441406,4.631407260894775,3,4,6,1,0,0,0,5,0,0,LivesExhausted,,,,,,,,,
ppo_rollout,3944448,3837.078862999999,1027.9819990241367,,,,,,,,,,,,,,,,,,,-0.013658605671177307,2.7574559365709623,0.49647588580846785,0.9911391735076904,0.043935258,0.241259765625
training_episode,3950244,3840.6479693,1028.5358178036752,30847768,2336.083984375,94.15170288085938,21.36083984375,4,4,18,3,1,0,0,64,0,0,LivesExhausted,,,,,,,,,
ppo_rollout,3950592,3840.836430899999,1028.5759550229748,,,,,,,,,,,,,,,,,,,-0.0073323520870568855,3.006918572882811,0.49984256650010744,0.9874519109725952,0.04600736,0.25631510416666664
training_episode,3954564,3843.3819077000007,1028.9281926621063,40797023,23034.666015625,302.1435852050781,229.3466339111328,2,25,45,23,1,2,1,144,0,1,MaxDuration,,,,,,,,,
ppo_rollout,3956736,3844.4768521000005,1029.2001102409238,,,,,,,,,,,,,,,,,,,-0.00830883066325138,2.8792688419421513,0.5011107000211875,0.9833575487136841,0.059564505,0.22112630208333334
training_episode,3961332,3847.380144999999,1029.618038952582,53259774,26254.666015625,301.4328918457031,261.546630859375,2,22,45,27,5,6,5,160,5,1,MaxDuration,,,,,,,,,
ppo_rollout,3962880,3848.213202400002,1029.7974128690387,,,,,,,,,,,,,,,,,,,-0.01821071535620528,1.3333622763554256,0.5015458405017853,0.9951520562171936,0.051410686,0.2736328125
training_episode,3968166,3851.540563999999,1030.2802045212995,45300370,23034.666015625,302.1535949707031,228.3466339111328,4,26,41,23,4,1,2,135,2,1,MaxDuration,,,,,,,,,
ppo_rollout,3969024,3851.9869784,1030.3835454938671,,,,,,,,,,,,,,,,,,,-0.013150963249305885,2.2915323873360953,0.5050469934940338,0.9867768883705139,0.04685031,0.2560221354166667
training_episode,3973590,3854.897101800001,1030.7901599097358,49384801,28554.666015625,300.6221008300781,284.546630859375,2,35,40,28,6,2,3,146,1,1,MaxDuration,,,,,,,,,
ppo_rollout,3975168,3855.7047488999997,1030.9835059684178,,,,,,,,,,,,,,,,,,,-0.016146082954946905,1.6717692534128825,0.5058078035712242,0.9933801293373108,0.050727073,0.272314453125
training_episode,3977448,3857.445323,1031.109365642718,27391711,27389.33203125,305.0063781738281,271.8932800292969,4,23,41,27,6,3,4,145,2,1,MaxDuration,,,,,,,,,
training_episode,3978678,3858.0761477999986,1031.2595831652447,47290221,2139.475830078125,87.59030151367188,19.894760131835938,3,4,15,3,0,0,0,25,0,0,LivesExhausted,,,,,,,,,
ppo_rollout,3981312,3859.4954526,1031.5628166676388,,,,,,,,,,,,,,,,,,,-0.013526418005737166,1.8591412117083868,0.5030178641279538,0.9934200644493103,0.05672249,0.2727864583333333
training_episode,3985512,3862.198685399999,1031.928267974963,36084218,1286.245849609375,56.906455993652344,11.362458229064941,3,3,14,2,0,0,0,46,0,0,LivesExhausted,,,,,,,,,
training_episode,3986622,3862.7729480999988,1032.0622137423115,52212484,24077.33203125,303.0945129394531,240.27330017089844,1,12,42,24,3,5,1,202,4,1,MaxDuration,,,,,,,,,
ppo_rollout,3987456,3863.2160473000004,1032.159721635768,,,,,,,,,,,,,,,,,,,-0.01501105745167782,2.8625024974346163,0.49884682272871333,0.9903160929679871,0.03994056,0.21007486979166667
training_episode,3987564,3863.831140800001,1032.023360931446,25925505,2040.514404296875,84.28959655761719,18.90514373779297,3,4,17,3,0,1,0,54,1,0,LivesExhausted,,,,,,,,,
training_episode,3990744,3865.4447813000006,1032.4152137177496,39645004,26254.666015625,301.4629211425781,262.546630859375,0,18,43,27,3,2,3,175,3,1,MaxDuration,,,,,,,,,
training_episode,3991458,3865.831962799999,1032.4965074552829,53050316,850.8902587890625,40.29924392700195,7.008902549743652,3,4,7,1,0,0,0,18,0,0,LivesExhausted,,,,,,,,,
ppo_rollout,3993600,3866.9046492000016,1032.76402246593,,,,,,,,,,,,,,,,,,,-0.01353780017622436,2.7438108320037524,0.5003529792030652,0.9930186867713928,0.05146296,0.21165364583333332
training_episode,3997602,3869.4794723000014,1033.111049849773,13253296,26254.666015625,302.2236633300781,262.046630859375,1,26,46,27,2,1,6,164,2,1,MaxDuration,,,,,,,,,
ppo_rollout,3999744,3870.559535200002,1033.3761730378144,,,,,,,,,,,,,,,,,,,-0.00973105989008521,2.3167454754312833,0.5037060389916103,0.9929835200309753,0.050142664,0.246044921875
validation,4000002,,,,,,,,,,,,,,,,,,15075.408012084961,23034.666015625,12252.765311212434,,,,,,
ppo_rollout,4005888,4071.344803,983.922559702689,,,,,,,,,,,,,,,,,,,-0.009114981291349977,2.4967935139934223,0.5108093405763309,0.9905985593795776,0.045048267,0.23951822916666668
training_episode,4009686,4073.8401324000006,984.2521723202217,5712808,27389.33203125,300.7822570800781,273.8932800292969,0,23,50,27,4,4,5,152,2,1,MaxDuration,,,,,,,,,
ppo_rollout,4012032,4075.0521203999997,984.5351375790958,,,,,,,,,,,,,,,,,,,-0.01219645465995806,2.281629379093647,0.5202625125646592,0.9749259948730469,0.04187965,0.24158528645833333
ppo_rollout,4018176,4078.727061400001,985.1544218359105,,,,,,,,,,,,,,,,,,,-0.014474096929188818,1.5276078388094902,0.5167286391059558,0.9858995079994202,0.053263847,0.283935546875
training_episode,4022130,4081.290925000001,985.5043597510753,62685384,27389.33203125,305.1064758300781,272.3932800292969,3,33,46,27,7,2,3,103,4,1,MaxDuration,,,,,,,,,
training_episode,4024302,4082.389641900001,985.7711666461689,71063704,25150.666015625,306.0974426269531,250.0066375732422,3,32,47,26,2,3,5,140,2,1,MaxDuration,,,,,,,,,
ppo_rollout,4024320,4082.4050941999994,985.7718445720826,,,,,,,,,,,,,,,,,,,-0.016991629082864772,1.7760680844386418,0.5205176835258801,0.988357663154602,0.055278733,0.262451171875
training_episode,4026948,4084.283675400002,985.9618772943369,72215723,26254.666015625,301.6430969238281,261.546630859375,2,24,44,27,1,6,6,179,2,1,MaxDuration,,,,,,,,,
training_episode,4027572,4084.6242801000008,986.0324288875343,66350899,23034.666015625,300.9324035644531,229.8466339111328,1,20,47,23,7,3,0,137,1,1,MaxDuration,,,,,,,,,
training_episode,4030290,4086.0279491,986.3588918640958,39540275,465.0682678222656,22.640422821044922,3.1506826877593994,3,3,7,1,0,0,0,10,0,0,LivesExhausted,,,,,,,,,
ppo_rollout,4030464,4086.117548800001,986.3798463614086,,,,,,,,,,,,,,,,,,,-0.012286429029578964,2.1251424858967463,0.5298237547278404,0.9843822121620178,0.045880463,0.273876953125
training_episode,4033716,4088.303741300002,986.6478263959311,2152022,26254.666015625,300.9223937988281,262.046630859375,1,22,49,27,2,4,3,193,5,1,MaxDuration,,,,,,,,,
training_episode,4036086,4089.511374400001,986.9360005367782,54935438,1053.2691650390625,48.28790283203125,9.032691955566406,3,3,7,2,0,0,0,32,1,0,LivesExhausted,,,,,,,,,
ppo_rollout,4036608,4089.778693,986.9991270943324,,,,,,,,,,,,,,,,,,,-0.011837892729090527,2.364051676293214,0.5283299257357915,0.9917171001434326,0.0543437,0.26363932291666664
ppo_rollout,4042752,4093.483733699999,987.6067093457963,,,,,,,,,,,,,,,,,,,-0.007944976994379734,2.17670555015405,0.521828850110372,0.9925187826156616,0.04934804,0.264404296875
training_episode,4045782,4095.6140288999995,987.8328307920697,37026779,26254.666015625,300.7822570800781,262.046630859375,1,25,47,27,3,5,1,196,0,1,MaxDuration,,,,,,,,,
training_episode,4047834,4096.716467900002,988.0678908870012,1104732,2445.3525390625,97.87249755859375,22.95352554321289,3,5,14,3,1,1,0,47,0,0,LivesExhausted,,,,,,,,,
ppo_rollout,4048896,4097.2912856,988.1884683741948,,,,,,,,,,,,,,,,,,,-0.01417166286361559,2.0837846343715984,0.5191000963250796,0.9894252419471741,0.044643838,0.23313802083333332
training_episode,4052814,4099.915440199999,988.511606913117,17128269,1328.96533203125,58.58617401123047,11.289652824401855,4,5,12,2,1,0,0,24,0,0,LivesExhausted,,,,,,,,,
ppo_rollout,4055040,4101.1312378,988.7613355614717,,,,,,,,,,,,,,,,,,,-0.01099491328932345,3.145846958955129,0.5254367331663767,0.9795073866844177,0.04492246,0.21888020833333333
training_episode,4058808,4103.596451699999,989.0855613540058,43834164,27389.33203125,305.6069641113281,272.8932800292969,2,25,47,27,4,2,2,143,5,1,MaxDuration,,,,,,,,,
training_episode,4060332,4104.3588342,989.273151793371,25401860,26254.666015625,300.1916809082031,261.546630859375,2,15,38,27,4,0,5,129,1,1,MaxDuration,,,,,,,,,
ppo_rollout,4061184,4104.797215999999,989.3750619811376,,,,,,,,,,,,,,,,,,,-0.016321622093285745,2.3037907550732295,0.5345908299088478,0.9926031231880188,0.058685053,0.2572265625
training_episode,4063110,4106.346689000002,989.4707650681752,1733106,23034.666015625,301.2927551269531,229.84661865234375,1,28,49,23,2,7,0,188,3,1,MaxDuration,,,,,,,,,
ppo_rollout,4067328,4108.4722086,989.9855210134133,,,,,,,,,,,,,,,,,,,-0.011561449458046507,2.185338338216146,0.5402859424551328,0.9894457459449768,0.048979685,0.27197265625
training_episode,4068306,4109.553266700001,989.9630777305576,60695533,926.275390625,43.278743743896484,7.762753486633301,3,3,13,1,0,0,0,20,0,0,LivesExhausted,,,,,,,,,
training_episode,4069776,4110.315575299999,990.137113669906,39330817,26254.666015625,300.4719543457031,261.046630859375,3,22,50,27,3,2,4,136,0,1,MaxDuration,,,,,,,,,
ppo_rollout,4073472,4112.260802500001,990.5675237143472,,,,,,,,,,,,,,,,,,,-0.01486433945732036,2.0466636300086973,0.54337347894907,0.9926289916038513,0.044499945,0.25372721354166666
training_episode,4075242,4113.774423999999,990.6333162617768,19222849,1309.1036376953125,57.79630661010742,11.591035842895508,3,3,14,2,1,0,1,43,0,0,LivesExhausted,,,,,,,,,
ppo_rollout,4079616,4116.0762813,991.1419811470344,,,,,,,,,,,,,,,,,,,-0.011628657001225898,2.284493562579155,0.5454893887043,0.9916896224021912,0.05689254,0.2579427083333333
training_episode,4082742,4118.1915486,991.3919621800858,57763121,1442.478515625,62.46552276611328,12.924784660339355,3,4,14,2,0,1,1,25,0,1,LivesExhausted,,,,,,,,,
training_episode,4084272,4118.9921751,991.5707110807616,71482620,27389.33203125,303.6150207519531,272.8932800292969,2,21,42,27,5,6,3,128,2,1,MaxDuration,,,,,,,,,
ppo_rollout,4085760,4119.758273899999,991.7475075866977,,,,,,,,,,,,,,,,,,,-0.010168827748081337,3.5681742524107296,0.54631151308616,0.9799354076385498,0.044255715,0.22550455729166666
training_episode,4089006,4121.998291700002,991.9960443053957,42472687,28554.666015625,301.5630187988281,285.046630859375,1,31,44,28,4,3,4,168,0,1,MaxDuration,,,,,,,,,
ppo_rollout,4091904,4123.470180600001,992.3447535164646,,,,,,,,,,,,,,,,,,,-0.009355787482733528,3.3503814453879994,0.5498926614721616,0.9797518253326416,0.045005113,0.2486328125
training_episode,4095246,4125.695688600001,992.6195020432218,18175559,24077.33203125,303.5950012207031,239.27330017089844,3,30,47,24,4,3,5,161,4,1,MaxDuration,,,,,,,,,
training_episode,4096464,4126.356392599999,992.7557414445329,52421942,29750.666015625,301.0625305175781,297.5066223144531,0,31,42,30,4,3,4,145,0,1,MaxDuration,,,,,,,,,
training_episode,4096884,4126.583638299999,992.8028507590764,25192402,1521.79541015625,65.60560607910156,13.7179536819458,3,5,14,2,0,1,0,14,0,0,LivesExhausted,,,,,,,,,
ppo_rollout,4098048,4127.213049000002,992.9334762577696,,,,,,,,,,,,,,,,,,,-0.012396414382965303,1.6601213753223418,0.5494762400786082,0.9935564994812012,0.06810095,0.290673828125
ppo_rollout,4104192,4130.9040685,993.5336023163328,,,,,,,,,,,,,,,,,,,-0.009846630801136295,2.3664607336123784,0.5490799024701118,0.9895557165145874,0.060424495,0.23385416666666667
training_episode,4104804,4131.785487500001,993.4697753352324,49698988,1922.762939453125,79.62860107421875,17.227628707885742,4,4,15,2,1,0,0,45,0,0,LivesExhausted,,,,,,,,,
training_episode,4106292,4132.539141100002,993.6486648513593,54516522,27389.33203125,304.2656555175781,272.8932800292969,2,23,48,27,4,2,5,132,3,1,MaxDuration,,,,,,,,,
ppo_rollout,4110336,4134.5606947000015,994.1409265726696,,,,,,,,,,,,,,,,,,,-0.012562836150755175,2.1665061712265015,0.5555904343724251,0.9899885058403015,0.052559685,0.23870442708333334
training_episode,4112472,4136.220411499999,994.2584269847007,26239692,1478.5955810546875,63.89528274536133,13.285956382751465,3,3,16,2,1,0,0,37,0,0,LivesExhausted,,,,,,,,,
ppo_rollout,4116480,4138.2654932000005,994.7355979852432,,,,,,,,,,,,,,,,,,,-0.0018565969502863785,2.1806233848134675,0.5554993256926537,0.9927158951759338,0.06929844,0.27314453125
training_episode,4119282,4140.242942199999,994.9372675727911,55249625,30977.33203125,304.4858703613281,308.7732849121094,2,35,44,31,6,7,4,148,1,1,MaxDuration,,,,,,,,,
training_episode,4121034,4141.1457739,995.1434276893231,48023324,24077.33203125,306.3276672363281,239.27330017089844,3,26,45,24,5,2,5,166,3,1,MaxDuration,,,,,,,,,
ppo_rollout,4122624,4141.991900000001,995.3240130672392,,,,,,,,,,,,,,,,,,,-0.009854056969440231,2.6039149637023606,0.5505191887418429,0.9885178208351135,0.08460497,0.25930989583333336
training_episode,4127184,4144.8275651,995.74323302408,59648243,1527.83642578125,65.83565521240234,13.778364181518555,3,4,14,2,0,1,1,20,1,1,LivesExhausted,,,,,,,,,
ppo_rollout,4128768,4145.656401700002,995.9262418146674,,,,,,,,,,,,,,,,,,,-0.011570784775540233,1.8475041170914968,0.5519243861238162,0.9947770237922668,0.049633235,0.26142578125
training_episode,4132500,4148.1171368,996.2351263754217,42577416,28554.666015625,300.2817687988281,285.546630859375,0,21,45,28,3,5,3,159,0,1,MaxDuration,,,,,,,,,
training_episode,4133328,4148.544643500001,996.3320526093788,50013175,28554.666015625,303.6650695800781,284.546630859375,2,28,43,28,4,4,6,144,0,1,MaxDuration,,,,,,,,,
ppo_rollout,4134912,4149.355012299999,996.5192150931446,,,,,,,,,,,,,,,,,,,-0.009177635644058076,3.4864262978235883,0.5487292443712553,0.9849941730499268,0.039765943,0.23209635416666666
training_episode,4138260,4151.633801700002,996.77866537879,14928960,871.0526733398438,41.089111328125,7.210526466369629,3,3,10,1,0,0,0,23,0,0,LivesExhausted,,,,,,,,,
ppo_rollout,4141056,4153.052635,997.1113693819101,,,,,,,,,,,,,,,,,,,-0.012605766664880018,1.495726045469443,0.5549175987641016,0.9957773089408875,0.061170842,0.26144205729166664
training_episode,4142982,4154.597622599998,997.204152205544,4351331,27389.33203125,305.7070617675781,272.3932800292969,3,25,48,27,4,4,3,154,0,1,MaxDuration,,,,,,,,,
ppo_rollout,4147200,4156.7125223,997.7115274994441,,,,,,,,,,,,,,,,,,,-0.012884708059330782,2.480859912931919,0.5615214784940084,0.9891592264175415,0.047009613,0.246240234375
training_episode,4149096,4158.237978500001,997.8014778020716,21212700,24077.33203125,305.1765441894531,240.27330017089844,1,21,46,24,3,2,3,151,2,1,MaxDuration,,,,,,,,,
ppo_rollout,4153344,4160.393069199999,998.3056723048154,,,,,,,,,,,,,,,,,,,-0.015163482636368523,1.6545050680637359,0.5583549280961354,0.9890112280845642,0.042944428,0.25908203125
training_episode,4157394,4163.089300300002,998.6319533670364,28648459,27389.33203125,302.9844055175781,272.8932800292969,2,26,46,27,3,1,4,154,3,1,MaxDuration,,,,,,,,,
ppo_rollout,4159488,4164.197911300002,998.8689511400934,,,,,,,,,,,,,,,,,,,-0.013402764378891636,1.799172077079614,0.5575998519857724,0.989508867263794,0.040430486,0.2503743489583333
training_episode,4163982,4167.126194500001,999.2454765338879,41949042,24077.33203125,306.6179504394531,239.77330017089844,2,20,46,24,4,3,1,174,1,1,MaxDuration,,,,,,,,,
ppo_rollout,4165632,4167.9671179,999.4397465637454,,,,,,,,,,,,,,,,,,,-0.014992577042236613,1.7319311276078224,0.5578314706683158,0.9886121153831482,0.049810607,0.25286458333333334
training_episode,4168878,4170.172740500002,999.6895235328197,9064136,27389.33203125,303.0945129394531,272.8932800292969,2,28,48,27,4,2,2,135,1,1,MaxDuration,,,,,,,,,
ppo_rollout,4171776,4171.642808699999,1000.0319277814782,,,,,,,,,,,,,,,,,,,-0.020372519599429022,1.7168141469359397,0.5636101985971133,0.9918943047523499,0.05353334,0.26417643229166665
training_episode,4174782,4173.729934499999,1000.2520684175812,31371413,29750.666015625,304.3357238769531,297.0066223144531,1,30,45,30,3,2,7,126,3,1,MaxDuration,,,,,,,,,
training_episode,4176798,4174.765528299999,1000.4868469106166,44357809,1530.968505859375,65.96568298339844,13.809684753417969,3,3,13,2,0,0,0,39,0,0,LivesExhausted,,,,,,,,,
ppo_rollout,4177920,4175.327857299999,1000.6208237505156,,,,,,,,,,,,,,,,,,,-0.01144716267590411,1.8998146081964176,0.5604744970798492,0.9941073060035706,0.055894334,0.2745279947916667
training_episode,4179498,4176.669091399999,1000.6773121207581,8331033,27389.33203125,304.2556457519531,272.8932800292969,2,20,51,27,5,7,5,150,1,1,MaxDuration,,,,,,,,,
training_episode,4183278,4178.642095399999,1001.1094284923576,48442240,641.3731689453125,31.500625610351562,4.913731098175049,3,4,10,1,0,0,1,7,0,0,LivesExhausted,,,,,,,,,
ppo_rollout,4184064,4179.066875299999,1001.1957513122214,,,,,,,,,,,,,,,,,,,-0.011158150013458604,2.605988814930121,0.5593870664636295,0.9878689646720886,0.040092763,0.22849934895833332
training_episode,4185264,4180.246274199999,1001.2003421499279,14510044,27389.33203125,301.3628234863281,272.8932800292969,2,29,45,27,4,3,3,144,1,1,MaxDuration,,,,,,,,,
ppo_rollout,4190208,4182.785311399999,1001.7745803447694,,,,,,,,,,,,,,,,,,,-0.013286881098368515,2.6151272495587667,0.5582084124286969,0.9887041449546814,0.05540377,0.24576822916666666
training_episode,4194018,4185.3273875999985,1002.0764474544451,47185492,27389.33203125,305.1565246582031,273.8932800292969,0,26,45,27,4,4,1,147,1,1,MaxDuration,,,,,,,,,
ppo_rollout,4196352,4186.489391700001,1002.355818294811,,,,,,,,,,,,,,,,,,,-0.014181857447450359,1.6845589270194372,0.5529732416073482,0.9922448992729187,0.05158427,0.2683919270833333
training_episode,4199070,4188.433173599999,1002.5395717107405,10111426,895.5894775390625,42.068946838378906,7.455894470214844,3,4,11,1,0,0,0,5,1,0,LivesExhausted,,,,,,,,,
training_episode,4200114,4188.984339400002,1002.656887612426,35351115,26254.666015625,301.0525207519531,261.546630859375,2,15,46,27,4,3,4,141,3,1,MaxDuration,,,,,,,,,
ppo_rollout,4202496,4190.1930627,1002.9361265974873,,,,,,,,,,,,,,,,,,,-0.013549667598757273,1.8603358149528504,0.5571290483077367,0.9895033836364746,0.054002702,0.259130859375
ppo_rollout,4208640,4193.8714377,1003.521462810529,,,,,,,,,,,,,,,,,,,-0.017059880176869532,1.9321578055620194,0.5627456863721212,0.9934988617897034,0.050095793,0.25857747395833336
training_episode,4211280,4195.755590500001,1003.7000271262581,3618228,28554.666015625,304.1255187988281,285.046630859375,1,26,45,28,4,1,5,155,2,1,MaxDuration,,,,,,,,,
training_episode,4213218,4196.761545699999,1003.9212269081293,31161955,26254.666015625,303.4748840332031,262.046630859375,1,25,43,27,5,3,3,137,2,1,MaxDuration,,,,,,,,,
ppo_rollout,4214784,4197.564531100001,1004.1022523352337,,,,,,,,,,,,,,,,,,,-0.01653999266369889,2.1404207333922387,0.5635645012060801,0.9909123182296753,0.041419707,0.24697265625
training_episode,4219290,4200.422454300002,1004.4918209787883,54307064,28554.666015625,300.0615539550781,285.046630859375,1,22,42,28,2,3,5,170,3,1,MaxDuration,,,,,,,,,
ppo_rollout,4220928,4201.251938000001,1004.6833806423343,,,,,,,,,,,,,,,,,,,-0.014693296945188195,2.2058698654174806,0.5607162872950237,0.9804581999778748,0.051495332,0.24807942708333333
training_episode,4221738,4202.2042573,1004.6484515040092,61952281,26254.666015625,303.9153137207031,261.546630859375,2,18,48,27,3,5,1,115,2,1,MaxDuration,,,,,,,,,
ppo_rollout,4227072,4204.906886000001,1005.2712496616267,,,,,,,,,,,,,,,,,,,-0.015372232501006996,1.774928652246793,0.5509184822440147,0.9869289398193359,0.058623437,0.23468424479166666
ppo_rollout,4233216,4208.5950997,1005.850147072061,,,,,,,,,,,,,,,,,,,-0.008894100692123175,1.69142773548762,0.5431365390618642,0.9917905926704407,0.06250716,0.26222330729166665
training_episode,4235604,4210.394793300002,1005.9873736163919,64779964,27389.33203125,304.4358215332031,273.8932800292969,0,28,46,27,5,2,4,181,5,1,MaxDuration,,,,,,,,,
training_episode,4236372,4210.798699499999,1006.0732659823034,49908446,23034.666015625,302.1135559082031,229.8466339111328,1,18,46,23,1,2,3,182,5,1,MaxDuration,,,,,,,,,
ppo_rollout,4239360,4212.326976100001,1006.4175986463965,,,,,,,,,,,,,,,,,,,-0.01834921432309784,1.5704455142219862,0.5342360014716784,0.9470621347427368,0.043543234,0.23896484375
ppo_rollout,4245504,4216.010707599999,1006.9955449465143,,,,,,,,,,,,,,,,,,,-0.018131969690633316,1.656585431098938,0.532869178056717,0.9940115213394165,0.04943371,0.2564453125
training_episode,4247304,4217.476170999998,1007.0724356915404,10530342,29750.666015625,300.1816711425781,297.0066223144531,1,23,44,30,6,3,4,165,5,1,MaxDuration,,,,,,,,,
training_episode,4249386,4218.518484600001,1007.3171459394295,39016630,26254.666015625,301.3728332519531,262.046630859375,1,27,44,27,2,5,3,132,2,1,MaxDuration,,,,,,,,,
ppo_rollout,4251648,4219.672734200001,1007.5776648603202,,,,,,,,,,,,,,,,,,,-0.017177414723361532,2.074705668290456,0.5337525059779485,0.9890732169151306,0.053544834,0.244677734375
training_episode,4254936,4221.874555099999,1007.8309870339616,56192186,1001.1181030273438,46.23824691772461,8.511180877685547,3,3,13,2,0,0,1,18,0,0,LivesExhausted,,,,,,,,,
training_episode,4255512,4222.173015299999,1007.896167347759,6445911,26254.666015625,301.8032531738281,261.546630859375,2,15,49,27,1,5,3,119,3,1,MaxDuration,,,,,,,,,
ppo_rollout,4257792,4223.307695200001,1008.1652361818657,,,,,,,,,,,,,,,,,,,-0.020042383674687397,1.9189754496018092,0.5314273486534754,0.9884548783302307,0.05736463,0.25017903645833334
training_episode,4258326,4224.135723300002,1008.0940289184856,41320668,29750.666015625,304.8562316894531,297.0066223144531,1,15,47,30,5,4,7,117,1,1,MaxDuration,,,,,,,,,
training_episode,4261068,4225.5495563,1008.4056388942461,57134747,1001.6408081054688,46.258243560791016,8.51640796661377,3,4,11,2,0,1,0,18,0,0,LivesExhausted,,,,,,,,,
ppo_rollout,4263936,4227.038011199998,1008.7290411636319,,,,,,,,,,,,,,,,,,,-0.013822040452699488,2.382455319662889,0.5256917228301367,0.9855275750160217,0.039500512,0.22277018229166667
training_episode,4268322,4229.955771699999,1009.0701251669547,68445479,1390.5399169921875,60.41586685180664,12.40539836883545,3,3,12,2,0,0,0,15,0,0,LivesExhausted,,,,,,,,,
ppo_rollout,4270080,4230.9551804,1009.2472781988441,,,,,,,,,,,,,,,,,,,-0.008481768486187017,1.8886830081542334,0.5124946648875872,0.9907563328742981,0.04873028,0.246728515625
training_episode,4272120,4232.603269499999,1009.3362708441769,44253080,26254.666015625,304.2456359863281,261.546630859375,2,31,47,27,3,1,2,152,1,1,MaxDuration,,,,,,,,,
training_episode,4272624,4232.864002599999,1009.3931667484659,64884693,23034.666015625,302.0434875488281,228.8466339111328,3,23,44,23,5,0,2,168,2,1,MaxDuration,,,,,,,,,
ppo_rollout,4276224,4234.6921468,1009.807525968891,,,,,,,,,,,,,,,,,,,-0.01525094840132321,2.000829600294431,0.5071088959773381,0.9860680103302002,0.061455566,0.24091796875
training_episode,4279056,4236.737748300002,1009.988404809096,38178798,2201.614990234375,89.4406967163086,20.516149520874023,3,5,17,3,0,3,0,17,1,0,LivesExhausted,,,,,,,,,
training_episode,4280208,4237.3046834000015,1010.1251431760562,38911901,1581.8848876953125,67.37598419189453,14.318849563598633,3,3,16,2,0,0,0,33,0,0,LivesExhausted,,,,,,,,,
ppo_rollout,4282368,4238.4291973,1010.3667657650127,,,,,,,,,,,,,,,,,,,-0.014679211770029118,1.6704159925381343,0.5144858737786611,0.994346022605896,0.052741643,0.2560546875
training_episode,4283760,4239.723375900001,1010.3866738925275,45405099,27389.33203125,303.7551574707031,273.8932800292969,0,17,48,27,2,4,2,136,1,1,MaxDuration,,,,,,,,,
ppo_rollout,4288512,4242.152731599999,1010.9282412334352,,,,,,,,,,,,,,,,,,,-0.015542861640763779,4.580148848891258,0.51684616903464,0.9855348467826843,0.028581707,0.18624674479166667
training_episode,4289778,4243.383236500002,1010.9334370511077,51584110,1924.8046875,79.7086181640625,17.748046875,3,3,17,2,1,0,0,46,0,0,LivesExhausted,,,,,,,,,
training_episode,4290576,4243.7957271999985,1011.0232150195567,41111210,1283.6524658203125,56.786476135253906,11.33652400970459,3,3,13,2,0,0,0,24,1,0,LivesExhausted,,,,,,,,,
training_episode,4291596,4244.328681300001,1011.1365830144713,73891387,25150.666015625,305.4768371582031,250.5066375732422,2,21,48,26,3,2,4,172,3,1,MaxDuration,,,,,,,,,
training_episode,4294332,4245.7522135,1011.4419740147655,61742823,23034.666015625,300.0014953613281,229.8466339111328,1,26,47,23,3,4,3,160,2,1,MaxDuration,,,,,,,,,
ppo_rollout,4294656,4245.936055800001,1011.4744884425302,,,,,,,,,,,,,,,,,,,-0.010111578839132562,2.558397064109643,0.5098875020941098,0.9914164543151855,0.034874883,0.21565755208333334
ppo_rollout,4300800,4249.633134,1012.0403019240955,,,,,,,,,,,,,,,,,,,-0.014920042115894224,3.2031088893612227,0.5028130794564883,0.9885396361351013,0.036524642,0.20694986979166666
ppo_rollout,4306944,4253.338447800001,1012.603171099099,,,,,,,,,,,,,,,,,,,-0.012838244783536842,1.7357545281449953,0.5015496378143628,0.9892876148223877,0.043011587,0.24666341145833334
training_episode,4309068,4254.957417099999,1012.7170680210663,60067159,25150.666015625,303.6850891113281,250.5066375732422,2,20,48,26,4,6,2,150,5,1,MaxDuration,,,,,,,,,
ppo_rollout,4313088,4257.029710999999,1013.1684044523223,,,,,,,,,,,,,,,,,,,-0.015191108515136876,1.8164808357755342,0.5045300180713336,0.9803684949874878,0.037268866,0.23372395833333334
training_episode,4315800,4258.988387000001,1013.3392270271055,20270139,27389.33203125,306.1875305175781,272.8932800292969,2,27,50,27,0,2,4,194,1,1,MaxDuration,,,,,,,,,
ppo_rollout,4319232,4260.729520200002,1013.7306251247912,,,,,,,,,,,,,,,,,,,-0.015865324744178604,1.555585386355718,0.4950503930449486,0.9894607067108154,0.06390909,0.2852864583333333
ppo_rollout,4325376,4264.432532500003,1014.2911083797284,,,,,,,,,,,,,,,,,,,-0.01277639057370834,1.6470608159899711,0.48732409775257113,0.9908114671707153,0.053528372,0.2770182291666667
training_episode,4326312,4265.463499600002,1014.2653900111217,63732674,27389.33203125,304.3957824707031,272.8932800292969,2,21,45,27,5,1,4,131,2,1,MaxDuration,,,,,,,,,
training_episode,4326684,4265.661596899998,1014.3054955752583,15871521,26254.666015625,300.8523254394531,261.046630859375,3,29,45,27,5,5,3,151,0,1,MaxDuration,,,,,,,,,
training_episode,4328130,4266.385316300002,1014.4723645715023,66560357,26254.666015625,304.4158020019531,262.046630859375,1,18,45,27,5,6,3,163,1,1,MaxDuration,,,,,,,,,
training_episode,4330710,4267.7291823999985,1014.7574541186289,64675235,24077.33203125,303.1045227050781,239.27330017089844,3,19,44,24,5,5,5,133,1,1,MaxDuration,,,,,,,,,
ppo_rollout,4331520,4268.141653999999,1014.8491664845764,,,,,,,,,,,,,,,,,,,-0.016959587954139956,2.0342245995998383,0.4858165686329206,0.9805152416229248,0.041682318,0.22916666666666666
training_episode,4334508,4270.201449499997,1015.0593716152508,24040383,1604.6448974609375,68.27617645263672,13.546449661254883,5,8,12,2,2,1,0,22,1,0,LivesExhausted,,,,,,,,,
training_episode,4334568,4270.235911700001,1015.0652305002014,39959191,1203.73974609375,53.63700485229492,10.537396430969238,3,3,13,2,1,0,0,25,0,0,LivesExhausted,,,,,,,,,
training_episode,4336470,4271.206191199999,1015.2799480705156,31895058,1044.6060791015625,47.95795822143555,8.946061134338379,3,3,10,2,0,0,0,20,0,0,LivesExhausted,,,,,,,,,
ppo_rollout,4337664,4271.799903899999,1015.4183476711701,,,,,,,,,,,,,,,,,,,-0.014514501939993351,1.3687814955910047,0.4916027508676052,0.9954643845558167,0.05949832,0.2747395833333333
ppo_rollout,4343808,4275.427960599998,1015.9937297576183,,,,,,,,,,,,,,,,,,,-0.005525405336326609,3.3468268752098083,0.4979187841216723,0.981368899345398,0.058712438,0.24459635416666667
training_episode,4345134,4276.6882912,1016.0043716398126,3827686,26254.666015625,300.5019836425781,261.546630859375,2,28,48,27,1,1,4,164,1,1,MaxDuration,,,,,,,,,
ppo_rollout,4349952,4279.095168699998,1016.558835105677,,,,,,,,,,,,,,,,,,,-0.01179734187220068,1.9891137664516767,0.4990370427568754,0.9866337776184082,0.04552832,0.26533203125
training_episode,4351890,4280.647874200004,1016.6428372278368,26763337,27389.33203125,300.6921691894531,272.8932800292969,2,20,50,27,5,1,4,118,4,1,MaxDuration,,,,,,,,,
ppo_rollout,4356096,4282.870403499997,1017.097317826886,,,,,,,,,,,,,,,,,,,-0.01944806838873774,1.372147456308206,0.5024285028378169,0.9907284379005432,0.04560784,0.24871419270833334
ppo_rollout,4362240,4286.582389100004,1017.6498674310751,,,,,,,,,,,,,,,,,,,-0.015838013864898432,1.3829849444329738,0.5043657516439756,0.9891722798347473,0.063341066,0.2713704427083333
training_episode,4362696,4287.3840394,1017.5659469522445,10949258,23034.666015625,300.0515441894531,228.8466339111328,3,24,49,23,3,2,6,196,2,1,MaxDuration,,,,,,,,,
ppo_rollout,4368384,4290.2463622,1018.2128556738481,,,,,,,,,,,,,,,,,,,-0.019778353806274632,1.8710561871528626,0.5109671692053477,0.9587578177452087,0.038421184,0.24479166666666666
training_episode,4370646,4291.979075000003,1018.3288230500045,26553879,26254.666015625,300.6120910644531,261.546630859375,2,17,47,27,2,4,3,146,3,1,MaxDuration,,,,,,,,,
training_episode,4371270,4292.287641900002,1018.4009937565685,67398189,24077.33203125,306.3176574707031,239.77330017089844,2,25,43,24,2,5,1,149,1,1,MaxDuration,,,,,,,,,
training_episode,4373004,4293.2212143,1018.5834322802322,4770247,27389.33203125,304.4158020019531,272.8932800292969,2,18,48,27,2,6,3,136,4,1,MaxDuration,,,,,,,,,
training_episode,4373016,4293.231759100003,1018.5837255887445,69597498,2083.6962890625,85.99996185302734,19.336963653564453,3,3,20,3,1,0,0,31,0,0,LivesExhausted,,,,,,,,,
ppo_rollout,4374528,4294.030784399998,1018.7463061262729,,,,,,,,,,,,,,,,,,,-0.014094389462843537,1.9397404760122299,0.513449730972449,0.9919263124465942,0.057923984,0.250830078125
ppo_rollout,4380672,4297.809094900003,1019.2802665893946,,,,,,,,,,,,,,,,,,,-0.009960195162178328,3.352490495642026,0.5103705331683159,0.987349271774292,0.044377733,0.22303059895833333
training_episode,4381740,4298.9140376,1019.2667175187901,9378323,24077.33203125,305.0063781738281,239.77330017089844,2,26,48,24,3,4,0,159,2,1,MaxDuration,,,,,,,,,
ppo_rollout,4386816,4301.522492600001,1019.8286786938186,,,,,,,,,,,,,,,,,,,-0.017006716260220857,1.9701977560917536,0.5125529418389002,0.9932692646980286,0.050043657,0.248388671875
training_episode,4388016,4302.713407399999,1019.8253019718427,25611318,26254.666015625,301.0024719238281,261.046630859375,3,23,44,27,4,5,5,154,2,1,MaxDuration,,,,,,,,,
training_episode,4389384,4303.431009100001,1019.9731309083946,1837835,1472.8392333984375,63.665321350097656,13.228391647338867,3,3,15,2,0,0,0,16,0,0,LivesExhausted,,,,,,,,,
ppo_rollout,4392960,4305.237008199998,1020.3758798024173,,,,,,,,,,,,,,,,,,,-0.014157373205913851,1.9666932533184687,0.5195011849204699,0.9893021583557129,0.032144308,0.211474609375
ppo_rollout,4399104,4308.900018300003,1020.9343408565757,,,,,,,,,,,,,,,,,,,-0.005258327947619061,1.8046701669692993,0.5234759176770846,0.9932923913002014,0.07548689,0.27462565104166664
ppo_rollout,4405248,4312.6531741,1021.470501373977,,,,,,,,,,,,,,,,,,,-0.01478004413462865,1.9479164669911067,0.5241310636202494,0.9851058721542358,0.045376573,0.2517903645833333
training_episode,4407132,4314.183473999998,1021.5448709031892,70225872,24077.33203125,303.9953918457031,239.77330017089844,2,17,49,24,3,6,2,162,2,1,MaxDuration,,,,,,,,,
training_episode,4407450,4314.348352000001,1021.5795388791079,9483052,23034.666015625,301.4429016113281,229.84661865234375,1,21,46,23,6,5,0,129,1,1,MaxDuration,,,,,,,,,
training_episode,4409112,4315.1825812000025,1021.7671945583996,50222633,24077.33203125,300.8423156738281,239.77330017089844,2,17,44,24,5,4,3,116,3,1,MaxDuration,,,,,,,,,
training_episode,4409322,4315.291265500004,1021.7901246323175,17337727,29750.666015625,302.5139465332031,297.0066223144531,1,27,44,30,2,1,5,139,3,1,MaxDuration,,,,,,,,,
ppo_rollout,4411392,4316.327908799998,1022.0242977847415,,,,,,,,,,,,,,,,,,,-0.01883095790593264,1.9338682730992636,0.5266927187641461,0.9604692459106445,0.042960986,0.26124674479166665
training_episode,4415286,4318.8582645999995,1022.3271358984806,8959407,1513.330322265625,65.26553344726562,13.633302688598633,3,4,13,2,0,1,1,34,0,1,LivesExhausted,,,,,,,,,
ppo_rollout,4417536,4320.008654500001,1022.5757291940625,,,,,,,,,,,,,,,,,,,-0.014063136056453611,1.7692774976293246,0.5316395824154218,0.9945175051689148,0.052098364,0.27861328125
training_episode,4421148,4322.379869800003,1022.8504049100542,61638094,2461.748046875,98.51263427734375,23.11747932434082,3,5,19,3,0,2,1,49,0,1,LivesExhausted,,,,,,,,,
ppo_rollout,4423680,4323.637141400002,1023.1385880285975,,,,,,,,,,,,,,,,,,,-0.013401278987294063,3.3004514947533607,0.5327958688139915,0.9782731533050537,0.040249947,0.21982421875
training_episode,4424748,4324.7896863999995,1023.1128727286637,27496440,27389.33203125,306.0574035644531,272.8932800292969,2,23,47,27,2,1,4,128,2,1,MaxDuration,,,,,,,,,
training_episode,4425498,4325.172264699999,1023.1957779159022,37969340,27389.33203125,300.9324035644531,272.8932800292969,2,25,47,27,2,1,4,146,2,1,MaxDuration,,,,,,,,,
ppo_rollout,4429824,4327.357468800001,1023.6787766988923,,,,,,,,,,,,,,,,,,,-0.011835045447029794,3.7487185120582582,0.5391788601875305,0.9788344502449036,0.036222607,0.18513997395833334
ppo_rollout,4435968,4331.048216000003,1024.2250325481016,,,,,,,,,,,,,,,,,,,-0.011373121927802762,2.1707323138912518,0.5472862899303437,0.9909263849258423,0.044085775,0.231103515625
ppo_rollout,4442112,4334.714131400004,1024.776228684153,,,,,,,,,,,,,,,,,,,-0.016078006760411274,2.0318345735470453,0.551403722167015,0.982427179813385,0.05188228,0.25107421875
training_episode,4443918,4336.202679299997,1024.8409331081803,17232998,28554.666015625,306.5278625488281,284.046630859375,3,31,45,28,8,3,10,132,1,1,MaxDuration,,,,,,,,,
training_episode,4445394,4336.9762303000025,1024.9984698884314,46033473,29750.666015625,302.2937316894531,297.0066223144531,1,25,46,30,1,3,4,133,2,1,MaxDuration,,,,,,,,,
ppo_rollout,4448256,4338.447093499999,1025.3106478270809,,,,,,,,,,,,,,,,,,,-0.01954574722719068,1.5207812502980231,0.5576676060756047,0.9531418085098267,0.05524473,0.26875
training_episode,4451538,4340.707661599998,1025.53278106712,65827254,27389.33203125,302.0835266113281,273.3932800292969,1,21,48,27,5,3,5,135,2,1,MaxDuration,,,,,,,,,
training_episode,4452240,4341.063759999997,1025.610367906691,20165410,1630.9832763671875,69.306396484375,14.809833526611328,3,3,16,2,0,0,0,30,0,0,LivesExhausted,,,,,,,,,
ppo_rollout,4454400,4342.152770699999,1025.850594216174,,,,,,,,,,,,,,,,,,,-0.01772496594154897,1.9416775753100712,0.5681917647520701,0.9937791228294373,0.054854196,0.2728352864583333
training_episode,4455204,4343.119203399998,1025.8074419215243,73996116,604.1925048828125,30.55060386657715,4.541924953460693,3,3,10,1,0,0,0,15,0,0,LivesExhausted,,,,,,,,,
training_episode,4457724,4344.426352800001,1026.0788509228562,68864395,24077.33203125,304.7861633300781,239.27330017089844,3,23,47,24,5,2,0,136,4,1,MaxDuration,,,,,,,,,
ppo_rollout,4460544,4345.866398999999,1026.3877419302141,,,,,,,,,,,,,,,,,,,-0.012889705800140898,2.399035274485747,0.5660491645336151,0.9932317733764648,0.058128696,0.2508951822916667
training_episode,4460826,4346.565943200003,1026.2874320309695,19851223,1686.9508056640625,71.52687072753906,14.869508743286133,4,6,16,2,1,2,0,27,1,0,LivesExhausted,,,,,,,,,
training_episode,4461426,4346.868368399999,1026.3540604157213,57030018,29750.666015625,305.6169738769531,297.5066223144531,0,28,45,30,4,4,5,149,3,1,MaxDuration,,,,,,,,,
training_episode,4462170,4347.241301100003,1026.437156564306,44986183,27389.33203125,305.5569152832031,272.8932800292969,2,28,48,27,2,4,6,171,0,1,MaxDuration,,,,,,,,,
ppo_rollout,4466688,4349.532578700004,1026.9351750286262,,,,,,,,,,,,,,,,,,,-0.013451409215728441,2.677826329569022,0.5659560948610306,0.9920194745063782,0.062515646,0.25970052083333334
training_episode,4467588,4350.565924200004,1026.8981272411163,57344205,1129.633544921875,51.3173942565918,9.796335220336914,3,3,13,2,0,0,1,8,0,0,LivesExhausted,,,,,,,,,
training_episode,4468356,4350.950839999998,1026.983793730936,72739368,1135.156494140625,51.537357330322266,9.85156536102295,3,3,13,2,1,0,0,35,0,0,LivesExhausted,,,,,,,,,
ppo_rollout,4472832,4353.226559399998,1027.4751242481823,,,,,,,,,,,,,,,,,,,-0.01088857875050356,1.6680906539162,0.5651566982269287,0.993791401386261,0.04926358,0.25481770833333334
training_episode,4473222,4353.966509400001,1027.3900799058817,68340750,2613.033447265625,103.28365325927734,24.130332946777344,4,5,21,3,1,1,0,41,1,1,LivesExhausted,,,,,,,,,
ppo_rollout,4478976,4356.893038399998,1028.0206469435925,,,,,,,,,,,,,,,,,,,-0.012716610232988994,3.7272516270478566,0.5592851320902507,0.9853346347808838,0.03127898,0.22628580729166667
training_episode,4482000,4358.999284999998,1028.2176497305854,13148567,24077.33203125,305.0063781738281,240.27330017089844,1,31,45,24,4,6,1,132,3,1,MaxDuration,,,,,,,,,
ppo_rollout,4485120,4360.694410000004,1028.5334348847427,,,,,,,,,,,,,,,,,,,-0.010901880890984709,2.994866307576497,0.5546201780438423,0.9809355735778809,0.030056475,0.206494140625
training_episode,4485846,4361.639189300004,1028.4770943467083,58915140,642.2579956054688,32.050628662109375,4.922579765319824,3,3,7,1,0,0,0,5,0,0,LivesExhausted,,,,,,,,,
ppo_rollout,4491264,4364.443839699998,1029.057576396428,,,,,,,,,,,,,,,,,,,-0.012075756618287414,2.426072731614113,0.5520201290647189,0.9826117753982544,0.037000954,0.22620442708333333
training_episode,4491714,4365.222795100002,1028.9770329803064,24668757,27389.33203125,304.2156066894531,273.3932800292969,1,25,46,27,2,4,1,129,2,1,MaxDuration,,,,,,,,,
training_episode,4493226,4366.012043000002,1029.13733534106,24145112,1417.387939453125,61.47568893432617,12.673879623413086,3,3,13,2,1,0,0,25,1,0,LivesExhausted,,,,,,,,,
training_episode,4494258,4366.551766700002,1029.2464718439628,4246602,27389.33203125,304.4057922363281,273.3932800292969,1,36,46,27,1,3,3,134,5,1,MaxDuration,,,,,,,,,
training_episode,4497066,4367.966417399999,1029.5559924833046,60590804,663.7484741210938,31.97063636779785,5.137484550476074,3,4,8,1,1,0,1,16,1,0,LivesExhausted,,,,,,,,,
ppo_rollout,4497408,4368.154235200003,1029.5900185388207,,,,,,,,,,,,,,,,,,,-0.014221122240026791,1.84344502389431,0.5485140904784203,0.9941772222518921,0.050837006,0.25690104166666666
validation,4500000,,,,,,,,,,,,,,,,,,13431.36799560547,2597.6571044921875,12468.636978121349,,,,,,
training_episode,4500036,4553.269684699997,988.3086905924167,13462754,1049.6248779296875,48.147926330566406,8.996248245239258,3,3,13,2,1,0,0,33,2,0,LivesExhausted,,,,,,,,,
ppo_rollout,4503552,4555.026017299999,988.6995119008102,,,,,,,,,,,,,,,,,,,-0.011490845074877142,2.1931924670934677,0.5461977953712146,0.9949222207069397,0.039934527,0.22291666666666668
training_episode,4503996,4555.863180200002,988.6152901989201,11158716,24077.33203125,303.3647766113281,239.77330017089844,2,25,46,24,2,4,3,130,2,1,MaxDuration,,,,,,,,,
training_episode,4504890,4556.329212199998,988.7103828972092,66979273,27389.33203125,304.3957824707031,272.8932800292969,2,32,47,27,4,5,5,178,0,1,MaxDuration,,,,,,,,,
training_episode,4508694,4558.365618800002,989.1031955411513,71168433,1702.732177734375,72.14700317382812,15.527320861816406,3,3,19,2,0,0,0,38,0,0,LivesExhausted,,,,,,,,,
training_episode,4509276,4558.678940400001,989.1628822635037,23935654,29750.666015625,300.3918762207031,297.0066223144531,1,30,44,30,2,6,6,143,3,1,MaxDuration,,,,,,,,,
ppo_rollout,4509696,4558.9030556,989.2063825442492,,,,,,,,,,,,,,,,,,,-0.009952313243411481,2.389716763297717,0.5458806271354357,0.9928736686706543,0.04853611,0.2513346354166667
training_episode,4510560,4559.9367705999975,989.1716106858428,72844097,1026.1771240234375,47.218082427978516,8.261771202087402,4,4,11,2,1,0,0,13,0,0,LivesExhausted,,,,,,,,,
training_episode,4512618,4560.966013199999,989.3996111656886,57553663,1695.0955810546875,71.84693908691406,15.450955390930176,3,4,15,2,0,2,0,36,0,0,LivesExhausted,,,,,,,,,
ppo_rollout,4515840,4562.592534199997,989.7530770390841,,,,,,,,,,,,,,,,,,,-0.01408637318915377,3.446504859129588,0.5421459073821704,0.9895671010017395,0.027591227,0.19303385416666666
ppo_rollout,4521984,4566.2280966000035,990.3105811483777,,,,,,,,,,,,,,,,,,,-0.012598954069350536,2.6033683603008586,0.53834943373998,0.9892629981040955,0.061183807,0.2404296875
ppo_rollout,4528128,4569.888464099997,990.8618198391366,,,,,,,,,,,,,,,,,,,-0.011869918704420949,1.6911088516314825,0.5372066214680672,0.984943151473999,0.04617648,0.25779622395833335
training_episode,4528518,4570.657422700002,990.7804460490261,9168865,27389.33203125,306.6479797363281,273.3932800292969,1,24,45,27,6,4,2,148,2,1,MaxDuration,,,,,,,,,
training_episode,4533456,4573.220492799999,991.3049255196412,3618228,24077.33203125,303.1946105957031,239.27330017089844,3,19,41,24,8,0,3,150,0,1,MaxDuration,,,,,,,,,
ppo_rollout,4534272,4573.639589600003,991.3925028789936,,,,,,,,,,,,,,,,,,,-0.016966597534095247,1.6754712676008543,0.5473212505380313,0.9335677027702332,0.05535974,0.256787109375
ppo_rollout,4540416,4577.426800300003,991.9144965250831,,,,,,,,,,,,,,,,,,,-0.011218735474782686,2.0625166848301886,0.5585651184121768,0.9892393946647644,0.05933377,0.264501953125
training_episode,4544778,4580.207310500002,992.2646928188641,32628161,2340.539794921875,94.33174133300781,21.905399322509766,3,5,15,3,1,3,0,40,0,0,LivesExhausted,,,,,,,,,
training_episode,4545078,4580.389903299998,992.2906337570614,15033689,26254.666015625,303.1846008300781,261.546630859375,2,28,43,27,6,2,3,129,2,1,MaxDuration,,,,,,,,,
training_episode,4545750,4580.7297456000015,992.3637176732373,62057010,28554.666015625,303.9253234863281,285.046630859375,1,26,41,28,3,1,12,145,3,1,MaxDuration,,,,,,,,,
ppo_rollout,4546560,4581.139004299999,992.4518762107978,,,,,,,,,,,,,,,,,,,-0.015024138086785873,2.3676656181613605,0.564460389316082,0.9916204810142517,0.052034523,0.23483072916666667
training_episode,4546680,4581.783127100003,992.3385445957977,39330817,26254.666015625,300.9424133300781,262.046630859375,1,14,49,27,2,2,2,125,1,1,MaxDuration,,,,,,,,,
training_episode,4549272,4583.101983200002,992.6185401668978,48023324,24077.33203125,305.4367980957031,240.27330017089844,1,17,50,24,2,3,5,176,3,1,MaxDuration,,,,,,,,,
training_episode,4549776,4583.3578087999995,992.6730990245792,44881454,884.9545288085938,41.63901901245117,7.349545478820801,3,4,8,1,0,0,0,23,0,0,LivesExhausted,,,,,,,,,
training_episode,4552680,4584.821814499999,992.9895171938095,15871521,1095.736328125,49.97761917114258,9.457362174987793,3,3,12,2,0,0,1,24,0,0,LivesExhausted,,,,,,,,,
ppo_rollout,4552704,4584.841010900003,992.9905942597353,,,,,,,,,,,,,,,,,,,-0.013462232322975371,2.9310602525870006,0.570692558089892,0.9892082214355469,0.038404822,0.23513997395833333
training_episode,4558308,4588.199585299997,993.4851166030863,58286766,1017.5089111328125,46.87813949584961,8.675088882446289,3,3,7,2,0,0,0,5,0,0,LivesExhausted,,,,,,,,,
ppo_rollout,4558848,4588.487948900001,993.5403668419557,,,,,,,,,,,,,,,,,,,-0.00852426306034128,3.2064378251632055,0.5750602374474207,0.9867784976959229,0.059447747,0.237548828125
ppo_rollout,4564992,4592.156559499999,994.0845746115074,,,,,,,,,,,,,,,,,,,-0.01188492104023074,3.7748810360829035,0.5732742890715599,0.9888758659362793,0.053175896,0.24851888020833332
training_episode,4565280,4592.866502299999,993.9936198262709,8331033,27389.33203125,306.3176574707031,272.8932800292969,2,27,49,27,3,4,4,156,1,1,MaxDuration,,,,,,,,,
ppo_rollout,4571136,4595.853129100004,994.6218627084709,,,,,,,,,,,,,,,,,,,-0.018009591321848952,1.9000588953495026,0.5740754271547,0.9918330907821655,0.05803382,0.250390625
training_episode,4572708,4597.223901700003,994.6672378321758,44671996,1427.1622314453125,61.865623474121094,12.771622657775879,3,3,15,2,1,0,1,6,0,1,LivesExhausted,,,,,,,,,
ppo_rollout,4577280,4599.522988800003,995.164066175087,,,,,,,,,,,,,,,,,,,-0.0137238021066878,1.6975706522663434,0.5787406340241432,0.9913110136985779,0.053457934,0.27584635416666664
training_episode,4581828,4602.393543099999,995.5315548513162,50117904,27389.33203125,306.2175598144531,273.3932800292969,1,28,46,27,3,2,2,137,3,1,MaxDuration,,,,,,,,,
training_episode,4581834,4602.4022434,995.5309765830452,45090912,29750.666015625,300.6421203613281,297.0066223144531,1,31,44,30,1,4,5,166,1,1,MaxDuration,,,,,,,,,
ppo_rollout,4583424,4603.226973099998,995.6980237525281,,,,,,,,,,,,,,,,,,,-0.009462704189354553,2.192120446264744,0.5799119219183921,0.9880613088607788,0.07411744,0.278125
training_episode,4585656,4604.937144199997,995.8129408510424,67607647,27389.33203125,303.1445617675781,272.8932800292969,2,29,49,27,5,5,5,139,1,1,MaxDuration,,,,,,,,,
training_episode,4586400,4605.3359127,995.8882667716417,32209245,24077.33203125,305.1565246582031,239.77330017089844,2,24,49,24,1,7,4,165,2,1,MaxDuration,,,,,,,,,
training_episode,4589220,4606.768895699999,996.1906281610134,39016630,1420.52197265625,61.59566879272461,12.705220222473145,3,7,13,2,0,1,0,43,1,0,LivesExhausted,,,,,,,,,
ppo_rollout,4589568,4606.946171299998,996.2278327868775,,,,,,,,,,,,,,,,,,,-0.016162040265044197,2.108950905998548,0.5819533089796702,0.9924792647361755,0.04461575,0.266015625
training_episode,4590030,4607.718651499999,996.1610825577987,73053555,1605.315673828125,68.29618072509766,14.553156852722168,3,3,15,2,1,0,0,40,0,0,LivesExhausted,,,,,,,,,
training_episode,4594968,4610.182326100003,996.6998428643768,13253296,27389.33203125,305.4668273925781,273.3932800292969,1,25,45,27,3,5,3,152,3,1,MaxDuration,,,,,,,,,
ppo_rollout,4595712,4610.591819200003,996.7726878059259,,,,,,,,,,,,,,,,,,,-0.014261379387850564,2.82354054749012,0.5855481147766113,0.9914070963859558,0.051801015,0.237646484375
training_episode,4597578,4612.077336599999,996.8562243124292,32837619,1638.61474609375,69.60646057128906,14.386147499084473,4,4,9,2,1,0,0,24,0,0,LivesExhausted,,,,,,,,,
training_episode,4600104,4613.350118200004,997.1287420506528,62894842,2031.182373046875,83.91951751708984,18.811824798583984,3,3,18,3,0,0,0,28,0,0,LivesExhausted,,,,,,,,,
training_episode,4600608,4613.606935099997,997.1824788537788,51898297,1020.5877685546875,46.99811935424805,8.705877304077148,3,3,6,2,1,0,1,21,1,0,LivesExhausted,,,,,,,,,
ppo_rollout,4601856,4614.246278400002,997.3147773975562,,,,,,,,,,,,,,,,,,,-0.014130768162431195,1.896065852046013,0.5865333010752996,0.9936107993125916,0.056900572,0.27080078125
training_episode,4604838,4616.343975199998,997.5075567891365,27182253,1392.103515625,60.47585678100586,12.421035766601562,3,3,15,2,0,0,0,27,0,0,LivesExhausted,,,,,,,,,
training_episode,4605960,4616.932248500001,997.6234763887718,42053771,958.8731079101562,44.56852722167969,8.088730812072754,3,3,10,1,1,0,1,20,0,0,LivesExhausted,,,,,,,,,
ppo_rollout,4608000,4617.960214999999,997.843157035514,,,,,,,,,,,,,,,,,,,-0.012482685170834885,4.47659484744072,0.5907640308141708,0.9885433316230774,0.02938999,0.211767578125
training_episode,4609290,4619.172803599999,997.8604819476993,1942564,24077.33203125,304.8362121582031,240.27330017089844,1,22,48,24,3,1,3,130,0,1,MaxDuration,,,,,,,,,
ppo_rollout,4614144,4621.6884788000025,998.3675925293084,,,,,,,,,,,,,,,,,,,-0.014857529689713071,2.781003983815511,0.59158223370711,0.9949048161506653,0.042747244,0.20724283854166667
training_episode,4616370,4623.419532,998.4752558249996,32523432,1339.0194091796875,58.97610855102539,11.390192985534668,4,6,12,2,1,0,0,29,0,0,LivesExhausted,,,,,,,,,
training_episode,4616574,4623.527159600002,998.4961352318295,8749949,2442.651611328125,97.7624740600586,21.926515579223633,5,9,17,3,2,1,1,36,2,1,LivesExhausted,,,,,,,,,
ppo_rollout,4620288,4625.474040599998,998.8788088411095,,,,,,,,,,,,,,,,,,,-0.010779156704666093,2.8858961587150893,0.6028661876916885,0.9910062551498413,0.053958774,0.2660319010416667
training_episode,4621854,4626.823414300001,998.9259554871617,71063704,26254.666015625,301.6230773925781,262.046630859375,1,29,46,27,1,1,7,132,0,1,MaxDuration,,,,,,,,,
training_episode,4622610,4627.199914800003,999.008057813685,31161955,26254.666015625,301.7131652832031,262.046630859375,1,21,49,27,3,5,3,170,0,1,MaxDuration,,,,,,,,,
ppo_rollout,4626432,4629.146277200001,999.4136549079535,,,,,,,,,,,,,,,,,,,-0.009628115184993173,3.312982679903507,0.6078671842813492,0.9881747961044312,0.079486005,0.23582356770833332
ppo_rollout,4632576,4632.814195699997,999.9485850953794,,,,,,,,,,,,,,,,,,,-0.01459781092707999,2.1949292679627734,0.6181427597999573,0.9930163621902466,0.06759559,0.2662109375
training_episode,4636404,4635.310730600002,1000.235856766361,43415248,23034.666015625,302.4538879394531,229.3466339111328,2,19,48,23,1,3,2,208,2,1,MaxDuration,,,,,,,,,
ppo_rollout,4638720,4636.515979199998,1000.4753614157462,,,,,,,,,,,,,,,,,,,-0.010948358640113535,3.0160327071944875,0.6234793394804001,0.9843951463699341,0.04337099,0.23251953125
training_episode,4640352,4637.9488279,1000.5181540782735,63104300,662.8555297851562,32.87049102783203,5.128554821014404,3,3,7,1,1,0,1,6,1,0,LivesExhausted,,,,,,,,,
training_episode,4642698,4639.208232199999,1000.7522334901415,42158500,27389.33203125,306.1274719238281,273.3932800292969,1,35,47,27,0,4,4,134,2,1,MaxDuration,,,,,,,,,
training_episode,4643874,4639.8466788000005,1000.8679858363425,66769815,573.8965454101562,29.350576400756836,4.238965034484863,3,4,9,1,0,0,0,32,1,0,LivesExhausted,,,,,,,,,
ppo_rollout,4644864,4640.371491400001,1000.9681355487002,,,,,,,,,,,,,,,,,,,-0.019733890937641264,1.974201919635137,0.6212391803661982,0.9829147458076477,0.0709435,0.26591796875
ppo_rollout,4651008,4644.101626700001,1001.4871279431726,,,,,,,,,,,,,,,,,,,-0.009336730861105026,2.1571590160330136,0.6308310876290003,0.9927941560745239,0.074664466,0.2819010416666667
training_episode,4652832,4645.573537700002,1001.5624469704535,44986183,27389.33203125,303.8252258300781,272.8932800292969,2,17,46,27,2,4,5,163,2,1,MaxDuration,,,,,,,,,
training_episode,4653096,4645.715313100001,1001.588708390974,65408338,24077.33203125,304.3357238769531,240.27330017089844,1,16,48,24,1,6,3,137,1,1,MaxDuration,,,,,,,,,
ppo_rollout,4657152,4647.783099200002,1002.0157784044636,,,,,,,,,,,,,,,,,,,-0.01675617092793497,2.012280095120271,0.6358080506324768,0.9899393916130066,0.060928192,0.2670084635416667
training_episode,4658094,4648.8489402999985,1001.9886771583085,40168649,26254.666015625,301.9433898925781,261.546630859375,2,24,49,27,0,1,5,118,2,1,MaxDuration,,,,,,,,,
training_episode,4658718,4649.168769800002,1002.0539650575878,30847768,23034.666015625,300.8823547363281,229.3466339111328,2,20,46,23,5,1,2,184,1,1,MaxDuration,,,,,,,,,
training_episode,4660278,4649.946086099997,1002.2219427298066,21841074,1430.660888671875,62.00559997558594,12.806609153747559,3,6,14,2,0,2,0,24,0,0,LivesExhausted,,,,,,,,,
ppo_rollout,4663296,4651.458347400003,1002.5449335919807,,,,,,,,,,,,,,,,,,,-0.011574741617854064,2.339321940143903,0.6424883961677551,0.9928869009017944,0.054188203,0.25517578125
ppo_rollout,4669440,4655.1316584000015,1003.073670660674,,,,,,,,,,,,,,,,,,,-0.016266470934109142,2.457941909134388,0.6405765344699224,0.9934614896774292,0.062206153,0.25774739583333334
ppo_rollout,4675584,4658.832147900001,1003.5957191777236,,,,,,,,,,,,,,,,,,,-0.010551549915301923,3.0151782855391502,0.640626867612203,0.9857616424560547,0.04729155,0.261474609375
training_episode,4679430,4661.346210600001,1003.8795207613792,18489746,30977.33203125,306.0774230957031,309.2732849121094,1,28,43,31,1,4,3,129,1,1,MaxDuration,,,,,,,,,
training_episode,4680102,4661.7054059,1003.9463227506218,59229327,24077.33203125,301.8432922363281,239.77328491210938,2,20,46,24,4,3,3,170,1,1,MaxDuration,,,,,,,,,
ppo_rollout,4681728,4662.542439099998,1004.114828154509,,,,,,,,,,,,,,,,,,,-0.016875736756871144,1.4484565541148187,0.6337021420399348,0.9431851506233215,0.06906309,0.2979329427083333
ppo_rollout,4687872,4666.194087900003,1004.6457373378896,,,,,,,,,,,,,,,,,,,-0.014284347129675249,1.7386789321899414,0.6387463927268981,0.9915606379508972,0.061539803,0.294873046875
training_episode,4689834,4667.756275899999,1004.7298365199549,22574177,27389.33203125,306.1374816894531,273.3932800292969,1,24,47,27,3,0,3,142,2,1,MaxDuration,,,,,,,,,
ppo_rollout,4694016,4669.857017100003,1005.1733881383375,,,,,,,,,,,,,,,,,,,-0.010911725655508539,2.73743979036808,0.6492382874091466,0.988129734992981,0.058215883,0.2517903645833333
training_episode,4694328,4670.585246900002,1005.0834642437491,68550208,23034.666015625,301.9033508300781,229.8466339111328,1,26,50,23,1,10,2,165,1,1,MaxDuration,,,,,,,,,
training_episode,4694916,4670.890395499999,1005.1436883475467,61847552,26254.666015625,301.5930480957031,261.546630859375,2,23,49,27,1,0,4,159,3,1,MaxDuration,,,,,,,,,
training_episode,4696314,4671.620337,1005.285888239766,62999571,25150.666015625,300.2517395019531,250.5066375732422,2,15,50,26,4,5,5,177,2,1,MaxDuration,,,,,,,,,
ppo_rollout,4700160,4673.601498800002,1005.6826627616447,,,,,,,,,,,,,,,,,,,-0.0144552324549295,1.5851385901371637,0.64741097788016,0.9899110198020935,0.056695405,0.275390625
ppo_rollout,4706304,4677.304237600001,1006.2001017951484,,,,,,,,,,,,,,,,,,,-0.010373340974911115,2.264079953233401,0.6542141526937485,0.9917938113212585,0.051878687,0.26295572916666665
ppo_rollout,4712448,4680.985210999999,1006.7214032050487,,,,,,,,,,,,,,,,,,,-0.017883034712091708,1.9816170285145442,0.6693769484758377,0.9875292778015137,0.056609806,0.26516927083333336
training_episode,4716192,4683.466683999999,1006.9874130015272,38388256,27389.33203125,306.3176574707031,272.8932800292969,2,27,49,27,6,4,9,137,1,1,MaxDuration,,,,,,,,,
training_episode,4716492,4683.623070200003,1007.0178426631145,6026995,27389.33203125,303.2246398925781,273.3932800292969,1,24,46,27,4,2,4,167,3,1,MaxDuration,,,,,,,,,
ppo_rollout,4718592,4684.671166,1007.2408143064955,,,,,,,,,,,,,,,,,,,-0.01804349056134621,1.6360221599539122,0.6725693201025327,0.9050196409225464,0.060878903,0.29143880208333334
ppo_rollout,4724736,4688.4376271,1007.7421042545578,,,,,,,,,,,,,,,,,,,-0.016658308931315938,1.7940392260750135,0.6723057140906652,0.9931599497795105,0.048232395,0.26044921875
training_episode,4725906,4689.598127700003,1007.7422140045514,50536820,26254.666015625,300.5720520019531,261.046630859375,3,24,48,27,7,0,4,163,1,1,MaxDuration,,,,,,,,,
ppo_rollout,4730880,4692.129095099997,1008.2587039091636,,,,,,,,,,,,,,,,,,,-0.015438834104376535,2.206924467285474,0.6808627843856812,0.9911589622497559,0.064560756,0.2587076822916667
training_episode,4731066,4692.780887499997,1008.1582996133448,70330601,24077.33203125,306.1074523925781,239.27330017089844,3,23,48,24,2,3,1,154,2,1,MaxDuration,,,,,,,,,
training_episode,4731156,4692.831949200001,1008.166508243819,49594259,25150.666015625,301.9834289550781,251.5066375732422,0,25,43,26,1,2,4,134,1,1,MaxDuration,,,,,,,,,
training_episode,4732932,4693.762470200003,1008.3450174670488,10530342,30977.33203125,305.1365051269531,309.2732849121094,1,24,49,31,2,3,7,132,6,1,MaxDuration,,,,,,,,,
training_episode,4733958,4694.288832400001,1008.4505170040245,1000003,1574.2178955078125,67.06591796875,14.242178916931152,3,4,15,2,0,1,0,42,1,0,LivesExhausted,,,,,,,,,
training_episode,4736160,4695.392443099998,1008.6824599634715,72215723,905.2158813476562,42.448883056640625,7.552158355712891,3,3,10,1,0,0,0,26,0,0,LivesExhausted,,,,,,,,,
ppo_rollout,4737024,4695.836312300002,1008.7711080541955,,,,,,,,,,,,,,,,,,,-0.01586412521234403,1.8609309901793798,0.685160280764103,0.9925262928009033,0.057131078,0.2933268229166667
ppo_rollout,4743168,4699.492312599999,1009.2937033395926,,,,,,,,,,,,,,,,,,,-0.004919288602347176,2.250987610220909,0.6861279462774594,0.9923704266548157,0.075073116,0.267822265625
ppo_rollout,4749312,4703.1981887,1009.804777398238,,,,,,,,,,,,,,,,,,,-0.018068092122363547,1.990610158443451,0.6913561483224233,0.9923135042190552,0.0537629,0.2510579427083333
training_episode,4752654,4705.5617582999985,1010.0077831551008,60800262,27389.33203125,303.8152160644531,273.8932800292969,0,29,48,27,6,4,3,119,3,1,MaxDuration,,,,,,,,,
training_episode,4753014,4705.784674299997,1010.0364400347383,24459299,27389.33203125,304.3257141113281,272.8932800292969,2,26,45,27,5,6,5,144,3,1,MaxDuration,,,,,,,,,
ppo_rollout,4755456,4707.0305740999975,1010.2878927888123,,,,,,,,,,,,,,,,,,,-0.015853498922660948,1.9029987533887227,0.7002580861250559,0.9813583493232727,0.06691445,0.27052408854166665
training_episode,4760484,4710.169069099997,1010.6821921170692,60486075,1512.84521484375,65.24552917480469,13.62845230102539,3,3,13,2,0,0,1,19,0,1,LivesExhausted,,,,,,,,,
ppo_rollout,4761600,4710.747882800002,1010.7949137727516,,,,,,,,,,,,,,,,,,,-0.014624808934361985,1.6735493138432502,0.6993328099449475,0.9944811463356018,0.07084205,0.29173177083333335
training_episode,4767354,4714.204283500003,1011.2743770324133,29381562,26254.666015625,301.6330871582031,262.546630859375,0,23,47,27,3,4,3,148,0,1,MaxDuration,,,,,,,,,
ppo_rollout,4767744,4714.410348600002,1011.3128996961063,,,,,,,,,,,,,,,,,,,-0.011333355561752493,2.9769037544727324,0.6972470467289289,0.9862922430038452,0.049119506,0.2677408854166667
training_episode,4769244,4715.7505041999975,1011.3435805716099,21526887,28554.666015625,302.5740051269531,285.546630859375,0,28,49,28,6,2,4,153,1,1,MaxDuration,,,,,,,,,
training_episode,4770054,4716.1608309,1011.4273391074569,12415464,24077.33203125,300.7822570800781,240.77330017089844,0,20,47,24,2,4,2,188,2,1,MaxDuration,,,,,,,,,
training_episode,4772358,4717.334458500001,1011.6641170949525,35770031,23034.666015625,301.5930480957031,228.8466339111328,3,30,42,23,5,7,1,141,1,1,MaxDuration,,,,,,,,,
ppo_rollout,4773888,4718.0978866000005,1011.8247045188381,,,,,,,,,,,,,,,,,,,-0.017346865676033,1.8719435974955558,0.7035608847935995,0.9919131994247437,0.055673193,0.27666015625
training_episode,4777260,4720.3966449,1012.046308684978,46242931,864.8667602539062,40.849151611328125,7.148667335510254,3,3,11,1,0,0,0,7,0,0,LivesExhausted,,,,,,,,,
ppo_rollout,4780032,4721.799935499999,1012.332598859641,,,,,,,,,,,,,,,,,,,-0.009862081559064487,2.2443055316805838,0.7108281627297401,0.9925594925880432,0.053098977,0.25808919270833336
training_episode,4780410,4722.554219500002,1012.2509510343164,56611102,2307.84033203125,93.03146362304688,21.57840347290039,3,4,18,3,1,0,0,46,0,0,LivesExhausted,,,,,,,,,
training_episode,4781358,4723.061813,1012.3428803831324,7179014,2336.102783203125,94.16170501708984,21.861026763916016,3,5,18,3,0,1,1,33,1,1,LivesExhausted,,,,,,,,,
training_episode,4785432,4725.126699599998,1012.7626843117471,51479381,889.1761474609375,41.808990478515625,7.391761302947998,3,3,9,1,0,0,1,14,2,0,LivesExhausted,,,,,,,,,
ppo_rollout,4786176,4725.5222698,1012.8353495628679,,,,,,,,,,,,,,,,,,,-0.008818063017679378,2.570246233046055,0.7148883193731308,0.9916397333145142,0.059392855,0.24327799479166667
training_episode,4787112,4726.5777036,1012.807214901787,48337511,1044.560302734375,47.947959899902344,8.945602416992188,3,3,13,2,0,0,1,25,0,0,LivesExhausted,,,,,,,,,
training_episode,4789080,4727.591521499999,1013.0063010351817,41215939,23034.666015625,300.5019836425781,229.3466339111328,2,22,45,23,2,5,4,139,0,1,MaxDuration,,,,,,,,,
training_episode,4791924,4729.009492500001,1013.3039503515014,3199312,845.498779296875,40.08927917480469,6.954987525939941,3,3,12,1,0,0,1,21,0,0,LivesExhausted,,,,,,,,,
ppo_rollout,4792320,4729.2156407,1013.3435148858341,,,,,,,,,,,,,,,,,,,-0.011050468392204494,3.3525509496529895,0.7133569573362668,0.9885005950927734,0.0629449,0.253662109375
training_episode,4796970,4732.128997899999,1013.7022896308988,56192186,27389.33203125,304.0254211425781,272.8932800292969,2,32,42,27,2,3,4,166,3,1,MaxDuration,,,,,,,,,
ppo_rollout,4798464,4732.888202399998,1013.8553447272956,,,,,,,,,,,,,,,,,,,-0.009225778087663153,3.526465320587158,0.7122374072670936,0.9888986945152283,0.051446956,0.27737630208333336
training_episode,4803804,4736.191644699997,1014.2756797807506,11577632,28554.666015625,303.7051086425781,284.546630859375,2,29,43,28,4,8,5,153,2,1,MaxDuration,,,,,,,,,
ppo_rollout,4804608,4736.6114543,1014.355525327768,,,,,,,,,,,,,,,,,,,-0.008083979612759624,2.7008962998787562,0.7180191243688265,0.9902491569519043,0.07431233,0.24114583333333334
training_episode,4810296,4740.077792000004,1014.8137248123872,48756427,1214.8995361328125,54.07693099975586,10.148995399475098,4,5,8,2,1,0,0,19,0,0,LivesExhausted,,,,,,,,,
ppo_rollout,4810752,4740.307012999998,1014.86084905615,,,,,,,,,,,,,,,,,,,-0.014758572343271225,1.678453096250693,0.7240175500512123,0.9913669228553772,0.08396969,0.2861328125
training_episode,4814046,4742.549768800003,1015.0754835869835,72110994,25150.666015625,306.4978332519531,250.5066375732422,2,21,50,26,3,1,2,212,1,1,MaxDuration,,,,,,,,,
ppo_rollout,4816896,4744.013607300003,1015.3630235351447,,,,,,,,,,,,,,,,,,,-0.010646480519790202,2.004279005030791,0.7268675789237022,0.9908618330955505,0.061428968,0.29757486979166664
training_episode,4821720,4747.040120600002,1015.731882921301,20479597,1479.964599609375,63.945274353027344,13.299646377563477,3,5,13,2,0,1,1,25,0,1,LivesExhausted,,,,,,,,,
training_episode,4822224,4747.3169069,1015.778827192077,12624922,27389.33203125,306.5478820800781,272.8932800292969,2,19,46,27,3,0,2,161,0,1,MaxDuration,,,,,,,,,
ppo_rollout,4823040,4747.7377328,1015.8606627909899,,,,,,,,,,,,,,,,,,,-0.016958135116146876,1.5902656336625418,0.7255647520224253,0.994845986366272,0.0663579,0.286962890625
training_episode,4825236,4749.391553100002,1015.9692975514922,30952497,26254.666015625,301.2627258300781,261.546630859375,2,25,50,27,4,6,1,179,5,1,MaxDuration,,,,,,,,,
training_episode,4828332,4750.976964300004,1016.2819218618109,29172104,27389.33203125,303.3547668457031,272.8932800292969,2,26,41,27,4,3,9,177,0,1,MaxDuration,,,,,,,,,
ppo_rollout,4829184,4751.433457600004,1016.3635970268368,,,,,,,,,,,,,,,,,,,-0.012948553345631808,3.5849550411105158,0.7253057897090912,0.9838908314704895,0.057276722,0.2543131510416667
training_episode,4830450,4752.6505817,1016.3696903364968,2675667,1716.798828125,72.70712280273438,15.667987823486328,3,5,14,2,0,0,0,22,1,0,LivesExhausted,,,,,,,,,
training_episode,4833678,4754.412062700001,1016.6720797975984,21107971,25150.666015625,305.8872375488281,251.0066375732422,1,26,43,26,1,2,3,134,3,1,MaxDuration,,,,,,,,,
ppo_rollout,4835328,4755.300436700003,1016.8291287512284,,,,,,,,,,,,,,,,,,,-0.014972198975738139,1.5677097712953885,0.7186911354462305,0.9957934617996216,0.06997841,0.2962565104166667
training_episode,4836810,4756.6525912,1016.8516424656059,73996116,2409.1767578125,96.44219207763672,22.591766357421875,3,5,20,3,0,1,0,29,1,0,LivesExhausted,,,,,,,,,
training_episode,4838316,4757.457744500003,1016.9961058705094,39226088,1519.465087890625,65.50558471679688,13.694650650024414,3,3,11,2,0,0,0,29,0,0,LivesExhausted,,,,,,,,,
ppo_rollout,4841472,4759.068295800003,1017.3150917528794,,,,,,,,,,,,,,,,,,,-0.010727646052449321,2.178486805657546,0.7129977057377498,0.9918377995491028,0.07028394,0.29348958333333336
training_episode,4844442,4761.131462199999,1017.4980544984795,16918811,1470.794189453125,63.58533477783203,13.207942008972168,3,3,14,2,0,0,1,33,0,1,LivesExhausted,,,,,,,,,
training_episode,4845882,4761.8850421000025,1017.6394342067011,27601169,1456.921630859375,63.03542709350586,13.06921672821045,3,4,14,2,0,1,1,37,2,1,LivesExhausted,,,,,,,,,
training_episode,4846776,4762.3502603000015,1017.7277468236198,10949258,24077.33203125,303.9653625488281,239.77330017089844,2,22,43,24,1,1,3,172,2,1,MaxDuration,,,,,,,,,
ppo_rollout,4847616,4762.777097899998,1017.8129062847407,,,,,,,,,,,,,,,,,,,-0.014689635921968147,3.747947406768799,0.7125719492634137,0.9795207381248474,0.041625835,0.21258138020833334
training_episode,4851186,4765.145083100004,1018.0563058206029,1733106,1267.5224609375,56.15658187866211,11.175225257873535,3,3,12,2,0,0,0,41,1,0,LivesExhausted,,,,,,,,,
ppo_rollout,4853760,4766.473295399999,1018.3126389660546,,,,,,,,,,,,,,,,,,,-0.015710894775111228,3.0273352826635045,0.718720335761706,0.984487771987915,0.06661714,0.24239908854166667
training_episode,4858302,4769.3310133999985,1018.6548147633341,50222633,24077.33203125,300.6321105957031,239.77330017089844,2,22,46,24,4,4,2,114,2,1,MaxDuration,,,,,,,,,
ppo_rollout,4859904,4770.182875500002,1018.8087389606825,,,,,,,,,,,,,,,,,,,-0.011981941348252197,1.805555205543836,0.731386565665404,0.9945785403251648,0.09915697,0.314892578125
training_episode,4864560,4773.201940899999,1019.1397850397202,67712376,23034.666015625,301.8733215332031,228.84661865234375,3,27,43,23,2,3,4,188,1,1,MaxDuration,,,,,,,,,
ppo_rollout,4866048,4773.973030100002,1019.2868642783408,,,,,,,,,,,,,,,,,,,-0.009146422931614022,2.6679796278476715,0.7379333660006523,0.9859155416488647,0.050030623,0.28053385416666665
training_episode,4869804,4776.446098499997,1019.5454736795463,22364719,26254.666015625,301.0325012207031,261.546630859375,2,29,46,27,3,2,1,123,1,1,MaxDuration,,,,,,,,,
ppo_rollout,4872192,4777.658741200001,1019.7865238856,,,,,,,,,,,,,,,,,,,-0.010900305479299276,1.9389567032456398,0.7374282360076905,0.9854090809822083,0.07070843,0.292578125
ppo_rollout,4878336,4781.329273900003,1020.2886520762189,,,,,,,,,,,,,,,,,,,-0.012410235350641112,1.610544790327549,0.73184148867925,0.9906066060066223,0.06298406,0.2996744791666667
training_episode,4882044,4783.7978258,1020.5372755658983,5608079,23034.666015625,301.3127746582031,229.34661865234375,2,29,47,23,4,3,2,129,0,1,MaxDuration,,,,,,,,,
training_episode,4882866,4784.223823100001,1020.6182194954421,42786874,25150.666015625,300.7322082519531,250.0066375732422,3,19,45,26,1,3,3,171,3,1,MaxDuration,,,,,,,,,
ppo_rollout,4884480,4785.045590599999,1020.7802428456138,,,,,,,,,,,,,,,,,,,-0.013402826602881153,1.8868923708796501,0.7276092171669006,0.9893260598182678,0.07435257,0.3006510416666667
training_episode,4887600,4787.189893199997,1020.9747490782916,71273162,24077.33203125,303.4348449707031,239.77330017089844,2,29,44,24,4,1,3,158,0,1,MaxDuration,,,,,,,,,
training_episode,4889376,4788.104613099997,1021.1506211921374,53783419,1218.0216064453125,54.2069091796875,10.680216789245605,3,3,12,2,0,0,0,10,0,0,LivesExhausted,,,,,,,,,
ppo_rollout,4890624,4788.737675299999,1021.2762384595682,,,,,,,,,,,,,,,,,,,-0.016390301442394655,1.8634908124804497,0.7256778592864672,0.9896008968353271,0.060031418,0.29080403645833336
training_episode,4894332,4791.1797793000005,1021.5296076230874,18175559,26254.666015625,300.1916809082031,261.546630859375,2,36,40,27,4,2,4,148,2,1,MaxDuration,,,,,,,,,
training_episode,4894440,4791.241189499997,1021.5390556263716,67084002,2613.449462890625,103.30365753173828,24.634492874145508,3,7,19,3,2,2,0,48,1,1,LivesExhausted,,,,,,,,,
training_episode,4896240,4792.1530146000005,1021.7202967190077,34303825,1293.6220703125,57.18640899658203,11.436220169067383,3,5,12,2,0,0,0,28,0,0,LivesExhausted,,,,,,,,,
ppo_rollout,4896768,4792.4312992999985,1021.7711416573131,,,,,,,,,,,,,,,,,,,-0.01000489629805088,1.5086540021002293,0.7267753546436627,0.9952820539474487,0.07417205,0.2950846354166667
training_episode,4900656,4794.9268085,1022.0502201019153,73472471,26254.666015625,300.7422180175781,262.046630859375,1,32,44,27,2,3,4,107,5,1,MaxDuration,,,,,,,,,
ppo_rollout,4902912,4796.081314299998,1022.2745776601985,,,,,,,,,,,,,,,,,,,-0.014797343455332642,3.7589142580827075,0.7259567747513453,0.9854088425636292,0.050498247,0.236474609375
training_episode,4905882,4798.208572299998,1022.4403391552421,73681929,26254.666015625,300.6321105957031,261.546630859375,2,29,48,27,3,7,3,140,1,1,MaxDuration,,,,,,,,,
ppo_rollout,4909056,4799.798728200003,1022.7628861098036,,,,,,,,,,,,,,,,,,,-0.017309646364689495,2.0537402376532556,0.7217566311359406,0.9923550486564636,0.06003694,0.28172200520833335
ppo_rollout,4915200,4803.464498000001,1023.2614401639737,,,,,,,,,,,,,,,,,,,-0.014329402319466075,1.642771785457929,0.7251686240235965,0.9868406653404236,0.07924027,0.295166015625
ppo_rollout,4921344,4807.128651500003,1023.7595780725272,,,,,,,,,,,,,,,,,,,-0.012866949276455368,1.3076580340663593,0.7319510986407598,0.9743242263793945,0.055082753,0.28902994791666664
training_episode,4924074,4809.087851299999,1023.9101784486882,35874760,27389.33203125,303.9053039550781,272.8932800292969,2,32,42,27,4,2,6,120,3,1,MaxDuration,,,,,,,,,
ppo_rollout,4927488,4810.814394699999,1024.252360562598,,,,,,,,,,,,,,,,,,,-0.017820138936319077,1.599905719856421,0.7309987594683965,0.8996890783309937,0.05590911,0.28142903645833334
training_episode,4930566,4812.923418999999,1024.443061058396,4351331,26254.666015625,301.0224914550781,261.546630859375,2,17,48,27,4,2,5,181,2,1,MaxDuration,,,,,,,,,
training_episode,4930908,4813.100001400002,1024.4765324979185,57030018,27389.33203125,304.7861633300781,273.3932800292969,1,22,46,27,7,4,1,164,1,1,MaxDuration,,,,,,,,,
training_episode,4931532,4813.441776300002,1024.5334272622638,10739800,1433.413818359375,62.10558319091797,12.834137916564941,3,4,15,2,1,0,0,37,0,0,LivesExhausted,,,,,,,,,
training_episode,4932852,4814.142025699999,1024.6585941308492,41739584,26254.666015625,305.0464172363281,261.046630859375,3,30,41,27,4,3,2,141,1,1,MaxDuration,,,,,,,,,
ppo_rollout,4933632,4814.547923999999,1024.7342176004481,,,,,,,,,,,,,,,,,,,-0.015035390397921825,2.170895652472973,0.7350270594159762,0.988159716129303,0.054962326,0.274755859375
training_episode,4936722,4816.6381691999995,1024.9310466307968,69806956,27389.33203125,300.5220031738281,272.8932800292969,2,32,48,27,1,5,4,183,3,1,MaxDuration,,,,,,,,,
training_episode,4939524,4818.092613000001,1025.2032073174264,69283311,1562.263427734375,66.59581756591797,14.122634887695312,3,4,13,2,0,0,0,36,0,0,LivesExhausted,,,,,,,,,
ppo_rollout,4939776,4818.2332615999985,1025.225582034117,,,,,,,,,,,,,,,,,,,-0.011662341508781537,2.437302019695441,0.7440577765305837,0.9940019845962524,0.07407079,0.2869466145833333
training_episode,4941972,4819.940810100001,1025.3179851595455,54097606,26254.666015625,300.7221984863281,262.046630859375,1,29,49,27,1,2,3,182,0,1,MaxDuration,,,,,,,,,
training_episode,4943010,4820.502015400001,1025.4139473873518,73263013,1156.923095703125,52.38721466064453,10.069230079650879,3,3,14,2,0,0,0,26,1,0,LivesExhausted,,,,,,,,,
training_episode,4943820,4820.936024000002,1025.489650845447,4141873,736.9691772460938,35.79999923706055,5.869691848754883,3,3,5,1,1,0,0,10,0,0,LivesExhausted,,,,,,,,,
training_episode,4945182,4821.662163200002,1025.6176879713241,69178582,524.1942138671875,26.73051643371582,3.7419419288635254,3,3,8,1,0,0,0,18,0,0,LivesExhausted,,,,,,,,,
ppo_rollout,4945920,4822.068109599997,1025.684392585296,,,,,,,,,,,,,,,,,,,-0.012474594288505614,2.748811645805836,0.7454646319150925,0.9891780018806458,0.053292785,0.2555013020833333
ppo_rollout,4952064,4825.7420872,1026.176681330538,,,,,,,,,,,,,,,,,,,-0.010457411458871017,2.517544075846672,0.7417828847964605,0.9902610778808594,0.06845665,0.251123046875
ppo_rollout,4958208,4829.4221553000025,1026.666926302697,,,,,,,,,,,,,,,,,,,-0.015773162839468568,1.6402778252959251,0.7373972589770953,0.9932790994644165,0.097371794,0.309765625
ppo_rollout,4964352,4833.185999699999,1027.1386204272176,,,,,,,,,,,,,,,,,,,-0.016076406314581012,1.6268548374374707,0.7420500442385674,0.9771565794944763,0.06328117,0.26953125
training_episode,4967352,4835.326412399998,1027.3043795474548,66246170,29750.666015625,306.5278625488281,297.0066223144531,1,23,43,30,2,1,5,129,2,1,MaxDuration,,,,,,,,,
training_episode,4967448,4835.3805135,1027.3127391176924,18908662,27389.33203125,304.4558410644531,272.8932800292969,2,26,48,27,1,1,2,121,1,1,MaxDuration,,,,,,,,,
training_episode,4968858,4836.119518300002,1027.4473120851774,29486291,23034.666015625,300.0115051269531,229.8466339111328,1,21,43,23,2,4,5,128,2,1,MaxDuration,,,,,,,,,
ppo_rollout,4970496,4836.965516000004,1027.606250976629,,,,,,,,,,,,,,,,,,,-0.01784612070575046,1.7045642465353013,0.7522365058461825,0.8901455998420715,0.07986028,0.300146484375
ppo_rollout,4976640,4840.7052368,1028.081603103324,,,,,,,,,,,,,,,,,,,-0.019518781162332743,1.5903027380506198,0.7622143551707268,0.9956465363502502,0.069099106,0.30364583333333334
training_episode,4979082,4842.470448100001,1028.2111276391165,8435762,26254.666015625,300.5720520019531,262.546630859375,0,28,49,27,7,5,3,130,1,1,MaxDuration,,,,,,,,,
training_episode,4980618,4843.215491499999,1028.3701001413517,37655153,24077.33203125,306.6379699707031,240.27330017089844,1,19,42,24,5,5,2,111,0,1,MaxDuration,,,,,,,,,
training_episode,4981248,4843.538289199998,1028.4316345980094,68026563,25150.666015625,300.5220031738281,249.5066375732422,4,26,45,26,7,1,3,131,2,1,MaxDuration,,,,,,,,,
ppo_rollout,4982784,4844.328951199997,1028.5808520013295,,,,,,,,,,,,,,,,,,,-0.013299107097554951,2.204442331691583,0.7689635346333186,0.9917048811912537,0.06164026,0.2953125
training_episode,4987794,4847.423229100001,1028.957812071644,33047077,1226.0159912109375,54.5168571472168,10.760160446166992,3,3,12,2,0,0,1,27,0,0,LivesExhausted,,,,,,,,,
ppo_rollout,4988928,4848.032027900001,1029.0625085166837,,,,,,,,,,,,,,,,,,,-0.011906275634343426,1.541856108357509,0.7716167211532593,0.9937624931335449,0.06555812,0.290185546875
training_episode,4991106,4849.686233200002,1029.1606013254768,12101277,2134.233154296875,87.38025665283203,19.84233283996582,3,4,18,3,2,1,0,61,0,0,LivesExhausted,,,,,,,,,
ppo_rollout,4995072,4851.728194399999,1029.54489613937,,,,,,,,,,,,,,,,,,,-0.013079585802430908,2.5526311432321864,0.7709481810530027,0.9883565306663513,0.05390605,0.26075846354166665
training_episode,4995486,4852.492145600001,1029.46812691488,37236237,1483.2764892578125,64.07527923583984,13.332764625549316,3,3,11,2,0,0,1,28,0,1,LivesExhausted,,,,,,,,,
validation,5000004,,,,,,,,,,,,,,,,,,14415.741282043457,23034.666015625,12440.70494296464,,,,,,
ppo_rollout,5001216,5044.703413700001,991.3795896143465,,,,,,,,,,,,,,,,,,,-0.009152913809521124,2.3309151967366537,0.770010648171107,0.9899539947509766,0.060076833,0.278515625
