kind,total_timesteps,wall_seconds,transitions_per_second,seed,final_score,survival_time,episode_reward,life_loss_count,collisions,obstacles_avoided,max_level,hearts_collected,shields_collected,boosts_collected,gold_collected,diamonds_collected,turbo_activations,terminal_reason,mean_final_score,median_final_score,std_final_score,policy_gradient_loss,value_loss,entropy_loss,explained_variance,approx_kl,clip_fraction
training_episode,1866,1.1485458000097424,1624.6631174692136,48232782,277.5647277832031,15.520259857177734,1.2756471633911133,3,4,3,1,0,0,0,4,0,0,LivesExhausted,,,,,,,,,
training_episode,1914,1.1845460000040475,1615.8089259458561,56820560,294.28826904296875,15.940269470214844,1.4428825378417969,3,6,0,1,0,1,0,3,0,0,LivesExhausted,,,,,,,,,
training_episode,2034,1.2553019000042696,1620.3273491365558,54307064,284.3573913574219,16.950292587280273,1.343573808670044,3,5,2,1,0,0,0,4,0,0,LivesExhausted,,,,,,,,,
training_episode,2190,1.3448370000114664,1628.4501392966786,50641549,323.6689758300781,18.220321655273438,1.736689567565918,3,4,2,1,0,0,0,0,0,0,LivesExhausted,,,,,,,,,
training_episode,3084,1.8378203999891412,1678.074745507353,48442240,481.779296875,25.70049285888672,3.3177928924560547,3,6,2,1,0,0,0,8,0,0,LivesExhausted,,,,,,,,,
training_episode,4056,2.3479461999959312,1727.4671796172454,37655153,303.495849609375,15.540260314941406,1.5349586009979248,3,3,4,1,0,0,0,5,0,0,LivesExhausted,,,,,,,,,
training_episode,4116,2.391646200005198,1720.990337112176,18385017,698.6022338867188,34.27025604248047,5.486022472381592,3,5,3,1,0,0,0,12,1,0,LivesExhausted,,,,,,,,,
training_episode,4242,2.4720442999969237,1715.9886657392342,48546969,377.44647216796875,19.79035758972168,2.2744646072387695,3,8,3,1,0,0,0,5,1,0,LivesExhausted,,,,,,,,,
training_episode,4410,2.576897999999346,1711.3599374135565,14719502,405.79974365234375,20.790380477905273,2.557997465133667,3,5,5,1,0,0,0,5,0,0,LivesExhausted,,,,,,,,,
training_episode,4830,2.803405400016345,1722.904578828249,54097606,448.4849548339844,23.280437469482422,2.984849214553833,3,5,5,1,0,0,0,0,0,0,LivesExhausted,,,,,,,,,
training_episode,6066,3.4455431000096723,1760.5352259221402,1942564,319.36151123046875,16.74028778076172,1.6936149597167969,3,6,1,1,0,0,0,0,0,0,LivesExhausted,,,,,,,,,
ppo_rollout,6144,3.491136299999198,1759.8854562055947,,,,,,,,,,,,,,,,,,,,,,,,
training_episode,6222,4.2005021999939345,1481.251456078034,4456060,302.8420104980469,15.090250015258789,1.5284199714660645,3,5,1,1,1,0,0,5,0,0,LivesExhausted,,,,,,,,,
training_episode,6318,4.253320299991174,1485.4277492370163,61114449,340.14703369140625,17.28030014038086,1.9014701843261719,3,9,1,1,0,0,0,8,0,0,LivesExhausted,,,,,,,,,
training_episode,6618,4.415084200009005,1498.9521604110068,70540059,407.1181945800781,20.840381622314453,2.0711817741394043,4,6,3,1,1,0,0,2,0,0,LivesExhausted,,,,,,,,,
training_episode,7140,4.709975100005977,1515.931581037645,11053987,685.26171875,33.76034164428711,5.352617263793945,3,6,6,1,0,0,1,12,0,0,LivesExhausted,,,,,,,,,
training_episode,7926,5.111306100006914,1550.6799719917535,4979705,483.9497375488281,25.800495147705078,3.3394975662231445,3,6,4,1,0,0,0,25,0,0,LivesExhausted,,,,,,,,,
training_episode,8262,5.317157200013753,1553.8378289772268,28334272,332.8866882324219,16.990293502807617,1.828866958618164,3,4,3,1,0,0,0,4,1,0,LivesExhausted,,,,,,,,,
training_episode,8484,5.433055900008185,1561.5521275949359,30638310,355.6769104003906,18.04031753540039,2.0567691326141357,3,5,4,1,0,0,0,0,0,0,LivesExhausted,,,,,,,,,
training_episode,8568,5.480302000010852,1563.417490492866,32732890,357.68731689453125,20.810380935668945,2.0768730640411377,3,6,3,1,0,0,0,4,0,0,LivesExhausted,,,,,,,,,
training_episode,8850,5.643428100011079,1568.195756756895,67817105,355.93646240234375,18.56032943725586,2.0593643188476562,3,4,3,1,0,0,0,7,0,0,LivesExhausted,,,,,,,,,
training_episode,9684,6.111165200010873,1584.6405199425421,35246386,406.5342712402344,21.180389404296875,2.565342664718628,3,8,4,1,0,0,0,0,0,0,LivesExhausted,,,,,,,,,
training_episode,10620,6.635329100012314,1600.5234766697995,17966101,367.4634704589844,19.650354385375977,2.1746344566345215,3,5,4,1,0,0,0,0,0,0,LivesExhausted,,,,,,,,,
training_episode,10752,6.712975300004473,1601.6742978322645,14614773,348.17449951171875,18.88033676147461,1.9817447662353516,3,4,5,1,0,0,0,12,0,0,LivesExhausted,,,,,,,,,
training_episode,11052,6.881413499999326,1606.0653817709228,46557118,489.716064453125,26.02050018310547,2.897160530090332,4,10,4,1,1,0,0,5,0,0,LivesExhausted,,,,,,,,,
training_episode,11220,6.9774569000001065,1608.0357300379496,41111210,371.3221435546875,19.710355758666992,2.213221549987793,3,6,3,1,0,0,0,13,0,0,LivesExhausted,,,,,,,,,
training_episode,11604,7.198459300008835,1612.0116147611973,55459083,471.00201416015625,25.270483016967773,3.210020065307617,3,6,5,1,0,0,0,14,0,0,LivesExhausted,,,,,,,,,
training_episode,12072,7.47490500001004,1615.0038027217452,22259990,371.1806640625,19.86035919189453,2.2118067741394043,3,8,1,1,0,0,0,10,0,0,LivesExhausted,,,,,,,,,
ppo_rollout,12288,7.597561900009168,1617.3609589130392,,,,,,,,,,,,,,,,,,,-0.008403279982546034,0.04037467828020454,-1.0925660699605941,-0.4431774616241455,0.007877764,0.05304361979166667
training_episode,12900,8.588272499997402,1502.0482873597575,45719286,347.7536315917969,18.960338592529297,1.9775362014770508,3,6,1,1,0,0,0,5,0,0,LivesExhausted,,,,,,,,,
training_episode,13170,8.756638799997745,1504.001740942357,60904991,340.7488098144531,20.1303653717041,1.9074881076812744,3,5,3,1,0,0,0,4,0,0,LivesExhausted,,,,,,,,,
training_episode,13326,8.846674600004917,1506.328717006568,23516738,310.255859375,18.93033790588379,1.6025583744049072,3,7,1,1,0,0,0,4,0,0,LivesExhausted,,,,,,,,,
training_episode,13482,8.935699499998009,1508.7794749591797,10739800,308.0630187988281,18.8503360748291,1.5806300640106201,3,4,2,1,0,0,0,5,0,0,LivesExhausted,,,,,,,,,
training_episode,14754,9.619629599998007,1533.7388874102862,25192402,494.4667663574219,26.21050453186035,3.4446678161621094,3,5,5,1,0,0,1,17,0,0,LivesExhausted,,,,,,,,,
training_episode,15360,9.960710899991682,1542.0586094927046,70854246,389.6786804199219,20.50037384033203,2.396786689758301,3,5,5,1,0,0,0,5,1,0,LivesExhausted,,,,,,,,,
training_episode,15492,10.036245900002541,1543.6050645188036,28753188,349.054443359375,18.050317764282227,1.9905445575714111,3,5,5,1,0,0,0,9,0,0,LivesExhausted,,,,,,,,,
training_episode,15510,10.051458300004015,1543.0596772205488,17232998,555.7553100585938,28.63055992126465,4.057552814483643,3,4,4,1,0,0,0,13,0,0,LivesExhausted,,,,,,,,,
training_episode,15858,10.240473200014094,1548.561252030636,34513283,383.7706298828125,19.800357818603516,2.3377060890197754,3,5,6,1,0,0,0,12,0,0,LivesExhausted,,,,,,,,,
training_episode,16518,10.608842599991476,1557.0030231208511,25401860,537.2554321289062,27.900543212890625,3.872554302215576,3,7,6,1,1,0,0,8,0,0,LivesExhausted,,,,,,,,,
training_episode,17064,10.902259900001809,1565.180077939361,4351331,362.4445495605469,19.240345001220703,2.1244454383850098,3,3,4,1,0,0,0,10,0,0,LivesExhausted,,,,,,,,,
training_episode,17592,11.179028300015489,1573.6609236399934,45195641,354.5343933105469,18.570329666137695,2.0453438758850098,3,4,3,1,0,0,1,21,0,0,LivesExhausted,,,,,,,,,
training_episode,17856,11.320915799995419,1577.2575572028568,31999787,378.77484130859375,19.530351638793945,2.287748336791992,3,5,3,1,0,0,0,0,0,0,LivesExhausted,,,,,,,,,
training_episode,17922,11.361243899998954,1577.4681150891981,37131508,390.2637939453125,20.23036766052246,2.4026377201080322,3,7,2,1,0,0,0,3,0,0,LivesExhausted,,,,,,,,,
ppo_rollout,18432,11.65021120000165,1582.1172409301378,,,,,,,,,,,,,,,,,,,-0.011213023002104213,0.023453997680917382,-1.0818174759546915,0.46711480617523193,0.007938326,0.06865234375
training_episode,19170,12.65039739999338,1515.3674144663653,24564028,532.0426635742188,27.57053565979004,3.8204264640808105,3,5,6,1,0,0,1,3,0,0,LivesExhausted,,,,,,,,,
training_episode,19446,12.80213240001467,1518.9656998062069,50222633,447.8572998046875,24.37046241760254,2.4785728454589844,4,5,5,1,1,0,0,5,0,0,LivesExhausted,,,,,,,,,
training_episode,20856,13.591199799993774,1534.5223605652207,45614557,518.8594970703125,27.1705265045166,3.6885948181152344,3,4,4,1,0,0,1,11,0,0,LivesExhausted,,,,,,,,,
training_episode,20970,13.655029499990633,1535.6978906573863,57239476,654.2745971679688,32.530548095703125,5.042745590209961,3,8,6,1,1,0,0,10,0,0,LivesExhausted,,,,,,,,,
training_episode,21762,14.091398099990329,1544.3464052026843,29067375,639.8265991210938,31.960636138916016,4.398265838623047,4,11,4,1,1,0,0,17,0,0,LivesExhausted,,,,,,,,,
training_episode,22104,14.268556299997726,1549.1406092712773,44567267,461.31439208984375,24.42046356201172,3.1131439208984375,3,5,6,1,0,0,0,10,0,0,LivesExhausted,,,,,,,,,
training_episode,22452,14.450653400010196,1553.7013710386382,31057226,799.9189453125,38.289581298828125,5.999189853668213,4,8,5,1,1,0,1,0,0,0,LivesExhausted,,,,,,,,,
training_episode,22584,14.524070100014796,1554.9360368328842,8435762,494.2635803222656,26.1405029296875,3.4426357746124268,3,3,6,1,0,0,0,6,0,0,LivesExhausted,,,,,,,,,
training_episode,23148,14.832361400010996,1560.6415846894643,2466209,371.5091857910156,19.060340881347656,2.2150917053222656,3,6,3,1,0,0,1,0,0,0,LivesExhausted,,,,,,,,,
training_episode,23880,15.264810299995588,1564.382362485494,63523216,469.25555419921875,24.240459442138672,2.6925554275512695,4,8,3,1,1,0,0,5,2,0,LivesExhausted,,,,,,,,,
training_episode,24546,15.677158800011966,1565.7173798597526,49384801,442.48199462890625,23.200435638427734,2.9248197078704834,3,4,5,1,0,0,0,10,0,0,LivesExhausted,,,,,,,,,
ppo_rollout,24576,15.7007961999916,1565.2709382988583,,,,,,,,,,,,,,,,,,,-0.010641931577993091,0.027044866094365717,-1.0674016843239467,0.6228013038635254,0.0084465975,0.0837890625
training_episode,24846,16.450693999999203,1510.3314182368965,51374652,343.0475158691406,18.840335845947266,1.9304752349853516,3,7,4,1,0,0,0,0,0,0,LivesExhausted,,,,,,,,,
training_episode,24852,16.457774400012568,1510.046218641873,8121575,426.78216552734375,22.87042808532715,2.7678215503692627,3,4,6,1,0,1,0,10,0,0,LivesExhausted,,,,,,,,,
training_episode,25398,16.75296869999147,1516.029812675107,15347876,451.49505615234375,24.510465621948242,3.0149502754211426,3,6,6,1,1,1,0,5,0,0,LivesExhausted,,,,,,,,,
training_episode,25554,16.837571400013985,1517.6773058838387,26030234,337.41790771484375,20.01036262512207,1.8741788864135742,3,4,4,1,0,0,1,5,0,0,LivesExhausted,,,,,,,,,
training_episode,26394,17.274004800012335,1527.9606730212993,64884693,360.7948303222656,20.930383682250977,2.1079483032226562,3,3,3,1,0,0,0,8,0,0,LivesExhausted,,,,,,,,,
training_episode,27084,17.660077300010016,1533.628621205675,54202335,369.09619140625,18.650331497192383,2.1909618377685547,3,5,3,1,0,0,0,0,1,0,LivesExhausted,,,,,,,,,
training_episode,27396,17.839604600012535,1535.6842606242938,57972579,303.5396423339844,15.340255737304688,1.5353963375091553,3,4,5,1,0,0,0,15,0,0,LivesExhausted,,,,,,,,,
training_episode,27786,18.039400100009516,1540.2951232278142,13672212,513.6154174804688,26.970521926879883,3.6361541748046875,3,3,4,1,0,0,1,7,0,0,LivesExhausted,,,,,,,,,
training_episode,27810,18.056675100000575,1540.150655975369,69702227,480.62322998046875,24.650468826293945,3.30623197555542,3,4,6,1,0,0,1,16,0,0,LivesExhausted,,,,,,,,,
training_episode,28410,18.384737100015627,1545.3035768445038,69911685,490.4410095214844,25.08047866821289,3.404409885406494,3,7,3,1,0,0,0,1,0,0,LivesExhausted,,,,,,,,,
training_episode,28866,18.62813699999242,1549.5913520504891,15557334,394.0528869628906,20.560375213623047,2.4405288696289062,3,3,5,1,0,0,0,12,0,0,LivesExhausted,,,,,,,,,
training_episode,29190,18.80743889999576,1552.045451547716,7807388,340.14459228515625,17.540306091308594,1.9014461040496826,3,5,4,1,0,0,0,5,0,0,LivesExhausted,,,,,,,,,
training_episode,29988,19.243937999999616,1558.3089074596164,60590804,354.2036437988281,18.350324630737305,2.042036533355713,3,5,3,1,0,0,0,5,0,0,LivesExhausted,,,,,,,,,
ppo_rollout,30720,19.6735813000123,1561.4848934484944,,,,,,,,,,,,,,,,,,,-0.012479879938958523,0.033557190808157125,-1.058768305182457,0.7192505598068237,0.009387571,0.08981119791666667
training_episode,30816,20.354926500003785,1513.9332485427678,41425397,552.763916015625,28.48055648803711,4.027638912200928,3,4,9,1,0,0,1,15,0,0,LivesExhausted,,,,,,,,,
training_episode,31548,20.805575200007297,1516.3243359880257,38807172,396.5045166015625,22.340415954589844,2.4650449752807617,3,6,4,1,0,1,0,5,0,0,LivesExhausted,,,,,,,,,
training_episode,31596,20.838643299997784,1516.2215478779926,12520193,503.1302490234375,26.550512313842773,3.5313024520874023,3,5,5,1,0,0,0,25,1,0,LivesExhausted,,,,,,,,,
training_episode,33324,21.844077999994624,1525.5393246631056,3304041,702.7150268554688,34.44022750854492,5.5271501541137695,3,7,8,1,0,0,0,13,0,0,LivesExhausted,,,,,,,,,
training_episode,33396,21.887327100004768,1525.8144517789349,7912117,549.1031494140625,28.370553970336914,3.9910316467285156,3,8,5,1,0,0,1,9,0,0,LivesExhausted,,,,,,,,,
training_episode,34224,22.32329679999384,1533.1068841054625,6445911,1198.6417236328125,53.43703842163086,9.486416816711426,5,6,10,2,3,0,0,15,1,0,LivesExhausted,,,,,,,,,
training_episode,34392,22.41243540000869,1534.5052595215363,43938893,584.9957885742188,29.790586471557617,4.3499579429626465,3,6,6,1,0,0,0,5,0,0,LivesExhausted,,,,,,,,,
training_episode,34434,22.439621199999237,1534.5178821468328,63942132,430.9869689941406,23.63044548034668,2.8098697662353516,3,6,3,1,0,0,0,10,0,0,LivesExhausted,,,,,,,,,
training_episode,34896,22.676431700005196,1538.866452255449,29381562,536.6328735351562,27.880542755126953,3.866328716278076,3,3,6,1,0,0,0,11,0,0,LivesExhausted,,,,,,,,,
training_episode,35202,22.839806100004353,1541.2565170591922,36084218,301.2314147949219,15.030248641967773,1.5123138427734375,3,3,4,1,0,0,1,5,0,0,LivesExhausted,,,,,,,,,
training_episode,35304,22.89680300001055,1541.8746451189597,36398405,328.4690856933594,16.47028160095215,1.7846908569335938,3,3,6,1,0,0,0,4,0,0,LivesExhausted,,,,,,,,,
ppo_rollout,36864,23.75568870001007,1551.7967281657625,,,,,,,,,,,,,,,,,,,-0.011279948144995918,0.02836128193885088,-1.0483760098616282,0.7817205190658569,0.0107309045,0.10369466145833334
training_episode,36990,24.4594594000082,1512.298346217235,18175559,421.2774353027344,21.640399932861328,2.7127742767333984,3,3,6,1,0,0,1,3,1,0,LivesExhausted,,,,,,,,,
training_episode,37278,24.617517400009092,1514.2875455014905,48965885,495.4103698730469,25.410486221313477,3.454103469848633,3,4,6,1,0,0,0,5,0,0,LivesExhausted,,,,,,,,,
training_episode,37740,24.86113390000537,1518.0321280515627,65408338,430.78369140625,23.690446853637695,2.8078370094299316,3,4,6,1,0,0,0,0,1,0,LivesExhausted,,,,,,,,,
training_episode,37794,24.89846190001117,1517.9250891792253,28439001,356.13934326171875,20.740379333496094,2.0613934993743896,3,4,5,1,0,0,0,5,1,0,LivesExhausted,,,,,,,,,
training_episode,38292,25.210116700007347,1518.9140318413854,36293676,644.0353393554688,32.1206169128418,4.9403533935546875,3,6,9,1,0,0,0,11,0,0,LivesExhausted,,,,,,,,,
training_episode,38520,25.371603800012963,1518.2327575200554,67921834,530.0983276367188,27.62053680419922,3.800983428955078,3,5,4,1,0,0,0,13,0,0,LivesExhausted,,,,,,,,,
training_episode,40050,26.2425121999986,1526.1496191664964,29276833,476.5750427246094,25.50048828125,3.2657504081726074,3,4,6,1,0,0,0,11,0,0,LivesExhausted,,,,,,,,,
training_episode,40188,26.32546409999486,1526.5827735210885,45509828,353.29852294921875,20.370370864868164,2.032985210418701,3,4,5,1,0,0,1,14,0,0,LivesExhausted,,,,,,,,,
training_episode,40470,26.48524149999139,1528.0208035865242,31685600,394.63909912109375,22.270414352416992,2.4463908672332764,3,6,4,1,0,0,0,0,0,0,LivesExhausted,,,,,,,,,
training_episode,40902,26.729057099990314,1530.2447761995622,35036928,594.4574584960938,30.170595169067383,4.444574356079102,3,4,6,1,0,0,0,5,1,0,LivesExhausted,,,,,,,,,
training_episode,41472,27.057759099989198,1532.7211631511848,39016630,501.2297668457031,26.480510711669922,3.5122976303100586,3,5,3,1,0,1,0,29,0,0,LivesExhausted,,,,,,,,,
training_episode,41820,27.259597900003428,1534.1385501506147,56715831,526.3585815429688,27.47053337097168,3.7635860443115234,3,3,7,1,0,0,1,13,0,0,LivesExhausted,,,,,,,,,
training_episode,42690,27.734031300002243,1539.2641458508972,21317429,385.5997314453125,20.85038185119629,2.355997085571289,3,5,4,1,0,0,1,0,0,0,LivesExhausted,,,,,,,,,
training_episode,42876,27.863315499998862,1538.7974916338205,62371197,370.6231689453125,20.030363082885742,2.2062315940856934,3,5,3,1,0,0,0,10,0,0,LivesExhausted,,,,,,,,,
ppo_rollout,43008,27.9770753000048,1537.2586140193368,,,,,,,,,,,,,,,,,,,-0.01239553394067722,0.04063924093109866,-1.0386632611354192,0.7388651967048645,0.009962029,0.10782877604166667
training_episode,43164,28.67339599999832,1505.3675539514932,35141657,352.5035095214844,18.820335388183594,2.0250349044799805,3,7,3,1,0,0,0,7,0,0,LivesExhausted,,,,,,,,,
training_episode,43230,28.712362699996447,1505.623220620759,41320668,501.27679443359375,26.480510711669922,3.512767791748047,3,5,5,1,0,0,0,6,0,0,LivesExhausted,,,,,,,,,
training_episode,44274,29.266975100006675,1512.7631006864765,12939109,348.3883056640625,20.440372467041016,1.9838829040527344,3,3,5,1,0,0,0,10,0,0,LivesExhausted,,,,,,,,,
training_episode,45240,29.772142400004668,1519.5413011323265,48651698,625.169189453125,31.370622634887695,4.251691818237305,4,7,6,1,1,0,1,10,1,0,LivesExhausted,,,,,,,,,
training_episode,45690,30.005584900005488,1522.7165260155166,2256751,419.2856750488281,21.010385513305664,2.692856788635254,3,5,6,1,0,0,0,13,0,0,LivesExhausted,,,,,,,,,
training_episode,46272,30.32660600001691,1525.7889392559853,24982944,547.0820922851562,28.290552139282227,3.970820903778076,3,5,3,1,0,0,0,14,0,0,LivesExhausted,,,,,,,,,
training_episode,47004,30.739305900002364,1529.1171555046851,55354354,450.9988708496094,22.750425338745117,3.00998854637146,3,3,6,1,0,0,0,4,0,0,LivesExhausted,,,,,,,,,
training_episode,47196,30.85787840001285,1529.4635421202627,65617796,781.208984375,37.549705505371094,6.312089920043945,3,4,5,1,0,0,0,7,1,0,LivesExhausted,,,,,,,,,
training_episode,48024,31.31560339999851,1533.5486079122552,63418487,841.0654907226562,39.90930938720703,6.9106550216674805,3,5,10,1,0,1,0,7,0,0,LivesExhausted,,,,,,,,,
training_episode,48468,31.547618800017517,1536.3441630013954,31895058,511.03912353515625,26.870519638061523,3.110391139984131,4,5,6,1,1,0,0,10,0,0,LivesExhausted,,,,,,,,,
training_episode,48630,31.638974800007418,1537.028311043397,30952497,459.25811767578125,24.480464935302734,3.092581033706665,3,3,6,1,0,0,0,18,0,0,LivesExhausted,,,,,,,,,
ppo_rollout,49152,31.91140979999909,1540.264134616873,,,,,,,,,,,,,,,,,,,-0.011705610701271022,0.03081710288921992,-1.026911476254463,0.8161134719848633,0.008630265,0.09228515625
training_episode,49578,32.75706390000414,1513.5056106171266,71273162,412.8219299316406,21.4103946685791,2.6282193660736084,3,3,6,1,0,0,0,7,0,0,LivesExhausted,,,,,,,,,
training_episode,49578,32.75706390000414,1513.5056106171266,2361480,388.9214172363281,19.84035873413086,2.389214038848877,3,6,5,1,0,0,0,4,0,0,LivesExhausted,,,,,,,,,
training_episode,50094,33.03998249999131,1516.163030655757,15243147,636.500244140625,31.83063316345215,4.865002155303955,3,4,7,1,0,0,0,24,1,0,LivesExhausted,,,,,,,,,
training_episode,52362,34.312452999991365,1526.0348771920555,15976250,435.9836120605469,23.16043472290039,2.8598361015319824,3,3,7,1,1,0,1,1,0,0,LivesExhausted,,,,,,,,,
training_episode,52404,34.338595800014446,1526.0961835829628,38178798,660.9751586914062,32.790504455566406,5.1097517013549805,3,4,7,1,0,0,0,0,0,0,LivesExhausted,,,,,,,,,
training_episode,53238,34.799076099996455,1529.8682024493583,74205574,801.9554443359375,38.35956954956055,6.519554615020752,3,4,6,1,0,0,0,32,0,0,LivesExhausted,,,,,,,,,
training_episode,54924,35.75169480001205,1536.2628347336836,43205790,849.526611328125,40.239253997802734,6.995265960693359,3,4,6,1,0,0,0,5,0,0,LivesExhausted,,,,,,,,,
training_episode,55290,35.98985549999634,1536.2662403578038,12101277,1034.8253173828125,47.568023681640625,8.34825325012207,4,5,10,2,1,0,0,14,0,0,LivesExhausted,,,,,,,,,
ppo_rollout,55296,36.001317699992796,1535.9437801914419,,,,,,,,,,,,,,,,,,,-0.01118870295661812,0.039111140385891,-1.027304478486379,0.8015831708908081,0.009892262,0.091552734375
training_episode,55680,36.907530500000576,1508.6352092833502,41215939,530.0131225585938,27.610536575317383,3.800131320953369,3,5,6,1,0,1,0,13,1,0,LivesExhausted,,,,,,,,,
training_episode,56004,37.095819100009976,1509.7119125207546,55773270,589.507080078125,29.970590591430664,4.395071029663086,3,3,7,1,0,0,0,8,0,0,LivesExhausted,,,,,,,,,
training_episode,56484,37.38769999999204,1510.7642352969567,40797023,1660.538818359375,70.48664855957031,14.605388641357422,4,11,12,2,1,2,0,34,0,0,LivesExhausted,,,,,,,,,
training_episode,57936,38.18961699999636,1517.0615615235292,53259774,294.29522705078125,16.060272216796875,1.4429521560668945,3,3,3,1,0,0,1,0,0,0,LivesExhausted,,,,,,,,,
training_episode,58200,38.34071310001309,1517.9686368425978,72529910,876.3760986328125,41.30907440185547,6.763761043548584,4,4,10,1,1,0,0,11,0,0,LivesExhausted,,,,,,,,,
training_episode,58506,38.50874119999935,1519.2914173990446,13358025,508.65447998046875,26.770517349243164,3.586544990539551,3,5,3,1,0,1,0,0,0,0,LivesExhausted,,,,,,,,,
training_episode,58704,38.62291910001659,1519.9265453753542,43415248,468.0901794433594,25.170480728149414,3.1809017658233643,3,4,6,1,0,0,0,15,0,0,LivesExhausted,,,,,,,,,
training_episode,59340,38.98222840001108,1522.2321153908977,44253080,761.543701171875,36.76983642578125,6.115437030792236,3,5,3,1,0,0,0,28,1,0,LivesExhausted,,,,,,,,,
training_episode,60252,39.48553599999286,1525.9258478854356,39121359,319.31243896484375,17.06029510498047,1.6931242942810059,3,4,4,1,0,0,0,0,0,0,LivesExhausted,,,,,,,,,
ppo_rollout,61440,40.16530719998991,1529.6783289638436,,,,,,,,,,,,,,,,,,,-0.012404670995116855,0.059831505703429384,-1.0261654694875082,0.7708995342254639,0.010226718,0.0974609375
training_episode,61752,40.972929300012765,1507.14144814588,16290437,941.1292724609375,43.858646392822266,7.911293029785156,3,3,9,1,0,0,1,19,0,0,LivesExhausted,,,,,,,,,
training_episode,61980,41.0999226999993,1508.0320333546774,15138418,414.61114501953125,22.000408172607422,2.646111249923706,3,7,4,1,0,0,0,9,0,0,LivesExhausted,,,,,,,,,
training_episode,62682,41.50109400000656,1510.369823021776,10844529,711.6476440429688,34.800167083740234,5.616476535797119,3,4,7,1,0,0,0,0,0,0,LivesExhausted,,,,,,,,,
training_episode,62850,41.59689529999741,1510.930071745136,25506589,705.4879150390625,34.550209045410156,5.554879188537598,3,5,7,1,0,0,0,12,1,0,LivesExhausted,,,,,,,,,
training_episode,64314,42.463348299992504,1514.5767485323656,37969340,388.9971923828125,21.320392608642578,2.3899717330932617,3,4,5,1,0,0,0,10,0,0,LivesExhausted,,,,,,,,,
training_episode,65202,42.99572090001311,1516.4764919659742,19222849,372.9935607910156,20.990385055541992,2.229935646057129,3,5,4,1,0,0,0,24,0,0,LivesExhausted,,,,,,,,,
training_episode,66048,43.4833568999893,1518.9259686621906,44881454,1586.5872802734375,67.55602264404297,14.365873336791992,3,4,12,2,0,1,0,41,0,0,LivesExhausted,,,,,,,,,
training_episode,66072,43.502732499997364,1518.801146571747,63209029,693.19287109375,34.070289611816406,5.431928634643555,3,4,7,1,0,0,0,10,0,0,LivesExhausted,,,,,,,,,
training_episode,66252,43.60936989999027,1519.2147960847924,28543730,286.4967346191406,16.12027359008789,1.3649672269821167,3,4,2,1,0,0,0,4,0,0,LivesExhausted,,,,,,,,,
training_episode,66276,43.626029900013236,1519.184765423266,38283527,1101.353271484375,50.19758224487305,9.513532638549805,3,3,10,2,1,0,0,2,1,0,LivesExhausted,,,,,,,,,
training_episode,67140,44.145087400014745,1520.8940327067419,52107755,286.38568115234375,16.1502742767334,1.3638567924499512,3,6,2,1,0,0,0,10,0,0,LivesExhausted,,,,,,,,,
ppo_rollout,67584,44.410378200002015,1521.806450186838,,,,,,,,,,,,,,,,,,,-0.010634124706848524,0.04937200800826152,-1.004897769788901,0.7982995510101318,0.0089820055,0.08527018229166666
training_episode,67806,45.16268300000229,1501.3722723248432,6550640,875.6603393554688,41.27907943725586,7.256603240966797,3,3,8,1,0,0,0,17,0,0,LivesExhausted,,,,,,,,,
training_episode,67896,45.21549689999665,1501.609064479949,44986183,266.7243347167969,15.390256881713867,1.167243242263794,3,5,2,1,0,0,0,0,0,0,LivesExhausted,,,,,,,,,
training_episode,69216,45.936639099993045,1506.771095058421,62057010,455.4078369140625,24.670469284057617,3.0540781021118164,3,4,3,1,0,0,0,5,0,0,LivesExhausted,,,,,,,,,
training_episode,70788,46.90411599999061,1509.2065694194978,47394950,782.5841064453125,37.59969711303711,6.325841426849365,3,4,7,1,0,0,0,5,0,0,LivesExhausted,,,,,,,,,
training_episode,70818,46.92531799999415,1509.163986912328,70121143,605.5845336914062,30.610605239868164,4.555845260620117,3,7,4,1,0,0,0,6,0,0,LivesExhausted,,,,,,,,,
training_episode,72264,47.725638400006574,1514.1547064143629,21526887,770.1323852539062,37.109779357910156,6.201323986053467,3,4,7,1,0,0,1,10,0,0,LivesExhausted,,,,,,,,,
training_episode,73002,48.117789500014624,1517.1519880392223,16814082,629.0570678710938,31.53062629699707,4.7905707359313965,3,4,6,1,0,0,0,3,0,0,LivesExhausted,,,,,,,,,
training_episode,73428,48.347719500015955,1518.7479525270219,20584326,997.1594848632812,46.07827377319336,8.47159481048584,3,3,10,1,0,0,0,15,0,0,LivesExhausted,,,,,,,,,
training_episode,73728,48.510150799993426,1519.8468523418812,45824015,1475.646728515625,63.77530288696289,13.25646686553955,3,4,10,2,0,0,0,37,0,0,LivesExhausted,,,,,,,,,
ppo_rollout,73728,48.516460500017274,1519.6491920504743,,,,,,,,,,,,,,,,,,,-0.010493701708037406,0.05418753757451971,-0.9961955895026525,0.8246030807495117,0.009529954,0.08938802083333333
training_episode,73872,49.21287019998999,1501.0707503911246,24459299,491.0157775878906,25.420486450195312,3.4101576805114746,3,4,5,1,1,0,0,9,0,0,LivesExhausted,,,,,,,,,
training_episode,76542,50.699317799997516,1509.7244562924623,19746494,732.5306396484375,35.62002944946289,5.825306415557861,3,3,8,1,0,0,0,14,0,0,LivesExhausted,,,,,,,,,
training_episode,76878,50.904667099996004,1510.2348051698787,60067159,472.3681945800781,25.01047706604004,3.223681688308716,3,4,6,1,0,0,0,5,0,0,LivesExhausted,,,,,,,,,
training_episode,77730,51.37576140000601,1512.9702778476176,23412009,674.9627685546875,33.34041213989258,5.249627590179443,3,3,4,1,0,0,0,13,0,0,LivesExhausted,,,,,,,,,
training_episode,77808,51.425044800009346,1513.0370873295935,16709353,754.5354614257812,36.48988342285156,6.04535436630249,3,5,4,1,0,0,0,7,1,0,LivesExhausted,,,,,,,,,
training_episode,79830,52.565261300012935,1518.6835949387805,7179014,456.966064453125,24.570466995239258,3.0696606636047363,3,4,7,1,0,0,0,13,0,0,LivesExhausted,,,,,,,,,
ppo_rollout,79872,52.59332960000029,1518.671675808857,,,,,,,,,,,,,,,,,,,-0.0106633689138107,0.0641569315455854,-0.9874698211749394,0.8034399747848511,0.009870375,0.09654947916666666
training_episode,80568,53.57498060000944,1503.836288836394,6655369,1969.5216064453125,81.47899627685547,17.69521713256836,4,4,16,2,1,0,0,33,0,0,LivesExhausted,,,,,,,,,
training_episode,80874,53.75519019999774,1504.4872820485973,12729651,744.6302490234375,36.09994888305664,5.9463019371032715,3,3,7,1,0,0,0,28,0,0,LivesExhausted,,,,,,,,,
training_episode,81504,54.10990700000548,1506.2676045625387,61533365,609.5781860351562,30.760608673095703,4.5957818031311035,3,3,6,1,0,0,0,21,0,0,LivesExhausted,,,,,,,,,
training_episode,82440,54.6190348000091,1509.3639113517668,9064136,823.6830444335938,39.22942352294922,6.736830234527588,3,3,9,1,0,0,0,26,0,0,LivesExhausted,,,,,,,,,
training_episode,83430,55.21092509999289,1511.1139661018058,67607647,2121.253662109375,86.87014770507812,18.71253776550293,5,9,13,3,2,1,0,51,0,0,LivesExhausted,,,,,,,,,
training_episode,85224,56.248312500014435,1515.1387874965694,33047077,747.6404418945312,36.209930419921875,5.976404666900635,3,3,7,1,0,0,0,15,0,0,LivesExhausted,,,,,,,,,
training_episode,85482,56.397589800006244,1515.7030699916636,1628377,1022.0568237304688,47.058109283447266,8.72056770324707,3,3,7,2,0,0,1,25,0,0,LivesExhausted,,,,,,,,,
training_episode,85656,56.507804699998815,1515.8260076594659,19327578,706.2908325195312,34.580204010009766,5.56290864944458,3,5,8,1,0,0,0,13,0,0,LivesExhausted,,,,,,,,,
ppo_rollout,86016,56.75057289999677,1515.685139453542,,,,,,,,,,,,,,,,,,,-0.012168253775841246,0.07581931756188472,-0.9655090123414993,0.7293558120727539,0.010706806,0.12802734375
training_episode,86304,57.59539900001255,1498.453027471538,15766792,645.9329833984375,32.19060516357422,4.959329605102539,3,3,5,1,0,0,0,8,0,0,LivesExhausted,,,,,,,,,
training_episode,86958,57.97091480001109,1500.0280795980016,26868066,1192.9830322265625,53.21707534790039,10.429829597473145,3,5,10,2,0,1,0,5,0,0,LivesExhausted,,,,,,,,,
training_episode,90018,59.82510750001529,1504.6859715208534,21841074,613.9172973632812,30.94061279296875,4.6391730308532715,3,5,5,1,0,1,0,10,0,0,LivesExhausted,,,,,,,,,
training_episode,90228,59.976849600003334,1504.3804501528034,9901968,885.2753295898438,41.65901565551758,7.352753162384033,3,3,8,1,0,0,0,25,0,0,LivesExhausted,,,,,,,,,
training_episode,90558,60.17465070000617,1504.9194128515435,38597714,590.08056640625,29.990591049194336,4.400805473327637,3,4,6,1,0,0,0,4,0,0,LivesExhausted,,,,,,,,,
training_episode,91116,60.507734100014204,1505.8570834827974,43624706,1481.9337158203125,64.0252685546875,12.319336891174316,5,6,12,2,2,0,1,50,0,1,LivesExhausted,,,,,,,,,
training_episode,91704,60.842482000007294,1507.2363418702907,25297131,1106.417724609375,50.39754867553711,9.564176559448242,3,4,8,2,1,0,0,12,1,0,LivesExhausted,,,,,,,,,
ppo_rollout,92160,61.1068770000129,1508.1772220167713,,,,,,,,,,,,,,,,,,,-0.010983007717489576,0.06827510073781014,-0.9588597546021144,0.8072044849395752,0.010542217,0.104052734375
training_episode,94302,62.98042110001552,1497.3224750314787,44357809,1751.173828125,73.45728302001953,16.011737823486328,3,4,10,2,1,0,0,30,1,0,LivesExhausted,,,,,,,,,
training_episode,94920,63.33146730001317,1498.7810017150866,32837619,819.3738403320312,39.059452056884766,6.6937384605407715,3,3,7,1,0,0,0,20,0,0,LivesExhausted,,,,,,,,,
training_episode,95442,63.62398520001443,1500.0946529828243,15452605,861.034912109375,40.69917678833008,7.110349178314209,3,5,6,1,0,0,0,33,1,0,LivesExhausted,,,,,,,,,
training_episode,95790,63.82908190001035,1500.7265833786726,74100845,1048.3194580078125,48.09793472290039,8.983194351196289,3,3,8,2,0,0,1,28,1,0,LivesExhausted,,,,,,,,,
training_episode,97032,64.5188349999953,1503.9329212935581,23097822,1077.77978515625,49.267738342285156,9.27779769897461,3,3,9,2,0,0,1,18,0,0,LivesExhausted,,,,,,,,,
ppo_rollout,98304,65.21829759998946,1507.307053657529,,,,,,,,,,,,,,,,,,,-0.013092657099089895,0.0856560449115932,-0.9338455845912298,0.7661789059638977,0.010400414,0.12906901041666666
training_episode,98634,66.01060450001387,1494.2144636772607,36817321,1307.50244140625,57.7363166809082,11.575023651123047,3,6,9,2,0,2,0,16,0,0,LivesExhausted,,,,,,,,,
training_episode,99216,66.33378139999695,1495.7084897922698,70330601,867.4603881835938,40.949134826660156,7.1746039390563965,3,4,6,1,0,0,0,13,1,0,LivesExhausted,,,,,,,,,
training_episode,100038,66.77603690000251,1498.112266677453,19851223,725.9739379882812,35.36007308959961,5.759739398956299,3,4,7,1,0,0,0,10,0,0,LivesExhausted,,,,,,,,,
training_episode,101946,67.83764050001628,1502.7940130078011,21212700,529.2950439453125,27.59053611755371,3.79295015335083,3,3,8,1,0,0,0,10,0,0,LivesExhausted,,,,,,,,,
training_episode,102732,68.26237969999784,1504.9577886310233,67712376,1508.1500244140625,65.05548858642578,13.581500053405762,3,3,13,2,0,0,0,63,0,0,LivesExhausted,,,,,,,,,
training_episode,104070,68.98868539999239,1508.5082343083968,14405315,854.6277465820312,40.44921875,7.04627799987793,3,3,9,1,0,0,0,19,0,0,LivesExhausted,,,,,,,,,
training_episode,104100,69.00802010000916,1508.5203118294678,9168865,1336.7608642578125,58.88612365722656,11.867609024047852,3,5,11,2,0,1,0,15,0,0,LivesExhausted,,,,,,,,,
training_episode,104292,69.11535050001112,1508.9556696957388,20270139,380.4972229003906,19.550352096557617,2.3049721717834473,3,5,3,1,0,0,0,5,0,0,LivesExhausted,,,,,,,,,
training_episode,104352,69.15686260000803,1508.917496786326,1733106,740.5709228515625,35.93997573852539,5.405709743499756,4,5,8,1,1,0,0,32,2,0,LivesExhausted,,,,,,,,,
ppo_rollout,104448,69.22116109999479,1508.9027450596732,,,,,,,,,,,,,,,,,,,-0.01119899253632563,0.07716133253027996,-0.9388434648513794,0.7889847755432129,0.00954063,0.098681640625
training_episode,104994,70.17942030000268,1496.0796135273292,2885125,1920.8331298828125,79.55858612060547,17.208330154418945,4,5,14,2,1,0,0,39,1,0,LivesExhausted,,,,,,,,,
training_episode,106890,71.24908129998948,1500.2298703325987,23830925,418.6208801269531,23.220436096191406,2.686208724975586,3,4,1,1,1,0,0,2,0,0,LivesExhausted,,,,,,,,,
training_episode,106908,71.26555690000532,1500.1356145999894,8540491,382.55841064453125,21.790403366088867,2.3255841732025146,3,3,2,1,0,0,0,5,0,0,LivesExhausted,,,,,,,,,
training_episode,109296,72.568262100016,1506.1129595382154,62161739,873.33349609375,41.17909622192383,7.233335018157959,3,4,5,1,0,0,1,15,0,0,LivesExhausted,,,,,,,,,
training_episode,109728,72.8151729000092,1506.938672667577,27286982,451.2383728027344,23.470441818237305,3.0123839378356934,3,4,6,1,0,0,1,2,0,0,LivesExhausted,,,,,,,,,
training_episode,109932,72.93352720001712,1507.2903261419967,42367958,486.6264343261719,25.33048439025879,3.3662643432617188,3,4,5,1,0,0,0,10,0,0,LivesExhausted,,,,,,,,,
ppo_rollout,110592,73.30363639999996,1508.6836810731543,,,,,,,,,,,,,,,,,,,-0.0111415221549881,0.07539477062722047,-0.9363364338874817,0.8563372492790222,0.008608921,0.09026692708333334
training_episode,111372,74.33735680000973,1498.1969334694643,65513067,1697.891845703125,71.95696258544922,15.47891902923584,3,3,14,2,0,0,0,61,0,0,LivesExhausted,,,,,,,,,
training_episode,113904,75.69506840000395,1504.7743850112442,43310519,668.7241821289062,33.0904541015625,5.187242031097412,3,4,5,1,0,0,0,4,0,0,LivesExhausted,,,,,,,,,
training_episode,114078,75.79045080000651,1505.176427846108,19013391,747.5662231445312,36.21992874145508,5.9756622314453125,3,3,8,1,0,0,0,14,1,0,LivesExhausted,,,,,,,,,
training_episode,115794,76.76103910000529,1508.4996419751699,53992877,763.3986206054688,36.83982467651367,6.133985996246338,3,3,8,1,0,0,0,43,0,0,LivesExhausted,,,,,,,,,
training_episode,115818,76.77999899999122,1508.4397174844096,37340966,1221.2230224609375,54.32688903808594,10.71222972869873,3,3,9,2,0,0,0,30,1,0,LivesExhausted,,,,,,,,,
ppo_rollout,116736,77.30180280000786,1510.1329564333023,,,,,,,,,,,,,,,,,,,-0.011585461969176928,0.08136270800605416,-0.9295430218180021,0.7975771427154541,0.008754309,0.09827473958333334
training_episode,117732,78.47718819999136,1500.2066549577646,72948826,601.0770263671875,30.42060089111328,4.510769844055176,3,3,8,1,0,0,0,5,0,0,LivesExhausted,,,,,,,,,
ppo_rollout,122880,81.37286269999458,1510.0857450847452,,,,,,,,,,,,,,,,,,,-0.00858597772118325,0.17573086364815632,-0.9327429170409839,0.6567079424858093,0.0089719,0.09402669270833333
training_episode,125562,83.45071720000124,1504.6245761923558,15662063,1966.6439208984375,81.36897277832031,17.666439056396484,4,4,13,2,1,0,0,41,1,0,LivesExhausted,,,,,,,,,
ppo_rollout,129024,85.34575949999271,1511.7798559166963,,,,,,,,,,,,,,,,,,,-0.00880888114334084,0.4116891946643591,-0.9146702582637469,0.34752345085144043,0.009482834,0.0853515625
training_episode,130158,86.60360040000523,1502.9167309306476,11263445,2619.36474609375,103.54370880126953,24.193645477294922,4,6,16,3,1,2,0,55,0,1,LivesExhausted,,,,,,,,,
training_episode,132738,88.08456620000652,1506.9382268240106,18908662,1374.0518798828125,59.755977630615234,12.240518569946289,3,3,12,2,0,0,0,18,1,0,LivesExhausted,,,,,,,,,
ppo_rollout,135168,89.42872200001148,1511.4607139301695,,,,,,,,,,,,,,,,,,,-0.009495711462416996,0.8815741846958797,-0.9003559157252312,0.4475613832473755,0.009276866,0.08740234375
training_episode,140598,93.05268680001609,1510.9504608090015,33884909,27389.33203125,304.3657531738281,272.3932800292969,3,29,41,27,1,3,2,130,3,1,MaxDuration,,,,,,,,,
training_episode,141300,93.44864680001047,1512.0604186211092,22574177,23034.666015625,302.5139465332031,228.3466339111328,4,31,44,23,5,3,3,147,2,1,MaxDuration,,,,,,,,,
ppo_rollout,141312,93.46192560001509,1511.9739839811002,,,,,,,,,,,,,,,,,,,-0.008667329033293451,1.5068963825702668,-0.9034691890080769,0.5571959614753723,0.0070987293,0.07081705729166667
training_episode,145332,96.25643430001219,1509.8419244061029,53573961,829.1038818359375,39.439388275146484,6.791038990020752,3,3,7,1,0,0,0,5,0,0,LivesExhausted,,,,,,,,,
ppo_rollout,147456,97.45689729999867,1513.0381131064596,,,,,,,,,,,,,,,,,,,-0.008007054083282127,2.3545231888691585,-0.9076038961609204,0.4237140417098999,0.007221443,0.06232096354166667
training_episode,149922,99.42040740000084,1507.9600247141889,24040383,26254.666015625,300.1316223144531,262.046630859375,1,30,40,27,2,3,3,162,2,1,MaxDuration,,,,,,,,,
training_episode,150918,99.9688451999973,1509.6503285405968,50013175,1935.4722900390625,80.13871002197266,17.85472297668457,3,3,12,2,0,0,0,31,0,0,LivesExhausted,,,,,,,,,
training_episode,151284,100.21309380000457,1509.6230867985946,17756643,1085.5986328125,49.56768798828125,9.355985641479492,3,3,10,2,0,0,0,33,0,0,LivesExhausted,,,,,,,,,
training_episode,152034,100.62003799999366,1510.971403131547,33570722,26254.666015625,301.7732238769531,261.046630859375,3,35,41,27,2,2,4,153,4,1,MaxDuration,,,,,,,,,
ppo_rollout,153600,101.47844289999921,1513.621963547109,,,,,,,,,,,,,,,,,,,-0.009307019288341205,1.610445138812065,-0.9064558813969295,0.6296306252479553,0.007789988,0.06603190104166666
training_episode,155484,103.13405610001064,1507.591244634312,37236237,1003.9193725585938,46.348228454589844,8.539194107055664,3,3,10,2,0,0,1,15,0,0,LivesExhausted,,,,,,,,,
training_episode,158280,104.64975320000667,1512.473705480176,56296915,447.4562683105469,23.290437698364258,2.974562644958496,3,3,6,1,0,0,1,5,0,0,LivesExhausted,,,,,,,,,
training_episode,158580,104.81379819998983,1512.9687381180638,23726196,1399.5885009765625,60.77580642700195,12.495885848999023,3,5,12,2,1,2,0,27,0,0,LivesExhausted,,,,,,,,,
training_episode,159312,105.22551899999962,1514.0053621403433,20060681,1646.89501953125,69.93653106689453,14.968950271606445,3,3,13,2,0,0,0,33,1,0,LivesExhausted,,,,,,,,,
ppo_rollout,159744,105.46591890000855,1514.650435572956,,,,,,,,,,,,,,,,,,,-0.006811152897231902,1.6101836293935776,-0.9019150778651237,0.7404075860977173,0.007858832,0.059342447916666666
training_episode,165546,109.42031829999178,1512.9365603391088,2989854,1314.8431396484375,58.026268005371094,11.648431777954102,3,3,11,2,0,0,0,29,2,0,LivesExhausted,,,,,,,,,
ppo_rollout,165888,109.61554620001698,1513.3619796712221,,,,,,,,,,,,,,,,,,,-0.00643163496570196,1.0879086241126061,-0.9070011382301648,0.8387513756752014,0.0074281874,0.056005859375
training_episode,166176,110.39335369999753,1505.308013846523,3094583,1525.5980224609375,65.7556381225586,13.255980491638184,4,6,12,2,1,0,1,36,1,1,LivesExhausted,,,,,,,,,
training_episode,166716,110.7051679000142,1505.9459568371117,69178582,27389.33203125,304.6059875488281,272.3932800292969,3,30,44,27,2,3,3,169,0,1,MaxDuration,,,,,,,,,
training_episode,168342,111.59583639999619,1508.4971395940518,39854462,420.6586608886719,23.290437698364258,2.7065868377685547,3,5,2,1,0,0,0,0,0,0,LivesExhausted,,,,,,,,,
training_episode,168984,111.95359409999219,1509.4111212639648,53469232,26254.666015625,301.9934387207031,262.046630859375,1,25,43,27,1,2,4,121,2,1,MaxDuration,,,,,,,,,
training_episode,169404,112.18753470000229,1510.0073323921301,48861156,2035.4300537109375,84.08955383300781,18.85430145263672,3,4,13,3,1,2,0,46,0,0,LivesExhausted,,,,,,,,,
training_episode,171042,113.08408689999487,1512.5205030064028,5189163,856.2046508789062,40.50920867919922,7.062046051025391,3,4,9,1,0,1,0,15,0,0,LivesExhausted,,,,,,,,,
ppo_rollout,172032,113.6201507000078,1514.097622121779,,,,,,,,,,,,,,,,,,,-0.008856307270859058,1.361546632150809,-0.8948077554504077,0.8511919379234314,0.007871136,0.0625
training_episode,173526,115.05514350000885,1508.1985448133107,10425613,923.2244262695312,43.15876388549805,7.732243537902832,3,4,9,1,0,0,0,45,1,0,LivesExhausted,,,,,,,,,
training_episode,176064,116.48342350000166,1511.4940367459021,40482836,1250.3399658203125,55.4766960144043,10.503399848937988,4,4,11,2,1,0,0,28,0,0,LivesExhausted,,,,,,,,,
training_episode,176928,116.94466519998969,1512.9206595053436,35770031,1071.77099609375,49.02777862548828,9.217710494995117,3,4,10,2,0,1,0,25,0,0,LivesExhausted,,,,,,,,,
training_episode,177990,117.54355259999284,1514.2472391123804,59019869,1790.826171875,75.02761840820312,16.408262252807617,3,4,13,2,1,1,0,39,0,0,LivesExhausted,,,,,,,,,
ppo_rollout,178176,117.64878079999471,1514.47383294947,,,,,,,,,,,,,,,,,,,-0.008272071081834535,0.8805277441938718,-0.8726385548710823,0.8680976629257202,0.0073637017,0.08138020833333333
training_episode,178866,118.6743051999947,1507.2007348058019,30114665,2546.36474609375,101.25321960449219,23.963645935058594,3,5,19,3,0,1,1,39,0,1,LivesExhausted,,,,,,,,,
training_episode,180834,119.73555109999143,1510.2782618754986,13253296,1402.355224609375,60.875789642333984,12.523552894592285,3,3,11,2,0,0,0,35,0,0,LivesExhausted,,,,,,,,,
training_episode,182526,120.65056780001032,1512.848247034809,72739368,1011.1981201171875,46.62818145751953,8.611981391906738,3,3,10,2,0,0,0,30,0,0,LivesExhausted,,,,,,,,,
ppo_rollout,184320,121.66849770001136,1514.9361049436448,,,,,,,,,,,,,,,,,,,-0.008215460968979944,0.4270916617165009,-0.8717976023753484,0.927029013633728,0.008118552,0.075830078125
training_episode,184662,122.4883925000031,1507.5877495901934,61009720,1053.270263671875,48.29790115356445,9.032702445983887,3,3,10,2,0,0,0,14,0,0,LivesExhausted,,,,,,,,,
training_episode,187002,123.83011889999034,1510.149563459836,71692078,1791.86572265625,75.067626953125,16.418657302856445,3,4,10,2,0,0,0,19,1,0,LivesExhausted,,,,,,,,,
training_episode,188220,124.51378690000274,1511.6398327131424,22050532,24077.33203125,301.4929504394531,240.27330017089844,1,25,43,24,2,1,3,160,0,1,MaxDuration,,,,,,,,,
ppo_rollout,190464,125.7527851999912,1514.590708246304,,,,,,,,,,,,,,,,,,,-0.010390336198421815,0.6927154548466206,-0.8727256213625272,0.9280755519866943,0.009420073,0.08889973958333333
training_episode,190482,126.38907740000286,1507.108081793749,57763121,564.9923706054688,29.000568389892578,4.149923801422119,3,3,8,1,0,0,1,10,0,0,LivesExhausted,,,,,,,,,
training_episode,191454,126.93037660000846,1508.3387060555467,8854678,1278.675537109375,56.59650802612305,11.286755561828613,3,3,11,2,0,0,0,28,0,0,LivesExhausted,,,,,,,,,
training_episode,194700,128.6909607000125,1512.9267738847573,56611102,720.0950317382812,35.13011169433594,5.7009501457214355,3,3,9,1,0,0,0,10,0,0,LivesExhausted,,,,,,,,,
ppo_rollout,196608,129.75443850000738,1515.2314038181346,,,,,,,,,,,,,,,,,,,-0.007646175045132016,0.8300743214786053,-0.8758028025428454,0.9097566604614258,0.008061337,0.07083333333333333
ppo_rollout,202752,133.75688540001283,1515.8247696456945,,,,,,,,,,,,,,,,,,,-0.008331003958786217,0.6861095937589804,-0.8571874807278316,0.9414048194885254,0.0078079496,0.06520182291666667
ppo_rollout,208896,137.77494219999062,1516.2118500240185,,,,,,,,,,,,,,,,,,,-0.009849472731002607,1.3732655917604764,-0.8485100259383519,0.8847406506538391,0.008033056,0.07916666666666666
training_episode,212322,140.3105634000094,1513.2289034767412,69388040,28554.666015625,302.1135559082031,284.046630859375,3,30,46,28,4,0,4,142,0,1,MaxDuration,,,,,,,,,
ppo_rollout,215040,141.8081138000125,1516.4153463268265,,,,,,,,,,,,,,,,,,,-0.007013662304962054,2.030430640776952,-0.8403770829240481,0.4280446171760559,0.0067113717,0.04973958333333333
training_episode,217440,143.78598320001038,1512.2475443071164,65722525,24077.33203125,305.0364074707031,239.77330017089844,2,26,47,24,2,5,1,223,1,1,MaxDuration,,,,,,,,,
training_episode,218550,144.4098895000061,1513.4005071030178,7702659,26254.666015625,300.1616516113281,262.046630859375,1,30,43,27,3,3,1,123,4,1,MaxDuration,,,,,,,,,
ppo_rollout,221184,145.84281309999642,1516.5917010140654,,,,,,,,,,,,,,,,,,,-0.0058265581804638105,2.6708881467580796,-0.8477356721957524,0.7572475671768188,0.005248644,0.03707682291666667
training_episode,224250,148.12681429999066,1513.9055076540194,28962646,23034.666015625,300.2117004394531,229.3466339111328,2,30,45,23,3,0,1,176,4,1,MaxDuration,,,,,,,,,
training_episode,224634,148.33609470000374,1514.3583256273655,12206006,1113.2918701171875,50.667503356933594,9.632918357849121,3,3,9,2,0,0,0,10,0,0,LivesExhausted,,,,,,,,,
ppo_rollout,227328,149.79691189998994,1517.5746757167647,,,,,,,,,,,,,,,,,,,-0.00902812166896183,2.3956843207279843,-0.8114083523551623,0.9034674167633057,0.007665921,0.06510416666666667
training_episode,227634,150.5797070999979,1511.717643658527,22993093,26254.666015625,301.4629211425781,261.546630859375,2,27,42,27,2,2,2,144,1,1,MaxDuration,,,,,,,,,
training_episode,231150,152.52296800000477,1515.5094542875192,6236453,28554.666015625,303.7151184082031,284.546630859375,2,41,39,28,3,3,3,146,3,1,MaxDuration,,,,,,,,,
ppo_rollout,233472,153.84627199999522,1517.566834508718,,,,,,,,,,,,,,,,,,,-0.005933106628557046,2.074374986688296,-0.8255056068301201,0.9260299205780029,0.0067219217,0.057356770833333334
training_episode,239538,157.82512719999067,1517.7431138481868,49594259,2478.4853515625,99.17277526855469,23.28485107421875,3,4,17,3,0,1,0,59,1,0,LivesExhausted,,,,,,,,,
ppo_rollout,239616,157.8778275999939,1517.7305365963198,,,,,,,,,,,,,,,,,,,-0.010595023026689887,1.661855327586333,-0.7865069195628166,0.9078181385993958,0.0086054895,0.08248697916666667
training_episode,243036,160.35402550001163,1515.6214459984503,3827686,2474.544189453125,99.02274322509766,23.245439529418945,3,6,17,3,1,1,0,54,1,0,LivesExhausted,,,,,,,,,
ppo_rollout,245760,161.83349429999362,1518.5978716150707,,,,,,,,,,,,,,,,,,,-0.007280738721601665,1.3075277869900068,-0.7938925604025523,0.937048077583313,0.0068020173,0.05087890625
training_episode,248742,164.10198460001266,1515.7769152292192,59334056,27389.33203125,303.4448547363281,272.8932800292969,2,24,42,27,1,1,4,154,2,1,MaxDuration,,,,,,,,,
training_episode,249900,164.7374448000046,1516.9593063883253,16499895,1293.687255859375,57.18640899658203,11.436872482299805,3,4,13,2,0,0,0,32,0,0,LivesExhausted,,,,,,,,,
ppo_rollout,251904,165.84740410000086,1518.8902193977644,,,,,,,,,,,,,,,,,,,-0.008299017932343607,1.7659134616454442,-0.7753539149959882,0.9404945969581604,0.007099724,0.06370442708333333
training_episode,253968,167.58339929999784,1515.4723025122648,56506373,24077.33203125,304.3457336425781,239.77330017089844,2,27,44,24,3,0,2,165,0,1,MaxDuration,,,,,,,,,
training_episode,255468,168.41797440001392,1516.868973814109,72215723,1264.1734619140625,56.02660369873047,10.641735076904297,4,6,10,2,1,0,0,42,0,0,LivesExhausted,,,,,,,,,
ppo_rollout,258048,169.85762789999717,1519.2017172871651,,,,,,,,,,,,,,,,,,,-0.007543305802391842,1.9627793739239374,-0.7719404066602389,0.9499010443687439,0.0074661872,0.05367838541666667
training_episode,260418,171.79003340000054,1515.9086638841015,17337727,28554.666015625,301.3528137207031,285.046630859375,1,40,43,28,1,0,4,124,1,1,MaxDuration,,,,,,,,,
training_episode,261180,172.23293480000575,1516.4347068885415,39226088,27389.33203125,304.5058898925781,273.8932800292969,0,26,49,27,5,2,4,156,2,1,MaxDuration,,,,,,,,,
training_episode,263850,173.81057840000722,1518.0318852214868,46766576,1643.7713623046875,69.8165054321289,14.937714576721191,3,3,12,2,0,0,0,34,0,0,LivesExhausted,,,,,,,,,
ppo_rollout,264192,174.0213376999891,1518.1586550924242,,,,,,,,,,,,,,,,,,,-0.007408935677570601,1.968378817041715,-0.7620774532357851,0.9521400928497314,0.007098733,0.07088216145833333
training_episode,266748,176.1348558999889,1514.453221862356,10635071,1165.0601806640625,52.717159271240234,10.150601387023926,3,4,10,2,0,0,0,22,0,0,LivesExhausted,,,,,,,,,
training_episode,267396,176.4883617000014,1515.0914055994542,29695749,1141.458984375,51.787315368652344,9.914589881896973,3,3,10,2,0,0,1,37,0,0,LivesExhausted,,,,,,,,,
ppo_rollout,270336,178.12089520000154,1517.7107643460668,,,,,,,,,,,,,,,,,,,-0.0070469586731633175,1.5042259261012076,-0.7743657837311427,0.9655123949050903,0.0070166434,0.058642578125
training_episode,274380,180.91003580001416,1516.6654452675673,47185492,1319.093994140625,58.19623947143555,11.690940856933594,3,3,10,2,2,0,0,22,0,0,LivesExhausted,,,,,,,,,
training_episode,275622,181.60469110001577,1517.7030853691206,18489746,26254.666015625,300.6521301269531,261.546630859375,2,27,39,27,2,1,3,150,5,1,MaxDuration,,,,,,,,,
ppo_rollout,276480,182.09275609999895,1518.347055212712,,,,,,,,,,,,,,,,,,,-0.009319051035951513,0.9949176395932834,-0.7661411290367445,0.9721258878707886,0.0086902715,0.07296549479166667
training_episode,278892,184.06314159999602,1515.1974348350795,13567483,782.3316650390625,37.589698791503906,6.32331657409668,3,3,8,1,0,0,0,18,0,0,LivesExhausted,,,,,,,,,
ppo_rollout,282624,186.22484090001672,1517.649303036535,,,,,,,,,,,,,,,,,,,-0.007682900755510976,1.614601248006026,-0.7604168385267258,0.964363157749176,0.0078062825,0.09676106770833333
training_episode,284916,188.18889520000084,1513.9894396914378,55563812,1101.1090087890625,50.17758560180664,9.511089324951172,3,3,8,2,0,0,1,36,0,0,LivesExhausted,,,,,,,,,
training_episode,286074,188.84910389999277,1514.8284746508186,39959191,26254.666015625,301.4128723144531,261.546630859375,2,23,43,27,4,2,1,166,3,1,MaxDuration,,,,,,,,,
ppo_rollout,288768,190.39397090001148,1516.686682015006,,,,,,,,,,,,,,,,,,,-0.009485163308757668,1.3776675701141357,-0.7526715601483981,0.9789522886276245,0.008722401,0.07550455729166666
training_episode,290286,191.88440440001432,1512.8170572677263,21631616,26254.666015625,302.5940246582031,261.546630859375,2,32,43,27,2,1,1,170,1,1,MaxDuration,,,,,,,,,
training_episode,290826,192.17852950000088,1513.3116105979918,46976034,833.1199340820312,39.599361419677734,6.831199645996094,3,3,8,1,0,0,0,12,1,0,LivesExhausted,,,,,,,,,
ppo_rollout,294912,194.44862090001698,1516.657709553209,,,,,,,,,,,,,,,,,,,-0.0072757667920086535,2.095128176609675,-0.7486692637205123,0.961378812789917,0.007057316,0.05750325520833333
training_episode,297414,196.45290679999744,1513.9200780713716,50432091,1235.03662109375,54.866798400878906,10.850366592407227,3,3,11,2,0,0,1,17,0,0,LivesExhausted,,,,,,,,,
training_episode,300294,198.01267930000904,1516.539249211534,70644788,27389.33203125,303.6550598144531,272.8932800292969,2,27,39,27,1,3,3,95,5,1,MaxDuration,,,,,,,,,
ppo_rollout,301056,198.44745639999746,1517.0564816571962,,,,,,,,,,,,,,,,,,,-0.010041157767409459,1.6374978562196096,-0.7676609451572101,0.9741235375404358,0.0069298446,0.0712890625
training_episode,303084,200.20992439999827,1513.8310496260424,25611318,26254.666015625,302.7742004394531,262.046630859375,1,24,44,27,5,0,3,138,2,1,MaxDuration,,,,,,,,,
ppo_rollout,307200,202.4664471000142,1517.2884416164502,,,,,,,,,,,,,,,,,,,-0.007392552621119345,2.218875269095103,-0.7282273784279824,0.9616069197654724,0.006679624,0.05413411458333333
training_episode,311742,205.59670170000754,1516.2791884418084,37026779,26254.666015625,300.9724426269531,261.546630859375,2,28,40,27,2,3,2,186,3,1,MaxDuration,,,,,,,,,
ppo_rollout,313344,206.48293820000254,1517.529742319388,,,,,,,,,,,,,,,,,,,-0.00912495701534984,1.7904053881764412,-0.7098538974920908,0.9674208164215088,0.007516788,0.08561197916666667
ppo_rollout,319488,210.4500670999987,1518.1178338526743,,,,,,,,,,,,,,,,,,,-0.0070745298231486235,1.75120054880778,-0.7087518041332562,0.9687942266464233,0.008321573,0.07786458333333333
training_episode,321180,212.00197169999592,1514.985909916451,57448934,23034.666015625,302.1435852050781,229.3466339111328,2,29,43,23,5,2,0,146,3,1,MaxDuration,,,,,,,,,
ppo_rollout,325632,214.43508190001012,1518.5574912217041,,,,,,,,,,,,,,,,,,,-0.008013297182818254,1.7915107736984888,-0.697820766766866,0.9648777842521667,0.0057378407,0.0701171875
training_episode,327024,215.86719520000042,1514.9314359553941,68969124,27389.33203125,306.1374816894531,273.3932800292969,1,21,44,27,5,3,3,151,1,1,MaxDuration,,,,,,,,,
ppo_rollout,331776,218.50153390000924,1518.4149698089875,,,,,,,,,,,,,,,,,,,-0.006663821542557949,2.0703398178021115,-0.6985892429947853,0.9542924761772156,0.006668626,0.06554361979166666
training_episode,333624,220.1527483999962,1515.420554250077,26344421,23034.666015625,301.7231750488281,228.8466339111328,3,28,45,23,4,3,2,138,1,1,MaxDuration,,,,,,,,,
training_episode,336396,221.66606859999592,1517.5800343490469,73786658,29750.666015625,300.8022766113281,296.5066223144531,2,32,40,30,2,1,3,124,0,1,MaxDuration,,,,,,,,,
ppo_rollout,337920,222.51101670000935,1518.6663789127606,,,,,,,,,,,,,,,,,,,-0.007609732716809958,2.171604671080907,-0.6722168167432149,0.9667312502861023,0.0069275037,0.067138671875
training_episode,339396,223.94305299999542,1515.5460080291348,52840858,23034.666015625,302.5740051269531,229.34661865234375,2,27,41,23,5,5,2,150,3,1,MaxDuration,,,,,,,,,
training_episode,342120,225.44690000000992,1517.519202969679,49698988,1667.4326171875,70.75670623779297,15.174325942993164,3,3,14,2,0,0,0,26,0,0,LivesExhausted,,,,,,,,,
training_episode,343596,226.2583910000103,1518.6000328270006,50746278,1379.52490234375,59.9759407043457,12.295248031616211,3,4,11,2,0,0,0,44,0,0,LivesExhausted,,,,,,,,,
ppo_rollout,344064,226.52233189999242,1518.89660111702,,,,,,,,,,,,,,,,,,,-0.005693554263173913,2.320571325222651,-0.6955172896385193,0.9673672318458557,0.00618739,0.060888671875
training_episode,345936,228.16172289999668,1516.1877093276676,63627945,1225.4803466796875,54.49686050415039,10.254803657531738,4,4,10,2,1,0,0,27,1,0,LivesExhausted,,,,,,,,,
training_episode,347802,229.19256719999248,1517.5099447989926,30743039,26254.666015625,300.4419250488281,261.046630859375,3,28,45,27,3,0,2,124,1,1,MaxDuration,,,,,,,,,
ppo_rollout,350208,230.6031984000001,1518.6606362351297,,,,,,,,,,,,,,,,,,,-0.0075469018309377136,1.454297013580799,-0.6849152127901713,0.9814656376838684,0.0091900835,0.086474609375
training_episode,351960,232.1784786999924,1515.9027743255324,42682145,1100.654296875,50.16758728027344,9.506543159484863,3,3,10,2,0,0,1,12,0,0,LivesExhausted,,,,,,,,,
ppo_rollout,356352,234.58992669999134,1519.0422070241993,,,,,,,,,,,,,,,,,,,-0.0058420018778027345,1.5982246999939282,-0.6726706549525261,0.9766504168510437,0.00794403,0.080126953125
training_episode,357420,235.7990262999956,1515.7823406160803,11891819,27389.33203125,301.9634094238281,272.8932800292969,2,30,49,27,1,0,6,137,2,1,MaxDuration,,,,,,,,,
training_episode,359238,236.82300199999008,1516.905017528724,73367742,1395.5069580078125,60.6058349609375,12.455070495605469,3,3,13,2,0,0,1,30,0,1,LivesExhausted,,,,,,,,,
ppo_rollout,362496,238.6768477000005,1518.773201058995,,,,,,,,,,,,,,,,,,,-0.0063955718884244565,1.6874030873179435,-0.6729030147194862,0.9737604856491089,0.0114035,0.07862955729166667
training_episode,363312,239.76993470001617,1515.2525292820856,73263013,26254.666015625,302.3537902832031,262.046630859375,1,20,43,27,2,1,6,132,2,1,MaxDuration,,,,,,,,,
ppo_rollout,368640,242.82449020000058,1518.1335280324172,,,,,,,,,,,,,,,,,,,-0.006435173402617996,1.6834843844175338,-0.6551291222373644,0.9769895076751709,0.0067546866,0.06868489583333333
training_episode,369552,243.96701300001587,1514.7621617188713,34618012,2541.802490234375,101.08318328857422,23.41802406311035,4,5,17,3,1,0,0,51,0,1,LivesExhausted,,,,,,,,,
ppo_rollout,374784,246.91529319999972,1517.864669874569,,,,,,,,,,,,,,,,,,,-0.00552585219120374,1.5075966114799182,-0.6602505952119827,0.9830833673477173,0.009875775,0.08732096354166667
training_episode,378150,249.36733700000332,1516.4375757840128,43519977,26254.666015625,300.2217102050781,262.046630859375,1,17,45,27,0,0,6,166,2,1,MaxDuration,,,,,,,,,
training_episode,380160,250.5005449000164,1517.6014892571802,44776725,27389.33203125,304.6760559082031,273.8932800292969,0,30,42,27,6,4,4,148,3,1,MaxDuration,,,,,,,,,
ppo_rollout,380928,250.928768999991,1518.0722462318126,,,,,,,,,,,,,,,,,,,-0.008980562343883019,1.4781616429487865,-0.6835276400049527,0.9817414879798889,0.009520203,0.09300130208333333
training_episode,384186,253.34589060000144,1516.448516651005,58915140,27389.33203125,303.1545715332031,272.8932800292969,2,25,46,27,4,1,5,176,1,1,MaxDuration,,,,,,,,,
ppo_rollout,387072,254.97412900000927,1518.0834287700848,,,,,,,,,,,,,,,,,,,-0.008040526302647778,2.41296426653862,-0.6312605410814285,0.9655988812446594,0.008204874,0.08162434895833333
training_episode,390906,257.75517720001517,1516.5786551657168,50536820,1262.91064453125,55.97661209106445,11.129106521606445,3,3,11,2,0,0,2,23,0,1,LivesExhausted,,,,,,,,,
ppo_rollout,393216,259.0219604000158,1518.0797774549467,,,,,,,,,,,,,,,,,,,-0.007797110623990496,1.9444466561079026,-0.6526745979984602,0.9800180196762085,0.008707815,0.07412109375
training_episode,394968,260.6753061999916,1515.1722875391129,73472471,687.1841430664062,33.83032989501953,5.3718414306640625,3,4,7,1,0,0,0,4,0,0,LivesExhausted,,,,,,,,,
training_episode,396018,261.32099880001624,1515.4465267564078,46661847,27389.33203125,306.4878234863281,272.8932800292969,2,27,43,27,4,2,5,146,0,1,MaxDuration,,,,,,,,,
ppo_rollout,399360,263.26583750001737,1516.9457753893862,,,,,,,,,,,,,,,,,,,-0.006133335248644774,1.6501321891943614,-0.6436472704013189,0.9745084047317505,0.009901908,0.09261067708333333
training_episode,399900,264.2400147000153,1513.396827706038,54516522,24077.33203125,304.8762512207031,239.27330017089844,3,14,47,24,4,2,0,122,3,1,MaxDuration,,,,,,,,,
training_episode,401958,265.3802107000083,1514.6494870123615,38388256,1082.7906494140625,49.457706451416016,8.827906608581543,4,4,9,2,2,0,0,21,0,0,LivesExhausted,,,,,,,,,
ppo_rollout,405504,267.28975630001514,1517.0951764602924,,,,,,,,,,,,,,,,,,,-0.005662988221350436,2.0179580797751746,-0.6241854677597681,0.9804961085319519,0.0061540683,0.06728515625
training_episode,405756,268.0471350000007,1513.7486919977673,25925505,25150.666015625,301.6531066894531,251.5066375732422,0,21,47,26,1,2,3,172,4,1,MaxDuration,,,,,,,,,
training_episode,411174,271.0327416000073,1517.06394427731,53678690,2330.56787109375,93.94165802001953,21.305679321289062,4,5,17,3,2,1,0,41,2,0,LivesExhausted,,,,,,,,,
ppo_rollout,411648,271.30347420001635,1517.2971935350733,,,,,,,,,,,,,,,,,,,-0.006572040940712517,1.7950328210989634,-0.6355117370684942,0.9838681221008301,0.008398248,0.084619140625
training_episode,414378,273.409536399995,1515.5945379819152,68654937,26254.666015625,301.8833312988281,261.046630859375,3,19,47,27,3,1,4,138,4,1,MaxDuration,,,,,,,,,
training_episode,416952,274.83372450000024,1517.1063913591856,63104300,28554.666015625,306.5578918457031,284.546630859375,2,12,42,28,6,1,7,125,0,1,MaxDuration,,,,,,,,,
ppo_rollout,417792,275.29601930000354,1517.6100296049383,,,,,,,,,,,,,,,,,,,-0.00735700229027619,1.851904807984829,-0.6508482734362284,0.984822154045105,0.006155743,0.07464192708333334
training_episode,420054,277.21831419999944,1515.2462102375805,34094367,1027.451171875,47.278072357177734,8.774511337280273,3,4,10,2,0,1,0,11,0,0,LivesExhausted,,,,,,,,,
training_episode,421902,278.2374805000145,1516.337767441716,67502918,875.0752563476562,41.24908447265625,7.2507524490356445,3,3,8,1,0,0,0,24,0,0,LivesExhausted,,,,,,,,,
ppo_rollout,423936,279.3999754000106,1517.3086518460157,,,,,,,,,,,,,,,,,,,-0.007947110221721232,2.2008109778165816,-0.632465498149395,0.9777887463569641,0.009296224,0.08408203125
ppo_rollout,430080,283.454427699995,1517.2809382084936,,,,,,,,,,,,,,,,,,,-0.006714754848508165,1.500011996924877,-0.6287792637944222,0.9883177280426025,0.013983919,0.07841796875
training_episode,431094,284.6298683999921,1514.5775193001914,64779964,2266.1943359375,91.99124145507812,20.161943435668945,5,6,17,3,2,0,0,72,1,0,LivesExhausted,,,,,,,,,
training_episode,431730,284.99374050000915,1514.8753767101987,46242931,29750.666015625,306.3076477050781,297.5066223144531,0,20,47,30,3,0,3,137,1,1,MaxDuration,,,,,,,,,
ppo_rollout,436224,287.4973098000046,1517.31506741213,,,,,,,,,,,,,,,,,,,-0.00671216060873121,1.8300846601525942,-0.6226026147603989,0.9871532917022705,0.009394407,0.07919921875
training_episode,438546,289.494924300001,1514.8659378412408,62266468,27389.33203125,304.8662414550781,273.3932800292969,1,23,46,27,2,0,4,163,5,1,MaxDuration,,,,,,,,,
training_episode,439236,289.8829173000122,1515.2186409984827,18803933,1443.4375,62.505516052246094,12.934374809265137,3,6,10,2,0,2,0,37,0,0,LivesExhausted,,,,,,,,,
training_episode,442176,291.5288977000164,1516.7484372509778,67398189,26254.666015625,303.4848937988281,261.546630859375,2,22,46,27,5,4,1,171,3,1,MaxDuration,,,,,,,,,
ppo_rollout,442368,291.64388150000013,1516.8087796829018,,,,,,,,,,,,,,,,,,,-0.007752643351947578,2.0917068392038347,-0.6403098280231158,0.9858692288398743,0.008540933,0.06946614583333334
training_episode,447762,295.19038469999214,1516.858350433973,22155261,27389.33203125,304.8562316894531,273.8932800292969,0,21,44,27,5,6,2,151,3,1,MaxDuration,,,,,,,,,
training_episode,448074,295.3666710999969,1517.0093441189367,44043622,1755.4385986328125,73.6273193359375,15.554384231567383,4,5,13,2,1,0,0,35,0,0,LivesExhausted,,,,,,,,,
ppo_rollout,448512,295.6006161000114,1517.2904776634623,,,,,,,,,,,,,,,,,,,-0.00875195890548639,1.975188785791397,-0.6051950270930926,0.9877040386199951,0.008737232,0.076123046875
ppo_rollout,454656,299.57607090001693,1517.664607303501,,,,,,,,,,,,,,,,,,,-0.006930917916664233,1.7067821661631266,-0.6195082907875379,0.985880970954895,0.009043694,0.06931966145833333
training_episode,458076,302.11969930000487,1516.2069903463346,32104516,26254.666015625,301.4328918457031,261.546630859375,2,22,41,27,1,3,3,150,1,1,MaxDuration,,,,,,,,,
ppo_rollout,460800,303.68492170001264,1517.362131186709,,,,,,,,,,,,,,,,,,,-0.00757817534225372,1.6829223637779553,-0.6237041294574738,0.9857737421989441,0.007904242,0.07135416666666666
ppo_rollout,466944,307.8666368999984,1516.7086784777957,,,,,,,,,,,,,,,,,,,-0.005789019339135848,1.9666314154863358,-0.6212090715765953,0.9722203016281128,0.008275973,0.070654296875
training_episode,467346,308.71222089999355,1513.8564927476434,33989638,26254.666015625,302.0735168457031,262.046630859375,1,31,42,27,2,2,1,147,2,1,MaxDuration,,,,,,,,,
ppo_rollout,473088,311.8279475000163,1517.1443220302608,,,,,,,,,,,,,,,,,,,-0.006892612871403496,1.8557707260052363,-0.6134050707022349,0.9821594953536987,0.013144313,0.08346354166666667
training_episode,474570,313.2519681999984,1514.9785098780505,61847552,26254.666015625,300.1416320800781,262.546630859375,0,32,41,27,3,2,3,140,1,1,MaxDuration,,,,,,,,,
training_episode,478380,315.41654120001476,1516.6611052799713,17651914,23034.666015625,301.6831359863281,229.34661865234375,2,24,41,23,4,4,3,136,1,1,MaxDuration,,,,,,,,,
ppo_rollout,479232,315.8715135999955,1517.1738487531875,,,,,,,,,,,,,,,,,,,-0.0076306622455983115,2.035836332043012,-0.5959998413920402,0.9757910966873169,0.007728657,0.080322265625
training_episode,482652,318.358556399995,1516.0641682065611,59648243,732.0266723632812,35.600032806396484,5.8202667236328125,3,4,8,1,0,0,0,13,0,0,LivesExhausted,,,,,,,,,
training_episode,483906,319.05031960000633,1516.7074604616394,22888364,23034.666015625,301.1726379394531,229.84661865234375,1,26,44,23,2,3,2,128,2,1,MaxDuration,,,,,,,,,
training_episode,484536,319.427016600006,1516.8911044451424,15033689,27389.33203125,303.8052062988281,272.3932800292969,3,35,41,27,5,1,4,152,2,1,MaxDuration,,,,,,,,,
ppo_rollout,485376,319.9064031000016,1517.243779107082,,,,,,,,,,,,,,,,,,,-0.006879577954532578,1.8374378686149915,-0.6259089683492979,0.9795133471488953,0.008013928,0.078125
training_episode,490296,323.3240350999986,1516.4229898601873,38702443,1045.5386962890625,47.99795150756836,8.955387115478516,3,3,8,2,0,0,1,15,0,0,LivesExhausted,,,,,,,,,
ppo_rollout,491520,324.01045709999744,1516.988076246888,,,,,,,,,,,,,,,,,,,-0.007924535575633248,2.3575960208972293,-0.5972216283281644,0.9845663905143738,0.008283752,0.072802734375
training_episode,494478,326.22702779999236,1515.7481074902266,12415464,25150.666015625,303.2947082519531,250.5066375732422,2,23,44,26,4,3,4,166,2,1,MaxDuration,,,,,,,,,
ppo_rollout,497664,327.9793929000152,1517.3636233655486,,,,,,,,,,,,,,,,,,,-0.007132982171606272,1.7379243512948355,-0.6125470449527105,0.9885109663009644,0.007227452,0.078369140625
validation,500004,,,,,,,,,,,,,,,,,,14084.309422607423,20332.341796875,12438.170940856025,,,,,,
training_episode,501378,572.2581403999939,876.1395681493487,14824231,1301.2158203125,57.49635696411133,11.512158393859863,3,3,13,2,0,0,1,21,0,0,LivesExhausted,,,,,,,,,
ppo_rollout,503808,573.6030620000092,878.3216711628919,,,,,,,,,,,,,,,,,,,-0.0069311486789956685,1.7337759961684545,-0.5988578259944916,0.9884399175643921,0.007583525,0.07994791666666666
training_episode,504048,574.3593766000122,877.5829568305672,44148351,28554.666015625,305.7971496582031,285.046630859375,1,35,44,28,3,2,5,152,0,1,MaxDuration,,,,,,,,,
training_episode,504402,574.5511981000018,877.9060972599483,36503134,482.10247802734375,25.200481414794922,3.3210244178771973,3,3,4,1,0,0,0,4,0,0,LivesExhausted,,,,,,,,,
ppo_rollout,509952,577.6173947000061,882.8542988475111,,,,,,,,,,,,,,,,,,,-0.006757121857178087,2.01273576716582,-0.5868645946184794,0.9829046726226807,0.00581944,0.05960286458333333
training_episode,510888,578.7553909000126,882.7356220484216,50955736,1287.7589111328125,56.95644760131836,11.377589225769043,3,5,10,2,0,1,1,26,0,0,LivesExhausted,,,,,,,,,
training_episode,511236,578.9531997000158,883.0351058857548,28857917,27389.33203125,305.5368957519531,273.3932800292969,1,33,42,27,6,3,3,176,5,1,MaxDuration,,,,,,,,,
ppo_rollout,516096,581.6532553000143,887.2915182668407,,,,,,,,,,,,,,,,,,,-0.006351358885876834,1.8637680610020955,-0.5811949421962103,0.9900822043418884,0.0073189414,0.06573893229166666
training_episode,518886,583.9709270000167,888.5476588117634,30219394,29750.666015625,301.8933410644531,297.0066223144531,1,30,45,30,1,4,6,156,1,1,MaxDuration,,,,,,,,,
training_episode,520662,584.9768621000112,890.0557162737566,71587349,27389.33203125,306.2475891113281,272.3932800292969,3,26,46,27,4,5,5,146,2,1,MaxDuration,,,,,,,,,
ppo_rollout,522240,585.8674492000137,891.3961694118776,,,,,,,,,,,,,,,,,,,-0.007810627564322203,1.9679162606596947,-0.6143811350067456,0.989631175994873,0.0070449146,0.0755859375
training_episode,525090,588.0715818000026,892.9015042569732,4560789,764.94189453125,36.89981460571289,6.149418830871582,3,3,7,1,0,0,0,18,0,0,LivesExhausted,,,,,,,,,
training_episode,527004,589.123242600006,894.5564559193894,72320452,27389.33203125,305.8471984863281,273.3932800292969,1,36,43,27,3,2,2,168,4,1,MaxDuration,,,,,,,,,
ppo_rollout,528384,589.8783075000101,895.7508579004508,,,,,,,,,,,,,,,,,,,-0.007589602288013945,2.5268410394589105,-0.6018523345390956,0.9806930422782898,0.0087554725,0.08235677083333333
training_episode,530928,591.8554231000016,897.0569150471277,18070830,1061.9588623046875,48.63784408569336,9.119588851928711,3,3,10,2,0,0,0,44,0,0,LivesExhausted,,,,,,,,,
training_episode,533988,593.560709500016,899.6350187157825,21736345,1319.12109375,58.19623947143555,11.191210746765137,4,6,8,2,1,1,0,26,0,0,LivesExhausted,,,,,,,,,
ppo_rollout,534528,593.8623708999949,900.0873370540821,,,,,,,,,,,,,,,,,,,-0.009223433843969057,1.8638462468981742,-0.589275081952413,0.9881167411804199,0.008968015,0.0802734375
ppo_rollout,540672,597.8171449000074,904.4103278276409,,,,,,,,,,,,,,,,,,,-0.006662075388400505,1.5082793230811755,-0.5720131173729897,0.9908554553985596,0.009292905,0.09886067708333333
training_episode,541032,598.6378162000037,903.7718389298051,7493201,24077.33203125,305.2165832519531,239.77330017089844,2,32,45,24,7,5,3,166,2,1,MaxDuration,,,,,,,,,
ppo_rollout,546816,601.7678069999965,908.6827072489159,,,,,,,,,,,,,,,,,,,-0.006538054964039475,2.302455632885297,-0.541662409901619,0.9794890880584717,0.009756588,0.071484375
training_episode,547128,602.5529631999962,908.0164457151632,17442456,26254.666015625,301.9734191894531,261.546630859375,2,33,43,27,5,0,7,145,1,1,MaxDuration,,,,,,,,,
training_episode,547962,603.0189793999889,908.6977669346804,46138202,27389.33203125,306.0273742675781,271.8932800292969,4,35,42,27,5,2,3,136,2,1,MaxDuration,,,,,,,,,
ppo_rollout,552960,605.6967251000169,912.9321277223207,,,,,,,,,,,,,,,,,,,-0.008058217390983675,2.0950221449136732,-0.5627358655134836,0.981153666973114,0.0096866535,0.09479166666666666
training_episode,555414,607.6419242999982,914.0481882316388,67084002,29750.666015625,304.3857727050781,297.0066223144531,1,45,41,30,7,5,7,148,0,1,MaxDuration,,,,,,,,,
training_episode,558942,609.6278535000165,916.8577137527146,51688839,574.1905517578125,29.360576629638672,4.241905212402344,3,3,6,1,0,0,0,1,0,0,LivesExhausted,,,,,,,,,
ppo_rollout,559104,609.7249177999911,916.9774494658321,,,,,,,,,,,,,,,,,,,-0.008578745077829807,1.5583305463194848,-0.5619742721319199,0.9898116588592529,0.0067348517,0.08155924479166667
ppo_rollout,565248,613.7366402999905,920.9943856760946,,,,,,,,,,,,,,,,,,,-0.007991891503722096,1.8091057926416396,-0.5665729294220606,0.985912024974823,0.009618976,0.090673828125
training_episode,567054,615.3490439000016,921.5160170008327,45405099,27389.33203125,301.0325012207031,272.8932800292969,2,37,46,27,4,5,4,115,2,1,MaxDuration,,,,,,,,,
training_episode,570648,617.3304281000164,924.3801601620498,30533581,27389.33203125,305.4568176269531,272.3932800292969,3,34,43,27,2,3,7,169,2,1,MaxDuration,,,,,,,,,
ppo_rollout,571392,617.7404175999982,924.9710456374737,,,,,,,,,,,,,,,,,,,-0.00788671878593353,1.8029742648204168,-0.5517174601554871,0.9829443097114563,0.0071809045,0.07096354166666667
ppo_rollout,577536,621.689586499997,928.97808253702,,,,,,,,,,,,,,,,,,,-0.005963467048907963,2.353626212477684,-0.5542721197009086,0.9842557311058044,0.007665649,0.08811848958333333
training_episode,577746,622.4112902999914,928.2383031990576,54411793,27389.33203125,305.8972473144531,272.8932800292969,2,30,46,27,6,3,4,136,4,1,MaxDuration,,,,,,,,,
training_episode,580998,624.221160599991,930.7566559287327,65931983,515.9121704101562,27.060523986816406,3.659121513366699,3,4,7,1,0,0,0,5,0,0,LivesExhausted,,,,,,,,,
training_episode,583620,625.6774263000116,932.7809754161642,53050316,27389.33203125,304.0554504394531,272.8932800292969,2,30,42,27,1,2,2,130,3,1,MaxDuration,,,,,,,,,
ppo_rollout,583680,625.717524000007,932.8170901603094,,,,,,,,,,,,,,,,,,,-0.007821997927385383,1.9510081986586252,-0.5756479809681575,0.9806996583938599,0.007902014,0.07272135416666667
training_episode,584340,626.6524094000051,932.4786615908529,58600953,24077.33203125,303.0945129394531,239.77330017089844,2,30,42,24,2,2,4,143,1,1,MaxDuration,,,,,,,,,
training_episode,586110,627.614241000003,933.8698227531094,60171888,908.2276000976562,42.56886291503906,7.582275390625,3,3,8,1,0,0,0,24,0,0,LivesExhausted,,,,,,,,,
ppo_rollout,589824,629.7037009999913,936.6691017749126,,,,,,,,,,,,,,,,,,,-0.00581782814503337,2.207101035118103,-0.5566304763158162,0.9837298393249512,0.005735785,0.06842447916666666
training_episode,595164,633.3093865000119,939.7681649551689,5922266,23034.666015625,301.8032531738281,228.8466339111328,3,34,42,23,2,4,3,153,1,1,MaxDuration,,,,,,,,,
ppo_rollout,595968,633.792644000001,940.3201593485188,,,,,,,,,,,,,,,,,,,-0.006690890235283102,1.4795498535037042,-0.5824224829673768,0.9911848902702332,0.007885379,0.07828776041666667
training_episode,600096,636.8306002000172,942.316527835692,55982728,870.5346069335938,41.0791130065918,7.20534610748291,3,3,7,1,0,0,1,29,0,0,LivesExhausted,,,,,,,,,
ppo_rollout,602112,637.9678835000086,943.7967264068268,,,,,,,,,,,,,,,,,,,-0.008384992098823811,1.8971363921960196,-0.5546617517868678,0.9679527878761292,0.010004827,0.09537760416666667
training_episode,603594,639.4177357000008,943.9744415897648,68864395,27389.33203125,304.4558410644531,273.3932800292969,1,32,39,27,2,1,7,145,3,1,MaxDuration,,,,,,,,,
training_episode,606714,641.1215291999979,946.3322823631704,47290221,26254.666015625,300.5119934082031,262.046630859375,1,35,44,27,5,0,5,106,4,1,MaxDuration,,,,,,,,,
ppo_rollout,608256,641.9821238000004,947.4656340890463,,,,,,,,,,,,,,,,,,,-0.007014612034739306,1.9082247510552406,-0.5506349737445514,0.9840723872184753,0.008698648,0.09197591145833334
ppo_rollout,614400,646.0147799999977,951.0618317432338,,,,,,,,,,,,,,,,,,,-0.007364727362679939,1.8261041815082233,-0.5354309812188148,0.9900273084640503,0.0077555287,0.08486328125
training_episode,619692,649.5975637999945,953.9629372606419,42263229,26254.666015625,300.5520324707031,261.546630859375,2,36,43,27,1,2,3,137,3,1,MaxDuration,,,,,,,,,
ppo_rollout,620544,650.0929460999905,954.5465824890745,,,,,,,,,,,,,,,,,,,-0.006437296862713993,2.066642215847969,-0.5135466399292151,0.9843651056289673,0.009845489,0.09352213541666667
training_episode,620946,650.942869999999,953.9178146309537,26134963,26254.666015625,305.0063781738281,262.046630859375,1,23,44,27,6,8,3,179,2,1,MaxDuration,,,,,,,,,
training_episode,622152,651.6612955000019,954.7168203731354,51060465,29750.666015625,300.3017883300781,297.0066223144531,1,25,47,30,5,3,6,114,3,1,MaxDuration,,,,,,,,,
ppo_rollout,626688,654.1998279000109,957.945834396924,,,,,,,,,,,,,,,,,,,-0.004872948245611042,2.2706295907497407,-0.5162378457685312,0.9443294405937195,0.0076489076,0.08094075520833334
training_episode,627852,655.470705899992,957.8643169688717,27182253,1032.4332275390625,47.468040466308594,8.824332237243652,3,3,10,2,0,0,1,23,0,0,LivesExhausted,,,,,,,,,
ppo_rollout,632832,658.3525986000022,961.2356681597792,,,,,,,,,,,,,,,,,,,-0.008217004992184229,1.441346531609694,-0.5464005375901858,0.9928292036056519,0.008720464,0.09293619791666667
training_episode,636204,660.9898649000097,962.5018987185845,2570938,26254.666015625,300.8623352050781,261.546630859375,2,22,44,27,6,2,6,188,1,1,MaxDuration,,,,,,,,,
ppo_rollout,638976,662.5027767000138,964.4880330657589,,,,,,,,,,,,,,,,,,,-0.0057563912278662125,2.132253974676132,-0.5189364545047284,0.9835156202316284,0.00765186,0.06510416666666667
training_episode,640080,663.7185083999939,964.3847382575204,4037144,27389.33203125,304.0354309082031,272.8932800292969,2,28,48,27,5,3,8,180,1,1,MaxDuration,,,,,,,,,
training_episode,642816,665.2612835000036,966.2609503112569,71377891,26254.666015625,300.8222961425781,262.046630859375,1,28,43,27,7,0,3,188,0,1,MaxDuration,,,,,,,,,
training_episode,644334,666.0840244000137,967.3464253708751,7283743,728.26220703125,35.45005798339844,5.78262186050415,3,3,9,1,0,0,0,9,0,0,LivesExhausted,,,,,,,,,
ppo_rollout,645120,666.5205991000112,967.8920664583991,,,,,,,,,,,,,,,,,,,-0.006137730506209967,2.009880714615186,-0.5021910962959131,0.9795423746109009,0.007402025,0.06481119791666666
training_episode,645606,667.4034702999925,967.339890680828,52212484,446.7575378417969,23.250436782836914,2.9675753116607666,3,4,6,1,0,0,1,13,0,0,LivesExhausted,,,,,,,,,
training_episode,649944,669.7889374000079,970.3713568679678,17023540,1013.681884765625,46.72816467285156,8.636818885803223,3,3,8,2,1,0,1,15,0,0,LivesExhausted,,,,,,,,,
ppo_rollout,651264,670.5129858000146,971.2921506254679,,,,,,,,,,,,,,,,,,,-0.006309985724510625,2.0913696736097336,-0.4980713369945685,0.9848339557647705,0.008537157,0.08863932291666667
training_episode,655644,673.5434505000012,973.4249505555823,47604408,1031.8912353515625,47.45804214477539,8.8189115524292,3,4,9,2,2,1,1,11,1,0,LivesExhausted,,,,,,,,,
training_episode,655980,673.7332680000109,973.6494116540931,58182037,23034.666015625,302.3537902832031,228.8466339111328,3,25,40,23,8,4,8,151,3,1,MaxDuration,,,,,,,,,
ppo_rollout,657408,674.5079139000154,974.6483124250634,,,,,,,,,,,,,,,,,,,-0.005522747886910414,1.9637401208281517,-0.49934929683804513,0.9839067459106445,0.011565427,0.06419270833333333
training_episode,657492,675.2015133000095,973.771514205507,52945587,27389.33203125,304.5058898925781,272.3932800292969,3,23,42,27,3,1,9,154,1,1,MaxDuration,,,,,,,,,
ppo_rollout,663552,678.5121145000157,977.9515882173458,,,,,,,,,,,,,,,,,,,-0.007715995508867006,1.9025587325294813,-0.5076216638088227,0.9853023886680603,0.008705012,0.08758138020833334
training_episode,664230,679.5136495000042,977.5079580649334,51898297,26254.666015625,303.0945129394531,261.046630859375,3,34,43,27,6,1,6,175,1,1,MaxDuration,,,,,,,,,
ppo_rollout,669696,682.5622141000058,981.1501225320968,,,,,,,,,,,,,,,,,,,-0.006449596184150626,2.3811282287041347,-0.5164090640842914,0.9820166826248169,0.008062617,0.069140625
training_episode,672438,684.6820604999957,982.1171588882373,31371413,26254.666015625,301.9233703613281,261.546630859375,2,23,46,27,2,2,8,145,5,1,MaxDuration,,,,,,,,,
ppo_rollout,675840,686.5481808999903,984.4028704788744,,,,,,,,,,,,,,,,,,,-0.006313745625084266,1.698807809750239,-0.5022296393911044,0.9824125170707703,0.009242927,0.07379557291666666
training_episode,677934,688.2971622000041,984.9437673593186,57658392,989.1106567382812,45.76832580566406,8.391106605529785,3,4,9,1,0,1,1,17,0,0,LivesExhausted,,,,,,,,,
training_episode,681900,690.5232059000118,987.512069360837,61638094,26254.666015625,302.4238586425781,262.046630859375,1,18,46,27,7,1,3,149,2,1,MaxDuration,,,,,,,,,
ppo_rollout,681984,690.5714016999991,987.564788117696,,,,,,,,,,,,,,,,,,,-0.007161018580275898,1.8371868764360746,-0.506492983798186,0.9787813425064087,0.009946004,0.08504231770833333
ppo_rollout,688128,694.5300133000128,990.7822366529647,,,,,,,,,,,,,,,,,,,-0.005723845677372689,2.0118144859870273,-0.5090060589214166,0.9864045977592468,0.008916787,0.08043619791666666
training_episode,692208,697.4604305000103,992.4692064663155,12834380,29750.666015625,304.6460266113281,296.5066223144531,2,38,42,30,3,2,8,127,1,1,MaxDuration,,,,,,,,,
training_episode,692652,697.7148134000017,992.7437209261326,4246602,27389.33203125,305.5469055175781,272.8932800292969,2,42,44,27,5,4,9,170,1,1,MaxDuration,,,,,,,,,
training_episode,694194,698.5999450999952,993.6931785768111,54830709,27389.33203125,305.8371887207031,273.3932800292969,1,32,45,27,2,4,7,169,2,1,MaxDuration,,,,,,,,,
ppo_rollout,694272,698.6539587000152,993.7279984669825,,,,,,,,,,,,,,,,,,,-0.007165876902096594,1.7105408643682798,-0.5005786721905072,0.9921241402626038,0.0075582676,0.07189127604166666
training_episode,698028,701.39024529999,995.2063130011852,69283311,964.760986328125,44.79848861694336,8.14760971069336,3,5,7,1,0,1,0,19,1,0,LivesExhausted,,,,,,,,,
ppo_rollout,700416,702.7380767000141,996.6956725741711,,,,,,,,,,,,,,,,,,,-0.005357437986337269,2.6877722362677257,-0.4950124680995941,0.9817327857017517,0.0067130537,0.061474609375
training_episode,700902,703.600090699998,996.1653064920533,27496440,28554.666015625,305.5569152832031,284.546630859375,2,23,46,28,3,2,10,119,1,1,MaxDuration,,,,,,,,,
ppo_rollout,706560,706.7320312999946,999.7565819966047,,,,,,,,,,,,,,,,,,,-0.005936972339986824,1.694886027276516,-0.5412281056245168,0.9913806915283203,0.008356914,0.08916015625
ppo_rollout,712704,710.712792700011,1002.8017045991593,,,,,,,,,,,,,,,,,,,-0.007799822718758757,1.3366544927159945,-0.5344964906573295,0.9901162981987,0.011333409,0.09314778645833334
training_episode,714414,712.2620291000057,1003.021319138286,42158500,24077.33203125,303.9753723144531,239.77330017089844,2,39,44,24,7,3,6,159,2,1,MaxDuration,,,,,,,,,
training_episode,717996,714.2510823000048,1005.2431389924338,70435330,26254.666015625,300.7422180175781,261.546630859375,2,31,43,27,3,5,6,164,1,1,MaxDuration,,,,,,,,,
ppo_rollout,718848,714.7648229000042,1005.712616190916,,,,,,,,,,,,,,,,,,,-0.005289753960096277,1.6572407389680543,-0.5210250936448574,0.9625093936920166,0.009407837,0.08824869791666666
training_episode,723816,718.1997953999962,1007.8198359787556,32313974,1057.8487548828125,48.47787094116211,9.078487396240234,3,3,8,2,0,0,0,21,1,0,LivesExhausted,,,,,,,,,
ppo_rollout,724992,718.8499960000045,1008.5442081577135,,,,,,,,,,,,,,,,,,,-0.008386102563235909,1.7861899455388388,-0.5283437093098958,0.9867148995399475,0.008257898,0.07945963541666666
training_episode,728400,721.3583780000044,1009.7616139421833,64151590,26254.666015625,301.5630187988281,262.046630859375,1,34,42,27,8,2,7,106,0,1,MaxDuration,,,,,,,,,
training_episode,730308,722.4019356000063,1010.944135128081,44671996,26254.666015625,300.9123840332031,261.046630859375,3,37,41,27,7,2,6,129,1,1,MaxDuration,,,,,,,,,
ppo_rollout,731136,722.8672252999968,1011.4388568337313,,,,,,,,,,,,,,,,,,,-0.00791327203041874,1.757280663649241,-0.5327175838251909,0.98985755443573,0.009157578,0.07724609375
training_episode,734268,725.1779838000075,1012.5348761311808,38492985,24077.33203125,301.9734191894531,239.77330017089844,2,29,44,24,8,4,2,153,1,1,MaxDuration,,,,,,,,,
training_episode,736116,726.1971132000035,1013.6586701044413,30847768,1488.4871826171875,64.28532409667969,13.384871482849121,3,3,13,2,1,0,1,27,1,1,LivesExhausted,,,,,,,,,
training_episode,737256,726.819520399993,1014.3591074635192,6026995,27389.33203125,302.9143371582031,273.3932800292969,1,37,44,27,2,3,8,163,1,1,MaxDuration,,,,,,,,,
ppo_rollout,737280,726.8387528000167,1014.3652868807012,,,,,,,,,,,,,,,,,,,-0.006113173738898089,2.272409236431122,-0.5219788551330566,0.9808604121208191,0.0057737404,0.06448567708333333
training_episode,739698,728.7559955999895,1015.0146337952277,51479381,976.2501831054688,45.2484130859375,8.26250171661377,3,4,10,1,0,1,1,10,2,0,LivesExhausted,,,,,,,,,
ppo_rollout,743424,730.8141764000175,1017.2544868547822,,,,,,,,,,,,,,,,,,,-0.00682580063973243,1.7614749918381374,-0.5166911467909813,0.9871824979782104,0.0069488245,0.07849934895833334
training_episode,746886,733.3049603000109,1018.5203161511861,41949042,1937.5281982421875,80.2187271118164,17.375282287597656,4,5,11,2,2,1,0,44,0,0,LivesExhausted,,,,,,,,,
ppo_rollout,749568,734.7637747999979,1020.1482785457569,,,,,,,,,,,,,,,,,,,-0.007076147965077931,1.4299459179242453,-0.5273226588964463,0.9912074208259583,0.0088263955,0.08837890625
training_episode,749802,735.5081174999941,1019.4340241255135,67188731,469.8807678222656,24.280460357666016,3.198807716369629,3,3,6,1,0,0,0,14,0,0,LivesExhausted,,,,,,,,,
training_episode,750786,736.0713224000065,1019.9908312580571,66350899,24077.33203125,303.0744934082031,239.77330017089844,2,41,45,24,5,3,6,138,1,1,MaxDuration,,,,,,,,,
ppo_rollout,755712,738.8070656000054,1022.8813924326314,,,,,,,,,,,,,,,,,,,-0.007956785935675725,2.0946856553355855,-0.5095754782358806,0.984053373336792,0.007350238,0.08113606770833333
training_episode,759108,741.3226802000136,1023.9913336999049,71168433,1854.7913818359375,77.54815673828125,16.547914505004883,4,4,14,2,2,0,0,44,0,0,LivesExhausted,,,,,,,,,
training_episode,760512,742.0965059000009,1024.8154976523776,16918811,30977.33203125,305.7471008300781,308.7732849121094,2,33,39,31,3,3,5,112,2,1,MaxDuration,,,,,,,,,
ppo_rollout,761856,742.8467818000063,1025.5896891064563,,,,,,,,,,,,,,,,,,,-0.00791511678059275,1.6126506164669991,-0.5308888015647729,0.9901565313339233,0.007949481,0.07249348958333333
training_episode,766032,745.7286568999989,1027.2261806115944,30009936,995.1867065429688,45.998287200927734,8.45186710357666,3,4,9,1,0,1,0,6,1,0,LivesExhausted,,,,,,,,,
training_episode,766452,745.9650057000108,1027.4637471509327,32209245,26254.666015625,301.1726379394531,262.546630859375,0,29,43,27,6,4,6,101,3,1,MaxDuration,,,,,,,,,
ppo_rollout,768000,746.801907599991,1028.385161023669,,,,,,,,,,,,,,,,,,,-0.0066947536669128265,2.280523806810379,-0.515895352512598,0.9869502186775208,0.006943219,0.056884765625
training_episode,772740,750.016291900014,1030.2976193256018,10320884,27389.33203125,305.1865539550781,273.3932800292969,1,28,45,27,7,2,4,135,3,1,MaxDuration,,,,,,,,,
ppo_rollout,774144,750.8002748000144,1031.0917909642528,,,,,,,,,,,,,,,,,,,-0.007048456824850291,1.926181768377622,-0.5099918435017268,0.9912722706794739,0.006637562,0.080029296875
training_episode,776256,752.599433299998,1031.4331444501263,24145112,27389.33203125,304.6360168457031,272.8932800292969,2,27,45,27,3,3,3,174,0,1,MaxDuration,,,,,,,,,
training_episode,778386,753.7676747000078,1032.66036223932,54725980,1021.1619873046875,47.028114318847656,8.71161937713623,3,4,8,2,0,1,1,15,0,0,LivesExhausted,,,,,,,,,
ppo_rollout,780288,754.8476938999956,1033.7025684857888,,,,,,,,,,,,,,,,,,,-0.007052469569801664,1.7240584100286165,-0.4993153226872285,0.9905837774276733,0.0096532395,0.08670247395833333
ppo_rollout,786432,758.8872231999994,1036.2962716434367,,,,,,,,,,,,,,,,,,,-0.006932663475163281,2.2136650254329044,-0.49736092587312064,0.9893897771835327,0.006879887,0.06490885416666667
training_episode,787248,759.961286500009,1035.905399373249,31790329,27389.33203125,303.7951965332031,272.8932800292969,2,27,44,27,6,3,9,127,1,1,MaxDuration,,,,,,,,,
ppo_rollout,792576,763.025152999995,1038.728535859951,,,,,,,,,,,,,,,,,,,-0.008424441644456238,1.7970474844177564,-0.48638906876246135,0.9860087633132935,0.0076255533,0.06715494791666667
training_episode,795294,765.2181692000013,1039.3036025679337,68340750,26254.666015625,301.5029602050781,262.546630859375,0,24,45,27,4,6,4,156,0,1,MaxDuration,,,,,,,,,
ppo_rollout,798720,767.2807848000084,1040.9748501758534,,,,,,,,,,,,,,,,,,,-0.008103186051206043,1.7254531741142274,-0.49284942299127577,0.9867894053459167,0.007579829,0.0876953125
training_episode,802446,769.9564765999967,1042.1965713483855,56925289,28554.666015625,303.4048156738281,285.046630859375,1,39,44,28,2,2,7,182,2,1,MaxDuration,,,,,,,,,
training_episode,802662,770.0846040000033,1042.3036583653043,2675667,23034.666015625,301.7131652832031,228.8466339111328,3,27,38,23,9,5,7,135,0,1,MaxDuration,,,,,,,,,
ppo_rollout,804864,771.3000919999904,1043.5160171094728,,,,,,,,,,,,,,,,,,,-0.007232755835866555,1.9301821957031886,-0.4765626480182012,0.9828859567642212,0.0073669516,0.07342122395833334
training_episode,809028,774.184525299992,1045.0066793656285,35351115,1188.4107666015625,53.02710723876953,10.384106636047363,3,4,10,2,0,0,1,8,0,0,LivesExhausted,,,,,,,,,
ppo_rollout,811008,775.2748037000129,1046.091006865501,,,,,,,,,,,,,,,,,,,-0.007741698145400733,1.8913128271698951,-0.509005497644345,0.9883840680122375,0.013957005,0.08196614583333334
training_episode,812352,776.6237553000101,1046.0045735868432,14928960,26254.666015625,300.7422180175781,261.546630859375,2,39,46,27,3,3,6,212,2,1,MaxDuration,,,,,,,,,
training_episode,814482,777.8369916999945,1047.1114239757565,53364503,27389.33203125,300.7522277832031,272.8932800292969,2,36,41,27,6,3,7,181,1,1,MaxDuration,,,,,,,,,
ppo_rollout,817152,779.3003771000076,1048.5712878015647,,,,,,,,,,,,,,,,,,,-0.004606540553504601,1.9603387554486593,-0.5052355455855528,0.9886355400085449,0.0069257463,0.08133138020833333
training_episode,817908,780.3907747000048,1048.0749215858136,1314190,1002.641845703125,46.29823684692383,8.52641773223877,3,4,10,2,1,0,1,21,0,0,LivesExhausted,,,,,,,,,
training_episode,818322,780.6173656000174,1048.3010448672267,1523648,640.1414794921875,31.960636138916016,4.901414394378662,3,5,7,1,0,1,0,25,0,0,LivesExhausted,,,,,,,,,
training_episode,822366,782.9799907999986,1050.302702064914,41006481,683.2550659179688,33.680355072021484,5.332550525665283,3,3,7,1,0,0,0,10,0,0,LivesExhausted,,,,,,,,,
ppo_rollout,823296,783.5058992000122,1050.7846856553535,,,,,,,,,,,,,,,,,,,-0.007493074092781171,1.6584810251990953,-0.4904926838974158,0.9910295009613037,0.009172106,0.07913411458333333
training_episode,823908,784.4641342000104,1050.2812863971328,11996548,28554.666015625,305.4468078613281,284.046630859375,3,39,44,28,9,3,7,135,3,1,MaxDuration,,,,,,,,,
training_episode,825798,785.5054726999952,1051.2950306526936,59543514,553.911376953125,28.560558319091797,4.039113521575928,3,4,5,1,0,0,0,8,0,0,LivesExhausted,,,,,,,,,
ppo_rollout,829440,787.4925291000109,1053.2671350519718,,,,,,,,,,,,,,,,,,,-0.007328961106638113,1.8716048374772072,-0.5084812132020792,0.9909251928329468,0.007075053,0.06471354166666667
training_episode,831348,789.1447767000063,1053.4796966869328,59229327,26254.666015625,300.3918762207031,262.046630859375,1,33,45,27,2,6,7,160,3,1,MaxDuration,,,,,,,,,
ppo_rollout,835584,791.4885140999977,1055.7120982989163,,,,,,,,,,,,,,,,,,,-0.007809891549792762,1.8573758617043494,-0.5162877147396405,0.9905539751052856,0.008612977,0.097314453125
training_episode,839004,793.986272500013,1056.6983700590192,51269923,27389.33203125,304.6159973144531,273.3932800292969,1,30,44,27,3,8,5,162,2,1,MaxDuration,,,,,,,,,
ppo_rollout,841728,795.4612538999936,1058.1634188631683,,,,,,,,,,,,,,,,,,,-0.00788042440932865,2.094575861096382,-0.5170068129897117,0.9816081523895264,0.007405516,0.06298828125
training_episode,843414,797.0370978999999,1058.186629232431,24249841,760.510498046875,36.72984313964844,6.105104923248291,3,5,7,1,0,0,0,20,0,0,LivesExhausted,,,,,,,,,
training_episode,845712,798.3184025000082,1059.3667856729523,37445695,29750.666015625,305.6870422363281,296.5066223144531,2,31,48,30,11,3,6,164,2,1,MaxDuration,,,,,,,,,
ppo_rollout,847872,799.5120422999898,1060.4868408997206,,,,,,,,,,,,,,,,,,,-0.0067911408511766545,1.8975519021352132,-0.5080451828738054,0.9834553599357605,0.008655822,0.08053385416666667
training_episode,848688,800.6016244000057,1060.0628004421446,34722741,943.38916015625,43.948631286621094,7.933891296386719,3,3,10,1,0,0,1,12,1,0,LivesExhausted,,,,,,,,,
ppo_rollout,854016,803.5404134000128,1062.8164878309112,,,,,,,,,,,,,,,,,,,-0.007096011661148319,2.0891529589891435,-0.4976416125893593,0.9905760884284973,0.0062765437,0.06437174479166667
training_episode,854400,804.3718995999952,1062.1952363389164,57867850,27389.33203125,304.0654602050781,272.8932800292969,2,37,39,27,4,10,6,167,1,1,MaxDuration,,,,,,,,,
ppo_rollout,860160,807.5221917000017,1065.1843489145292,,,,,,,,,,,,,,,,,,,-0.005818532341315101,2.277847175796827,-0.501128130654494,0.986748218536377,0.00825994,0.070556640625
training_episode,860562,808.3675118999963,1064.5677706385368,25716047,29750.666015625,305.4367980957031,296.5066223144531,2,24,44,30,1,6,7,116,0,1,MaxDuration,,,,,,,,,
training_episode,861918,809.1190435999888,1065.254868016818,51165194,27389.33203125,300.9724426269531,272.8932800292969,2,31,45,27,3,3,6,171,2,1,MaxDuration,,,,,,,,,
training_episode,866028,811.3694821000099,1067.365755190251,3199312,697.2691650390625,34.230262756347656,4.972691535949707,4,4,7,1,1,0,1,18,0,0,LivesExhausted,,,,,,,,,
ppo_rollout,866304,811.5273339000123,1067.4982391988497,,,,,,,,,,,,,,,,,,,-0.007899421754215534,2.2881986409425736,-0.5000278703868389,0.9865477085113525,0.006895773,0.06695963541666666
training_episode,867864,813.0045566000044,1067.4774119709962,56192186,30977.33203125,304.2456359863281,309.2732849121094,1,35,41,31,4,5,12,148,1,1,MaxDuration,,,,,,,,,
ppo_rollout,872448,815.5497768000059,1069.7667080766635,,,,,,,,,,,,,,,,,,,-0.008773959804481516,2.107946630815665,-0.49436967422564826,0.98948073387146,0.010008706,0.080078125
ppo_rollout,878592,819.5863102000149,1071.9944794900066,,,,,,,,,,,,,,,,,,,-0.008081988400469224,1.5671960671742757,-0.5190683792034785,0.9909782409667969,0.00848257,0.07394205729166667
training_episode,882042,822.1786570000113,1072.810626364858,64046861,29750.666015625,302.7341613769531,297.0066223144531,1,31,41,30,6,3,3,164,0,1,MaxDuration,,,,,,,,,
ppo_rollout,884736,823.6491232000117,1074.1661407501483,,,,,,,,,,,,,,,,,,,-0.007767824783028724,2.0134644488493603,-0.48356454546252886,0.9619815945625305,0.0073663592,0.081201171875
training_episode,884742,824.2559312999947,1073.3826308105643,69492769,26254.666015625,300.3918762207031,261.546630859375,2,33,44,27,4,3,4,151,1,1,MaxDuration,,,,,,,,,
training_episode,890868,827.6144570000179,1076.4287555213414,17861372,27389.33203125,303.8852844238281,273.3932800292969,1,35,43,27,4,3,4,185,2,1,MaxDuration,,,,,,,,,
ppo_rollout,890880,827.6283090999932,1076.4252384851238,,,,,,,,,,,,,,,,,,,-0.006753338508618375,2.2517607400814694,-0.4631758434077104,0.9782974720001221,0.007247782,0.06121419270833333
training_episode,894888,830.6984438000072,1077.2717905987151,21003242,678.3754272460938,33.48038864135742,5.283754348754883,3,5,5,1,0,0,1,15,0,0,LivesExhausted,,,,,,,,,
training_episode,896634,831.7358904000139,1078.027304519436,24668757,26254.666015625,300.5520324707031,261.046630859375,3,34,43,27,7,2,6,153,2,1,MaxDuration,,,,,,,,,
ppo_rollout,897024,831.9642700999975,1078.2001490186383,,,,,,,,,,,,,,,,,,,-0.008096053697712099,2.193091415365537,-0.4887658730149269,0.9882906675338745,0.008090819,0.07985026041666667
training_episode,902400,835.5783094000071,1079.9705902466217,66141441,27389.33203125,303.0444641113281,273.8932800292969,0,44,38,27,2,7,5,147,3,1,MaxDuration,,,,,,,,,
ppo_rollout,903168,836.0082355999912,1080.3338550269295,,,,,,,,,,,,,,,,,,,-0.007260567580427354,2.079464055101077,-0.4945759100218614,0.9888126254081726,0.0071089845,0.06668294270833333
training_episode,903984,837.0409882999957,1079.9757868918266,46452389,26254.666015625,300.9624328613281,261.046630859375,3,36,38,27,5,3,6,152,1,1,MaxDuration,,,,,,,,,
ppo_rollout,909312,839.9203700000071,1082.61691522018,,,,,,,,,,,,,,,,,,,-0.00673625548176157,1.9901880299051602,-0.48413399954636893,0.9873809814453125,0.011372164,0.08473307291666667
ppo_rollout,915456,843.9631050000025,1084.7109246558796,,,,,,,,,,,,,,,,,,,-0.004995337006403133,1.7606361637512842,-0.5184286785622437,0.989931583404541,0.014482184,0.100341796875
training_episode,918144,846.0910180000064,1085.1598474243501,55249625,29750.666015625,300.7922668457031,296.5066223144531,2,41,42,30,5,1,6,154,1,1,MaxDuration,,,,,,,,,
training_episode,921300,847.9071505999891,1086.5576488511474,45928744,27389.33203125,304.6159973144531,272.8932800292969,2,41,42,27,4,4,7,222,3,1,MaxDuration,,,,,,,,,
ppo_rollout,921600,848.0725719000038,1086.6994530141058,,,,,,,,,,,,,,,,,,,-0.005776411424934244,2.2956650843222937,-0.4950356684625149,0.921034574508667,0.005699946,0.086962890625
training_episode,925524,850.9711704000074,1087.6091132029164,64989422,1417.9921875,61.49568557739258,12.679922103881836,3,5,11,2,0,2,1,42,0,1,LivesExhausted,,,,,,,,,
ppo_rollout,927744,852.2072479999915,1088.636598875781,,,,,,,,,,,,,,,,,,,-0.008161998169574266,2.1045045892397565,-0.5132748362918694,0.9854822158813477,0.00823502,0.07018229166666666
training_episode,931458,854.8673661999928,1089.5935870618894,25820776,30977.33203125,304.6960754394531,308.7732849121094,2,32,41,31,5,5,12,159,2,1,MaxDuration,,,,,,,,,
training_episode,933036,855.741706300003,1090.324326991373,40692294,27389.33203125,303.3047180175781,272.8932800292969,2,40,43,27,4,3,5,165,3,1,MaxDuration,,,,,,,,,
ppo_rollout,933888,856.2120143999928,1090.7205041434045,,,,,,,,,,,,,,,,,,,-0.005941767532688876,2.430932209889094,-0.5263868433733782,0.9874712824821472,0.009448215,0.07312825520833334
training_episode,938412,859.2744022000115,1092.0981674740588,49175343,26254.666015625,300.0615539550781,261.546630859375,2,35,40,27,5,6,5,156,0,1,MaxDuration,,,,,,,,,
ppo_rollout,940032,860.1820302999986,1092.8291534666828,,,,,,,,,,,,,,,,,,,-0.007336401393210205,2.3530068308115006,-0.5344919249415397,0.9875792860984802,0.010355338,0.09638671875
training_episode,940380,860.977934399998,1092.2231133081661,19432307,27389.33203125,303.2846984863281,273.3932800292969,1,38,47,27,4,2,6,142,3,1,MaxDuration,,,,,,,,,
training_episode,941970,861.8682223999931,1092.939704142882,20374868,580.3793334960938,29.61058235168457,4.303792953491211,3,3,5,1,1,0,0,16,0,0,LivesExhausted,,,,,,,,,
ppo_rollout,946176,864.1936002000002,1094.8657798218208,,,,,,,,,,,,,,,,,,,-0.009547674760688097,2.112242222825686,-0.5227112745245298,0.9819487929344177,0.009806593,0.08391927083333334
training_episode,948042,865.8475436000153,1094.9294792224473,46033473,1476.3748779296875,63.8052978515625,13.263749122619629,3,3,13,2,0,0,1,24,1,1,LivesExhausted,,,,,,,,,
ppo_rollout,952320,868.2128055999929,1096.8739390360447,,,,,,,,,,,,,,,,,,,-0.008440172835253178,1.6378927111625672,-0.5328764324386914,0.9900376796722412,0.009953207,0.0845703125
training_episode,957606,871.796456800017,1098.4284147184449,5398621,27389.33203125,302.5039367675781,273.3932800292969,1,42,37,27,8,6,6,139,2,1,MaxDuration,,,,,,,,,
ppo_rollout,958464,872.2687023000035,1098.8173684011776,,,,,,,,,,,,,,,,,,,-0.009358746183958525,2.111574399471283,-0.5430347283681234,0.9775974154472351,0.009205685,0.080517578125
training_episode,961014,874.2917709000176,1099.1914049593631,14091128,548.9124755859375,28.360553741455078,3.9891247749328613,3,5,5,1,0,1,0,8,0,0,LivesExhausted,,,,,,,,,
training_episode,961836,874.7804015000002,1099.5170883466574,73053555,26254.666015625,302.5439758300781,262.046630859375,1,31,43,27,4,3,8,185,0,1,MaxDuration,,,,,,,,,
ppo_rollout,964608,876.3119818000123,1100.758656772695,,,,,,,,,,,,,,,,,,,-0.007011922726330037,2.2216491709152857,-0.5269487594564756,0.9701119661331177,0.007250641,0.06730143229166667
training_episode,967644,878.570204299991,1101.3849493916987,26763337,27389.33203125,301.5129699707031,272.8932800292969,2,52,41,27,4,4,9,131,4,1,MaxDuration,,,,,,,,,
training_episode,969342,879.4970085000095,1102.1549711160724,6969556,29750.666015625,302.4939270019531,297.5066223144531,0,52,37,30,2,6,8,131,0,1,MaxDuration,,,,,,,,,
ppo_rollout,970752,880.2794839999988,1102.7770357533418,,,,,,,,,,,,,,,,,,,-0.009210008172279535,2.102967189749082,-0.5522227396567663,0.9912481307983398,0.008288529,0.07872721354166666
training_episode,971850,881.5009651000146,1102.4945388343783,73158284,2018.6270751953125,83.4194107055664,17.686269760131836,5,6,16,3,2,1,0,34,0,0,LivesExhausted,,,,,,,,,
ppo_rollout,976896,884.3259667000093,1104.6786329767397,,,,,,,,,,,,,,,,,,,-0.007800912488407145,2.0599775344133375,-0.5759448111057281,0.9906126856803894,0.010130234,0.09392903645833334
training_episode,978138,885.6292138000135,1104.4554366076684,8749949,29750.666015625,301.3628234863281,297.0066223144531,1,48,42,30,5,2,10,156,0,1,MaxDuration,,,,,,,,,
training_episode,979098,886.167380800005,1104.8680206623042,43729435,1389.4510498046875,60.365875244140625,12.394510269165039,3,5,12,2,2,0,1,24,0,1,LivesExhausted,,,,,,,,,
ppo_rollout,983040,888.3131065999914,1106.6368296225805,,,,,,,,,,,,,,,,,,,-0.0068758319442470866,2.187051919102669,-0.5726866871118546,0.9856992363929749,0.0074545736,0.07568359375
training_episode,984480,889.7250862999936,1106.4990918644924,17128269,27389.33203125,303.6050109863281,273.8932800292969,0,37,44,27,4,4,8,133,3,1,MaxDuration,,,,,,,,,
ppo_rollout,989184,892.3697868000017,1108.4911374545409,,,,,,,,,,,,,,,,,,,-0.008653377815304945,2.4537838742136957,-0.5705518811941147,0.984198808670044,0.008114341,0.07138671875
ppo_rollout,995328,896.5793073000095,1110.1393840968356,,,,,,,,,,,,,,,,,,,-0.008587165242837121,1.727383508781592,-0.5900027925769488,0.9889806509017944,0.010023566,0.077392578125
training_episode,997548,898.5014022999967,1110.2353290116882,16604624,27389.33203125,304.4258117675781,273.3932800292969,1,37,42,27,3,2,4,166,4,1,MaxDuration,,,,,,,,,
validation,1000002,,,,,,,,,,,,,,,,,,13326.93691986084,1759.32568359375,13266.043755599923,,,,,,
ppo_rollout,1001472,1114.0119190000114,898.9778142580086,,,,,,,,,,,,,,,,,,,-0.008274894752927746,2.155697970589002,-0.5479493036866188,0.9627818465232849,0.008685124,0.07921549479166666
training_episode,1002324,1115.121364199993,898.847454796173,62790113,837.8335571289062,39.77933120727539,6.378335475921631,4,5,7,1,1,1,0,10,1,0,LivesExhausted,,,,,,,,,
training_episode,1003710,1115.8840266999905,899.475192747652,52003026,25150.666015625,300.5220031738281,250.0066375732422,3,38,43,26,7,3,7,175,2,1,MaxDuration,,,,,,,,,
training_episode,1005978,1117.1370727999893,900.4964784479129,61428636,28554.666015625,305.2666320800781,284.046630859375,3,49,39,28,6,2,9,126,1,1,MaxDuration,,,,,,,,,
ppo_rollout,1007616,1118.0266696999897,901.2450483586252,,,,,,,,,,,,,,,,,,,-0.010254080195833619,2.0062034825483956,-0.5601542885104815,0.9879353046417236,0.008615769,0.08898111979166666
ppo_rollout,1013760,1122.0103907000157,903.5210443706507,,,,,,,,,,,,,,,,,,,-0.00855151346574227,1.8679655412832896,-0.5796185965339343,0.9914129972457886,0.0074951327,0.077685546875
training_episode,1014900,1123.2312546999892,903.5539171059444,28020085,27389.33203125,306.3376770019531,272.8932800292969,2,34,42,27,4,1,10,156,1,1,MaxDuration,,,,,,,,,
training_episode,1015200,1123.410175900004,903.6770556103312,19955952,25150.666015625,300.8222961425781,250.0066375732422,3,39,45,26,9,4,4,157,2,1,MaxDuration,,,,,,,,,
training_episode,1017702,1124.8243435999902,904.7652691644759,63732674,428.171142578125,23.31043815612793,2.7817113399505615,3,3,5,1,0,0,1,5,0,0,LivesExhausted,,,,,,,,,
ppo_rollout,1019904,1126.0485789999948,905.7371227320778,,,,,,,,,,,,,,,,,,,-0.006967467999008174,2.312540875871976,-0.571115106344223,0.9842433929443359,0.0071306922,0.072412109375
training_episode,1020762,1127.1362959000107,905.6242831617169,5817537,26254.666015625,302.2937316894531,262.046630859375,1,33,43,27,6,3,4,124,3,1,MaxDuration,,,,,,,,,
ppo_rollout,1026048,1130.0483771,907.9682080807088,,,,,,,,,,,,,,,,,,,-0.008000502703362144,1.923464225232601,-0.5614703819155693,0.9864900708198547,0.012607231,0.09020182291666666
ppo_rollout,1032192,1134.0997867000115,910.1421339681746,,,,,,,,,,,,,,,,,,,-0.009052523972544198,1.7670876294374467,-0.5639285996556282,0.9868289828300476,0.008816855,0.10159505208333333
ppo_rollout,1038336,1138.126607699989,912.3202928172874,,,,,,,,,,,,,,,,,,,-0.008132138553385933,1.7153266549110413,-0.5275316449503104,0.9720430970191956,0.0101999715,0.08611653645833334
training_episode,1038744,1138.9679999999935,912.0045514887213,57553663,27389.33203125,303.4748840332031,272.8932800292969,2,45,41,27,9,5,6,130,0,1,MaxDuration,,,,,,,,,
training_episode,1040076,1139.710767600016,912.5789012155907,48128053,27389.33203125,302.9944152832031,272.3932800292969,3,36,44,27,3,2,6,183,1,1,MaxDuration,,,,,,,,,
training_episode,1042152,1140.8879967000103,913.4568888570993,40168649,26254.666015625,301.4228820800781,261.046630859375,3,35,44,27,3,3,6,169,1,1,MaxDuration,,,,,,,,,
ppo_rollout,1044480,1142.1547634000017,914.4820242142664,,,,,,,,,,,,,,,,,,,-0.006093944609165192,2.208022008339564,-0.5165544038017591,0.8492133021354675,0.009852234,0.08175455729166667
ppo_rollout,1050624,1146.1877814999898,916.624672638782,,,,,,,,,,,,,,,,,,,-0.00860369226623637,2.1940823942422867,-0.5595535705486934,0.9909402132034302,0.009194965,0.07594401041666667
training_episode,1051584,1147.3526662999939,916.5307502105428,7597930,28554.666015625,303.1545715332031,285.046630859375,1,42,44,28,7,5,7,168,4,1,MaxDuration,,,,,,,,,
training_episode,1054116,1148.7325934999972,917.6339262632775,40587565,29750.666015625,303.4248352050781,296.5066223144531,2,46,41,30,4,6,9,156,1,1,MaxDuration,,,,,,,,,
ppo_rollout,1056768,1150.1725646000123,918.7908254162758,,,,,,,,,,,,,,,,,,,-0.008059174377315988,2.1660079807043076,-0.5406373287240664,0.9776371121406555,0.009741119,0.094287109375
training_episode,1057452,1151.1646104000101,918.5932145990428,4141873,27389.33203125,305.7370910644531,272.8932800292969,2,43,45,27,2,4,5,138,2,1,MaxDuration,,,,,,,,,
training_episode,1058988,1152.016965399991,919.2468790008744,27077524,858.2849731445312,40.589195251464844,7.082849502563477,3,4,9,1,0,1,0,30,0,0,LivesExhausted,,,,,,,,,
training_episode,1061550,1153.4326583000075,920.339815559385,27705898,695.4542236328125,34.15027618408203,5.45454216003418,3,4,8,1,0,1,1,5,0,0,LivesExhausted,,,,,,,,,
ppo_rollout,1062912,1154.1804515999975,920.9235856720018,,,,,,,,,,,,,,,,,,,-0.006897447312561174,1.8234670112530391,-0.5457461287577947,0.9927563667297363,0.0075784493,0.07215169270833334
ppo_rollout,1069056,1158.271961499995,922.9749450341025,,,,,,,,,,,,,,,,,,,-0.009025003978361685,2.2720969945192335,-0.5676979308327039,0.9875209927558899,0.008132902,0.07960611979166667
ppo_rollout,1075200,1162.4535756999976,924.9401631824687,,,,,,,,,,,,,,,,,,,-0.007518045227819433,1.8601079116264978,-0.5544225051999092,0.9832620024681091,0.0107151745,0.09189453125
training_episode,1075326,1163.131820300012,924.5091409524299,71482620,29750.666015625,304.7961730957031,296.5066223144531,2,51,39,30,4,5,8,140,5,1,MaxDuration,,,,,,,,,
training_episode,1076094,1163.5512728999893,924.8359097386278,64465777,28554.666015625,300.1116027832031,285.046630859375,1,48,38,28,1,4,10,134,0,1,MaxDuration,,,,,,,,,
training_episode,1078932,1165.1181061000098,926.0280089642588,72844097,28554.666015625,306.4778137207031,284.546630859375,2,48,41,28,6,5,4,120,5,1,MaxDuration,,,,,,,,,
ppo_rollout,1081344,1166.4861292999994,927.0097370544023,,,,,,,,,,,,,,,,,,,-0.0083866273984313,2.3421195298433304,-0.5408367648720741,0.9314097762107849,0.007325005,0.070556640625
training_episode,1083150,1168.0949733000016,927.2790524386709,13462754,1510.951416015625,65.16551208496094,13.609514236450195,3,5,14,2,2,0,0,51,0,0,LivesExhausted,,,,,,,,,
training_episode,1083912,1168.5147189999989,927.5980716165896,4665518,880.1021118164062,41.459049224853516,7.301021575927734,3,6,7,1,0,1,1,9,0,0,LivesExhausted,,,,,,,,,
ppo_rollout,1087488,1170.5017066000146,929.0785257877611,,,,,,,,,,,,,,,,,,,-0.009214385778371555,2.054985081156095,-0.5794156774878502,0.991702675819397,0.0070307343,0.07527669270833333
training_episode,1087746,1171.270881000004,928.688672829728,33151806,27389.33203125,301.2927551269531,272.8932800292969,2,46,39,27,0,8,8,111,1,1,MaxDuration,,,,,,,,,
training_episode,1089516,1172.2421205000137,929.4291520042572,6864827,1187.7847900390625,53.007110595703125,10.377847671508789,3,4,11,2,0,0,1,15,1,0,LivesExhausted,,,,,,,,,
training_episode,1093230,1174.2413141000143,931.009654380876,69597498,986.4412231445312,45.65834426879883,8.364412307739258,3,3,11,1,0,0,0,10,0,0,LivesExhausted,,,,,,,,,
ppo_rollout,1093632,1174.4631509000028,931.1760859946427,,,,,,,,,,,,,,,,,,,-0.008435917733004316,2.296486322581768,-0.5690252875288327,0.9872182607650757,0.012576503,0.09220377604166667
training_episode,1095516,1176.1530843999935,931.4399753998605,15871521,29750.666015625,304.3657531738281,297.5066223144531,0,43,43,30,5,4,7,135,4,1,MaxDuration,,,,,,,,,
training_episode,1097562,1177.3185429000005,932.2557659683656,9378323,27389.33203125,300.0715637207031,272.8932800292969,2,52,41,27,5,2,5,132,3,1,MaxDuration,,,,,,,,,
ppo_rollout,1099776,1178.5455584000156,933.1637560902163,,,,,,,,,,,,,,,,,,,-0.005993518565082923,2.5011028716961543,-0.5566730658213298,0.9860488176345825,0.004975291,0.049462890625
training_episode,1101042,1179.9274124999938,933.1438428633047,33361264,995.8598022460938,46.028282165527344,7.9585981369018555,4,4,11,1,1,0,0,5,1,0,LivesExhausted,,,,,,,,,
ppo_rollout,1105920,1182.7152048000135,935.068726191781,,,,,,,,,,,,,,,,,,,-0.007777188993835201,1.5968980769316354,-0.5618506913383802,0.9909400939941406,0.00859095,0.071240234375
ppo_rollout,1112064,1186.8049010999966,937.023430699753,,,,,,,,,,,,,,,,,,,-0.010094685848647108,1.9104632357756297,-0.556646178662777,0.9836111664772034,0.007604401,0.06814778645833333
training_episode,1112868,1187.8635670999938,936.8651677034887,55144896,28554.666015625,306.4177551269531,285.046630859375,1,50,45,28,1,2,7,120,1,1,MaxDuration,,,,,,,,,
ppo_rollout,1118208,1190.9025873999926,938.9584100587931,,,,,,,,,,,,,,,,,,,-0.005359723984535473,2.0568292399247485,-0.5187743579347929,0.9256876111030579,0.007868905,0.068310546875
training_episode,1119972,1192.551447500009,939.139357339962,68759666,28554.666015625,300.4819641113281,284.546630859375,2,47,40,28,2,6,4,170,2,1,MaxDuration,,,,,,,,,
ppo_rollout,1124352,1194.9756983999978,940.8994689226244,,,,,,,,,,,,,,,,,,,-0.008485095026359583,1.947176668047905,-0.5464056983590126,0.9846540093421936,0.006537741,0.06668294270833333
training_episode,1126044,1196.4897304000042,941.1229962028566,10216155,29750.666015625,304.3757629394531,297.0066223144531,1,45,43,30,4,3,7,141,3,1,MaxDuration,,,,,,,,,
training_episode,1129134,1198.2378622000106,942.3287609413934,47709137,482.6016540527344,25.740493774414062,3.326016426086426,3,3,6,1,0,0,0,13,0,0,LivesExhausted,,,,,,,,,
training_episode,1129752,1198.5701423000137,942.5831331256475,32418703,28554.666015625,304.3357238769531,284.546630859375,2,40,36,28,5,1,5,132,5,1,MaxDuration,,,,,,,,,
ppo_rollout,1130496,1198.9909980999946,942.8728003725328,,,,,,,,,,,,,,,,,,,-0.00779613832613298,1.955374139547348,-0.5514381125569343,0.9889660477638245,0.009391508,0.08587239583333334
training_episode,1133916,1201.4759112000174,943.7692336814814,64570506,27389.33203125,302.9343566894531,272.3932800292969,3,51,41,27,5,4,3,142,2,1,MaxDuration,,,,,,,,,
training_episode,1133934,1201.4902799999982,943.7729284002212,4874976,712.9588012695312,34.84016036987305,5.6295881271362305,3,3,5,1,0,0,0,9,0,0,LivesExhausted,,,,,,,,,
training_episode,1136232,1202.7520791999996,944.6934406929108,19118120,363.1775207519531,19.290346145629883,2.131775140762329,3,3,5,1,0,0,1,5,0,0,LivesExhausted,,,,,,,,,
ppo_rollout,1136640,1202.9834654000006,944.8508917136771,,,,,,,,,,,,,,,,,,,-0.006871793970155219,2.3354801406462986,-0.5326929114758968,0.9891519546508789,0.007053098,0.0728515625
training_episode,1137456,1204.0393927000114,944.6999881368494,36922050,29750.666015625,303.3948059082031,296.5066223144531,2,42,41,30,5,1,14,165,1,1,MaxDuration,,,,,,,,,
ppo_rollout,1142784,1206.9283335999935,946.8532374174484,,,,,,,,,,,,,,,,,,,-0.006332365529184851,2.3856803213556605,-0.561276288330555,0.988299548625946,0.007347966,0.08253580729166667
ppo_rollout,1148928,1210.9136247000133,948.810861951141,,,,,,,,,,,,,,,,,,,-0.008630845598721256,2.0258608470360437,-0.567736313243707,0.9897206425666809,0.0074009853,0.075830078125
training_episode,1149360,1211.7691665000166,948.4974793670691,31266684,27389.33203125,304.0854797363281,272.8932800292969,2,47,38,27,8,2,7,160,0,1,MaxDuration,,,,,,,,,
ppo_rollout,1155072,1214.9332073999976,950.728807941547,,,,,,,,,,,,,,,,,,,-0.0083242365042679,1.6054235046108565,-0.5143014644583066,0.9589139223098755,0.007503934,0.07537434895833334
training_episode,1156068,1216.1153726000048,950.6236217772447,34932199,26254.666015625,300.7822570800781,261.046630859375,3,46,36,27,7,3,8,120,2,1,MaxDuration,,,,,,,,,
ppo_rollout,1161216,1219.2464671999915,952.4046460161096,,,,,,,,,,,,,,,,,,,-0.0076735038581925135,2.074063313007355,-0.5112904409567515,0.979578971862793,0.0071164207,0.08562825520833334
training_episode,1165770,1222.5779611000034,953.534283368816,36607863,28554.666015625,305.2566223144531,285.046630859375,1,43,39,28,4,5,9,155,3,1,MaxDuration,,,,,,,,,
ppo_rollout,1167360,1223.527408199996,954.093870048545,,,,,,,,,,,,,,,,,,,-0.009904799913056195,1.8625327438116073,-0.5247481914858023,0.9888153076171875,0.008357669,0.06969401041666666
training_episode,1170144,1225.7868795999966,954.6063997534758,57030018,26254.666015625,301.7131652832031,261.546630859375,2,51,41,27,3,3,5,150,2,1,MaxDuration,,,,,,,,,
training_episode,1172664,1227.281775200012,955.4969557083899,66246170,27389.33203125,303.5649719238281,272.8932800292969,2,55,39,27,1,7,6,122,0,1,MaxDuration,,,,,,,,,
ppo_rollout,1173504,1227.7844483999943,955.7899202333678,,,,,,,,,,,,,,,,,,,-0.008424788961807888,1.9893290936946868,-0.5102752432227134,0.9774200916290283,0.0101738395,0.08430989583333333
training_episode,1173600,1228.4482434999954,955.3516041150206,24773486,1512.461181640625,65.23552703857422,13.124611854553223,4,7,10,2,1,1,0,24,0,0,LivesExhausted,,,,,,,,,
training_episode,1174230,1228.8208519000036,955.574604861567,62894842,28554.666015625,306.4077453613281,284.546630859375,2,46,40,28,5,1,8,141,2,1,MaxDuration,,,,,,,,,
ppo_rollout,1179648,1231.775999800011,957.6806174105726,,,,,,,,,,,,,,,,,,,-0.006192342746847619,2.3850613653659822,-0.5202918889621894,0.9915250539779663,0.005370449,0.06539713541666667
ppo_rollout,1185792,1235.755992499995,959.5680758958607,,,,,,,,,,,,,,,,,,,-0.00934232318541035,2.1570653423666952,-0.5266018514831861,0.9857736825942993,0.006458637,0.06238606770833333
training_episode,1185930,1236.4336020000046,959.1538098622425,20165410,30977.33203125,304.7361145019531,309.7732849121094,0,37,45,31,2,1,6,173,1,1,MaxDuration,,,,,,,,,
ppo_rollout,1191936,1239.7450625000056,961.4363759565242,,,,,,,,,,,,,,,,,,,-0.008128467586357147,1.8858631730079651,-0.4921105990807215,0.9686708450317383,0.00659877,0.05475260416666667
training_episode,1192398,1240.5991874000174,961.1468491277711,8226304,26254.666015625,302.7141418457031,262.046630859375,1,55,44,27,1,7,3,206,1,1,MaxDuration,,,,,,,,,
training_episode,1194534,1241.786213799991,961.9481894106439,59962430,333.76275634765625,17.780311584472656,1.8376274108886719,3,4,4,1,0,0,0,5,0,0,LivesExhausted,,,,,,,,,
training_episode,1196616,1243.0209108999989,962.6676345562041,40273378,2175.391357421875,89.01060485839844,19.75391387939453,4,6,15,3,2,0,0,56,0,0,LivesExhausted,,,,,,,,,
ppo_rollout,1198080,1243.8698459000152,963.1875906864809,,,,,,,,,,,,,,,,,,,-0.0071471678791567685,1.5765901446342467,-0.49860140929619473,0.9882597327232361,0.017224578,0.09591471354166667
ppo_rollout,1204224,1247.958704299992,964.9550068048736,,,,,,,,,,,,,,,,,,,-0.005445426621008664,2.868755463262399,-0.5008707031607628,0.982506513595581,0.006405952,0.08015950520833333
training_episode,1206726,1249.978204599989,965.3976329820644,11472903,29750.666015625,304.8161926269531,296.5066223144531,2,47,39,30,5,4,10,124,3,1,MaxDuration,,,,,,,,,
training_episode,1208814,1251.1130596000003,966.1908575924194,50851007,27389.33203125,301.2226867675781,273.3932800292969,1,49,40,27,2,5,8,166,3,1,MaxDuration,,,,,,,,,
training_episode,1210308,1251.930487500009,966.7533557848526,48337511,27389.33203125,305.8572082519531,273.3932800292969,1,41,40,27,4,3,5,133,2,1,MaxDuration,,,,,,,,,
ppo_rollout,1210368,1251.9702709999983,966.7705600015814,,,,,,,,,,,,,,,,,,,-0.006710560951614752,2.930495539307594,-0.49721425647536915,0.9853178858757019,0.0061522606,0.051318359375
training_episode,1210674,1252.751726699993,966.4117591672897,61952281,27389.33203125,303.6750793457031,272.8932800292969,2,52,40,27,2,2,5,124,4,1,MaxDuration,,,,,,,,,
training_episode,1214046,1254.608188400016,967.6694375383088,25087673,542.0086059570312,28.090547561645508,3.920085906982422,3,3,7,1,0,0,1,10,0,0,LivesExhausted,,,,,,,,,
ppo_rollout,1216512,1255.9471601000114,968.6012585936568,,,,,,,,,,,,,,,,,,,-0.008142488830101987,2.549402200182279,-0.4832459179063638,0.9872093200683594,0.006298484,0.06002604166666667
ppo_rollout,1222656,1260.2889371000056,970.1394370828954,,,,,,,,,,,,,,,,,,,-0.006517286414358144,2.3065952494740487,-0.5507774228851,0.9843451976776123,0.0071137026,0.076513671875
ppo_rollout,1228800,1264.3607020000054,971.8745592584819,,,,,,,,,,,,,,,,,,,-0.007996601700627555,1.575461284816265,-0.4880660943686962,0.9733335971832275,0.007777506,0.0724609375
training_episode,1230966,1266.1486501999898,972.2128596871839,57134747,27389.33203125,303.5849914550781,272.8932800292969,2,43,41,27,3,5,12,134,1,1,MaxDuration,,,,,,,,,
training_episode,1232994,1267.2784134999965,972.9464235050693,27915356,28554.666015625,303.1345520019531,283.546630859375,4,47,38,28,4,4,6,165,3,1,MaxDuration,,,,,,,,,
ppo_rollout,1234944,1268.3446735999896,973.6659330107901,,,,,,,,,,,,,,,,,,,-0.00813346958020702,1.8162932728727659,-0.49729862411816916,0.43811672925949097,0.009446335,0.08037109375
training_episode,1236936,1270.0654918999935,973.9151310611294,3408770,662.547607421875,32.850494384765625,5.125475883483887,3,4,9,1,0,0,0,15,0,0,LivesExhausted,,,,,,,,,
ppo_rollout,1241088,1272.3612943000044,975.421058122324,,,,,,,,,,,,,,,,,,,-0.008084710159649452,1.941015362739563,-0.516187896579504,0.9904443621635437,0.007564629,0.07532552083333334
training_episode,1242930,1274.0331078000017,975.5868920441867,66455628,26254.666015625,301.6631164550781,260.546630859375,4,52,38,27,5,2,5,151,1,1,MaxDuration,,,,,,,,,
training_episode,1245258,1275.276405600016,976.4612554045549,70749517,29750.666015625,303.6450500488281,297.0066223144531,1,45,45,30,4,5,6,168,2,1,MaxDuration,,,,,,,,,
training_episode,1246386,1275.9016733999888,976.8668119061743,34408554,27389.33203125,300.6221008300781,273.3932800292969,1,49,37,27,5,5,6,156,3,1,MaxDuration,,,,,,,,,
ppo_rollout,1247232,1276.3887623999908,977.1568324174467,,,,,,,,,,,,,,,,,,,-0.008880364735766004,2.168417056898276,-0.5420163363218308,0.9910809993743896,0.008079809,0.07327473958333333
training_episode,1248048,1277.4444992000062,976.9880419709697,54621251,419.5160827636719,23.250436782836914,2.6951608657836914,3,3,6,1,0,0,0,9,0,0,LivesExhausted,,,,,,,,,
training_episode,1250178,1278.6231056000106,977.7533305354573,68236021,28554.666015625,301.0525207519531,284.546630859375,2,49,42,28,5,6,8,133,2,1,MaxDuration,,,,,,,,,
training_episode,1251786,1279.5432381000137,978.3069166609561,49070614,618.6763305664062,31.120616912841797,4.686762809753418,3,3,7,1,0,0,0,25,0,0,LivesExhausted,,,,,,,,,
ppo_rollout,1253376,1280.4367138000089,978.8660278884853,,,,,,,,,,,,,,,,,,,-0.008564471588276017,2.3913653175036114,-0.5299451604485512,0.9923727512359619,0.0062059313,0.06979166666666667
training_episode,1254264,1281.5332301000017,978.7214022551145,53783419,352.77593994140625,20.610376358032227,2.027759313583374,3,3,5,1,1,0,0,0,0,0,LivesExhausted,,,,,,,,,
ppo_rollout,1259520,1284.4510467000073,980.5901153149746,,,,,,,,,,,,,,,,,,,-0.008631594373340098,2.573790220419566,-0.5430490031838417,0.9859700798988342,0.009709133,0.06629231770833334
ppo_rollout,1265664,1288.5667585000047,982.2261762156077,,,,,,,,,,,,,,,,,,,-0.00824144102128533,1.7882313951849937,-0.5221050893266995,0.9880741238594055,0.0060097366,0.07679036458333334
training_episode,1267602,1290.3276628000021,982.387680699112,9797239,26254.666015625,305.2766418457031,261.546630859375,2,42,40,27,5,8,7,166,1,1,MaxDuration,,,,,,,,,
ppo_rollout,1271808,1292.7439212999889,983.805051445196,,,,,,,,,,,,,,,,,,,-0.009568419811936716,1.682206912835439,-0.5420642162362734,0.9572886824607849,0.008240781,0.07566731770833333
training_episode,1273578,1294.3975206000032,983.9156671202888,10949258,27389.33203125,305.3166809082031,272.8932800292969,2,38,44,27,1,1,4,163,3,1,MaxDuration,,,,,,,,,
ppo_rollout,1277952,1296.8450400000147,985.4315362149864,,,,,,,,,,,,,,,,,,,-0.008036045364375848,1.7288147161404293,-0.50667104596893,0.9874221682548523,0.008335115,0.072998046875
training_episode,1278474,1297.7369659999968,985.1564943400119,68026563,2230.72314453125,90.60094451904297,20.307231903076172,4,6,16,3,2,1,0,33,0,0,LivesExhausted,,,,,,,,,
training_episode,1278678,1297.8570044999942,985.2225596244457,33675451,905.9281616210938,42.478878021240234,7.559281349182129,3,6,8,1,0,0,1,27,0,0,LivesExhausted,,,,,,,,,
training_episode,1279500,1298.317426499998,985.506297523306,64675235,27389.33203125,304.7160949707031,272.8932800292969,2,37,42,27,3,4,7,140,0,1,MaxDuration,,,,,,,,,
training_episode,1281510,1299.4338096000138,986.2064466326831,39330817,476.6280517578125,25.30048370361328,3.2662806510925293,3,3,6,1,0,0,1,0,0,0,LivesExhausted,,,,,,,,,
training_episode,1282494,1299.9716220000118,986.5553818989353,62475926,29750.666015625,300.8423156738281,297.5066223144531,0,40,38,30,1,1,9,212,4,1,MaxDuration,,,,,,,,,
ppo_rollout,1284096,1300.8549354000133,987.1169836513246,,,,,,,,,,,,,,,,,,,-0.008966268847386043,2.282175055642923,-0.5577690800031027,0.9910728931427002,0.009360023,0.08107096354166667
training_episode,1285458,1302.2112530000159,987.1347656062563,42577416,1276.1827392578125,56.496524810791016,11.26182746887207,3,5,12,2,0,2,0,28,0,0,LivesExhausted,,,,,,,,,
training_episode,1286910,1303.0108159999945,987.6433750186195,42996332,30977.33203125,306.0473937988281,309.2732849121094,1,58,36,31,1,1,13,166,1,1,MaxDuration,,,,,,,,,
training_episode,1288488,1303.8864726000174,988.1903272074661,41530126,1094.04052734375,49.907630920410156,9.440404891967773,3,3,9,2,0,0,1,17,0,0,LivesExhausted,,,,,,,,,
ppo_rollout,1290240,1304.8906471999944,988.7725096111069,,,,,,,,,,,,,,,,,,,-0.0065208746411371974,4.267919045686722,-0.5770086854696274,0.9814597368240356,0.005560246,0.050309244791666666
training_episode,1290474,1305.6133777000068,988.4043944719098,55668541,26254.666015625,301.7331848144531,262.046630859375,1,34,44,27,6,6,6,165,1,1,MaxDuration,,,,,,,,,
ppo_rollout,1296384,1308.8923784999934,990.4435393578133,,,,,,,,,,,,,,,,,,,-0.008164007911303391,3.3930389881134033,-0.5959020470579465,0.9761971831321716,0.0058167875,0.054947916666666666
training_episode,1301646,1312.4555035000085,991.763908588762,12624922,2309.108642578125,93.08147430419922,20.591087341308594,5,6,16,3,2,0,0,63,0,0,LivesExhausted,,,,,,,,,
ppo_rollout,1302528,1312.9575638000097,992.0564349621293,,,,,,,,,,,,,,,,,,,-0.010610354942036793,1.8484681501984597,-0.6191035727659862,0.9893721342086792,0.009086872,0.09148763020833334
ppo_rollout,1308672,1316.9494478999986,993.7146806104078,,,,,,,,,,,,,,,,,,,-0.0074523287417832765,4.238730705777804,-0.5575063839554787,0.9614402651786804,0.007964131,0.06310221354166666
ppo_rollout,1314816,1321.0113251000002,995.3101650362223,,,,,,,,,,,,,,,,,,,-0.010839151261219133,1.8164408971865973,-0.5411452571551005,0.986299455165863,0.007565607,0.08253580729166667
training_episode,1315842,1322.1906316000095,995.19839919579,66979273,27389.33203125,302.8042297363281,273.3932800292969,1,38,44,27,5,4,4,161,0,1,MaxDuration,,,,,,,,,
training_episode,1317780,1323.258557699999,995.8597980204855,56401644,26254.666015625,302.2136535644531,262.046630859375,1,33,40,27,3,5,5,160,0,1,MaxDuration,,,,,,,,,
ppo_rollout,1320960,1325.0421721000166,996.9192134514882,,,,,,,,,,,,,,,,,,,-0.010041983262635768,2.130736353000005,-0.5663114900390307,0.9598016142845154,0.008045557,0.08362630208333334
training_episode,1321746,1326.0951777000155,996.7203125588928,3513499,28554.666015625,302.3738098144531,285.046630859375,1,32,44,28,5,5,7,138,2,1,MaxDuration,,,,,,,,,
training_episode,1323126,1326.849394799996,997.1938075153155,65094151,26254.666015625,301.7431945800781,261.046630859375,3,36,43,27,4,2,4,160,0,1,MaxDuration,,,,,,,,,
training_episode,1325124,1327.9313480000128,997.885923843698,40063920,26254.666015625,305.2566223144531,260.546630859375,4,40,39,27,4,4,6,106,1,1,MaxDuration,,,,,,,,,
training_episode,1325166,1327.9600975000067,997.8959476980771,50327362,554.0830078125,28.470556259155273,4.040830135345459,3,3,6,1,0,0,1,13,0,0,LivesExhausted,,,,,,,,,
ppo_rollout,1327104,1329.0335207000026,998.5481775516195,,,,,,,,,,,,,,,,,,,-0.008329808964238813,2.5810135702292123,-0.5438313538829486,0.9866921901702881,0.0086675985,0.0751953125
ppo_rollout,1333248,1333.0235031000047,1000.1684118092991,,,,,,,,,,,,,,,,,,,-0.007806723465910182,2.3796275362372397,-0.55872183740139,0.9862905740737915,0.010299017,0.08893229166666666
training_episode,1338036,1336.2919486000028,1001.3051424891278,33780180,28554.666015625,303.2046203613281,284.046630859375,3,37,42,28,4,4,7,189,4,1,MaxDuration,,,,,,,,,
ppo_rollout,1339392,1337.0844728999946,1001.7257900654554,,,,,,,,,,,,,,,,,,,-0.0076665829847722,1.861827662587166,-0.5360472651819388,0.9779481887817383,0.0073713292,0.089892578125
ppo_rollout,1345536,1341.1194756999903,1003.2931624512458,,,,,,,,,,,,,,,,,,,-0.009588713575309764,1.6865461657444636,-0.5220222058395545,0.97441166639328,0.008563659,0.08759765625
ppo_rollout,1351680,1345.1224602000148,1004.8750504091726,,,,,,,,,,,,,,,,,,,-0.009971630850729222,1.7731074904402098,-0.5279007921616237,0.9813114404678345,0.008936708,0.07618815104166667
training_episode,1352076,1345.9777984000102,1004.5306851325771,34827470,29750.666015625,301.8933410644531,297.0066223144531,1,40,42,30,2,2,11,181,5,1,MaxDuration,,,,,,,,,
training_episode,1353876,1346.9734014999995,1005.1245247250716,59124598,28554.666015625,300.7722473144531,285.546630859375,0,37,46,28,5,7,8,107,0,1,MaxDuration,,,,,,,,,
ppo_rollout,1357824,1349.1881736000068,1006.4007575584882,,,,,,,,,,,,,,,,,,,-0.00822828706780759,2.3086428036292395,-0.5186350273589293,0.8970248699188232,0.008066023,0.087841796875
training_episode,1359882,1351.0021156000148,1006.5728130973662,42053771,28554.666015625,306.2776184082031,283.546630859375,4,45,40,28,3,6,5,162,5,1,MaxDuration,,,,,,,,,
training_episode,1361700,1352.0027155000134,1007.172533301015,49489530,30977.33203125,304.3957824707031,308.7732849121094,2,32,43,31,2,2,9,149,3,1,MaxDuration,,,,,,,,,
training_episode,1361898,1352.1195710000175,1007.2319262361912,5293892,27389.33203125,306.4177551269531,273.3932800292969,1,41,45,27,4,4,4,141,1,1,MaxDuration,,,,,,,,,
ppo_rollout,1363968,1353.320757700014,1007.8674935261329,,,,,,,,,,,,,,,,,,,-0.01048380562181895,1.9704838598767915,-0.5337439666191737,0.9884329438209534,0.0089337565,0.07496744791666667
training_episode,1364088,1354.0077775999962,1007.4447300575121,70225872,2059.9775390625,85.05976104736328,18.599775314331055,4,6,16,3,1,3,0,23,0,0,LivesExhausted,,,,,,,,,
training_episode,1367160,1355.7983763999946,1008.3800244916752,27810627,940.00439453125,43.81865310668945,7.900043487548828,3,3,7,1,0,0,0,23,0,0,LivesExhausted,,,,,,,,,
training_episode,1367676,1356.1037017999915,1008.5334906059531,62685384,1504.341796875,64.91545867919922,13.043418884277344,4,7,9,2,2,1,0,33,0,0,LivesExhausted,,,,,,,,,
ppo_rollout,1370112,1357.4910114000086,1009.2972907326842,,,,,,,,,,,,,,,,,,,-0.006701579549311039,2.1765335460503894,-0.5369691719611486,0.9913448691368103,0.006826526,0.057080078125
training_episode,1372842,1359.6338295000023,1009.7145056363116,32523432,920.17578125,43.028785705566406,7.701757431030273,3,4,7,1,0,1,1,19,0,0,LivesExhausted,,,,,,,,,
training_episode,1374606,1360.6086279000156,1010.2875814638837,35560573,27389.33203125,304.7160949707031,273.3932800292969,1,34,40,27,0,6,4,189,1,1,MaxDuration,,,,,,,,,
training_episode,1375584,1361.1739970000053,1010.5864518656351,40378107,431.73388671875,22.810426712036133,2.8173389434814453,3,3,5,1,0,0,2,9,0,1,LivesExhausted,,,,,,,,,
ppo_rollout,1376256,1361.5419076000107,1010.8069331673571,,,,,,,,,,,,,,,,,,,-0.007296210658387281,3.2159188558657963,-0.5462516476710637,0.9784038662910461,0.0067340727,0.059651692708333336
training_episode,1378638,1363.4735405000101,1011.1219316323724,13148567,2373.30810546875,95.63201904296875,21.233081817626953,5,6,16,3,4,2,0,26,0,0,LivesExhausted,,,,,,,,,
ppo_rollout,1382400,1365.5780125000165,1012.3185840325496,,,,,,,,,,,,,,,,,,,-0.00794879524037242,3.57698581914107,-0.5526193842291832,0.9781720638275146,0.007849545,0.057535807291666664
training_episode,1388196,1369.4493286999932,1013.6892040524076,8331033,29750.666015625,300.9424133300781,297.0066223144531,1,34,42,30,4,4,3,145,2,1,MaxDuration,,,,,,,,,
ppo_rollout,1388544,1369.6508894000144,1013.794106765602,,,,,,,,,,,,,,,,,,,-0.008790396683616563,2.3322914550701777,-0.5422177866101265,0.9886610507965088,0.0064291866,0.068701171875
ppo_rollout,1394688,1373.6714842999936,1015.2995209846088,,,,,,,,,,,,,,,,,,,-0.007608005020301789,2.0119180555144944,-0.49785619899630545,0.9809492230415344,0.008112706,0.08631184895833334
training_episode,1397736,1376.0727780000016,1015.7427879879173,19641765,29750.666015625,300.2517395019531,297.0066223144531,1,54,34,30,4,5,3,145,0,1,MaxDuration,,,,,,,,,
training_episode,1400766,1377.8178210000042,1016.6554523030776,46871305,29750.666015625,305.6069641113281,297.0066223144531,1,39,43,30,2,5,3,143,3,1,MaxDuration,,,,,,,,,
ppo_rollout,1400832,1377.8617943999998,1016.6709068306831,,,,,,,,,,,,,,,,,,,-0.011727248594009627,1.5191659390926362,-0.5155628353357316,0.988813042640686,0.00880784,0.08675130208333333
ppo_rollout,1406976,1381.905224999995,1018.1421812049413,,,,,,,,,,,,,,,,,,,-0.009883545132470316,2.3031125724315644,-0.5143262679378192,0.9843349456787109,0.0066656657,0.06868489583333333
training_episode,1411182,1384.8565852000029,1019.0094881169194,68550208,27389.33203125,304.7661437988281,273.3932800292969,1,40,43,27,3,12,4,200,4,1,MaxDuration,,,,,,,,,
training_episode,1411626,1385.1049646000029,1019.1473109098674,32628161,25150.666015625,300.3117980957031,250.0066375732422,3,27,42,26,3,6,2,191,1,1,MaxDuration,,,,,,,,,
ppo_rollout,1413120,1385.929528400011,1019.6189424085503,,,,,,,,,,,,,,,,,,,-0.010505802325981979,2.0212338606516522,-0.5292760687569777,0.9854350686073303,0.008269029,0.07890625
training_episode,1415202,1387.685592599999,1019.8289926383437,31476142,27389.33203125,304.6560363769531,273.8932800292969,0,35,46,27,2,2,6,203,0,1,MaxDuration,,,,,,,,,
training_episode,1415808,1388.0276464000053,1020.0142653296899,12310735,806.03369140625,38.5195426940918,6.560337066650391,3,3,8,1,1,0,1,10,0,0,LivesExhausted,,,,,,,,,
ppo_rollout,1419264,1389.9436346000002,1021.0946434590045,,,,,,,,,,,,,,,,,,,-0.008646738655321921,2.1805084397395453,-0.5392437612016996,0.9860584139823914,0.008773797,0.08844401041666666
training_episode,1424586,1393.460341099999,1022.3369535407304,32942348,27389.33203125,303.1946105957031,273.3932800292969,1,42,38,27,3,6,5,110,3,1,MaxDuration,,,,,,,,,
ppo_rollout,1425408,1393.9123837999941,1022.595119008947,,,,,,,,,,,,,,,,,,,-0.008664124125304321,2.452362229426702,-0.5390667671958606,0.990034818649292,0.0077996836,0.07257486979166666
training_episode,1430358,1397.2828291000042,1023.6710637325299,62580655,1047.3262939453125,48.05794143676758,8.973262786865234,3,4,8,2,0,1,0,29,0,0,LivesExhausted,,,,,,,,,
ppo_rollout,1431552,1397.9614014000108,1024.0282732887686,,,,,,,,,,,,,,,,,,,-0.009290459538654735,2.6273465126752855,-0.5333819257716338,0.9813645482063293,0.007953179,0.06658528645833334
training_episode,1434150,1399.9993628000084,1024.393323388155,63837403,27389.33203125,303.4048156738281,271.8932800292969,4,39,37,27,9,6,7,130,1,1,MaxDuration,,,,,,,,,
training_episode,1436838,1401.5173402999935,1025.2017286439325,3618228,29750.666015625,300.5420227050781,296.5066223144531,2,31,39,30,3,3,6,165,0,1,MaxDuration,,,,,,,,,
ppo_rollout,1437696,1402.0176898000063,1025.4478316925395,,,,,,,,,,,,,,,,,,,-0.008847101628392313,2.027887207766374,-0.5140010674794515,0.9864479303359985,0.0072290315,0.0748046875
ppo_rollout,1443840,1405.9869409000094,1026.9227672027735,,,,,,,,,,,,,,,,,,,-0.00972479826111036,1.8759790594379107,-0.5134960122406482,0.9932990074157715,0.010488174,0.07932942708333333
training_episode,1447698,1408.7207295999979,1027.6685574230669,9587781,28554.666015625,300.5520324707031,285.546630859375,0,30,47,28,2,2,7,153,1,1,MaxDuration,,,,,,,,,
ppo_rollout,1449984,1409.963740200008,1028.3838929037388,,,,,,,,,,,,,,,,,,,-0.010621860332321376,2.0314237212141353,-0.5199586759010951,0.9894722104072571,0.008839826,0.086572265625
training_episode,1451370,1411.3577492999902,1028.350183162175,71901536,28554.666015625,301.3628234863281,284.546630859375,2,30,43,28,1,3,3,169,2,1,MaxDuration,,,,,,,,,
training_episode,1452534,1412.023130000016,1028.6899478764087,49803717,28554.666015625,305.9973449707031,284.546630859375,2,37,45,28,5,5,4,165,2,1,MaxDuration,,,,,,,,,
ppo_rollout,1456128,1413.9820876000158,1029.8065391136033,,,,,,,,,,,,,,,,,,,-0.008643765406062206,2.010329926510652,-0.5127821005880833,0.9828411936759949,0.007814788,0.07423502604166667
training_episode,1456236,1414.6382933999994,1029.4051891526442,73891387,611.5347900390625,30.830610275268555,4.615347862243652,3,4,7,1,0,0,0,12,0,0,LivesExhausted,,,,,,,,,
training_episode,1459428,1416.4655066000123,1030.3307727578288,37759882,1576.16064453125,67.13593292236328,13.761606216430664,4,6,11,2,2,3,0,6,0,0,LivesExhausted,,,,,,,,,
ppo_rollout,1462272,1418.0487109000096,1031.1860155155903,,,,,,,,,,,,,,,,,,,-0.009931562996158997,1.6273230612277985,-0.5456364278992017,0.9919852018356323,0.009211394,0.087744140625
training_episode,1467000,1421.3922595999902,1032.0866672039178,39749733,24077.33203125,305.3266906738281,238.27330017089844,5,34,40,24,7,3,1,133,0,1,MaxDuration,,,,,,,,,
ppo_rollout,1468416,1422.2016360000125,1032.4949450416657,,,,,,,,,,,,,,,,,,,-0.010203699283495855,2.5901108220219613,-0.5541032080849012,0.9830663204193115,0.012358426,0.09020182291666666
training_episode,1470882,1424.2264970999968,1032.7584853918972,26658608,26254.666015625,306.0874328613281,261.546630859375,2,36,45,27,4,8,3,157,1,1,MaxDuration,,,,,,,,,
training_episode,1473054,1425.433859700017,1033.407470978699,18280288,26254.666015625,301.7431945800781,260.546630859375,4,33,45,27,4,2,4,148,2,1,MaxDuration,,,,,,,,,
ppo_rollout,1474560,1426.2859230000176,1033.846002559181,,,,,,,,,,,,,,,,,,,-0.0076002252957550805,2.1291199579834936,-0.5180451733370622,0.9800405502319336,0.0055953134,0.065234375
training_episode,1476582,1428.0657779000176,1033.9733805338617,8645220,573.9024047851562,29.360576629638672,4.239023685455322,3,4,5,1,0,0,0,17,0,0,LivesExhausted,,,,,,,,,
ppo_rollout,1480704,1430.3902438000077,1035.1748457584047,,,,,,,,,,,,,,,,,,,-0.010538056876976043,1.8882545158267021,-0.5112553248802821,0.9907849431037903,0.008006938,0.08369140625
training_episode,1483854,1432.746145000012,1035.6712563340993,28229543,23034.666015625,301.2427062988281,229.34661865234375,2,22,45,23,5,4,2,124,3,1,MaxDuration,,,,,,,,,
ppo_rollout,1486848,1434.414601700002,1036.5538654151012,,,,,,,,,,,,,,,,,,,-0.008911857905331999,1.865312540034453,-0.5017673301200072,0.9912381768226624,0.0071694627,0.07845052083333333
training_episode,1492734,1438.272910300002,1037.8656159828793,20479597,28554.666015625,304.1054992675781,285.046630859375,1,49,43,28,3,7,4,192,3,1,MaxDuration,,,,,,,,,
ppo_rollout,1492992,1438.4196547000029,1037.939098733588,,,,,,,,,,,,,,,,,,,-0.008196242828853428,1.704531615972519,-0.5178868380685647,0.9914512634277344,0.007553026,0.07776692708333334
training_episode,1495794,1440.604834800004,1038.3097181592186,14195857,29750.666015625,303.0044250488281,297.5066223144531,0,42,43,30,2,4,10,168,1,1,MaxDuration,,,,,,,,,
ppo_rollout,1499136,1442.5390622999985,1039.2342496498936,,,,,,,,,,,,,,,,,,,-0.009180022163006167,2.4073779185613,-0.5034632958471775,0.9814587831497192,0.0077137756,0.069140625
validation,1500000,,,,,,,,,,,,,,,,,,16538.42088745117,26054.5361328125,12785.831412827893,,,,,,
training_episode,1501824,1703.1668396000168,881.7832552169102,66769815,1102.5865478515625,50.23757553100586,9.02586555480957,4,5,9,2,1,1,0,34,0,0,LivesExhausted,,,,,,,,,
training_episode,1503114,1703.8997114000085,882.1610743539401,34199096,26254.666015625,300.9223937988281,261.046630859375,3,32,43,27,9,8,5,127,3,1,MaxDuration,,,,,,,,,
ppo_rollout,1505280,1705.1225575999997,882.798713377364,,,,,,,,,,,,,,,,,,,-0.00920811400283128,1.8688140004873275,-0.5223773109416167,0.99181067943573,0.008690107,0.08458658854166666
training_episode,1507554,1707.0210913000046,883.1490177147737,10530342,30977.33203125,305.5669250488281,309.7732849121094,0,31,41,31,6,4,3,151,4,1,MaxDuration,,,,,,,,,
training_episode,1510626,1708.7420087000064,884.0573897690201,67293460,478.9960021972656,25.60049057006836,3.2899599075317383,3,4,5,1,0,0,0,0,0,0,LivesExhausted,,,,,,,,,
ppo_rollout,1511424,1709.1748993000074,884.3003724305826,,,,,,,,,,,,,,,,,,,-0.009197184426011518,2.6187974721193314,-0.5100259276727835,0.9888854622840881,0.0067596813,0.06533203125
training_episode,1513272,1710.7984903999895,884.541346331322,23621467,27389.33203125,305.7270812988281,273.3932800292969,1,32,49,27,2,2,2,139,2,1,MaxDuration,,,,,,,,,
ppo_rollout,1517568,1713.1894057000172,885.8144901847058,,,,,,,,,,,,,,,,,,,-0.008640934904299987,2.53094774633646,-0.5295871632794539,0.9896385669708252,0.008409445,0.07713216145833333
training_episode,1520070,1715.1736506000161,886.2484562237979,68131292,26254.666015625,301.7532043457031,262.046630859375,1,29,45,27,4,6,5,142,1,1,MaxDuration,,,,,,,,,
ppo_rollout,1523712,1717.2186668000068,887.3139044309357,,,,,,,,,,,,,,,,,,,-0.008556910247231523,2.047142355144024,-0.5135784976184368,0.9909204244613647,0.00784964,0.07472330729166667
training_episode,1525968,1719.0821773000062,887.6643712266789,42786874,1074.1688232421875,49.11776351928711,9.241687774658203,3,3,11,2,1,0,1,29,0,0,LivesExhausted,,,,,,,,,
training_episode,1528998,1720.788772800006,888.544848832358,21422158,28554.666015625,302.1736145019531,285.046630859375,1,25,41,28,5,5,7,151,4,1,MaxDuration,,,,,,,,,
ppo_rollout,1529856,1721.2619552999968,888.7990554194078,,,,,,,,,,,,,,,,,,,-0.008720710394360747,1.9243532518545787,-0.49723763739069304,0.9874598979949951,0.0074440935,0.07174479166666667
ppo_rollout,1536000,1725.2825677999936,890.2889466730319,,,,,,,,,,,,,,,,,,,-0.005243065693260481,2.6487454930941263,-0.49897215912739434,0.9828597903251648,0.008562524,0.05276692708333333
training_episode,1536282,1726.0386579000042,890.0623360713874,29905207,1397.325927734375,60.67582321166992,12.473259925842285,3,4,9,2,0,2,1,39,0,1,LivesExhausted,,,,,,,,,
training_episode,1538556,1727.2916455999948,890.7331914209338,11158716,27389.33203125,306.0574035644531,272.8932800292969,2,48,41,27,3,5,5,124,2,1,MaxDuration,,,,,,,,,
training_episode,1539126,1727.601875799999,890.9031771496997,21107971,26254.666015625,300.0415344238281,262.546630859375,0,23,43,27,3,5,4,153,2,1,MaxDuration,,,,,,,,,
ppo_rollout,1542144,1729.2789182999986,891.7844216339806,,,,,,,,,,,,,,,,,,,-0.010089392874700327,2.011212591826916,-0.5109158165752887,0.9894335269927979,0.007338175,0.08098958333333334
training_episode,1546830,1732.5245506000065,892.8185170387935,13776941,28554.666015625,301.6831359863281,284.546630859375,2,30,40,28,1,3,5,169,1,1,MaxDuration,,,,,,,,,
ppo_rollout,1548288,1733.3273887000105,893.2461403965991,,,,,,,,,,,,,,,,,,,-0.009448835853254423,2.446259378393491,-0.5087201138337453,0.9870700240135193,0.00799832,0.08260091145833333
training_episode,1550004,1734.9079720000154,893.4214523281851,21945803,27389.33203125,306.0473937988281,272.3932800292969,3,41,43,27,4,2,10,119,2,1,MaxDuration,,,,,,,,,
ppo_rollout,1554432,1737.3699762000178,894.704076445398,,,,,,,,,,,,,,,,,,,-0.010420232337977117,1.8688004732131958,-0.5172666269044082,0.987257182598114,0.010577094,0.078955078125
ppo_rollout,1560576,1741.3995499000011,896.1619406009467,,,,,,,,,,,,,,,,,,,-0.008701380334484081,2.1270604848861696,-0.5198616494735082,0.9913833141326904,0.008938204,0.08932291666666667
training_episode,1562190,1742.9245551000058,896.3038563137143,13043838,26254.666015625,301.8332824707031,262.046630859375,1,33,43,27,3,7,6,154,1,1,MaxDuration,,,,,,,,,
ppo_rollout,1566720,1745.4607611999963,897.5968035642848,,,,,,,,,,,,,,,,,,,-0.00869196365820244,1.8439664577444395,-0.4994078395267328,0.9034925103187561,0.007776723,0.06414388020833334
training_episode,1572768,1749.556216500001,898.9525373161961,3932415,30977.33203125,304.0354309082031,309.2732849121094,1,31,46,31,5,2,6,162,1,1,MaxDuration,,,,,,,,,
ppo_rollout,1572864,1749.6203364999965,898.974461594573,,,,,,,,,,,,,,,,,,,-0.01027538674340273,1.9651441117127737,-0.5135583954552809,0.9852116107940674,0.0068364087,0.05821940104166667
training_episode,1575228,1751.568735000008,899.3241135923752,40901752,27389.33203125,305.5469055175781,272.8932800292969,2,31,46,27,8,2,6,153,2,1,MaxDuration,,,,,,,,,
training_episode,1575516,1751.7441668999963,899.3984565612332,13881670,30977.33203125,303.2046203613281,309.2732849121094,1,52,42,31,5,6,10,165,6,1,MaxDuration,,,,,,,,,
ppo_rollout,1579008,1753.7110727000108,900.3809262428626,,,,,,,,,,,,,,,,,,,-0.009824695927090944,2.4269146184126535,-0.5255121688048044,0.9699622392654419,0.007448718,0.07145182291666667
training_episode,1582836,1756.4304135999992,901.1663586237964,59857701,27389.33203125,300.0115051269531,273.8932800292969,0,38,43,27,4,4,5,136,1,1,MaxDuration,,,,,,,,,
ppo_rollout,1585152,1757.6803901999956,901.8431387401639,,,,,,,,,,,,,,,,,,,-0.009363566560205072,2.0449563284715015,-0.5659994552532832,0.992485761642456,0.008709088,0.080322265625
training_episode,1586028,1758.7349751000002,901.8004545624162,27391711,28554.666015625,300.1816711425781,285.546630859375,0,40,42,28,8,4,8,149,1,1,MaxDuration,,,,,,,,,
training_episode,1587384,1759.4955350999953,902.1813175046142,11787090,789.9246215820312,37.8896484375,6.399246692657471,3,3,9,1,0,0,0,8,0,0,LivesExhausted,,,,,,,,,
ppo_rollout,1591296,1761.6838437000115,903.2812588312378,,,,,,,,,,,,,,,,,,,-0.009543300934213524,2.051756841937701,-0.5304609847565492,0.9826104044914246,0.006639972,0.06064453125
training_episode,1592034,1762.7132749000157,903.172411911576,6131724,1096.5992431640625,50.00761413574219,9.465991973876953,3,3,7,2,0,0,1,30,1,0,LivesExhausted,,,,,,,,,
ppo_rollout,1597440,1765.7125209000078,904.6999333650095,,,,,,,,,,,,,,,,,,,-0.009126389742596075,2.0899811536073685,-0.5549022008975347,0.9901913404464722,0.007620172,0.07257486979166666
training_episode,1598484,1766.9047514999984,904.6803449042632,53888148,26254.666015625,302.4238586425781,261.546630859375,2,41,45,27,7,8,6,124,1,1,MaxDuration,,,,,,,,,
ppo_rollout,1603584,1769.859985099989,906.0513337214101,,,,,,,,,,,,,,,,,,,-0.006205703153197343,2.5109087496995928,-0.5500741948684057,0.9751258492469788,0.007704022,0.078955078125
training_episode,1608906,1773.4705145999906,907.20763990987,23202551,26254.666015625,301.1025695800781,261.546630859375,2,32,38,27,3,2,9,154,1,1,MaxDuration,,,,,,,,,
ppo_rollout,1609728,1773.9208176000102,907.4407290500421,,,,,,,,,,,,,,,,,,,-0.009451023947137097,1.920275720457236,-0.5361340378721555,0.9892879128456116,0.007911389,0.06417643229166667
training_episode,1611534,1775.517224100011,907.6419975688311,29486291,28554.666015625,300.1216125488281,285.046630859375,1,45,41,28,5,6,5,158,0,1,MaxDuration,,,,,,,,,
training_episode,1611678,1775.5988948000013,907.6813489352476,72634639,29750.666015625,303.7051086425781,297.0066223144531,1,36,47,30,1,5,10,142,1,1,MaxDuration,,,,,,,,,
training_episode,1613844,1776.804925400007,908.2842899237686,43834164,338.7220153808594,18.02031707763672,1.8872201442718506,3,4,3,1,0,1,1,10,0,0,LivesExhausted,,,,,,,,,
ppo_rollout,1615872,1777.8901037999894,908.8705744783108,,,,,,,,,,,,,,,,,,,-0.010873826205109556,1.917404910425345,-0.5248616576194763,0.979082465171814,0.0064812186,0.08173828125
ppo_rollout,1622016,1781.8901767999923,910.2783219294118,,,,,,,,,,,,,,,,,,,-0.010589563346002251,2.9086485147476195,-0.5678795476754507,0.9839030504226685,0.009442156,0.09278971354166667
training_episode,1623840,1783.5378315999988,910.460081770884,14510044,28554.666015625,303.7851867675781,284.546630859375,2,39,41,28,6,6,4,126,4,1,MaxDuration,,,,,,,,,
training_episode,1624440,1783.8857036000118,910.6188791814192,61742823,2156.732421875,88.28044891357422,20.067325592041016,3,5,17,3,0,1,0,69,0,0,LivesExhausted,,,,,,,,,
ppo_rollout,1628160,1785.9219406000047,911.6635856172961,,,,,,,,,,,,,,,,,,,-0.00975758020261613,1.739782836039861,-0.525252656141917,0.9863799810409546,0.0067089796,0.07906901041666667
training_episode,1628652,1786.80761660001,911.487048112682,60695533,27389.33203125,305.1064758300781,273.3932800292969,1,38,41,27,5,3,3,154,2,1,MaxDuration,,,,,,,,,
training_episode,1629882,1787.4771940000064,911.8337316252182,26553879,1105.422607421875,50.347557067871094,9.55422592163086,3,3,10,2,0,0,1,6,0,0,LivesExhausted,,,,,,,,,
training_episode,1633272,1789.3417387999943,912.7781264943492,73996116,805.4592895507812,38.49954605102539,6.554592609405518,3,4,8,1,0,1,0,10,0,0,LivesExhausted,,,,,,,,,
ppo_rollout,1634304,1789.917627399991,913.0610118488898,,,,,,,,,,,,,,,,,,,-0.010096337167002882,2.442946010828018,-0.5492425883809725,0.986696183681488,0.0074859518,0.06806640625
training_episode,1635198,1791.0481518000015,912.9838292491621,16185708,27389.33203125,305.9072570800781,273.3932800292969,1,47,41,27,3,4,9,121,0,1,MaxDuration,,,,,,,,,
ppo_rollout,1640448,1793.9404898000066,914.4383603175609,,,,,,,,,,,,,,,,,,,-0.008208173369833578,3.5689666658639907,-0.5728305955727895,0.9863825440406799,0.008461702,0.0634765625
training_episode,1642092,1795.495216100011,914.5621694090516,56087457,1299.2930908203125,57.4063720703125,11.492931365966797,3,4,11,2,0,1,0,37,0,0,LivesExhausted,,,,,,,,,
training_episode,1645062,1797.1260421999905,915.3848763919541,16080979,29750.666015625,301.2427062988281,296.5066223144531,2,38,41,30,6,10,4,170,2,1,MaxDuration,,,,,,,,,
ppo_rollout,1646592,1797.9897785999929,915.7960849377693,,,,,,,,,,,,,,,,,,,-0.010771319774600366,1.8083357363939285,-0.5352598046263058,0.9911371469497681,0.009346762,0.09860026041666667
training_episode,1646778,1798.693521600013,915.5411859909976,35455844,819.274658203125,39.04945373535156,6.692746639251709,3,4,7,1,0,1,1,10,0,0,LivesExhausted,,,,,,,,,
training_episode,1647738,1799.210547499999,915.8116610029493,69073853,29750.666015625,301.6831359863281,296.5066223144531,2,47,45,30,6,9,6,121,2,1,MaxDuration,,,,,,,,,
ppo_rollout,1652736,1801.993021400005,917.1711434908642,,,,,,,,,,,,,,,,,,,-0.010232689904902751,2.4025876432657243,-0.570781268676122,0.9898948669433594,0.008270431,0.08763020833333333
ppo_rollout,1658880,1805.990524199995,918.5430254318965,,,,,,,,,,,,,,,,,,,-0.008820137199169647,3.5383856385946273,-0.5770039906104406,0.9871127009391785,0.008094159,0.0736328125
training_episode,1660854,1807.691127099999,918.7708979157499,73681929,27389.33203125,303.4348449707031,273.3932800292969,1,35,42,27,6,8,2,152,3,1,MaxDuration,,,,,,,,,
ppo_rollout,1665024,1810.0071493000141,919.899128931019,,,,,,,,,,,,,,,,,,,-0.009288457850925625,3.038248903552691,-0.5631350909670194,0.9815913438796997,0.007973229,0.07197265625
training_episode,1666392,1811.3933406000142,919.950384408511,55040167,999.0042114257812,46.14826202392578,8.490041732788086,3,5,9,1,0,1,1,22,0,0,LivesExhausted,,,,,,,,,
training_episode,1666392,1811.3933406000142,919.950384408511,18699204,30977.33203125,304.2256164550781,309.2732849121094,1,47,44,31,2,5,5,151,3,1,MaxDuration,,,,,,,,,
training_episode,1669560,1813.1480205999978,920.8073367598072,1418919,28554.666015625,302.3738098144531,285.546630859375,0,32,41,28,3,5,5,170,5,1,MaxDuration,,,,,,,,,
ppo_rollout,1671168,1814.0612990999944,921.2301705731292,,,,,,,,,,,,,,,,,,,-0.010961641053048274,2.3325893292824427,-0.5464143653710684,0.9867662787437439,0.008633392,0.08229166666666667
training_episode,1675386,1817.1879053000011,921.9662947973501,53155045,1058.89453125,48.51786422729492,9.088945388793945,3,3,11,2,0,0,1,34,1,0,LivesExhausted,,,,,,,,,
ppo_rollout,1677312,1818.3187001000042,922.4521531389139,,,,,,,,,,,,,,,,,,,-0.010995962309728687,2.3720930109421414,-0.5590879042943319,0.9912307858467102,0.0078534195,0.07434895833333334
training_episode,1680288,1820.5789584000013,922.9415688055108,30324123,864.3866577148438,40.82915496826172,7.143866539001465,3,4,9,1,0,3,1,21,0,0,LivesExhausted,,,,,,,,,
training_episode,1681164,1821.0785644999996,923.1693968467446,39435546,26254.666015625,300.8022766113281,262.046630859375,1,26,43,27,4,4,7,162,3,1,MaxDuration,,,,,,,,,
training_episode,1682808,1821.9922324999934,923.6087673606512,66874544,26254.666015625,300.1916809082031,261.546630859375,2,41,41,27,3,2,7,162,3,1,MaxDuration,,,,,,,,,
ppo_rollout,1683456,1822.3540359000035,923.7809815415992,,,,,,,,,,,,,,,,,,,-0.01035442902551343,2.794902308781942,-0.5619653508067131,0.9903200268745422,0.0070791566,0.06533203125
training_episode,1684152,1823.3264129000017,923.6700505650851,26239692,27389.33203125,303.4248352050781,272.8932800292969,2,32,44,27,2,3,6,127,5,1,MaxDuration,,,,,,,,,
ppo_rollout,1689600,1826.3450244000123,925.126401324451,,,,,,,,,,,,,,,,,,,-0.009399308617382,2.6584983120361962,-0.5734168206652005,0.9900991916656494,0.009612907,0.08878580729166667
ppo_rollout,1695744,1830.3286466000136,926.4696824529213,,,,,,,,,,,,,,,,,,,-0.009486477148796742,1.9339634070793787,-0.5749033614993095,0.9907817840576172,0.008750792,0.08019205729166666
ppo_rollout,1701888,1834.447420899989,927.7387733277442,,,,,,,,,,,,,,,,,,,-0.010315966422786005,1.7540692582726478,-0.5201328073938688,0.9595018625259399,0.00874423,0.08279622395833333
training_episode,1702842,1835.621859900013,927.6649168324648,58496224,29750.666015625,303.7351379394531,297.0066223144531,1,38,43,30,4,11,8,176,1,1,MaxDuration,,,,,,,,,
training_episode,1703136,1835.7926450000086,927.7387643090769,20689055,24077.33203125,306.1775207519531,239.77330017089844,2,31,45,24,3,3,2,158,2,1,MaxDuration,,,,,,,,,
ppo_rollout,1708032,1838.5677664999967,929.0013841869468,,,,,,,,,,,,,,,,,,,-0.00896259435879377,1.7743873159090677,-0.5138344121476014,0.8644170165061951,0.007564179,0.08505859375
ppo_rollout,1714176,1842.6472560999973,930.2789746248505,,,,,,,,,,,,,,,,,,,-0.00947878933317649,1.9420490855971972,-0.5706674287716548,0.9950493574142456,0.009568696,0.07600911458333333
training_episode,1716924,1844.7497221000085,930.7083662522548,42472687,29750.666015625,305.2666320800781,297.5066223144531,0,33,41,30,0,7,9,176,0,1,MaxDuration,,,,,,,,,
training_episode,1717248,1844.9403721000126,930.7878053778692,64256319,26254.666015625,300.6821594238281,262.546630859375,0,18,45,27,7,7,2,131,3,1,MaxDuration,,,,,,,,,
training_episode,1719588,1846.230785599997,931.4046832130795,36712592,28554.666015625,306.4477844238281,284.546630859375,2,41,40,28,4,7,4,137,0,1,MaxDuration,,,,,,,,,
ppo_rollout,1720320,1846.6357628999976,931.596817608672,,,,,,,,,,,,,,,,,,,-0.01200290490523912,2.26756920615832,-0.5276146459082762,0.9855393767356873,0.0076176147,0.07952473958333334
training_episode,1720362,1847.2643362999952,931.3025570806092,72110994,26254.666015625,301.6931457519531,261.546630859375,2,35,44,27,3,4,5,171,0,1,MaxDuration,,,,,,,,,
training_episode,1726050,1850.4395319999894,932.778385973225,41844313,1030.5186767578125,47.39805221557617,8.80518627166748,3,3,10,2,0,0,0,39,0,0,LivesExhausted,,,,,,,,,
ppo_rollout,1726464,1850.656291399995,932.8928380828374,,,,,,,,,,,,,,,,,,,-0.009038501569496779,2.1645454868674276,-0.5402186294396718,0.9909026622772217,0.006481456,0.06922200520833334
ppo_rollout,1732608,1854.654702800006,934.1943798941389,,,,,,,,,,,,,,,,,,,-0.009978985751513392,2.115066973368327,-0.5855610961715381,0.989162802696228,0.0071789436,0.07705078125
ppo_rollout,1738752,1858.9009164000163,935.3656155957473,,,,,,,,,,,,,,,,,,,-0.011850944238055187,1.6815474212169648,-0.5339756727218627,0.9855024218559265,0.009838569,0.117236328125
training_episode,1739628,1860.0683908000065,935.2494825482166,20793784,27389.33203125,306.4978332519531,273.3932800292969,1,41,38,27,2,8,10,224,2,1,MaxDuration,,,,,,,,,
training_episode,1739706,1860.1167978000012,935.2670768080727,41739584,27389.33203125,304.7361145019531,272.8932800292969,2,39,40,27,2,7,4,131,2,1,MaxDuration,,,,,,,,,
ppo_rollout,1744896,1863.0063648000068,936.602275208713,,,,,,,,,,,,,,,,,,,-0.007997274288209155,1.6183927208185196,-0.5256528586149216,0.947234034538269,0.007433101,0.06637369791666667
ppo_rollout,1751040,1867.0124937999935,937.8833863270241,,,,,,,,,,,,,,,,,,,-0.010404526030955215,2.2020506888628004,-0.5381569663683573,0.9906143546104431,0.007283069,0.07102864583333333
training_episode,1753434,1868.9617504999915,938.1861343769689,65198880,30977.33203125,304.2256164550781,309.2732849121094,1,39,44,31,5,8,9,182,2,1,MaxDuration,,,,,,,,,
training_episode,1754010,1869.2844964000105,938.3322888399205,9692510,26254.666015625,306.3176574707031,261.546630859375,2,44,44,27,5,4,2,129,3,1,MaxDuration,,,,,,,,,
training_episode,1756386,1870.5963240000128,938.9444304285867,37550424,28554.666015625,306.6179504394531,285.046630859375,1,42,43,28,5,4,9,146,1,1,MaxDuration,,,,,,,,,
ppo_rollout,1757184,1871.0357098999957,939.1504345440414,,,,,,,,,,,,,,,,,,,-0.010005287907551974,2.235491238037745,-0.4988888308405876,0.9606035947799683,0.006760031,0.062174479166666664
training_episode,1762536,1874.6192377000116,940.2101315051436,5712808,29750.666015625,304.0054016113281,297.0066223144531,1,44,41,30,4,3,5,158,2,1,MaxDuration,,,,,,,,,
training_episode,1762860,1874.8147083999938,940.2849210119872,71796807,1210.9212646484375,53.91695785522461,10.609212875366211,3,4,8,2,0,2,1,18,0,0,LivesExhausted,,,,,,,,,
ppo_rollout,1763328,1875.0808296999894,940.4010600877032,,,,,,,,,,,,,,,,,,,-0.011481094156624749,2.28536918759346,-0.5608222266038259,0.9888304471969604,0.00806098,0.08175455729166667
ppo_rollout,1769472,1879.0465531999944,941.6860891427143,,,,,,,,,,,,,,,,,,,-0.008664153500770528,2.315743992726008,-0.5644141087929407,0.9870089292526245,0.008372954,0.06417643229166667
ppo_rollout,1775616,1883.2393232000177,942.8520199880156,,,,,,,,,,,,,,,,,,,-0.012070129107451066,1.455427379409472,-0.5462652439872424,0.9913263916969299,0.0094093075,0.09563802083333334
training_episode,1775718,1883.9220869000128,942.5644576002279,57344205,28554.666015625,300.0515441894531,285.046630859375,1,41,44,28,3,5,7,128,0,1,MaxDuration,,,,,,,,,
training_episode,1776192,1884.2079925000144,942.6729995149336,39540275,29750.666015625,304.6460266113281,296.5066223144531,2,39,43,30,5,2,7,158,1,1,MaxDuration,,,,,,,,,
ppo_rollout,1781760,1887.3188094999932,944.0694338610662,,,,,,,,,,,,,,,,,,,-0.01028499697179844,2.173931167523066,-0.4999365068972111,0.9251537919044495,0.0076116975,0.07747395833333333
ppo_rollout,1787904,1891.342967500008,945.3092488895685,,,,,,,,,,,,,,,,,,,-0.010054620875356099,2.0203815991679828,-0.5661025608579318,0.9926059246063232,0.0077521843,0.0677734375
training_episode,1789926,1893.0701150000095,945.5148997479108,52736129,28554.666015625,304.0854797363281,285.546630859375,0,42,43,28,1,9,7,213,3,1,MaxDuration,,,,,,,,,
training_episode,1790442,1893.367723400006,945.6388095519144,5608079,30977.33203125,303.5549621582031,309.7732849121094,0,32,46,31,6,3,8,117,1,1,MaxDuration,,,,,,,,,
ppo_rollout,1794048,1895.3736801999912,946.5405258823158,,,,,,,,,,,,,,,,,,,-0.009235386841464788,1.7912346119681994,-0.5080824784934521,0.96466064453125,0.007185325,0.07054036458333333
training_episode,1798824,1898.6316263999906,947.4318108830639,29800478,26254.666015625,302.3838195800781,262.546630859375,0,40,43,27,0,4,5,176,0,1,MaxDuration,,,,,,,,,
training_episode,1799370,1898.969054599991,947.5509859632909,66560357,27389.33203125,304.2356262207031,273.8932800292969,0,28,43,27,6,7,5,174,4,1,MaxDuration,,,,,,,,,
ppo_rollout,1800192,1899.4257070000167,947.7559418963809,,,,,,,,,,,,,,,,,,,-0.010716147625741239,1.962476474046707,-0.5430619490643342,0.9913460612297058,0.008850236,0.09230143229166667
ppo_rollout,1806336,1903.5992721999937,948.9055949850273,,,,,,,,,,,,,,,,,,,-0.010161539867597942,2.549800098935763,-0.5248252717157205,0.9839544892311096,0.00700837,0.06513671875
training_episode,1812336,1907.5536137000017,950.083912181471,5084434,27389.33203125,305.1365051269531,273.3932800292969,1,25,45,27,5,5,8,146,1,1,MaxDuration,,,,,,,,,
ppo_rollout,1812480,1907.6350134999957,950.1188577340002,,,,,,,,,,,,,,,,,,,-0.010965995175259499,1.9042131170630454,-0.5289118225375812,0.9878105521202087,0.007798087,0.07392578125
training_episode,1812834,1908.448084100004,949.89956242635,14300586,27389.33203125,305.2966613769531,273.3932800292969,1,35,45,27,4,5,5,164,2,1,MaxDuration,,,,,,,,,
ppo_rollout,1818624,1911.6820883000037,951.3213578400176,,,,,,,,,,,,,,,,,,,-0.01004593814529168,2.31317350367705,-0.5020610215763252,0.9629350900650024,0.0069001373,0.070458984375
ppo_rollout,1824768,1915.6430125999905,952.5616140365051,,,,,,,,,,,,,,,,,,,-0.014080709911650047,1.6809677273035049,-0.5313642067213853,0.9916205406188965,0.009753456,0.09697265625
training_episode,1826178,1917.0270604999969,952.6094011024019,8959407,26254.666015625,302.0835266113281,261.546630859375,2,35,43,27,4,8,4,143,5,1,MaxDuration,,,,,,,,,
training_episode,1826616,1917.2683525000175,952.7179633556192,5503350,26254.666015625,301.3928527832031,261.546630859375,2,22,42,27,4,5,5,143,1,1,MaxDuration,,,,,,,,,
ppo_rollout,1830912,1919.7067253999994,953.7456819705116,,,,,,,,,,,,,,,,,,,-0.007891471342494091,2.181658987204234,-0.502798330783844,0.9577147960662842,0.008209411,0.08372395833333333
training_episode,1835454,1922.8346763000009,954.5563238602798,38911901,28554.666015625,305.2366027832031,284.546630859375,2,27,42,28,2,4,5,164,3,1,MaxDuration,,,,,,,,,
training_episode,1835562,1922.8998224000097,954.580149531138,6341182,26254.666015625,301.5530090332031,261.546630859375,2,36,43,27,2,6,9,162,3,1,MaxDuration,,,,,,,,,
ppo_rollout,1837056,1923.7574832999962,954.9311781486774,,,,,,,,,,,,,,,,,,,-0.010034064554686969,1.9842747449874878,-0.5529450858632724,0.9889779686927795,0.010630372,0.09558919270833334
training_episode,1843020,1927.6397442000161,956.1018886155339,46347660,1456.7225341796875,63.025428771972656,13.067225456237793,3,4,13,2,0,1,2,21,1,1,LivesExhausted,,,,,,,,,
ppo_rollout,1843200,1927.7486237999983,956.141260973469,,,,,,,,,,,,,,,,,,,-0.011239432425160583,2.0728441288073856,-0.5498492896556855,0.9834779500961304,0.00836166,0.09915364583333333
training_episode,1848486,1931.2599274000095,957.1399342855701,20898513,26254.666015625,301.2026672363281,262.546630859375,0,22,40,27,5,4,9,145,0,1,MaxDuration,,,,,,,,,
ppo_rollout,1849344,1931.7192483000108,957.3565111117963,,,,,,,,,,,,,,,,,,,-0.008971750170652134,2.506087931493918,-0.5861081192890804,0.978103518486023,0.0067024925,0.06824544270833334
training_episode,1849452,1932.3879248000158,957.0811203404726,47499679,29750.666015625,305.1064758300781,296.0066223144531,3,40,41,30,3,6,11,153,3,1,MaxDuration,,,,,,,,,
ppo_rollout,1855488,1935.7154568000115,958.5541064322347,,,,,,,,,,,,,,,,,,,-0.011234918444339806,1.8781258478760718,-0.5509603058298429,0.9881981015205383,0.0098108,0.097119140625
ppo_rollout,1861632,1939.7107584000041,959.7472158867602,,,,,,,,,,,,,,,,,,,-0.012873602974771832,1.8234934955835342,-0.5604369133710861,0.9874846339225769,0.0075851646,0.08623046875
training_episode,1862598,1940.8751624000142,959.6691410573674,23307280,28554.666015625,303.4548645019531,284.546630859375,2,43,39,28,3,7,8,150,2,1,MaxDuration,,,,,,,,,
training_episode,1863132,1941.1723457000044,959.7973122412981,59752972,28554.666015625,304.2656555175781,285.046630859375,1,41,44,28,4,3,7,178,3,1,MaxDuration,,,,,,,,,
ppo_rollout,1867776,1943.7551049000176,960.9111740936492,,,,,,,,,,,,,,,,,,,-0.010751501433939362,1.8413379147648812,-0.5363394704957803,0.9625759720802307,0.007657659,0.07052408854166667
training_episode,1872366,1947.010555899993,961.661966508708,52631400,25150.666015625,306.6679992675781,251.0066375732422,1,31,43,26,4,4,4,112,2,1,MaxDuration,,,,,,,,,
ppo_rollout,1873920,1947.919156799995,962.0111766231821,,,,,,,,,,,,,,,,,,,-0.009721291239839048,1.6599359462658565,-0.5530126705765724,0.9917696714401245,0.0075535886,0.08186848958333333
training_episode,1879242,1951.5815490999958,962.9328586687262,31580871,26254.666015625,301.7932434082031,262.546630859375,0,21,41,27,1,2,6,144,1,1,MaxDuration,,,,,,,,,
ppo_rollout,1880064,1952.0448335999972,963.1254198873861,,,,,,,,,,,,,,,,,,,-0.012091064010746777,1.7966606105367342,-0.5470406482617061,0.9829931855201721,0.00827925,0.08307291666666666
training_episode,1884552,1955.146304599999,963.8930833800482,52526671,28554.666015625,300.5320129394531,284.546630859375,2,46,40,28,3,4,6,133,2,1,MaxDuration,,,,,,,,,
ppo_rollout,1886208,1956.1176408000174,964.2610243157842,,,,,,,,,,,,,,,,,,,-0.009035411911706129,2.092768933872382,-0.5115528454383215,0.9652381539344788,0.007243347,0.07732747395833334
training_episode,1886214,1956.7221727000142,963.9661809511146,58810411,29750.666015625,306.3276672363281,296.5066223144531,2,30,46,30,2,3,11,116,4,1,MaxDuration,,,,,,,,,
ppo_rollout,1892352,1960.1009044999955,965.4360118173214,,,,,,,,,,,,,,,,,,,-0.01175609867204912,1.9517836004495621,-0.5441434455414613,0.9794571995735168,0.007613542,0.078662109375
ppo_rollout,1898496,1964.078367500013,966.6090882190766,,,,,,,,,,,,,,,,,,,-0.011710248497547582,1.634057192504406,-0.5625479216376941,0.9922217130661011,0.009406287,0.08675130208333333
training_episode,1899192,1965.0896168999898,966.4658464767903,58286766,27389.33203125,304.9263000488281,272.3932800292969,3,40,45,27,7,5,3,119,1,1,MaxDuration,,,,,,,,,
training_episode,1899204,1965.1004334000172,966.4666333180726,65827254,28554.666015625,300.5420227050781,285.046630859375,1,32,40,28,6,5,7,185,0,1,MaxDuration,,,,,,,,,
training_episode,1902996,1967.2157185999968,967.3550195879383,28124814,630.4048461914062,31.58062744140625,4.804048538208008,3,4,7,1,0,0,0,21,1,0,LivesExhausted,,,,,,,,,
ppo_rollout,1904640,1968.1701643000124,967.7212034546783,,,,,,,,,,,,,,,,,,,-0.00933951186016202,2.241774598757426,-0.5322946387032668,0.9765253663063049,0.006587649,0.06612955729166667
training_episode,1908588,1971.0853743999905,968.2929135329741,26972795,29750.666015625,301.8032531738281,297.5066223144531,0,31,42,30,4,7,7,134,1,1,MaxDuration,,,,,,,,,
ppo_rollout,1910784,1972.4009285999928,968.7604443363712,,,,,,,,,,,,,,,,,,,-0.006601751151417072,2.494014491637548,-0.5424178163210551,0.9859188199043274,0.009448402,0.06276041666666667
training_episode,1915326,1975.508386100002,969.5357475961858,23935654,29750.666015625,300.6621398925781,297.0066223144531,1,35,44,30,3,3,4,124,2,1,MaxDuration,,,,,,,,,
ppo_rollout,1916928,1976.4170811999938,969.9005428733318,,,,,,,,,,,,,,,,,,,-0.01078111607154521,1.7838495428363481,-0.5308945367733637,0.9867106080055237,0.00625832,0.07936197916666667
training_episode,1920810,1979.1747045000084,970.5105848577664,61323907,26254.666015625,302.1035461425781,261.546630859375,2,41,41,27,1,6,4,148,3,1,MaxDuration,,,,,,,,,
training_episode,1922712,1980.248554299993,970.9447815653971,62999571,28554.666015625,304.1255187988281,285.046630859375,1,36,41,28,5,3,9,190,4,1,MaxDuration,,,,,,,,,
ppo_rollout,1923072,1980.4475839000079,971.0289813441966,,,,,,,,,,,,,,,,,,,-0.011086214520037174,1.6666058386365572,-0.5373107401033242,0.9844317436218262,0.008844194,0.08400065104166667
ppo_rollout,1929216,1984.410403499991,972.1859936822332,,,,,,,,,,,,,,,,,,,-0.010446848260471597,1.92285003165404,-0.5329438403248787,0.9802890419960022,0.0070015755,0.06790364583333333
ppo_rollout,1935360,1988.372761400009,973.3386201877545,,,,,,,,,,,,,,,,,,,-0.010068346278664346,1.4956906716028848,-0.5352254807949066,0.9891337156295776,0.009635906,0.07998046875
training_episode,1935972,1989.3230151000025,973.1813211353609,24878215,27389.33203125,306.4477844238281,273.3932800292969,1,32,45,27,10,4,5,145,0,1,MaxDuration,,,,,,,,,
training_episode,1939428,1991.2471851000155,973.9765180898861,43101061,30977.33203125,303.5749816894531,309.2732849121094,1,39,46,31,3,1,8,190,2,1,MaxDuration,,,,,,,,,
ppo_rollout,1941504,1992.3741867000062,974.4675538161518,,,,,,,,,,,,,,,,,,,-0.012429871739974866,1.8069954305887221,-0.5321171189347903,0.9457440376281738,0.00776859,0.07236328125
training_episode,1944960,1994.9124928000092,974.9600581577906,52317213,27389.33203125,303.0845031738281,272.8932800292969,2,29,42,27,7,3,4,180,3,1,MaxDuration,,,,,,,,,
ppo_rollout,1947648,1996.4140603000124,975.5731732861649,,,,,,,,,,,,,,,,,,,-0.013083425951966396,1.8094313517212868,-0.5629008611043295,0.9886198043823242,0.008563475,0.07858072916666667
training_episode,1951440,1999.1402104000153,976.139637354165,29591020,29750.666015625,300.8923645019531,297.5066223144531,0,45,43,30,2,10,13,172,1,1,MaxDuration,,,,,,,,,
ppo_rollout,1953792,2000.43823900001,976.6819899307025,,,,,,,,,,,,,,,,,,,-0.011866110601113177,1.7780792817473412,-0.5493564014633496,0.9916025996208191,0.0085569,0.08517252604166667
training_episode,1957368,2003.0175116000173,977.2096293039633,3722957,30977.33203125,304.6260070800781,308.7732849121094,2,36,43,31,3,3,6,168,2,1,MaxDuration,,,,,,,,,
training_episode,1958994,2003.931822899991,977.575173772649,59438785,1454.1048583984375,62.925445556640625,13.041049003601074,3,4,12,2,1,1,2,34,0,1,LivesExhausted,,,,,,,,,
training_episode,1959138,2004.0182876999897,977.6048512254353,60800262,27389.33203125,303.5149230957031,273.3932800292969,1,29,38,27,6,4,9,95,1,1,MaxDuration,,,,,,,,,
ppo_rollout,1959936,2004.463379199995,977.7858854085096,,,,,,,,,,,,,,,,,,,-0.010327741101112528,1.8727341547608376,-0.5443123981356621,0.9883711338043213,0.012783063,0.09274088541666667
training_episode,1960134,2005.1907050000154,977.5299651610867,1837835,430.5770568847656,23.020431518554688,2.8057703971862793,3,3,6,1,0,0,0,5,0,0,LivesExhausted,,,,,,,,,
ppo_rollout,1966080,2008.5770723000169,978.8421998408288,,,,,,,,,,,,,,,,,,,-0.008275432139635086,3.546934283276399,-0.5790157814820608,0.9768439531326294,0.006816289,0.06985677083333333
training_episode,1971996,2012.6026743999973,979.8237998406203,58077308,26254.666015625,300.1816711425781,261.546630859375,2,32,43,27,3,5,7,160,3,1,MaxDuration,,,,,,,,,
ppo_rollout,1972224,2012.7529781000048,979.8639085168497,,,,,,,,,,,,,,,,,,,-0.00959893357551967,2.2389895235498747,-0.588594776391983,0.982534646987915,0.008234851,0.0748046875
training_episode,1975980,2015.5712765000062,980.3572927627965,49908446,27389.33203125,304.5759582519531,273.3932800292969,1,36,41,27,4,8,4,168,3,1,MaxDuration,,,,,,,,,
ppo_rollout,1978368,2016.9430128000095,980.8745152663198,,,,,,,,,,,,,,,,,,,-0.011430544984371712,1.9410669386386872,-0.546965828537941,0.9678956270217896,0.0074630585,0.06956380208333333
training_episode,1981560,2019.3244302000094,981.2984829801376,2780396,27389.33203125,304.9663391113281,273.8932800292969,0,24,47,27,0,7,3,141,0,1,MaxDuration,,,,,,,,,
ppo_rollout,1984512,2020.9622676,981.9639049257032,,,,,,,,,,,,,,,,,,,-0.011550347324615965,1.7116616775592168,-0.5833020274837811,0.9896706342697144,0.008429207,0.08494466145833333
training_episode,1986696,2022.788891300006,982.156866959651,16395166,2181.970703125,89.2806625366211,19.8197078704834,4,8,15,3,1,3,0,57,1,0,LivesExhausted,,,,,,,,,
ppo_rollout,1990656,2025.0023446000123,983.0388618109,,,,,,,,,,,,,,,,,,,-0.012574691622285172,1.629309526582559,-0.5904532328248024,0.9899331331253052,0.009326699,0.0953125
training_episode,1995186,2028.1143074000138,983.7640771627774,11368174,29750.666015625,300.3718566894531,297.5066223144531,0,28,40,30,2,4,4,174,2,1,MaxDuration,,,,,,,,,
training_episode,1995462,2028.268251100002,983.8254870467897,58705682,27389.33203125,303.8552551269531,273.3932800292969,1,41,39,27,2,9,9,155,2,1,MaxDuration,,,,,,,,,
training_episode,1996428,2028.8043617999938,984.0416540847394,69806956,26254.666015625,302.4038391113281,262.046630859375,1,37,42,27,3,6,8,201,2,1,MaxDuration,,,,,,,,,
ppo_rollout,1996800,2029.0188580999966,984.1209666576649,,,,,,,,,,,,,,,,,,,-0.010921068611787632,2.491170374552409,-0.5936999181906383,0.9771701097488403,0.006762262,0.06476236979166666
validation,2000004,,,,,,,,,,,,,,,,,,21919.880465393067,26396.1904296875,10502.40796882101,,,,,,
ppo_rollout,2002944,2361.840174300014,848.0438353935692,,,,,,,,,,,,,,,,,,,-0.012704100591751437,2.4270213613907496,-0.5636498957872391,0.9834422469139099,0.0080000805,0.08123372395833334
training_episode,2003598,2362.8441299000115,847.9602927023317,22364719,1650.0499267578125,70.06655883789062,15.000499725341797,3,4,13,2,0,1,0,36,0,0,LivesExhausted,,,,,,,,,
training_episode,2005716,2364.015102400008,848.4362041358139,50117904,1850.2783203125,77.37812042236328,17.002782821655273,3,4,11,2,1,1,0,29,2,0,LivesExhausted,,,,,,,,,
training_episode,2008344,2365.5080776000104,849.0116854885649,51584110,27389.33203125,302.8642883300781,272.3932800292969,3,28,39,27,3,4,4,128,2,1,MaxDuration,,,,,,,,,
ppo_rollout,2009088,2365.9375486999925,849.1720337689936,,,,,,,,,,,,,,,,,,,-0.011567720297413568,1.9536090681950251,-0.6001720234751702,0.9874294996261597,0.008892684,0.09676106770833333
ppo_rollout,2015232,2369.9464525000076,850.328072971511,,,,,,,,,,,,,,,,,,,-0.008418133734570196,4.2357993632555,-0.5913206527630488,0.9699521660804749,0.009223851,0.06297200520833333
training_episode,2017920,2372.009087100014,850.7218673715461,36188947,27389.33203125,302.9643859863281,272.3932800292969,3,40,42,27,5,6,7,179,3,1,MaxDuration,,,,,,,,,
ppo_rollout,2021376,2373.8985534000094,851.5005820720056,,,,,,,,,,,,,,,,,,,-0.011205208728400369,1.9030667081475259,-0.5670459990700086,0.9852299690246582,0.008734406,0.08097330729166667
training_episode,2022732,2375.2339024000103,851.592762277504,35665302,27389.33203125,300.2417297363281,273.8932800292969,0,32,45,27,2,6,8,145,0,1,MaxDuration,,,,,,,,,
ppo_rollout,2027520,2377.970414100011,852.6262513519766,,,,,,,,,,,,,,,,,,,-0.010225356233422644,1.9178031519055367,-0.5160424614946048,0.9834452271461487,0.008502948,0.08333333333333333
training_episode,2032200,2381.218170200009,853.4287304843247,13986399,30977.33203125,306.0974426269531,309.7732849121094,0,39,43,31,5,5,7,157,1,1,MaxDuration,,,,,,,,,
ppo_rollout,2033664,2382.0253543000144,853.7541367176655,,,,,,,,,,,,,,,,,,,-0.010690214838056515,1.841289641459783,-0.5543316493431727,0.9883295297622681,0.007560525,0.07272135416666667
ppo_rollout,2039808,2386.111319299991,854.8670732589352,,,,,,,,,,,,,,,,,,,-0.009790766301254432,1.9827478279670079,-0.5603894680738449,0.9807734489440918,0.009526778,0.07732747395833334
training_episode,2040180,2386.9244664,854.7316970934712,22469448,25150.666015625,304.7961730957031,250.5066375732422,2,28,42,26,5,7,6,168,1,1,MaxDuration,,,,,,,,,
training_episode,2042022,2387.9322317999904,855.142358232148,37864611,28554.666015625,302.5039367675781,285.546630859375,0,38,37,28,6,4,8,169,2,1,MaxDuration,,,,,,,,,
training_episode,2044548,2389.3521687000175,855.6913571733479,47080763,26254.666015625,301.6531066894531,261.546630859375,2,28,42,27,4,4,7,206,0,1,MaxDuration,,,,,,,,,
ppo_rollout,2045952,2390.126636300003,856.001505914851,,,,,,,,,,,,,,,,,,,-0.011581286855895693,2.1277033358812334,-0.5663892845312755,0.9779298305511475,0.0071389377,0.08154296875
ppo_rollout,2052096,2394.1826569999976,857.1175611853085,,,,,,,,,,,,,,,,,,,-0.010699618419554706,1.525844056904316,-0.5954754918813705,0.9919973015785217,0.010430616,0.09599609375
training_episode,2054364,2396.009602300008,857.4105871812654,58391495,27389.33203125,303.6450500488281,273.8932800292969,0,30,43,27,4,5,7,156,1,1,MaxDuration,,,,,,,,,
ppo_rollout,2058240,2398.1694753000047,858.2546067735766,,,,,,,,,,,,,,,,,,,-0.012454185797832907,1.695877416431904,-0.5604347129662831,0.9859378337860107,0.009052829,0.093994140625
training_episode,2058546,2398.9487156000105,858.1033794568339,42891603,712.9313354492188,34.85015869140625,5.629312992095947,3,4,9,1,0,0,1,14,0,0,LivesExhausted,,,,,,,,,
training_episode,2058804,2399.102803799993,858.1558058866898,70016414,26254.666015625,300.5520324707031,262.546630859375,0,27,45,27,2,1,6,158,2,1,MaxDuration,,,,,,,,,
ppo_rollout,2064384,2402.242291200004,859.3571129616439,,,,,,,,,,,,,,,,,,,-0.013312419061549008,1.915018367767334,-0.5709029361605644,0.9873000979423523,0.010892187,0.10685221354166667
training_episode,2068224,2405.075298999989,859.9414749550465,2152022,26254.666015625,300.1816711425781,262.546630859375,0,25,43,27,1,3,9,153,1,1,MaxDuration,,,,,,,,,
ppo_rollout,2070528,2406.3844150000077,860.4311044792041,,,,,,,,,,,,,,,,,,,-0.009636015076345454,2.2167187362909315,-0.58174699395895,0.9816890954971313,0.010402067,0.09969075520833333
training_episode,2076252,2410.3280679000018,861.3980925048658,10111426,26254.666015625,300.5720520019531,262.046630859375,1,39,46,27,3,6,6,123,2,1,MaxDuration,,,,,,,,,
ppo_rollout,2076672,2410.5626856000163,861.4884866531039,,,,,,,,,,,,,,,,,,,-0.01149809534739082,1.879909172654152,-0.5712283884485563,0.9771420359611511,0.007156824,0.0802734375
training_episode,2078346,2412.110384600004,861.6297219518203,34303825,27389.33203125,302.6440734863281,272.8932800292969,2,25,45,27,4,5,5,156,3,1,MaxDuration,,,,,,,,,
training_episode,2080632,2413.3606284999987,862.1305806638592,1209461,25150.666015625,300.6821594238281,250.5066375732422,2,28,45,26,3,4,9,135,6,1,MaxDuration,,,,,,,,,
ppo_rollout,2082816,2414.5638576000056,862.6054736320987,,,,,,,,,,,,,,,,,,,-0.0103279351159775,2.1102286924918494,-0.5425283759832382,0.9543390274047852,0.008454613,0.08216145833333334
ppo_rollout,2088960,2418.5533265999984,863.7229442183354,,,,,,,,,,,,,,,,,,,-0.011214483599178492,1.8300958678126336,-0.5475585227211316,0.9907122850418091,0.008658816,0.08937174479166667
ppo_rollout,2095104,2422.5469594000024,864.8352478248344,,,,,,,,,,,,,,,,,,,-0.010578535087794686,1.681962571044763,-0.5561181291937828,0.9892488718032837,0.007715458,0.08155924479166667
training_episode,2095272,2423.2734849000117,864.6452878951277,35979489,27389.33203125,306.0173645019531,273.8932800292969,0,28,48,27,1,8,6,155,3,1,MaxDuration,,,,,,,,,
training_episode,2095404,2423.3567578000075,864.6700463130602,71063704,30977.33203125,304.9863586425781,309.7732849121094,0,41,43,31,2,6,7,150,3,1,MaxDuration,,,,,,,,,
training_episode,2098668,2425.1640396000003,865.3715648637724,65303609,546.3491821289062,28.26055145263672,3.963491439819336,3,4,6,1,0,0,0,5,0,0,LivesExhausted,,,,,,,,,
ppo_rollout,2101248,2426.5946790000016,865.9245889659344,,,,,,,,,,,,,,,,,,,-0.009543140820460394,2.072036549448967,-0.5239655176798502,0.9602037668228149,0.006257161,0.06290690104166667
training_episode,2104884,2429.4096517,866.4178964330242,39645004,30977.33203125,305.4468078613281,309.7732849121094,0,33,41,31,3,6,16,142,2,1,MaxDuration,,,,,,,,,
ppo_rollout,2107392,2430.882795600017,866.9245608280471,,,,,,,,,,,,,,,,,,,-0.007971069916190269,2.2404675553242366,-0.5754209786653519,0.9880555272102356,0.008793362,0.06246744791666667
training_episode,2112750,2434.4255275999894,867.8638865912989,52421942,30977.33203125,304.1054992675781,309.2732849121094,1,38,41,31,3,7,12,164,3,1,MaxDuration,,,,,,,,,
ppo_rollout,2113536,2434.8751883000077,868.0264229377763,,,,,,,,,,,,,,,,,,,-0.011318823739808673,2.125514223178228,-0.5329256281256676,0.9857004880905151,0.007869042,0.08473307291666667
training_episode,2114580,2436.1139213000133,868.013593909258,11682361,27389.33203125,301.8933410644531,273.8932800292969,0,30,46,27,0,6,7,131,1,1,MaxDuration,,,,,,,,,
training_episode,2116788,2437.3458615000127,868.4807656707644,9483052,26254.666015625,301.2827453613281,261.046630859375,3,27,45,27,5,1,10,105,2,1,MaxDuration,,,,,,,,,
ppo_rollout,2119680,2438.9626568999956,869.0907972712404,,,,,,,,,,,,,,,,,,,-0.009876889269798994,2.3426923513412476,-0.5026510062317053,0.9774398803710938,0.005792096,0.06490885416666667
ppo_rollout,2125824,2442.950369500002,870.1871419660039,,,,,,,,,,,,,,,,,,,-0.011380875397784014,1.6565513228376707,-0.5372191744546095,0.9909971356391907,0.009205211,0.08523763020833333
training_episode,2131818,2446.926937899989,871.2225800373006,33256535,27389.33203125,303.4048156738281,273.3932800292969,1,45,43,27,4,5,5,126,3,1,MaxDuration,,,,,,,,,
ppo_rollout,2131968,2447.0243988000148,871.2491796344516,,,,,,,,,,,,,,,,,,,-0.010314081974017123,1.7472125525275866,-0.5285603513320287,0.9776870012283325,0.0075536477,0.08741861979166667
training_episode,2134890,2449.251563900005,871.649948689044,6760098,26254.666015625,301.8132629394531,262.046630859375,1,34,44,27,4,8,6,189,2,1,MaxDuration,,,,,,,,,
ppo_rollout,2138112,2451.058656900015,872.3218410057083,,,,,,,,,,,,,,,,,,,-0.011865404290923228,1.8915960530440012,-0.5116420730948448,0.956413984298706,0.006458504,0.07431640625
training_episode,2141346,2453.4756455000024,872.7806220239074,60486075,1207.07421875,53.76698303222656,10.5707426071167,3,4,10,2,0,1,1,10,0,0,LivesExhausted,,,,,,,,,
training_episode,2141502,2453.564912700007,872.8124489045616,51793568,29750.666015625,305.1365051269531,296.5066223144531,2,33,43,30,3,6,8,161,2,1,MaxDuration,,,,,,,,,
ppo_rollout,2144256,2455.0868761000165,873.3931254629241,,,,,,,,,,,,,,,,,,,-0.010365874684066512,1.9089994390805562,-0.5090695840617021,0.991400420665741,0.006682157,0.07919921875
training_episode,2147382,2457.493273800006,873.809919601333,27601169,1070.85791015625,48.98778533935547,9.208578109741211,3,5,10,2,0,1,1,24,1,0,LivesExhausted,,,,,,,,,
training_episode,2148960,2458.4167731000052,874.1235511870563,49280072,28554.666015625,301.7131652832031,284.546630859375,2,33,41,28,4,5,6,203,5,1,MaxDuration,,,,,,,,,
ppo_rollout,2150400,2459.275588999997,874.4038324205895,,,,,,,,,,,,,,,,,,,-0.006337508241995238,2.871647056937218,-0.5136360247929891,0.9802632331848145,0.0062066168,0.04436848958333333
training_episode,2151054,2460.3011340000085,874.3051695069424,33465993,28554.666015625,303.9353332519531,285.046630859375,1,30,44,28,2,4,8,204,2,1,MaxDuration,,,,,,,,,
training_episode,2153502,2461.676445399993,874.8111491354347,18594475,29750.666015625,305.9172668457031,297.0066223144531,1,25,43,30,5,4,8,133,1,1,MaxDuration,,,,,,,,,
ppo_rollout,2156544,2463.349345399998,875.4519548869837,,,,,,,,,,,,,,,,,,,-0.012271903649282953,2.9400732686122257,-0.538989095389843,0.9781976938247681,0.009221254,0.085498046875
ppo_rollout,2162688,2467.3525035000057,876.5216955956513,,,,,,,,,,,,,,,,,,,-0.011678323789965361,1.5547261585791905,-0.5441017841299375,0.9901853799819946,0.0087143695,0.0923828125
training_episode,2168004,2471.050384400005,877.3613090557894,8016846,27389.33203125,301.4929504394531,273.3932800292969,1,26,39,27,3,1,3,118,4,1,MaxDuration,,,,,,,,,
ppo_rollout,2168832,2471.5662555000163,877.5131943858123,,,,,,,,,,,,,,,,,,,-0.013223410894473394,1.7449852471550307,-0.5283138781785965,0.9774129390716553,0.00993437,0.09285481770833333
ppo_rollout,2174976,2475.716158299998,878.5239748540045,,,,,,,,,,,,,,,,,,,-0.010089819210891922,2.232127587000529,-0.523731143027544,0.9433925151824951,0.0067361593,0.07109375
training_episode,2177970,2477.958299299993,878.9373092417504,73577200,30977.33203125,305.1765441894531,309.7732849121094,0,31,46,31,0,6,8,152,1,1,MaxDuration,,,,,,,,,
ppo_rollout,2181120,2479.7076406000124,879.5875627790688,,,,,,,,,,,,,,,,,,,-0.00956840517173987,1.9924121936162313,-0.524328924715519,0.982966423034668,0.008601623,0.07451171875
training_episode,2184108,2481.984463200002,879.9845576728742,60276617,27389.33203125,306.0373840332031,273.8932800292969,0,39,42,27,5,4,8,169,1,1,MaxDuration,,,,,,,,,
training_episode,2184510,2482.2150704000087,880.0647558907805,10006697,1224.6199951171875,54.45686721801758,10.746199607849121,3,4,10,2,2,3,1,27,1,0,LivesExhausted,,,,,,,,,
training_episode,2185410,2482.7291646999947,880.245026752275,38074069,29750.666015625,303.6950988769531,297.0066223144531,1,40,38,30,3,4,6,149,3,1,MaxDuration,,,,,,,,,
ppo_rollout,2187264,2483.7578113999916,880.6269234306423,,,,,,,,,,,,,,,,,,,-0.009611273152404464,2.5736649413903554,-0.5212276488542557,0.9734175801277161,0.0063290126,0.07102864583333333
training_episode,2187816,2484.6984330000123,880.515708040449,72006265,27389.33203125,306.3076477050781,273.3932800292969,1,39,45,27,5,5,10,166,0,1,MaxDuration,,,,,,,,,
training_episode,2189526,2485.636461599992,880.871371910361,11577632,28554.666015625,300.1616516113281,284.546630859375,2,38,43,28,6,10,4,144,1,1,MaxDuration,,,,,,,,,
training_episode,2190210,2486.0136780000175,881.0128517724047,4770247,1031.8828125,47.45804214477539,8.318827629089355,4,5,8,2,2,1,1,18,0,0,LivesExhausted,,,,,,,,,
training_episode,2191668,2486.8440551999956,881.3049597610345,64361048,1455.5859375,62.985435485839844,13.055859565734863,3,5,12,2,0,2,1,33,0,1,LivesExhausted,,,,,,,,,
ppo_rollout,2193408,2487.8022589000175,881.6649282125084,,,,,,,,,,,,,,,,,,,-0.009246273575505863,3.048164563377698,-0.5537924215197563,0.9769004583358765,0.007693568,0.06585286458333334
training_episode,2195508,2489.5556759000174,881.8874874956496,22783635,640.6155395507812,31.980636596679688,4.906155586242676,3,4,8,1,0,0,0,5,0,0,LivesExhausted,,,,,,,,,
training_episode,2197308,2490.5584738999896,882.2551339496214,54935438,1342.9847412109375,59.13608169555664,11.92984676361084,3,4,12,2,0,1,0,37,1,0,LivesExhausted,,,,,,,,,
ppo_rollout,2199552,2491.8121181000024,882.711816040589,,,,,,,,,,,,,,,,,,,-0.009015634442524364,4.435128386815389,-0.5804800416032473,0.969710648059845,0.007873663,0.07696940104166666
training_episode,2204316,2495.0809274000057,883.4647308602543,2047293,27389.33203125,302.5840148925781,273.3932800292969,1,41,40,27,7,15,8,171,2,1,MaxDuration,,,,,,,,,
ppo_rollout,2205696,2495.879634300014,883.7349244281975,,,,,,,,,,,,,,,,,,,-0.009006509374012239,3.3787947624921797,-0.5764233296116194,0.9781230092048645,0.008939349,0.08082682291666667
training_episode,2211684,2499.8481934000156,884.7273229787259,48756427,1414.793212890625,61.36570739746094,12.647932052612305,3,4,10,2,2,1,1,11,0,1,LivesExhausted,,,,,,,,,
ppo_rollout,2211840,2499.9487984000007,884.7541203306267,,,,,,,,,,,,,,,,,,,-0.010577598390712713,1.7609056880076726,-0.5497111265858015,0.9833333492279053,0.007094732,0.07814127604166667
ppo_rollout,2217984,2503.9446101000067,885.7959521362633,,,,,,,,,,,,,,,,,,,-0.010192978433527363,2.538128912448883,-0.5619382570187251,0.9818686246871948,0.007567397,0.061360677083333336
training_episode,2221440,2506.4687619000033,886.2827391936295,28648459,29750.666015625,300.2317199707031,297.5066223144531,0,34,46,30,2,5,7,181,0,1,MaxDuration,,,,,,,,,
training_episode,2224092,2507.9500101000012,886.8167192500449,45300370,27389.33203125,302.2837219238281,273.8932800292969,0,29,44,27,4,7,12,139,3,1,MaxDuration,,,,,,,,,
ppo_rollout,2224128,2507.974136900011,886.8225422568113,,,,,,,,,,,,,,,,,,,-0.011113571358146146,1.9120278030633926,-0.5613927786548932,0.9898232817649841,0.006944531,0.070361328125
training_episode,2225538,2509.3469426000083,886.8992813301674,66665086,26254.666015625,300.0815734863281,262.046630859375,1,31,42,27,1,9,7,103,3,1,MaxDuration,,,,,,,,,
training_episode,2228184,2510.764688700001,887.4523407263972,63313758,1267.428466796875,56.15658187866211,11.174284934997559,3,3,10,2,0,0,1,22,0,0,LivesExhausted,,,,,,,,,
ppo_rollout,2230272,2511.9111343999975,887.8785437338846,,,,,,,,,,,,,,,,,,,-0.012912335004269455,2.3594134012858072,-0.5603006899356842,0.9872072339057922,0.0071051237,0.07950846354166667
training_episode,2231694,2513.293273599993,887.956062844733,35874760,26254.666015625,301.4929504394531,262.546630859375,0,29,44,27,2,7,6,123,1,1,MaxDuration,,,,,,,,,
training_episode,2232726,2513.8614895000064,888.1658791965015,47918595,1377.4561767578125,59.89595413208008,11.774560928344727,4,6,11,2,2,2,1,15,0,0,LivesExhausted,,,,,,,,,
training_episode,2233806,2514.483331299998,888.3757439128113,72425181,29750.666015625,304.1255187988281,297.0066223144531,1,36,43,30,5,2,5,148,2,1,MaxDuration,,,,,,,,,
ppo_rollout,2236416,2515.943493800005,888.897546988301,,,,,,,,,,,,,,,,,,,-0.012369826340000145,2.447562136252721,-0.5835182011127472,0.9896970391273499,0.00869777,0.08411458333333334
ppo_rollout,2242560,2519.9211549000174,889.932605883051,,,,,,,,,,,,,,,,,,,-0.006017686288881426,4.6812453150749205,-0.5844256574908893,0.9770227074623108,0.0058074235,0.0681640625
training_episode,2247846,2523.460108900006,890.7792883557219,61219178,24077.33203125,301.3327941894531,239.77330017089844,2,33,40,24,4,6,7,182,2,1,MaxDuration,,,,,,,,,
ppo_rollout,2248704,2523.947510900005,890.9472127643982,,,,,,,,,,,,,,,,,,,-0.009513642338182157,2.2266325056552887,-0.5601477523644766,0.9801647663116455,0.010039524,0.09612630208333334
ppo_rollout,2254848,2527.959910000005,891.9635121903478,,,,,,,,,,,,,,,,,,,-0.010603409819304943,1.822580055395762,-0.5340068459510803,0.9611548781394958,0.0075243325,0.07771809895833333
training_episode,2255946,2529.1626642000047,891.9734708773959,1000003,1584.4588623046875,67.47600555419922,13.844588279724121,4,4,12,2,1,0,0,41,0,0,LivesExhausted,,,,,,,,,
training_episode,2258622,2530.655053800001,892.504885882602,47813866,428.37860107421875,22.3004150390625,2.7837860584259033,3,3,6,1,0,0,0,14,0,0,LivesExhausted,,,,,,,,,
training_episode,2260134,2531.514374499995,892.7991967047013,24354570,26254.666015625,300.3017883300781,261.046630859375,3,39,37,27,3,5,7,161,0,1,MaxDuration,,,,,,,,,
ppo_rollout,2260992,2531.9966511999955,892.9680056758536,,,,,,,,,,,,,,,,,,,-0.012404843784558276,1.5501754373311996,-0.5565511718392372,0.9896555542945862,0.009966481,0.10421549479166667
training_episode,2261676,2532.9736179000174,892.8936266912488,60381346,475.1372985839844,25.440486907958984,3.251372814178467,3,3,6,1,0,0,2,11,0,1,LivesExhausted,,,,,,,,,
training_episode,2264352,2534.4535737000115,893.4280838667349,66036712,28554.666015625,301.3728332519531,284.046630859375,3,45,40,28,7,5,11,155,2,1,MaxDuration,,,,,,,,,
training_episode,2265996,2535.3741870000085,893.7520984550406,68445479,1066.9014892578125,48.83781051635742,9.169014930725098,3,3,9,2,0,0,1,28,1,0,LivesExhausted,,,,,,,,,
ppo_rollout,2267136,2536.042588100012,893.9660598123176,,,,,,,,,,,,,,,,,,,-0.008814882099977694,3.248524343967438,-0.574860239525636,0.9785544872283936,0.007717434,0.077197265625
training_episode,2267946,2537.1318750999926,893.901504394846,1104732,25150.666015625,302.0434875488281,251.0066375732422,1,43,42,26,8,6,9,152,0,1,MaxDuration,,,,,,,,,
training_episode,2268666,2537.5788982000086,894.0277685983448,7074285,740.4464111328125,35.93997573852539,5.904464244842529,3,4,9,1,0,1,0,14,1,0,LivesExhausted,,,,,,,,,
training_episode,2269488,2538.0504165000166,894.1855470032918,30428852,27389.33203125,306.3176574707031,273.3932800292969,1,39,48,27,1,10,3,124,0,1,MaxDuration,,,,,,,,,
training_episode,2269578,2538.106000700005,894.201423964978,70958975,585.5199584960938,29.81058692932129,4.355199337005615,3,4,6,1,0,0,1,0,0,0,LivesExhausted,,,,,,,,,
training_episode,2269830,2538.2547795000137,894.2482915159178,44462538,26254.666015625,300.1516418457031,261.546630859375,2,38,43,27,4,2,9,120,0,1,MaxDuration,,,,,,,,,
training_episode,2272680,2539.887552400003,894.7955187435317,55877999,677.29638671875,33.44039535522461,4.772964000701904,4,6,4,1,1,0,1,29,1,0,LivesExhausted,,,,,,,,,
ppo_rollout,2273280,2540.2408721999964,894.9072605194355,,,,,,,,,,,,,,,,,,,-0.009083122810504088,3.7247429261604945,-0.5837140455842018,0.9863259792327881,0.010364867,0.06531575520833334
training_episode,2274258,2541.3994166000048,894.8841276758463,31161955,1161.47265625,52.56718444824219,9.614726066589355,4,7,8,2,2,1,1,8,1,0,LivesExhausted,,,,,,,,,
training_episode,2275470,2542.0597725000116,895.1284405724923,45090912,1020.5218505859375,46.99811935424805,8.705218315124512,3,3,9,2,0,0,2,32,0,1,LivesExhausted,,,,,,,,,
training_episode,2277894,2543.4202072999906,895.6026980764361,48023324,597.2514038085938,30.280597686767578,4.4725141525268555,3,4,8,1,0,1,0,13,0,0,LivesExhausted,,,,,,,,,
ppo_rollout,2279424,2544.266843499994,895.906027240576,,,,,,,,,,,,,,,,,,,-0.010099513442643608,4.161144280433655,-0.6144919082522392,0.9772941470146179,0.009822435,0.08732096354166667
ppo_rollout,2285568,2548.2795653000067,896.9063014602647,,,,,,,,,,,,,,,,,,,-0.009883134053476775,4.4990754703680675,-0.5966754883527756,0.9646985530853271,0.008352232,0.07360026041666666
training_episode,2287890,2550.1947665000043,897.1432417846255,26449150,2015.3607177734375,83.28938293457031,18.653606414794922,3,5,15,3,1,1,0,28,1,0,LivesExhausted,,,,,,,,,
ppo_rollout,2291712,2552.3228057000088,897.8926940126867,,,,,,,,,,,,,,,,,,,-0.01112109530561914,2.0859151830275855,-0.5650237301985422,0.984909176826477,0.009205474,0.09036458333333333
ppo_rollout,2297856,2556.4168632999936,898.8580982186818,,,,,,,,,,,,,,,,,,,-0.01074045630763673,2.2241221502423287,-0.5277592410643895,0.9850370287895203,0.010456666,0.09513346354166667
training_episode,2298150,2557.188575100008,898.7018096270521,19537036,27389.33203125,303.9253234863281,272.8932800292969,2,44,43,27,2,4,9,157,4,1,MaxDuration,,,,,,,,,
ppo_rollout,2304000,2560.480444399989,899.8311254589208,,,,,,,,,,,,,,,,,,,-0.010111343503619233,2.2602056870857874,-0.5623171170552571,0.9854123592376709,0.010010096,0.07970377604166666
training_episode,2304786,2561.5855418000137,899.7497691919506,17547185,1245.629638671875,55.28672790527344,10.456296920776367,4,5,12,2,2,1,0,22,0,0,LivesExhausted,,,,,,,,,
training_episode,2306178,2562.36755190001,900.0184217482602,22678906,29750.666015625,304.9463195800781,297.0066223144531,1,53,40,30,2,5,8,151,1,1,MaxDuration,,,,,,,,,
training_episode,2306220,2562.3952345,900.0250893964891,29172104,28554.666015625,306.0473937988281,285.046630859375,1,28,41,28,7,7,9,176,1,1,MaxDuration,,,,,,,,,
training_episode,2309328,2564.1698509000125,900.6142862140883,41634855,28554.666015625,305.3567199707031,285.046630859375,1,32,42,28,5,10,8,159,2,1,MaxDuration,,,,,,,,,
ppo_rollout,2310144,2564.623935999989,900.7730012857564,,,,,,,,,,,,,,,,,,,-0.012005518454437454,2.113839962085088,-0.5621581718325614,0.9907496571540833,0.009924767,0.10509440104166666
training_episode,2311812,2566.132140600006,900.8935913407244,9273594,28554.666015625,302.8142395019531,285.046630859375,1,29,42,28,5,5,8,162,1,1,MaxDuration,,,,,,,,,
ppo_rollout,2316288,2568.6212479000096,901.763154802871,,,,,,,,,,,,,,,,,,,-0.009314758521698725,2.7189464628696443,-0.6091340487202008,0.9921576380729675,0.009584272,0.081689453125
ppo_rollout,2322432,2572.616569100006,902.7509298878808,,,,,,,,,,,,,,,,,,,-0.011776053569822883,2.4449940363566083,-0.6018070454398791,0.985535204410553,0.011903036,0.10467122395833334
training_episode,2324610,2574.4341990000103,902.959571040095,7388472,27389.33203125,305.9873352050781,272.8932800292969,2,36,39,27,5,8,5,132,1,1,MaxDuration,,,,,,,,,
ppo_rollout,2328576,2576.631554599997,903.7287445474502,,,,,,,,,,,,,,,,,,,-0.011178939739086976,1.7514129916826884,-0.5627765203515689,0.9797894954681396,0.007056065,0.09205729166666667
training_episode,2328648,2577.3100249000126,903.518776360768,35665302,682.071533203125,33.63036346435547,5.320715427398682,3,4,8,1,0,0,1,24,0,0,LivesExhausted,,,,,,,,,
ppo_rollout,2334720,2580.749062399991,904.6675765635291,,,,,,,,,,,,,,,,,,,-0.01329319752403535,2.248858598371347,-0.5753381376465162,0.9858475923538208,0.008890801,0.094775390625
ppo_rollout,2340864,2584.8039332999906,905.6253628535162,,,,,,,,,,,,,,,,,,,-0.012632899199767659,2.210483606656392,-0.6061631232500077,0.9885517358779907,0.008225945,0.080908203125
training_episode,2341254,2585.623960500001,905.4889789725087,35351115,29750.666015625,303.8652648925781,297.0066223144531,1,39,43,30,2,4,6,104,2,1,MaxDuration,,,,,,,,,
training_episode,2342478,2586.2923676999926,905.728226729131,17861372,28554.666015625,302.4638977050781,284.546630859375,2,54,39,28,4,5,7,161,1,1,MaxDuration,,,,,,,,,
training_episode,2342568,2586.3476142,905.7436777401614,10635071,27389.33203125,302.8442687988281,272.8932800292969,2,40,38,27,5,8,10,163,2,1,MaxDuration,,,,,,,,,
training_episode,2345448,2587.9256244999997,906.304253026264,58496224,29750.666015625,300.9624328613281,297.5066223144531,0,50,40,30,6,9,11,190,3,1,MaxDuration,,,,,,,,,
ppo_rollout,2347008,2588.7659223999945,906.6126758282319,,,,,,,,,,,,,,,,,,,-0.00967412890070894,2.881173214316368,-0.5599105541904768,0.9376791715621948,0.0067221336,0.053938802083333334
training_episode,2348046,2589.9281326000055,906.6066237300638,57134747,26254.666015625,301.9233703613281,261.046630859375,3,41,44,27,3,4,10,144,0,1,MaxDuration,,,,,,,,,
ppo_rollout,2353152,2592.7343678000034,907.5947112918881,,,,,,,,,,,,,,,,,,,-0.012435551435919479,1.7404167711734773,-0.6048684601982435,0.9955781698226929,0.01176506,0.090234375
ppo_rollout,2359296,2596.7699798000103,908.5502444778342,,,,,,,,,,,,,,,,,,,-0.011168748462417473,1.5000713035464286,-0.6029815475145975,0.9906925559043884,0.009852225,0.08746744791666666
training_episode,2364660,2600.340268400003,909.365604469519,61009720,27389.33203125,300.0715637207031,272.8932800292969,2,48,35,27,4,9,10,101,2,1,MaxDuration,,,,,,,,,
ppo_rollout,2365440,2600.8126284000173,909.5003516094064,,,,,,,,,,,,,,,,,,,-0.014037655976911386,2.021711002786954,-0.5895738999048868,0.9781333208084106,0.0083056735,0.089208984375
training_episode,2367924,2602.862784900004,909.7383134205326,19327578,519.3983764648438,27.20052719116211,3.693983554840088,3,3,6,1,0,0,0,6,1,0,LivesExhausted,,,,,,,,,
ppo_rollout,2371584,2605.0074198000075,910.3943359140497,,,,,,,,,,,,,,,,,,,-0.010641270360792987,2.066488407055537,-0.5559607808788617,0.9727311730384827,0.006880255,0.07877604166666667
ppo_rollout,2377728,2609.163646800007,911.2989148519489,,,,,,,,,,,,,,,,,,,-0.012165827762025098,2.1199067597587904,-0.561364834010601,0.989425778388977,0.008983816,0.07784830729166667
training_episode,2377860,2609.8282905000087,911.1174128411465,70644788,27389.33203125,305.0163879394531,273.8932800292969,0,46,44,27,2,6,8,123,1,1,MaxDuration,,,,,,,,,
training_episode,2378694,2610.2941407999897,911.2743130438894,62790113,26254.666015625,301.0224914550781,261.546630859375,2,38,42,27,2,7,6,154,2,1,MaxDuration,,,,,,,,,
training_episode,2379150,2610.537830200017,911.3639237389299,13148567,27389.33203125,305.5669250488281,272.3932800292969,3,51,42,27,8,8,3,128,1,1,MaxDuration,,,,,,,,,
training_episode,2381784,2611.9792784000165,911.8694086497409,70225872,23034.666015625,302.7541809082031,229.34661865234375,2,32,42,23,3,8,6,130,1,1,MaxDuration,,,,,,,,,
ppo_rollout,2383872,2613.1401009999972,912.2633719821372,,,,,,,,,,,,,,,,,,,-0.012477866342912118,2.4460759669542314,-0.567780635257562,0.9719049334526062,0.008561002,0.07786458333333333
training_episode,2384280,2613.9531056999986,912.1357207215492,15452605,1008.2557983398438,46.5181999206543,8.582558631896973,3,4,11,2,0,3,0,38,2,0,LivesExhausted,,,,,,,,,
training_episode,2384526,2614.0963094999897,912.1798578477391,19222849,28554.666015625,303.9853820800781,285.046630859375,1,57,39,28,6,5,6,154,4,1,MaxDuration,,,,,,,,,
ppo_rollout,2390016,2617.159264100017,913.2099955796436,,,,,,,,,,,,,,,,,,,-0.01109473910764791,2.359565682709217,-0.5949438075224559,0.9938086271286011,0.009528293,0.08312174479166666
ppo_rollout,2396160,2621.133122500003,914.1695167754675,,,,,,,,,,,,,,,,,,,-0.00974197337636724,2.453415354092916,-0.5701312536994616,0.9802327752113342,0.00804093,0.080419921875
ppo_rollout,2402304,2625.290144300001,915.0622856737775,,,,,,,,,,,,,,,,,,,-0.013593108690110966,1.499236619969209,-0.5523453429341316,0.9686418771743774,0.010049271,0.10144856770833334
training_episode,2404410,2627.1031584000157,915.2324271363434,66350899,28554.666015625,304.0154113769531,284.546630859375,2,45,39,28,4,4,10,118,1,1,MaxDuration,,,,,,,,,
ppo_rollout,2408448,2629.3823328000144,915.9748165780278,,,,,,,,,,,,,,,,,,,-0.012898409387950475,1.5979730616013208,-0.565420925617218,0.8910546898841858,0.0077752746,0.08235677083333333
training_episode,2414346,2633.291271199996,916.8548980530277,10006697,27389.33203125,304.0154113769531,273.3932800292969,1,44,42,27,5,12,7,140,4,1,MaxDuration,,,,,,,,,
ppo_rollout,2414592,2633.441691999993,916.895941662644,,,,,,,,,,,,,,,,,,,-0.010556131599393363,2.3457755436499914,-0.5802030811707178,0.9883208870887756,0.0074669416,0.0685546875
training_episode,2415588,2634.585676799994,916.8758569028615,20584326,29750.666015625,303.6350402832031,297.0066223144531,1,39,47,30,3,4,6,119,3,1,MaxDuration,,,,,,,,,
training_episode,2418588,2636.274407799996,917.4264988667633,1104732,29750.666015625,306.6579895019531,297.0066223144531,1,35,42,30,2,5,9,156,1,1,MaxDuration,,,,,,,,,
training_episode,2420346,2637.2467218000093,917.7548615353032,33989638,30977.33203125,300.5320129394531,308.7732849121094,2,38,41,31,5,4,8,106,1,1,MaxDuration,,,,,,,,,
ppo_rollout,2420736,2637.466323300003,917.8263163455944,,,,,,,,,,,,,,,,,,,-0.013419217969446133,2.5969364047050476,-0.5807825520634651,0.9799101948738098,0.008262017,0.08201497395833333
training_episode,2420922,2638.1922601000115,917.644265967267,47080763,27389.33203125,303.2546691894531,273.3932800292969,1,40,37,27,6,5,4,185,0,1,MaxDuration,,,,,,,,,
training_episode,2421432,2638.4822403000144,917.7367059801265,4351331,1062.2779541015625,48.657840728759766,9.122779846191406,3,3,10,2,1,0,1,21,0,0,LivesExhausted,,,,,,,,,
training_episode,2422074,2638.8351066999894,917.8572749204245,34094367,565.8211669921875,29.030569076538086,4.158211708068848,3,3,7,1,0,0,0,8,0,0,LivesExhausted,,,,,,,,,
training_episode,2425104,2640.4866079000058,918.4307137723752,65722525,604.716064453125,30.560604095458984,4.547160625457764,3,4,7,1,0,0,1,10,0,0,LivesExhausted,,,,,,,,,
training_episode,2425410,2640.6571646000084,918.4872737417193,34199096,777.137939453125,37.37973403930664,6.271378993988037,3,4,9,1,1,0,2,9,0,1,LivesExhausted,,,,,,,,,
ppo_rollout,2426880,2641.4778299000172,918.7584209600806,,,,,,,,,,,,,,,,,,,-0.011619985937916985,2.217579771578312,-0.6244172215461731,0.9927628636360168,0.008930132,0.09181315104166667
training_episode,2428572,2643.0159540000022,918.863919956496,13043838,1215.6937255859375,54.10692596435547,10.656937599182129,3,3,12,2,1,0,1,40,0,0,LivesExhausted,,,,,,,,,
ppo_rollout,2433024,2645.453725200001,919.7000789783458,,,,,,,,,,,,,,,,,,,-0.008952514134580269,4.557542757193247,-0.6475828429063161,0.9625183343887329,0.009506931,0.08338216145833334
ppo_rollout,2439168,2649.4214051000017,920.6417655208512,,,,,,,,,,,,,,,,,,,-0.012139723459646727,2.5828756123781202,-0.6100739111502965,0.9780755639076233,0.009802925,0.09305013020833333
training_episode,2441106,2651.109268900007,920.786641515104,47185492,28554.666015625,305.7871398925781,284.046630859375,3,38,41,28,2,6,4,117,3,1,MaxDuration,,,,,,,,,
ppo_rollout,2445312,2653.4880488000053,921.5462647762256,,,,,,,,,,,,,,,,,,,-0.013117286787989239,1.7293183868130049,-0.5421970228354136,0.9749733805656433,0.00891763,0.08204752604166667
training_episode,2450658,2657.0693549000134,922.3161583948264,36084218,26254.666015625,302.5639953613281,262.046630859375,1,42,38,27,5,1,4,188,1,1,MaxDuration,,,,,,,,,
ppo_rollout,2451456,2657.5161144000012,922.4613866747806,,,,,,,,,,,,,,,,,,,-0.012538291114227225,1.9467659746607144,-0.5823145141204198,0.9802754521369934,0.009817153,0.088916015625
training_episode,2456784,2661.1054293999914,923.219340676006,34932199,29750.666015625,303.6250305175781,296.5066223144531,2,46,39,30,5,3,7,132,2,1,MaxDuration,,,,,,,,,
training_episode,2457222,2661.3480300999945,923.2997609514736,59229327,1230.2490234375,54.68682861328125,10.802490234375,3,3,8,2,0,0,1,29,2,0,LivesExhausted,,,,,,,,,
ppo_rollout,2457600,2661.557863199996,923.3689915143242,,,,,,,,,,,,,,,,,,,-0.014075953043842068,1.9422813107570012,-0.5834509626030921,0.9716233015060425,0.0092527,0.09959309895833333
training_episode,2461344,2664.2055491000065,923.856644931719,41739584,26254.666015625,301.9634094238281,261.546630859375,2,33,42,27,4,12,4,120,4,1,MaxDuration,,,,,,,,,
training_episode,2462082,2664.607913999993,923.9941032465186,58391495,29750.666015625,305.5869445800781,297.0066223144531,1,35,41,30,10,4,5,155,1,1,MaxDuration,,,,,,,,,
ppo_rollout,2463744,2665.546953000012,924.2921034375751,,,,,,,,,,,,,,,,,,,-0.011135960541044673,2.912386964758237,-0.6157591258486111,0.9801012873649597,0.007943072,0.0712890625
training_episode,2464692,2666.7281472000177,924.2381915036411,36922050,28554.666015625,300.9424133300781,284.546630859375,2,44,41,28,2,6,10,191,1,1,MaxDuration,,,,,,,,,
training_episode,2465274,2667.051624999993,924.3443122328038,59334056,658.8782348632812,32.71051788330078,5.08878231048584,3,3,8,1,0,0,0,14,0,0,LivesExhausted,,,,,,,,,
training_episode,2465892,2667.4096169999975,924.4519417956354,1733106,634.5865478515625,31.75063133239746,4.845865249633789,3,4,8,1,0,0,1,25,1,0,LivesExhausted,,,,,,,,,
ppo_rollout,2469888,2669.725289599999,925.146871710557,,,,,,,,,,,,,,,,,,,-0.014384207284698884,2.435129499435425,-0.644583280881246,0.989521861076355,0.011368916,0.10388997395833334
ppo_rollout,2476032,2673.803681999998,926.0335815484908,,,,,,,,,,,,,,,,,,,-0.011180416098795831,2.8463401928544045,-0.6836123401920001,0.9882440567016602,0.009364946,0.0990234375
training_episode,2477232,2675.0858787999896,926.0383076416431,18489746,29750.666015625,301.0224914550781,297.0066223144531,1,34,38,30,5,7,8,135,2,1,MaxDuration,,,,,,,,,
ppo_rollout,2482176,2677.879392600007,926.9185187574878,,,,,,,,,,,,,,,,,,,-0.015173010823006431,2.3318554868300754,-0.6422761713465055,0.9780551791191101,0.010380232,0.10647786458333333
ppo_rollout,2488320,2681.8774253000156,927.8276391478396,,,,,,,,,,,,,,,,,,,-0.01324141380415919,1.715859458843867,-0.6176900972922643,0.9846207499504089,0.011887864,0.08841145833333333
training_episode,2492832,2685.096150600002,928.3958041662532,4560789,26254.666015625,300.3818664550781,261.546630859375,2,36,42,27,1,6,7,159,4,1,MaxDuration,,,,,,,,,
training_episode,2493612,2685.526641500008,928.5374278049189,32209245,28554.666015625,303.2046203613281,285.046630859375,1,45,36,28,3,7,7,159,1,1,MaxDuration,,,,,,,,,
ppo_rollout,2494464,2686.001960499998,928.6903124730619,,,,,,,,,,,,,,,,,,,-0.015002122992882505,1.7236136222879093,-0.627094600101312,0.9488416314125061,0.010513108,0.101513671875
training_episode,2497122,2688.0574003999936,928.9690017885847,31371413,570.6754150390625,29.22057342529297,4.206754207611084,3,4,6,1,0,0,1,0,0,0,LivesExhausted,,,,,,,,,
validation,2500002,,,,,,,,,,,,,,,,,,10450.571099853516,1010.4257202148438,12968.337685275192,,,,,,
ppo_rollout,2500608,2861.152585200005,873.9862434932663,,,,,,,,,,,,,,,,,,,-0.014554464727795372,2.186369460821152,-0.6329217861096065,0.9836427569389343,0.008963946,0.09775390625
training_episode,2500986,2861.983749100007,873.8645007283748,57972579,26254.666015625,302.4338684082031,261.046630859375,3,43,38,27,7,8,6,167,1,1,MaxDuration,,,,,,,,,
training_episode,2501472,2862.2632863000035,873.9489522061432,68550208,26254.666015625,301.6330871582031,262.546630859375,0,38,42,27,6,6,5,154,2,1,MaxDuration,,,,,,,,,
training_episode,2502510,2862.841759200004,874.1349367138281,33570722,28554.666015625,305.0964660644531,285.046630859375,1,34,45,28,6,3,16,127,3,1,MaxDuration,,,,,,,,,
training_episode,2505024,2864.2590341000177,874.5801165944848,70016414,399.4118957519531,20.930383682250977,2.4941186904907227,3,3,6,1,0,0,0,9,0,0,LivesExhausted,,,,,,,,,
ppo_rollout,2506752,2865.2696455999976,874.8747273574935,,,,,,,,,,,,,,,,,,,-0.011341247451491654,2.39328155318896,-0.631513794263204,0.9900913238525391,0.007776879,0.07527669270833333
ppo_rollout,2512896,2869.467804899992,875.7359102300785,,,,,,,,,,,,,,,,,,,-0.014683902114241695,3.185449027021726,-0.6654672602812449,0.984855055809021,0.009498452,0.09591471354166667
training_episode,2513508,2870.431196999998,875.655198642966,61533365,29750.666015625,302.2837219238281,297.0066223144531,1,43,43,30,3,6,9,167,2,1,MaxDuration,,,,,,,,,
training_episode,2518572,2873.286550299992,876.5474504229461,23097822,898.7489624023438,42.188926696777344,7.487489700317383,3,5,8,1,0,2,0,25,0,0,LivesExhausted,,,,,,,,,
ppo_rollout,2519040,2873.557424300001,876.6276875826271,,,,,,,,,,,,,,,,,,,-0.0135475692882513,1.9720373233159383,-0.5918723712364833,0.9832409024238586,0.00835625,0.09049479166666667
training_episode,2523150,2876.448471300013,877.1754561831801,2885125,796.5099487304688,38.14960479736328,6.465099811553955,3,3,6,1,0,0,0,14,0,0,LivesExhausted,,,,,,,,,
ppo_rollout,2525184,2877.5668995000015,877.5413702592873,,,,,,,,,,,,,,,,,,,-0.01488196775317192,2.0392890294392902,-0.6311021476984024,0.9884811639785767,0.0097127585,0.09401041666666667
training_episode,2529108,2880.3922657000076,878.0429075986855,1418919,28554.666015625,302.2436828613281,285.546630859375,0,35,44,28,2,6,5,171,1,1,MaxDuration,,,,,,,,,
training_episode,2530086,2880.937948900013,878.2160688209291,36293676,1308.44970703125,57.76631164550781,11.584497451782227,3,3,12,2,0,0,1,17,1,0,LivesExhausted,,,,,,,,,
ppo_rollout,2531328,2881.607263600017,878.4430938855942,,,,,,,,,,,,,,,,,,,-0.012088919470746381,2.257390542825063,-0.6227153340975443,0.9922273755073547,0.0076513556,0.08629557291666666
training_episode,2533554,2883.4641547999927,878.6493828204833,7702659,27389.33203125,303.5649719238281,272.8932800292969,2,37,44,27,1,7,9,112,2,1,MaxDuration,,,,,,,,,
training_episode,2535786,2884.6814671000175,879.0523421461977,52736129,1254.5042724609375,55.63666915893555,11.045042991638184,3,6,12,2,0,2,0,37,1,0,LivesExhausted,,,,,,,,,
training_episode,2537118,2885.4273702999926,879.2867310107412,59543514,28554.666015625,301.0725402832031,284.546630859375,2,46,40,28,5,3,9,148,4,1,MaxDuration,,,,,,,,,
ppo_rollout,2537472,2885.6216343000124,879.3502134300203,,,,,,,,,,,,,,,,,,,-0.010868354537524282,2.644391948978106,-0.6441633815566699,0.9856107831001282,0.0075715934,0.07462565104166667
training_episode,2537526,2886.2492949000152,879.1776942081174,43415248,30977.33203125,300.4219055175781,309.2732849121094,1,42,44,31,5,4,10,173,0,1,MaxDuration,,,,,,,,,
training_episode,2541606,2888.527672199998,879.8967115534776,18908662,1057.1934814453125,48.4578742980957,9.071934700012207,3,5,10,2,0,0,1,20,0,0,LivesExhausted,,,,,,,,,
training_episode,2541684,2888.5729498,879.9099223635609,54307064,30977.33203125,305.4468078613281,308.7732849121094,2,41,39,31,2,5,6,175,1,1,MaxDuration,,,,,,,,,
ppo_rollout,2543616,2889.686316200008,880.2394868052332,,,,,,,,,,,,,,,,,,,-0.013192665464400004,3.0017419785261152,-0.6394774297873179,0.9885699152946472,0.008408551,0.08557942708333334
ppo_rollout,2549760,2893.7451639999927,881.1280384052528,,,,,,,,,,,,,,,,,,,-0.013088450367407252,2.580124119420846,-0.681925643980503,0.9870316982269287,0.008796433,0.09586588541666667
ppo_rollout,2555904,2897.7541479000065,882.0292783817619,,,,,,,,,,,,,,,,,,,-0.012728787663703164,2.0661695460478464,-0.635220542550087,0.9856247305870056,0.011561316,0.09020182291666666
ppo_rollout,2562048,2901.8252767999948,882.9091194716292,,,,,,,,,,,,,,,,,,,-0.011709206512508293,1.6093517283598582,-0.5880166108409564,0.9825884699821472,0.0085144,0.08797200520833333
training_episode,2566734,2905.0063078000094,883.5553964575772,54516522,29750.666015625,305.3667297363281,297.0066223144531,1,43,44,30,6,7,6,151,2,1,MaxDuration,,,,,,,,,
ppo_rollout,2568192,2905.812494700018,883.8120163238983,,,,,,,,,,,,,,,,,,,-0.012952391941022748,2.1225839510560034,-0.5981524785359701,0.9745938777923584,0.008399397,0.07744140625
training_episode,2569200,2906.9798963000067,883.803841667453,5817537,351.1512756347656,20.55037498474121,2.0115127563476562,3,3,5,1,0,0,0,3,0,0,LivesExhausted,,,,,,,,,
training_episode,2570016,2907.4448236000026,883.9431720729277,46138202,30977.33203125,303.8352355957031,309.2732849121094,1,34,45,31,5,7,7,173,3,1,MaxDuration,,,,,,,,,
training_episode,2573490,2909.3727371999994,884.55149355553,59857701,28554.666015625,303.0544738769531,285.546630859375,0,40,42,28,5,5,9,147,1,1,MaxDuration,,,,,,,,,
training_episode,2573556,2909.4160668000113,884.5610049959562,24040383,577.3707885742188,29.49057960510254,3.773707866668701,4,5,5,1,1,0,0,5,0,0,LivesExhausted,,,,,,,,,
training_episode,2574294,2909.826145500003,884.6899681553492,3199312,29750.666015625,306.3877258300781,297.0066223144531,1,39,46,30,7,5,9,144,2,1,MaxDuration,,,,,,,,,
ppo_rollout,2574336,2909.854940999998,884.6956471016753,,,,,,,,,,,,,,,,,,,-0.01101995723050398,2.23122432132562,-0.5825492988030115,0.9775291681289673,0.008160799,0.09915364583333333
training_episode,2576010,2911.432418600016,884.7912744059826,24982944,1282.048828125,56.72648620605469,11.320487976074219,3,6,8,2,1,3,0,42,0,0,LivesExhausted,,,,,,,,,
training_episode,2577810,2912.4017957999895,885.1148230019263,43729435,28554.666015625,301.6430969238281,284.546630859375,2,41,41,28,4,6,9,96,1,1,MaxDuration,,,,,,,,,
training_episode,2578356,2912.7057364000066,885.2099159136995,47709137,686.9521484375,33.82033157348633,5.369521617889404,3,3,5,1,1,0,1,20,1,0,LivesExhausted,,,,,,,,,
training_episode,2578416,2912.744688000006,885.2186772917718,21736345,27389.33203125,306.0473937988281,272.3932800292969,3,35,44,27,4,5,4,165,3,1,MaxDuration,,,,,,,,,
training_episode,2579352,2913.271254499996,885.3799645384184,7597930,1052.2696533203125,48.25790786743164,8.522696495056152,4,6,8,2,1,1,1,22,0,0,LivesExhausted,,,,,,,,,
ppo_rollout,2580480,2913.9159632000083,885.5711807028796,,,,,,,,,,,,,,,,,,,-0.012300680892076343,2.788691828648249,-0.6259950126210848,0.9928212761878967,0.0075950217,0.07576497395833333
training_episode,2582898,2915.8102213999955,885.8251408282151,7388472,578.2991333007812,29.520580291748047,4.282991409301758,3,4,6,1,0,1,0,10,0,0,LivesExhausted,,,,,,,,,
training_episode,2583738,2916.2752701000136,885.9719198974625,67502918,953.07373046875,44.338565826416016,7.530736923217773,4,5,9,1,1,1,1,18,0,0,LivesExhausted,,,,,,,,,
ppo_rollout,2586624,2917.8536442999903,886.4817483402413,,,,,,,,,,,,,,,,,,,-0.0145146137685515,4.309401683012644,-0.6838703602552414,0.9841490387916565,0.008570129,0.099169921875
ppo_rollout,2592768,2921.864804700017,887.3675454899068,,,,,,,,,,,,,,,,,,,-0.014715707226423546,2.218435355524222,-0.666424730916818,0.9870102405548096,0.010770111,0.100830078125
ppo_rollout,2598912,2925.9059086999914,888.2418235912179,,,,,,,,,,,,,,,,,,,-0.01240182044178558,1.8234482193986574,-0.597475546101729,0.9834141135215759,0.009951602,0.093212890625
ppo_rollout,2605056,2930.008999100013,889.0948801864341,,,,,,,,,,,,,,,,,,,-0.013380483832831185,1.458665944635868,-0.5792956988016764,0.948886513710022,0.010810024,0.09619140625
training_episode,2609664,2933.40367520001,889.6368481648076,52107755,29750.666015625,301.3928527832031,297.0066223144531,1,32,43,30,9,5,11,145,0,1,MaxDuration,,,,,,,,,
ppo_rollout,2611200,2934.2966148999985,889.8895860563811,,,,,,,,,,,,,,,,,,,-0.014423818952248741,1.8795366406440734,-0.5870273152987162,0.9190314412117004,0.007631762,0.08743489583333333
training_episode,2612154,2935.443441200012,889.866915280149,35455844,29750.666015625,301.1426086425781,296.5066223144531,2,34,36,30,8,4,5,174,1,1,MaxDuration,,,,,,,,,
training_episode,2613822,2936.3496299000108,890.1603451388064,69178582,26254.666015625,300.0415344238281,260.046630859375,5,47,41,27,5,8,11,185,2,1,MaxDuration,,,,,,,,,
training_episode,2614926,2936.9706302999984,890.3480249419099,13881670,30977.33203125,304.7160949707031,309.7732849121094,0,42,47,31,10,6,13,173,1,1,MaxDuration,,,,,,,,,
training_episode,2615256,2937.1562944999896,890.404097629136,9797239,1009.7612915039062,46.578189849853516,8.597613334655762,3,5,8,2,1,1,1,33,0,0,LivesExhausted,,,,,,,,,
training_episode,2615640,2937.37776090001,890.4676936066168,41949042,566.412841796875,29.050569534301758,4.164128303527832,3,4,7,1,0,1,0,25,0,0,LivesExhausted,,,,,,,,,
ppo_rollout,2617344,2938.321667800017,890.76156252139,,,,,,,,,,,,,,,,,,,-0.013173165714154797,2.807053808371226,-0.5805383582909902,0.9734737873077393,0.01009589,0.085498046875
training_episode,2619222,2939.9502339000173,890.9069173342597,71482620,29750.666015625,302.6841125488281,297.5066223144531,0,37,47,30,4,8,12,154,2,1,MaxDuration,,,,,,,,,
training_episode,2619672,2940.200895100017,890.9840155364235,70854246,830.7801513671875,39.509376525878906,6.307801723480225,4,5,8,1,1,0,0,11,1,0,LivesExhausted,,,,,,,,,
training_episode,2619774,2940.2600567000045,891.0007786659179,35874760,26254.666015625,300.2417297363281,262.046630859375,1,23,45,27,3,3,10,137,3,1,MaxDuration,,,,,,,,,
training_episode,2620632,2940.731027300004,891.1498452839127,64361048,964.4154052734375,44.77849197387695,8.144153594970703,3,5,8,1,0,2,0,19,0,0,LivesExhausted,,,,,,,,,
training_episode,2622714,2941.884240799991,891.5082257916448,49280072,463.5354919433594,24.4704647064209,3.135354995727539,3,4,6,1,0,0,0,12,0,0,LivesExhausted,,,,,,,,,
ppo_rollout,2623488,2942.3161315000034,891.6404229692804,,,,,,,,,,,,,,,,,,,-0.01096076651107675,4.342418710390727,-0.629679233332475,0.9898387789726257,0.011112134,0.07672526041666666
training_episode,2624172,2943.2829154999927,891.5799382317335,2256751,577.098876953125,29.480579376220703,4.270988464355469,3,4,6,1,0,0,1,9,0,0,LivesExhausted,,,,,,,,,
training_episode,2628972,2945.9184048000025,892.4116824540768,72634639,842.453125,39.96929931640625,6.92453145980835,3,4,9,1,0,0,1,29,0,0,LivesExhausted,,,,,,,,,
ppo_rollout,2629632,2946.292957800004,892.5222432610861,,,,,,,,,,,,,,,,,,,-0.013481874868739396,4.65384480257829,-0.667367093761762,0.9841564893722534,0.009529012,0.09412434895833334
ppo_rollout,2635776,2950.3020289000124,893.3919219730599,,,,,,,,,,,,,,,,,,,-0.01005906974314712,2.8665587211648624,-0.6054851174354553,0.9878377914428711,0.011561832,0.10703125
ppo_rollout,2641920,2954.4110292000114,894.2289931524433,,,,,,,,,,,,,,,,,,,-0.015093987757184853,1.6852783595522245,-0.601119089126587,0.9892057776451111,0.014319477,0.11355794270833333
ppo_rollout,2648064,2958.54681900001,895.0556344060313,,,,,,,,,,,,,,,,,,,-0.011228457095179086,1.7299747213721275,-0.5678572436173757,0.9590241312980652,0.008537814,0.08727213541666666
training_episode,2650542,2960.5725334000017,895.2802101950348,23307280,28554.666015625,305.9773254394531,285.046630859375,1,25,42,28,4,5,8,144,3,1,MaxDuration,,,,,,,,,
training_episode,2651898,2961.322231900005,895.5114615468657,69283311,28554.666015625,302.0935363769531,284.546630859375,2,28,46,28,1,10,7,145,3,1,MaxDuration,,,,,,,,,
ppo_rollout,2654208,2962.617670800013,895.899604650393,,,,,,,,,,,,,,,,,,,-0.014868124859640374,2.1053145339091617,-0.5890311474601427,0.8968417644500732,0.0082669975,0.0830078125
training_episode,2655600,2963.9776449000055,895.9581745055945,69702227,28554.666015625,303.1145324707031,284.546630859375,2,29,42,28,2,5,7,175,2,1,MaxDuration,,,,,,,,,
training_episode,2655942,2964.165965699998,896.0166302202279,12624922,29750.666015625,302.2136535644531,297.5066223144531,0,35,45,30,5,2,6,177,3,1,MaxDuration,,,,,,,,,
training_episode,2658780,2965.7405698999937,896.4978349706614,63942132,23034.666015625,300.4919738769531,228.8466339111328,3,25,43,23,10,6,3,105,3,1,MaxDuration,,,,,,,,,
ppo_rollout,2660352,2966.5892858000007,896.7712560461778,,,,,,,,,,,,,,,,,,,-0.016971676843240857,2.2429806540409722,-0.6006142809987068,0.9906870722770691,0.009419411,0.09915364583333333
training_episode,2660592,2967.338258600008,896.6257865240038,11158716,883.130859375,41.57902908325195,7.331308841705322,3,6,7,1,1,2,0,33,0,0,LivesExhausted,,,,,,,,,
training_episode,2662410,2968.308215900004,896.945265231746,18699204,595.5132446289062,30.210596084594727,4.455132484436035,3,3,6,1,0,0,1,7,0,0,LivesExhausted,,,,,,,,,
training_episode,2665014,2969.7057372000127,897.4000240551472,56715831,27389.33203125,300.2917785644531,272.8932800292969,2,44,35,27,3,3,13,139,3,1,MaxDuration,,,,,,,,,
training_episode,2665860,2970.164926600002,897.5461181045104,38702443,941.2911376953125,43.86864471435547,7.912911415100098,3,4,10,1,0,1,0,16,3,0,LivesExhausted,,,,,,,,,
ppo_rollout,2666496,2970.5097466000007,897.6560346425491,,,,,,,,,,,,,,,,,,,-0.012120988549819836,3.216968701283137,-0.609097337226073,0.9899070858955383,0.009609667,0.086669921875
ppo_rollout,2672640,2974.550800500001,898.5020526631275,,,,,,,,,,,,,,,,,,,-0.012000793643528596,2.928349187473456,-0.6248848815759023,0.9898223876953125,0.009410322,0.088525390625
training_episode,2673204,2975.5186952000076,898.3993292706613,22364719,2214.226318359375,89.94080352783203,20.142263412475586,4,4,17,3,1,0,0,53,0,0,LivesExhausted,,,,,,,,,
ppo_rollout,2678784,2978.6509716,899.3279258096746,,,,,,,,,,,,,,,,,,,-0.01407944345458721,2.4810976068178814,-0.603250868121783,0.9840007424354553,0.009700351,0.08328450520833333
training_episode,2678964,2979.349160999991,899.1775905516326,21631616,1045.1597900390625,47.97795486450195,8.951597213745117,3,4,8,2,0,0,1,15,0,0,LivesExhausted,,,,,,,,,
training_episode,2683974,2982.1309119999933,900.0188386095929,14510044,886.7552490234375,41.709007263183594,7.367552757263184,3,3,8,1,0,0,1,23,0,0,LivesExhausted,,,,,,,,,
ppo_rollout,2684928,2982.697441299999,900.1677350250393,,,,,,,,,,,,,,,,,,,-0.012248014659659627,2.5026845946907996,-0.5909183154503505,0.987425684928894,0.009982497,0.098779296875
training_episode,2686608,2984.2242564999906,900.2701436221666,25297131,28554.666015625,300.5019836425781,285.046630859375,1,34,42,28,4,2,5,111,2,1,MaxDuration,,,,,,,,,
training_episode,2688444,2985.2332544999954,900.5808828999845,5608079,27389.33203125,304.5158996582031,272.3932800292969,3,43,42,27,5,0,9,134,4,1,MaxDuration,,,,,,,,,
ppo_rollout,2691072,2986.6827475000173,901.0237201298141,,,,,,,,,,,,,,,,,,,-0.012269172666128725,2.5467560450236,-0.5868542551994324,0.9900068044662476,0.009587052,0.08595377604166667
training_episode,2692038,2987.818426600017,901.0045510240059,51793568,29750.666015625,300.7522277832031,297.5066223144531,0,41,40,30,1,5,12,137,1,1,MaxDuration,,,,,,,,,
training_episode,2696382,2990.239117899997,901.7278865288978,22155261,1535.277587890625,66.1357192993164,13.852775573730469,3,6,11,2,1,3,1,38,0,1,LivesExhausted,,,,,,,,,
ppo_rollout,2697216,2990.7377946999914,901.8563930210955,,,,,,,,,,,,,,,,,,,-0.014197750612705324,2.565902495384216,-0.6011315767963727,0.9928328990936279,0.008965529,0.08883463541666667
training_episode,2701110,2993.507742000016,902.3227039310544,41425397,30977.33203125,300.7722473144531,309.7732849121094,0,42,43,31,4,3,9,161,2,1,MaxDuration,,,,,,,,,
training_episode,2701878,2993.940080100001,902.4489227285251,72948826,29750.666015625,300.1015930175781,296.5066223144531,2,48,40,30,7,5,8,160,0,1,MaxDuration,,,,,,,,,
training_episode,2702844,2994.472867500008,902.610950105726,63627945,1208.336669921875,53.81697463989258,10.583367347717285,3,3,8,2,2,0,0,35,0,0,LivesExhausted,,,,,,,,,
ppo_rollout,2703360,2994.7512212000147,902.6993564149036,,,,,,,,,,,,,,,,,,,-0.00992593684932217,2.9898720890283585,-0.6030102287729581,0.9877213835716248,0.007850033,0.07517903645833333
ppo_rollout,2709504,2999.115036300005,903.4345022466038,,,,,,,,,,,,,,,,,,,-0.013879535457817838,2.4056994011004766,-0.6250887210170428,0.9926577806472778,0.0076901386,0.07936197916666667
ppo_rollout,2715648,3003.0941508999967,904.2833369663579,,,,,,,,,,,,,,,,,,,-0.012718517864899088,2.579620876908302,-0.6131184766689937,0.9872607588768005,0.009496127,0.08439127604166667
training_episode,2720322,3006.3097927999916,904.8708175435138,6445911,27389.33203125,302.8642883300781,273.3932800292969,1,42,40,27,6,10,15,114,1,1,MaxDuration,,,,,,,,,
ppo_rollout,2721792,3007.129679000005,905.1129450809412,,,,,,,,,,,,,,,,,,,-0.009707474563037976,1.6344367603460948,-0.5411425590515136,0.940004825592041,0.008212081,0.07742513020833333
training_episode,2722980,3008.4077427000157,905.1233186749323,21422158,29750.666015625,303.0544738769531,297.0066223144531,1,43,41,30,1,5,10,154,1,1,MaxDuration,,,,,,,,,
ppo_rollout,2727936,3011.1345351999917,905.9495575872095,,,,,,,,,,,,,,,,,,,-0.0124467893387191,2.31518867512544,-0.5571083481113116,0.9773065447807312,0.008004009,0.081787109375
training_episode,2728170,3011.866816199996,905.8069849987824,15871521,27389.33203125,301.0525207519531,272.8932800292969,2,38,43,27,3,8,9,157,1,1,MaxDuration,,,,,,,,,
ppo_rollout,2734080,3015.133314800012,906.7857751362301,,,,,,,,,,,,,,,,,,,-0.016258374985773115,2.101967902481556,-0.6183850367863973,0.9946317672729492,0.009735376,0.08321940104166667
training_episode,2737440,3017.6109655000037,907.1547099002603,69911685,26254.666015625,302.7341613769531,262.046630859375,1,30,43,27,2,4,4,134,1,1,MaxDuration,,,,,,,,,
training_episode,2737986,3017.915789999999,907.2440023251944,12310735,28554.666015625,300.8823547363281,285.546630859375,0,42,43,28,7,6,10,144,1,1,MaxDuration,,,,,,,,,
training_episode,2739444,3018.736305700004,907.4803899987417,16604624,28554.666015625,304.9763488769531,284.546630859375,2,30,38,28,6,6,7,178,2,1,MaxDuration,,,,,,,,,
ppo_rollout,2740224,3019.1898424999963,907.602417518402,,,,,,,,,,,,,,,,,,,-0.013701894667853291,1.9474371934930483,-0.6298009107510248,0.9872666001319885,0.011183833,0.09337565104166666
training_episode,2741592,3020.623429900006,907.6245561965852,65931983,705.6812133789062,34.56020736694336,5.556812286376953,3,5,8,1,0,2,1,10,1,0,LivesExhausted,,,,,,,,,
ppo_rollout,2746368,3023.3897473000106,908.3737888747554,,,,,,,,,,,,,,,,,,,-0.014974524057470262,2.2953396499156953,-0.6350634197394053,0.9890994429588318,0.009181955,0.10345052083333334
ppo_rollout,2752512,3027.4919445000123,909.1723613007251,,,,,,,,,,,,,,,,,,,-0.011727958530536852,2.236567856868108,-0.6229745666186015,0.9865806102752686,0.00819309,0.08416341145833334
training_episode,2757054,3030.6265905000037,909.730683629068,66455628,26254.666015625,306.0874328613281,261.546630859375,2,46,37,27,6,1,7,131,2,1,MaxDuration,,,,,,,,,
ppo_rollout,2758656,3031.532573500008,909.9872533498914,,,,,,,,,,,,,,,,,,,-0.011533552303444595,2.182945884267489,-0.6088748037815094,0.915402352809906,0.0069495314,0.08733723958333334
training_episode,2759544,3032.6147181999986,909.9553541829148,27496440,30977.33203125,304.6860656738281,309.2732849121094,1,36,43,31,1,5,9,155,1,1,MaxDuration,,,,,,,,,
training_episode,2764374,3035.2939190999896,910.7434316672959,39016630,29750.666015625,301.6731262207031,296.5066223144531,2,38,44,30,2,1,11,156,2,1,MaxDuration,,,,,,,,,
ppo_rollout,2764800,3035.5357775000157,910.8112052222339,,,,,,,,,,,,,,,,,,,-0.010937683860538528,2.393733340501785,-0.5958687230944634,0.9744099378585815,0.006985584,0.05896809895833333
ppo_rollout,2770944,3039.5476026000106,911.6304010602602,,,,,,,,,,,,,,,,,,,-0.01230028855886,2.364817667007446,-0.5916212330261866,0.9884397983551025,0.0068284846,0.078125
training_episode,2774430,3042.0929535999894,912.0135519582861,17651914,30977.33203125,303.6450500488281,309.2732849121094,1,59,43,31,3,6,11,124,2,1,MaxDuration,,,,,,,,,
training_episode,2775630,3042.789305400016,912.1992098086153,28962646,28554.666015625,301.4929504394531,285.546630859375,0,37,46,28,3,4,7,185,3,1,MaxDuration,,,,,,,,,
ppo_rollout,2777088,3043.6113187000155,912.4318808178658,,,,,,,,,,,,,,,,,,,-0.016810963106884933,1.6555964504679044,-0.5998006085554759,0.9841822981834412,0.0100904135,0.096484375
training_episode,2777280,3044.3391577000148,912.2768049596101,39540275,434.2858581542969,23.75044822692871,2.8428585529327393,3,3,4,1,0,0,0,22,0,0,LivesExhausted,,,,,,,,,
training_episode,2777796,3044.631155400013,912.3587910060141,69492769,28554.666015625,301.6831359863281,285.046630859375,1,29,43,28,4,8,9,134,1,1,MaxDuration,,,,,,,,,
training_episode,2782380,3047.1615170000005,913.1055195063359,72215723,797.6438598632812,38.189598083496094,6.476438999176025,3,5,6,1,0,1,0,16,0,0,LivesExhausted,,,,,,,,,
ppo_rollout,2783232,3047.6371269999945,913.2425823738841,,,,,,,,,,,,,,,,,,,-0.015258175070630386,2.2384094417095186,-0.6376605719327927,0.9908265471458435,0.007341944,0.07374674479166667
training_episode,2787468,3050.5868952000164,913.7481067613501,57763121,903.0409545898438,42.3588981628418,7.530409812927246,3,5,9,1,1,2,1,10,0,0,LivesExhausted,,,,,,,,,
ppo_rollout,2789376,3051.6390915999946,914.0582868000657,,,,,,,,,,,,,,,,,,,-0.013429317281891902,2.2284479921062785,-0.6286467716097832,0.9916509389877319,0.008831519,0.085986328125
training_episode,2793186,3054.348174599989,914.4949561507696,55982728,29750.666015625,301.0725402832031,297.0066223144531,1,42,42,30,3,7,13,178,2,1,MaxDuration,,,,,,,,,
ppo_rollout,2795520,3055.6258593999955,914.876404583423,,,,,,,,,,,,,,,,,,,-0.018586076320692275,2.3607473651568096,-0.6558654035131136,0.9868524670600891,0.014067795,0.11031901041666667
training_episode,2795856,3056.404683200002,914.7532116305972,55144896,28554.666015625,302.5740051269531,285.046630859375,1,30,41,28,3,3,5,174,0,1,MaxDuration,,,,,,,,,
training_episode,2800878,3059.419826600002,915.4931845730616,66036712,30977.33203125,304.1655578613281,309.2732849121094,1,37,42,31,3,6,9,129,0,1,MaxDuration,,,,,,,,,
training_episode,2801028,3059.5193082999904,915.5124441938495,9168865,1514.52294921875,65.31554412841797,13.64522933959961,3,5,13,2,0,2,0,20,0,0,LivesExhausted,,,,,,,,,
ppo_rollout,2801664,3059.897671899991,915.6070889979646,,,,,,,,,,,,,,,,,,,-0.013112933693143229,2.2455210477113723,-0.6421210035681725,0.9874656200408936,0.007389679,0.08229166666666667
training_episode,2805054,3062.4917204999947,915.9384762490184,48756427,710.9378662109375,34.76017379760742,5.109378814697266,4,6,6,1,1,0,0,7,0,0,LivesExhausted,,,,,,,,,
ppo_rollout,2807808,3064.0912115999963,916.3591440653715,,,,,,,,,,,,,,,,,,,-0.011945895827375352,2.6574699958165486,-0.6449441129962603,0.9885120391845703,0.009842181,0.09661458333333334
training_episode,2812434,3067.3029824999976,916.9077903441195,30428852,28554.666015625,306.6679992675781,284.546630859375,2,40,43,28,3,8,7,147,2,1,MaxDuration,,,,,,,,,
training_episode,2813718,3068.042293400009,917.105349575163,20165410,29750.666015625,303.6350402832031,297.0066223144531,1,42,43,30,1,4,9,180,2,1,MaxDuration,,,,,,,,,
ppo_rollout,2813952,3068.1758666000096,917.1416901594604,,,,,,,,,,,,,,,,,,,-0.013430323625410285,2.3922992448012033,-0.6617783720294634,0.9918287396430969,0.009916994,0.08562825520833334
training_episode,2817432,3070.677266899991,917.5278790676509,47290221,885.0364379882812,41.63901901245117,7.350364685058594,3,3,8,1,0,0,1,14,0,0,LivesExhausted,,,,,,,,,
ppo_rollout,2820096,3072.177825199993,917.9468639047341,,,,,,,,,,,,,,,,,,,-0.011792318618002657,2.712281628449758,-0.6446472838521004,0.983818769454956,0.008397004,0.07130533854166667
training_episode,2824224,3075.091053100012,918.41963416104,13672212,27389.33203125,306.2575988769531,273.3932800292969,1,39,46,27,3,3,8,104,3,1,MaxDuration,,,,,,,,,
ppo_rollout,2826240,3076.232141799992,918.7343053851214,,,,,,,,,,,,,,,,,,,-0.012769456520133341,1.8372139135996501,-0.6628307183583577,0.9912607073783875,0.009856194,0.08894856770833333
training_episode,2832222,3080.1571910000057,919.5056694754235,23726196,27389.33203125,303.0144348144531,273.3932800292969,1,42,37,27,3,7,7,133,7,1,MaxDuration,,,,,,,,,
ppo_rollout,2832384,3080.2453363999957,919.5319497862852,,,,,,,,,,,,,,,,,,,-0.01836198034482853,2.2854881485303244,-0.6520702277620634,0.98973548412323,0.009220254,0.10100911458333334
training_episode,2834796,3082.1651389999897,919.7417633890153,38597714,373.74871826171875,21.44039535522461,2.2374870777130127,3,3,2,1,0,0,2,5,0,1,LivesExhausted,,,,,,,,,
training_episode,2837718,3083.8162015000125,920.1968647222533,5293892,27389.33203125,305.6970520019531,272.3932800292969,3,47,42,27,6,7,10,175,1,1,MaxDuration,,,,,,,,,
ppo_rollout,2838528,3084.273619899992,920.3230159884582,,,,,,,,,,,,,,,,,,,-0.011997835652437061,2.001727200547854,-0.6134274994333585,0.9801462292671204,0.009344261,0.08429361979166666
training_episode,2841582,3086.6500069999893,920.6038888619645,42053771,28554.666015625,304.3757629394531,284.546630859375,2,37,41,28,5,7,4,188,3,1,MaxDuration,,,,,,,,,
training_episode,2842122,3086.966287499992,920.6844958134345,32418703,1405.836181640625,61.01576614379883,12.558362007141113,3,3,12,2,1,0,1,13,0,1,LivesExhausted,,,,,,,,,
ppo_rollout,2844672,3088.4520493000164,921.0672384066096,,,,,,,,,,,,,,,,,,,-0.012117549090180545,2.606978514790535,-0.677213158706824,0.9882089495658875,0.008141389,0.07945963541666666
training_episode,2844828,3089.1489964000066,920.909934520889,12520193,411.0089416503906,22.540420532226562,2.6100893020629883,3,3,4,1,0,0,0,14,0,0,LivesExhausted,,,,,,,,,
training_episode,2845344,3089.431630100007,920.9927069685288,73681929,624.4451904296875,31.340621948242188,4.244451522827148,4,5,5,1,1,0,0,3,0,0,LivesExhausted,,,,,,,,,
training_episode,2849988,3092.042335300008,921.7170047975678,59019869,25150.666015625,302.2336730957031,251.5066375732422,0,43,42,26,0,7,10,188,4,1,MaxDuration,,,,,,,,,
training_episode,2850000,3092.053729300009,921.7174892511308,64570506,920.8402709960938,43.058780670166016,7.708402633666992,3,3,9,1,0,0,1,15,0,0,LivesExhausted,,,,,,,,,
training_episode,2850438,3092.3007436000044,921.7855041749814,54830709,904.4107055664062,42.418888092041016,7.544106483459473,3,3,10,1,0,0,0,22,2,0,LivesExhausted,,,,,,,,,
ppo_rollout,2850816,3092.5044808000093,921.8470070777436,,,,,,,,,,,,,,,,,,,-0.012186983765180534,3.6786500453948974,-0.6726111734906832,0.9854757785797119,0.008848383,0.07560221354166667
training_episode,2854080,3094.8781982999935,922.1946122363513,18594475,27389.33203125,305.3667297363281,272.3932800292969,3,42,43,27,6,6,6,115,4,1,MaxDuration,,,,,,,,,
ppo_rollout,2856960,3096.482501499995,922.6469061640213,,,,,,,,,,,,,,,,,,,-0.013134218358512346,3.025103409588337,-0.6662015135089556,0.9919629693031311,0.00998746,0.07957356770833333
training_episode,2861016,3099.328960999992,923.1082069703563,65827254,29750.666015625,306.5578918457031,297.0066223144531,1,45,42,30,7,5,11,132,1,1,MaxDuration,,,,,,,,,
training_episode,2861868,3099.814190600009,923.2385633559695,48546969,1504.0428466796875,64.89545440673828,13.04042911529541,4,6,13,2,1,2,1,21,1,1,LivesExhausted,,,,,,,,,
ppo_rollout,2863104,3100.4914702000096,923.4355351460792,,,,,,,,,,,,,,,,,,,-0.014658722846070305,2.8147259468833608,-0.6969773292541503,0.9916226267814636,0.011604015,0.10465494791666667
training_episode,2865798,3102.623082300008,923.6693997246849,21003242,658.95361328125,32.71051788330078,5.089536190032959,3,4,7,1,0,0,1,14,0,0,LivesExhausted,,,,,,,,,
ppo_rollout,2869248,3104.5152552000072,924.2177164998823,,,,,,,,,,,,,,,,,,,-0.012184044431584577,2.8359629372755686,-0.6859086602926254,0.986150860786438,0.010245447,0.0892578125
training_episode,2870478,3105.855406799994,924.214950160057,53678690,816.9976806640625,38.959468841552734,6.669976711273193,3,4,9,1,1,0,0,20,0,0,LivesExhausted,,,,,,,,,
training_episode,2873886,3107.7430475,924.7501984798503,22678906,29750.666015625,301.3428039550781,296.5066223144531,2,64,35,30,2,7,7,152,2,1,MaxDuration,,,,,,,,,
ppo_rollout,2875392,3108.587996199989,924.9833054476652,,,,,,,,,,,,,,,,,,,-0.015431128756608814,3.073705035448074,-0.6760517572363217,0.9897539019584656,0.009195857,0.08152669270833333
training_episode,2877498,3110.3687598000106,925.1308195961357,16185708,592.0416870117188,30.070592880249023,4.420416831970215,3,3,6,1,0,0,0,11,0,0,LivesExhausted,,,,,,,,,
ppo_rollout,2881536,3112.6034108000167,925.7639408868262,,,,,,,,,,,,,,,,,,,-0.015698317210869086,2.4343636482954025,-0.6680956820646922,0.9915005564689636,0.00900464,0.0900390625
training_episode,2883420,3114.2741207999934,925.8722540645549,11891819,1078.8541259765625,49.30773162841797,9.288540840148926,3,6,11,2,0,1,1,25,0,0,LivesExhausted,,,,,,,,,
training_episode,2886108,3115.743193900009,926.2984207589419,38283527,26254.666015625,300.8823547363281,261.546630859375,2,41,39,27,1,1,7,136,4,1,MaxDuration,,,,,,,,,
training_episode,2886276,3115.8428574000136,926.3227101280796,65408338,28554.666015625,302.3537902832031,284.046630859375,3,48,41,28,7,12,3,126,1,1,MaxDuration,,,,,,,,,
training_episode,2886834,3116.1615175000043,926.4070504009092,51060465,27389.33203125,303.2746887207031,272.8932800292969,2,45,39,27,5,10,3,108,0,1,MaxDuration,,,,,,,,,
ppo_rollout,2887680,3116.6273433000024,926.5400325155383,,,,,,,,,,,,,,,,,,,-0.017155362081636365,2.0367406412959097,-0.6686354195078213,0.9927528500556946,0.011204864,0.105419921875
training_episode,2890176,3118.5851043000002,926.7587394087585,58705682,1270.4324951171875,56.27656173706055,11.204324722290039,3,4,11,2,0,2,1,29,0,0,LivesExhausted,,,,,,,,,
training_episode,2890338,3118.6831972000073,926.7815347820457,7283743,687.0350952148438,33.82033157348633,5.3703508377075195,3,4,8,1,1,1,1,12,0,0,LivesExhausted,,,,,,,,,
training_episode,2893344,3120.346016399999,927.2510115202239,65094151,1218.4522705078125,54.2169075012207,10.18452262878418,4,9,9,2,1,2,1,25,0,0,LivesExhausted,,,,,,,,,
training_episode,2893770,3120.5775022000016,927.3187408291886,40692294,554.4700317382812,28.590559005737305,4.0447001457214355,3,3,5,1,0,0,0,9,0,0,LivesExhausted,,,,,,,,,
ppo_rollout,2893824,3120.611328400002,927.3259933603201,,,,,,,,,,,,,,,,,,,-0.015074116234124328,2.817340475320816,-0.680017244319121,0.9930768013000488,0.009835701,0.10192057291666666
training_episode,2897610,3123.3361138000037,927.7291634407626,33361264,1429.3468017578125,61.94561004638672,12.793468475341797,3,6,11,2,0,3,2,14,1,1,LivesExhausted,,,,,,,,,
training_episode,2897742,3123.4147403000097,927.748070921144,55459083,29750.666015625,306.0173645019531,296.5066223144531,2,48,38,30,11,6,8,150,1,1,MaxDuration,,,,,,,,,
training_episode,2897946,3123.5302957000094,927.7790594794105,23202551,801.5549926757812,38.349571228027344,6.515550136566162,3,3,6,1,0,0,0,19,0,0,LivesExhausted,,,,,,,,,
ppo_rollout,2899968,3124.630103000003,928.099616404418,,,,,,,,,,,,,,,,,,,-0.015364137503396099,4.51526568432649,-0.7032087221741676,0.9890929460525513,0.009698696,0.08587239583333334
ppo_rollout,2906112,3128.750390800007,928.841114505437,,,,,,,,,,,,,,,,,,,-0.012266465579159558,4.162860880295436,-0.7081821511189142,0.9906759262084961,0.010318226,0.09495442708333333
training_episode,2907216,3130.0076431999914,928.8207350918101,56192186,29750.666015625,306.1174621582031,296.5066223144531,2,44,44,30,5,6,9,173,2,1,MaxDuration,,,,,,,,,
ppo_rollout,2912256,3132.9101885000127,929.5689390299252,,,,,,,,,,,,,,,,,,,-0.01523231878139389,2.883193909128507,-0.6677124177416166,0.9884316325187683,0.008920312,0.09251302083333333
ppo_rollout,2918400,3136.928033000004,930.3369313222611,,,,,,,,,,,,,,,,,,,-0.01495070019736886,1.6820548837383589,-0.6673107475042344,0.9897541403770447,0.011276473,0.11064453125
training_episode,2922894,3140.043963700009,930.8449288575773,22050532,27389.33203125,306.5178527832031,272.8932800292969,2,40,38,27,6,7,9,168,1,1,MaxDuration,,,,,,,,,
ppo_rollout,2924544,3140.957489399996,931.0995165867919,,,,,,,,,,,,,,,,,,,-0.01362826144322753,2.1136311183373135,-0.665351390838623,0.9699676036834717,0.0067069805,0.07581380208333334
training_episode,2929836,3144.5446788000118,931.7202645433721,67607647,28554.666015625,300.5019836425781,284.046630859375,3,42,40,28,4,3,12,99,4,1,MaxDuration,,,,,,,,,
ppo_rollout,2930688,3145.0271337000013,931.8482402255653,,,,,,,,,,,,,,,,,,,-0.012735425723561396,2.3323233584562937,-0.6919729754328727,0.9851822853088379,0.009357355,0.07067057291666666
training_episode,2933358,3147.1355611000035,932.0723378610095,31476142,573.86865234375,29.340576171875,4.238686561584473,3,4,6,1,0,0,0,15,0,0,LivesExhausted,,,,,,,,,
training_episode,2933706,3147.331726900011,932.1248138306593,37340966,26254.666015625,300.7822570800781,262.046630859375,1,30,43,27,4,6,6,142,2,1,MaxDuration,,,,,,,,,
training_episode,2934000,3147.5226000999974,932.1616943772815,35560573,27389.33203125,302.1035461425781,273.8932800292969,0,45,42,27,4,3,7,169,3,1,MaxDuration,,,,,,,,,
training_episode,2934582,3147.839883000008,932.25262690402,30847768,30977.33203125,305.2766418457031,309.2732849121094,1,37,43,31,5,5,6,146,0,1,MaxDuration,,,,,,,,,
training_episode,2935992,3148.612625800015,932.4716466999521,12834380,347.3957214355469,19.020339965820312,1.9739570617675781,3,3,3,1,0,0,2,7,0,0,LivesExhausted,,,,,,,,,
ppo_rollout,2936832,3149.0949045000016,932.5955835130019,,,,,,,,,,,,,,,,,,,-0.014408686145907268,2.8613696018854777,-0.6637440885106722,0.987852931022644,0.0106061,0.089013671875
training_episode,2940318,3151.6037536000076,932.959289898465,49908446,1040.732421875,47.7979850769043,8.907323837280273,3,5,8,2,0,1,0,15,0,0,LivesExhausted,,,,,,,,,
training_episode,2941116,3152.063024300005,933.0765207821785,37026779,910.5841674804688,42.65884780883789,7.605841636657715,3,5,7,1,0,1,1,20,0,0,LivesExhausted,,,,,,,,,
ppo_rollout,2942976,3153.130662700016,933.3504744392479,,,,,,,,,,,,,,,,,,,-0.01498203290005525,3.2679006387790044,-0.6919142584005992,0.9915839433670044,0.008751935,0.08395182291666667
training_episode,2943378,3153.9768717999978,933.2275154954426,8226304,26254.666015625,301.3027648925781,262.046630859375,1,41,36,27,2,5,6,180,0,1,MaxDuration,,,,,,,,,
ppo_rollout,2949120,3157.234934100008,934.0831650339848,,,,,,,,,,,,,,,,,,,-0.01359398637820656,2.490205903351307,-0.6695691709717114,0.9916072487831116,0.010390946,0.08868815104166666
ppo_rollout,2955264,3161.2751410999917,934.832897516061,,,,,,,,,,,,,,,,,,,-0.015777111288237698,2.430169912179311,-0.664059379696846,0.9890572428703308,0.011188353,0.11070963541666666
training_episode,2959056,3164.018356799992,935.2208698917646,49070614,28554.666015625,301.3127746582031,284.546630859375,2,46,36,28,5,6,8,181,0,1,MaxDuration,,,,,,,,,
ppo_rollout,2961408,3165.3355713000055,935.5747386946869,,,,,,,,,,,,,,,,,,,-0.01654631504594969,1.7458584542075792,-0.6780248612165451,0.9813902974128723,0.0094935,0.09783528645833334
training_episode,2962224,3166.404711500014,935.5165463345688,9273594,498.7779235839844,26.380508422851562,3.487779140472412,3,6,5,1,0,1,1,18,0,0,LivesExhausted,,,,,,,,,
ppo_rollout,2967552,3169.426222000009,936.3057513064241,,,,,,,,,,,,,,,,,,,-0.017349418651429006,1.9249760071436564,-0.687369300921758,0.9912334084510803,0.009020011,0.10047200520833334
training_episode,2969604,3171.1650056999933,936.4394456492493,53992877,28554.666015625,302.0034484863281,285.046630859375,1,37,45,28,2,4,11,137,1,1,MaxDuration,,,,,,,,,
training_episode,2970642,3171.7449075999903,936.5954976019299,12415464,30977.33203125,305.2966613769531,309.7732849121094,0,55,42,31,6,5,7,189,4,1,MaxDuration,,,,,,,,,
ppo_rollout,2973696,3173.451049299998,937.054315255923,,,,,,,,,,,,,,,,,,,-0.01472775403720637,2.6182167490323383,-0.6992309540510178,0.9909268021583557,0.00857769,0.0869140625
training_episode,2976960,3175.871545700007,937.3678869445067,3304041,30977.33203125,305.3266906738281,308.7732849121094,2,47,42,31,7,14,9,140,1,1,MaxDuration,,,,,,,,,
training_episode,2977566,3176.2030790999997,937.4608379397815,73472471,29750.666015625,303.7051086425781,297.5066223144531,0,43,42,30,1,7,6,113,3,1,MaxDuration,,,,,,,,,
training_episode,2977848,3176.3627408000175,937.5024967236524,46557118,1380.6494140625,60.015933990478516,12.306493759155273,3,4,12,2,1,1,1,22,0,1,LivesExhausted,,,,,,,,,
ppo_rollout,2979840,3177.458045200008,937.8062456250091,,,,,,,,,,,,,,,,,,,-0.018547563825268298,2.5797703752915067,-0.6983212813735008,0.9924946427345276,0.010282322,0.10667317708333333
training_episode,2980044,3178.1813110999938,937.6570145925951,33151806,28554.666015625,305.5268859863281,284.546630859375,2,55,42,28,2,7,14,121,0,1,MaxDuration,,,,,,,,,
training_episode,2982756,3179.639441200008,938.0799474780374,41634855,864.9368896484375,40.85914993286133,7.149369239807129,3,4,8,1,0,1,1,3,0,0,LivesExhausted,,,,,,,,,
training_episode,2985186,3180.9767058000143,938.4495002924666,41006481,914.7820434570312,42.81882095336914,7.647820472717285,3,3,10,1,0,0,1,15,0,0,LivesExhausted,,,,,,,,,
ppo_rollout,2985984,3181.433318800002,938.565640321601,,,,,,,,,,,,,,,,,,,-0.014014348199513431,3.124504735072454,-0.6978651737173398,0.9914200901985168,0.0111175105,0.09244791666666667
ppo_rollout,2992128,3185.4634146000026,939.3069737627862,,,,,,,,,,,,,,,,,,,-0.013777199886195983,3.160439059138298,-0.7065648317337037,0.9908754229545593,0.009190702,0.08971354166666666
ppo_rollout,2998272,3189.5288408999913,940.036020854408,,,,,,,,,,,,,,,,,,,-0.016814083512872457,2.108820381760597,-0.6817879537741344,0.9890621900558472,0.011335949,0.118994140625
training_episode,2998938,3190.51446440001,939.9543658122744,66560357,27389.33203125,305.9072570800781,273.3932800292969,1,51,38,27,3,11,6,150,1,1,MaxDuration,,,,,,,,,
validation,3000000,,,,,,,,,,,,,,,,,,14782.958292236328,24253.599609375,13381.596067490258,,,,,,
training_episode,3003288,3425.4670434000145,876.7528520779542,49803717,747.3642578125,36.209930419921875,5.973642826080322,3,6,6,1,0,2,0,26,0,0,LivesExhausted,,,,,,,,,
ppo_rollout,3004416,3426.109278499993,876.9177383960686,,,,,,,,,,,,,,,,,,,-0.016439032872828344,2.1270247384905816,-0.6663828800121944,0.9533446431159973,0.009725588,0.1126953125
training_episode,3006060,3427.6400361999986,877.0057439673925,55668541,29750.666015625,303.7851867675781,297.5066223144531,0,34,44,30,8,11,9,160,2,1,MaxDuration,,,,,,,,,
ppo_rollout,3010560,3430.1265540000168,877.6819025785675,,,,,,,,,,,,,,,,,,,-0.014846907067112624,1.9342678636312485,-0.6782370870312054,0.99469393491745,0.010740717,0.11163736979166666
training_episode,3012942,3432.027050100005,877.8899338547482,66665086,1297.1990966796875,57.326385498046875,11.471990585327148,3,4,11,2,0,1,1,7,0,0,LivesExhausted,,,,,,,,,
training_episode,3013536,3432.3705387999944,877.9751387370826,58600953,27389.33203125,304.7561340332031,273.3932800292969,1,33,43,27,2,5,9,174,1,1,MaxDuration,,,,,,,,,
training_episode,3013602,3432.413523199997,877.9833722337906,47394950,27389.33203125,300.2617492675781,272.8932800292969,2,41,44,27,8,9,11,171,0,1,MaxDuration,,,,,,,,,
ppo_rollout,3016704,3434.10393740001,878.4544833211929,,,,,,,,,,,,,,,,,,,-0.014663080205597605,2.3929482817649843,-0.6605163301030795,0.9925193786621094,0.009053764,0.08333333333333333
training_episode,3019434,3436.2164066999976,878.7089177831327,34408554,29750.666015625,305.6269836425781,297.0066223144531,1,30,46,30,5,3,10,157,2,1,MaxDuration,,,,,,,,,
training_episode,3021432,3437.3270989000157,879.006249061049,24354570,26254.666015625,302.0134582519531,261.546630859375,2,40,41,27,2,4,7,177,1,1,MaxDuration,,,,,,,,,
ppo_rollout,3022848,3438.139230300003,879.210467499373,,,,,,,,,,,,,,,,,,,-0.012458130459223563,3.0993417431910832,-0.6952595353126526,0.9935019016265869,0.009216531,0.08204752604166667
ppo_rollout,3028992,3442.084178099991,879.9877757992499,,,,,,,,,,,,,,,,,,,-0.016449607776788375,2.9192573418219885,-0.7091440190871556,0.9934773445129395,0.010219173,0.10301106770833333
training_episode,3030930,3443.774498599989,880.118602780808,17128269,2377.5732421875,95.80205535888672,21.775732040405273,4,9,17,3,1,4,0,35,1,0,LivesExhausted,,,,,,,,,
ppo_rollout,3035136,3446.094904800004,880.7464924347886,,,,,,,,,,,,,,,,,,,-0.01403706919712325,2.729311312238375,-0.6540775313973427,0.9882428050041199,0.010772504,0.08777669270833334
training_episode,3037476,3448.028051000001,880.931348316342,54725980,1226.8316650390625,54.546852111816406,10.768316268920898,3,4,11,2,0,1,2,24,0,1,LivesExhausted,,,,,,,,,
training_episode,3039966,3449.4269336000143,881.2959539419268,44148351,30977.33203125,305.6269836425781,309.7732849121094,0,50,44,31,5,4,11,127,1,1,MaxDuration,,,,,,,,,
ppo_rollout,3041280,3450.171047700016,881.4867315136173,,,,,,,,,,,,,,,,,,,-0.013941975463725005,2.627709674835205,-0.6679729804396629,0.9863607883453369,0.009762636,0.087939453125
ppo_rollout,3047424,3454.231018499995,882.2293539947854,,,,,,,,,,,,,,,,,,,-0.016061618972647313,2.8090814103682837,-0.6700126369794209,0.9911148548126221,0.0102978805,0.10299479166666667
training_episode,3049146,3455.7731839999906,882.3339489169462,35979489,26254.666015625,301.6731262207031,261.546630859375,2,44,41,27,2,5,4,118,1,1,MaxDuration,,,,,,,,,
training_episode,3049704,3456.1179491000075,882.4073845032285,32837619,23034.666015625,301.3828430175781,228.8466339111328,3,32,44,23,5,7,4,141,3,1,MaxDuration,,,,,,,,,
training_episode,3049782,3456.1747714999947,882.4154452919582,9483052,26254.666015625,301.4729309082031,261.546630859375,2,31,46,27,2,5,9,95,2,1,MaxDuration,,,,,,,,,
ppo_rollout,3053568,3458.395404800016,882.94357428357,,,,,,,,,,,,,,,,,,,-0.015291916412146141,2.6426460325717924,-0.6478399450580279,0.9882336854934692,0.008067293,0.084326171875
training_episode,3054858,3459.7742508999945,882.9645457952457,19013391,916.8394165039062,42.90880584716797,7.668394088745117,3,3,8,1,0,0,1,24,0,0,LivesExhausted,,,,,,,,,
training_episode,3058122,3461.610456800001,883.4390923428756,30743039,28554.666015625,305.7270812988281,284.546630859375,2,30,40,28,1,7,7,156,0,1,MaxDuration,,,,,,,,,
training_episode,3059064,3462.133087199996,883.577818342628,12206006,1848.4925537109375,77.30810546875,15.98492431640625,5,6,14,2,3,1,0,10,0,0,LivesExhausted,,,,,,,,,
ppo_rollout,3059712,3462.494139599992,883.6728313866478,,,,,,,,,,,,,,,,,,,-0.014720447262516246,1.9294415841499963,-0.6680705413222313,0.9948113560676575,0.010047528,0.09803059895833334
ppo_rollout,3065856,3466.491350600001,884.4262656156183,,,,,,,,,,,,,,,,,,,-0.012168411479797215,2.8024097124735516,-0.6972996224959691,0.9924892783164978,0.00930637,0.07941080729166666
ppo_rollout,3072000,3470.5505462000147,885.1621548528095,,,,,,,,,,,,,,,,,,,-0.014888150795983771,2.637712661425273,-0.6260847394665082,0.9865201711654663,0.011766943,0.09365234375
training_episode,3073482,3472.005442900001,885.2180823290607,10111426,26254.666015625,300.0014953613281,261.546630859375,2,41,40,27,3,8,6,147,4,1,MaxDuration,,,,,,,,,
training_episode,3076692,3473.8093750000116,885.6824505518498,55249625,30977.33203125,306.0073547363281,309.2732849121094,1,45,43,31,9,7,12,167,2,1,MaxDuration,,,,,,,,,
ppo_rollout,3078144,3474.627626100002,885.8917648838751,,,,,,,,,,,,,,,,,,,-0.014262176921086696,1.8245378330349922,-0.6552259569366773,0.9680792689323425,0.0102738915,0.109375
training_episode,3080400,3476.4856675000046,886.0672226545274,23412009,1305.05419921875,57.63633346557617,11.550541877746582,3,3,11,2,0,0,0,26,0,0,LivesExhausted,,,,,,,,,
training_episode,3084096,3478.5495589000056,886.6040134771745,2570938,610.6116943359375,30.800609588623047,4.606116771697998,3,3,8,1,0,0,0,20,0,0,LivesExhausted,,,,,,,,,
ppo_rollout,3084288,3478.6633138000034,886.6302144747668,,,,,,,,,,,,,,,,,,,-0.016401004034560174,2.1447257777055104,-0.6808018550276757,0.9944111704826355,0.009051707,0.10693359375
training_episode,3085830,3480.1186955000157,886.7025150579339,74205574,29750.666015625,305.6870422363281,296.5066223144531,2,47,43,30,2,5,9,146,1,1,MaxDuration,,,,,,,,,
ppo_rollout,3090432,3482.728805599996,887.3593588541236,,,,,,,,,,,,,,,,,,,-0.01574672497614908,3.047763043642044,-0.6823967427015305,0.9939647912979126,0.009050666,0.08356119791666666
training_episode,3091572,3483.9932584000053,887.3645184433504,61114449,27389.33203125,305.9172668457031,272.8932800292969,2,52,43,27,5,13,6,168,1,1,MaxDuration,,,,,,,,,
training_episode,3094464,3485.6238044000056,887.7791103256086,48442240,29750.666015625,302.7942199707031,297.0066223144531,1,43,45,30,4,2,15,178,4,1,MaxDuration,,,,,,,,,
training_episode,3095784,3486.3513766000106,887.9724576181695,16290437,30977.33203125,305.9573059082031,309.2732849121094,1,39,42,31,4,7,10,145,1,1,MaxDuration,,,,,,,,,
ppo_rollout,3096576,3486.786544500006,888.0887775836129,,,,,,,,,,,,,,,,,,,-0.017116462818618554,2.1624453912178674,-0.6698750783999761,0.9965696930885315,0.008694534,0.09912109375
training_episode,3100740,3489.716533700004,888.5363524676922,73367742,875.3219604492188,41.25908279418945,7.2532196044921875,3,4,8,1,1,1,0,5,0,0,LivesExhausted,,,,,,,,,
ppo_rollout,3102720,3490.8075013000052,888.8258658904914,,,,,,,,,,,,,,,,,,,-0.01156559253965194,3.064285815755526,-0.6514919857184093,0.9908835887908936,0.009659461,0.08566080729166667
training_episode,3103932,3492.0984850999957,888.8443476734075,50327362,503.949951171875,26.590513229370117,3.539499282836914,3,3,7,1,0,0,1,13,0,0,LivesExhausted,,,,,,,,,
ppo_rollout,3108864,3494.8266543000063,889.5617172241945,,,,,,,,,,,,,,,,,,,-0.013281920484344786,2.0126353497306506,-0.6592477445801099,0.9942238926887512,0.013129116,0.112548828125
training_episode,3112950,3497.7037809999892,889.998180208963,34513283,26254.666015625,302.0935363769531,262.046630859375,1,34,41,27,9,7,4,161,3,1,MaxDuration,,,,,,,,,
ppo_rollout,3115008,3498.847808599996,890.2953687621003,,,,,,,,,,,,,,,,,,,-0.015056833044703429,1.730285679300626,-0.655497308075428,0.994602382183075,0.011070207,0.09637044270833334
training_episode,3120300,3502.3865087000013,890.9068123261409,56820560,26254.666015625,301.6430969238281,261.546630859375,2,32,43,27,5,4,2,141,1,1,MaxDuration,,,,,,,,,
ppo_rollout,3121152,3502.8611055999936,891.0293345660327,,,,,,,,,,,,,,,,,,,-0.01543919337952199,2.3657743642727533,-0.6425029481450717,0.9915179014205933,0.010144649,0.10681966145833334
training_episode,3122562,3504.224325599993,891.0850761431648,9064136,28554.666015625,306.0774230957031,284.546630859375,2,34,42,28,4,3,6,152,2,1,MaxDuration,,,,,,,,,
training_episode,3126870,3506.5653085999948,891.7187403671688,69597498,1230.630615234375,54.706825256347656,10.306305885314941,4,5,10,2,1,1,1,6,0,0,LivesExhausted,,,,,,,,,
ppo_rollout,3127296,3506.7915049000003,891.7827009761671,,,,,,,,,,,,,,,,,,,-0.01699825848530357,2.1217830012242,-0.6434301430980365,0.984407901763916,0.009726002,0.10441080729166667
training_episode,3128016,3507.7850162000104,891.7353787515134,33884909,30977.33203125,303.6850891113281,309.7732849121094,0,26,39,31,3,4,9,108,3,1,MaxDuration,,,,,,,,,
training_episode,3130566,3509.1814793999947,892.1071817964995,62475926,414.3260498046875,21.24039077758789,2.6432604789733887,3,3,6,1,0,0,1,0,0,0,LivesExhausted,,,,,,,,,
training_episode,3130584,3509.195913100004,892.1086418439544,11787090,26254.666015625,300.9824523925781,261.546630859375,2,27,44,27,7,3,5,121,3,1,MaxDuration,,,,,,,,,
training_episode,3132276,3510.129042000015,892.3535182100541,20898513,1955.9324951171875,80.94888305664062,18.059324264526367,3,5,15,2,0,1,0,38,0,0,LivesExhausted,,,,,,,,,
ppo_rollout,3133440,3510.744737700006,892.5285755901497,,,,,,,,,,,,,,,,,,,-0.014862548393042137,2.6115443150202435,-0.6455159212152163,0.9918529987335205,0.008884248,0.08209635416666666
training_episode,3135420,3512.4611780999985,892.6561294254782,10844529,850.2818603515625,40.269248962402344,7.002818584442139,3,5,10,1,0,1,0,12,0,0,LivesExhausted,,,,,,,,,
ppo_rollout,3139584,3514.7660769000067,893.2554631826554,,,,,,,,,,,,,,,,,,,-0.011437553516589104,4.559202828009924,-0.6595447957515717,0.9905518889427185,0.008506334,0.07215169270833334
training_episode,3140094,3515.6712058999983,893.1705543824164,15766792,816.19580078125,38.929473876953125,6.66195821762085,3,4,8,1,0,0,0,8,1,0,LivesExhausted,,,,,,,,,
training_episode,3140556,3515.9308406999917,893.2359998795489,64151590,25150.666015625,305.1465148925781,251.0066375732422,1,29,40,26,2,8,5,127,1,1,MaxDuration,,,,,,,,,
ppo_rollout,3145728,3518.7499066000164,893.9902191115231,,,,,,,,,,,,,,,,,,,-0.014340344663166131,2.077292701601982,-0.6478509545326233,0.9938849210739136,0.010666636,0.10771484375
training_episode,3149736,3521.6582496000046,894.3900221884824,16080979,30977.33203125,306.5178527832031,309.2732849121094,1,46,40,31,5,8,7,169,3,1,MaxDuration,,,,,,,,,
ppo_rollout,3151872,3522.9004860999994,894.6809631541015,,,,,,,,,,,,,,,,,,,-0.017803932472209755,1.888988472521305,-0.6564203451077143,0.9930266737937927,0.011049825,0.10904947916666667
ppo_rollout,3158016,3527.0650482999918,895.3665318767315,,,,,,,,,,,,,,,,,,,-0.014598260431860884,1.999686216811339,-0.6210178067286809,0.9885808229446411,0.008944889,0.08434244791666666
training_episode,3163314,3530.6775916999904,895.9509663064115,5398621,28554.666015625,303.6450500488281,284.546630859375,2,34,42,28,1,2,4,175,0,1,MaxDuration,,,,,,,,,
ppo_rollout,3164160,3531.175844000012,896.0641270177395,,,,,,,,,,,,,,,,,,,-0.0146591833482186,2.2897387286027273,-0.6613876273234686,0.9816853404045105,0.010570571,0.10836588541666667
training_episode,3166884,3533.2782764000003,896.3018908396557,15347876,29750.666015625,302.6140441894531,297.5066223144531,0,30,44,30,7,8,12,179,2,1,MaxDuration,,,,,,,,,
training_episode,3168762,3534.299311800016,896.5743193906665,40378107,30977.33203125,304.0054016113281,309.2732849121094,1,40,42,31,0,5,7,151,3,1,MaxDuration,,,,,,,,,
training_episode,3169194,3534.537748200004,896.6360598677836,5084434,1070.572998046875,48.977787017822266,9.205730438232422,3,6,7,2,0,1,0,10,1,0,LivesExhausted,,,,,,,,,
ppo_rollout,3170304,3535.146689699992,896.7956009398428,,,,,,,,,,,,,,,,,,,-0.016519475133585124,2.4779418607552848,-0.6716276824474334,0.9782041907310486,0.01003919,0.10432942708333333
training_episode,3170550,3535.916698100016,896.6698796110378,22783635,603.921142578125,30.540603637695312,4.539211273193359,3,3,8,1,0,0,0,7,0,0,LivesExhausted,,,,,,,,,
ppo_rollout,3176448,3539.1344237000158,897.5211505753313,,,,,,,,,,,,,,,,,,,-0.01755886011524126,2.2366340195139247,-0.6528790280222893,0.9962096810340881,0.009709041,0.10335286458333333
training_episode,3176598,3539.8139400999935,897.3912340461225,17232998,28554.666015625,304.1555480957031,285.046630859375,1,42,42,28,7,4,11,122,2,1,MaxDuration,,,,,,,,,
training_episode,3177138,3540.1285073999898,897.4640308561611,40797023,27389.33203125,304.8161926269531,273.3932800292969,1,39,43,27,3,4,5,132,2,1,MaxDuration,,,,,,,,,
training_episode,3179676,3541.490654299996,897.8354908657774,17966101,494.22357177734375,25.640491485595703,3.4422357082366943,3,5,5,1,0,0,1,0,0,0,LivesExhausted,,,,,,,,,
ppo_rollout,3182592,3543.1154006000143,898.2467800684784,,,,,,,,,,,,,,,,,,,-0.015000229503493756,3.3261541346708934,-0.6543595880270004,0.992531418800354,0.00799537,0.08351236979166667
training_episode,3185922,3545.5587450000166,898.5669760775562,5712808,29750.666015625,301.5029602050781,296.5066223144531,2,41,45,30,2,3,10,157,1,1,MaxDuration,,,,,,,,,
ppo_rollout,3188736,3547.1182383999985,898.9652404252377,,,,,,,,,,,,,,,,,,,-0.019850726121027642,1.6162983650962512,-0.6419143651922544,0.9944238066673279,0.013940443,0.123681640625
training_episode,3191586,3549.3469527999987,899.2037246407344,57030018,2479.251953125,99.21278381347656,22.792518615722656,4,7,19,3,1,3,0,58,0,0,LivesExhausted,,,,,,,,,
ppo_rollout,3194880,3551.259489499993,899.6470152198959,,,,,,,,,,,,,,,,,,,-0.015039449932131296,2.837119596203168,-0.6464285865426064,0.9879030585289001,0.0116283065,0.09694010416666667
training_episode,3197202,3553.190828999999,899.8115085476037,2466209,1015.5292358398438,46.798152923583984,8.155292510986328,4,4,9,2,1,0,1,24,0,0,LivesExhausted,,,,,,,,,
ppo_rollout,3201024,3555.3213427000155,900.3473080070586,,,,,,,,,,,,,,,,,,,-0.012455158407101407,2.676253924767176,-0.6493892808755238,0.9889947175979614,0.008374914,0.084912109375
training_episode,3205038,3558.2261819000123,900.740379097706,36817321,26254.666015625,302.2436828613281,261.046630859375,3,49,38,27,2,7,2,131,1,1,MaxDuration,,,,,,,,,
training_episode,3205704,3558.5866861999966,900.8362821205238,63732674,28554.666015625,304.2055969238281,284.546630859375,2,36,45,28,5,4,9,118,1,1,MaxDuration,,,,,,,,,
ppo_rollout,3207168,3559.3944200999977,901.0431611312965,,,,,,,,,,,,,,,,,,,-0.014424933370901272,2.595345653096835,-0.6253075197339057,0.9906440377235413,0.009082261,0.083447265625
training_episode,3207318,3560.085788299999,900.9103124819777,47813866,32288.0,306.3677062988281,322.8799743652344,0,44,41,32,2,3,9,134,0,1,MaxDuration,,,,,,,,,
training_episode,3211320,3562.319864499994,901.4687400764165,7807388,1015.0957641601562,46.78815460205078,8.650957107543945,3,5,9,2,0,1,0,1,1,0,LivesExhausted,,,,,,,,,
ppo_rollout,3213312,3563.416310700006,901.750376556134,,,,,,,,,,,,,,,,,,,-0.015580974688054994,2.1680991768836977,-0.6445964405934016,0.9926778674125671,0.009843891,0.102783203125
training_episode,3213324,3564.030487400014,901.5983480949802,63837403,26254.666015625,301.5029602050781,261.046630859375,3,50,47,27,7,5,12,121,0,1,MaxDuration,,,,,,,,,
ppo_rollout,3219456,3567.3484698999964,902.4786973194831,,,,,,,,,,,,,,,,,,,-0.016516042372677474,2.4857431545853617,-0.6536208972334862,0.9951362609863281,0.01118471,0.10265299479166666
training_episode,3222486,3569.636912599992,902.7489570789036,57658392,30977.33203125,304.6760559082031,309.7732849121094,0,47,42,31,4,5,9,148,1,1,MaxDuration,,,,,,,,,
ppo_rollout,3225600,3571.3501953000086,903.1878207421314,,,,,,,,,,,,,,,,,,,-0.016229456084935614,1.9003776828447978,-0.6214650581280391,0.9951291084289551,0.010616726,0.10960286458333333
training_episode,3228450,3573.5646526000055,903.4256586490154,4456060,1088.441162109375,49.68766784667969,9.384411811828613,3,4,9,2,0,1,1,14,0,0,LivesExhausted,,,,,,,,,
ppo_rollout,3231744,3575.3926655999967,903.8850560649321,,,,,,,,,,,,,,,,,,,-0.016352780227316545,1.9794020141164461,-0.6156635483105978,0.9923269152641296,0.008352826,0.0962890625
training_episode,3233772,3577.1669570000086,904.003653973144,54097606,30977.33203125,304.7261047363281,308.7732849121094,2,42,42,31,4,6,7,144,3,1,MaxDuration,,,,,,,,,
training_episode,3236076,3578.4890970000124,904.3134999944332,54935438,1469.226806640625,63.52534484863281,12.192267417907715,5,6,12,2,2,0,0,41,0,0,LivesExhausted,,,,,,,,,
ppo_rollout,3237888,3579.507129000005,904.5625230824887,,,,,,,,,,,,,,,,,,,-0.014544719660383029,2.827896997332573,-0.6412587612867355,0.9878362417221069,0.008590721,0.080712890625
training_episode,3239280,3580.890898600017,904.601701567179,15557334,506.64373779296875,26.690515518188477,3.566437244415283,3,5,6,1,0,1,0,14,0,0,LivesExhausted,,,,,,,,,
training_episode,3239466,3581.0012117000006,904.6257760024984,67921834,1030.7203369140625,47.408050537109375,8.80720329284668,3,5,10,2,1,2,1,24,0,0,LivesExhausted,,,,,,,,,
training_episode,3241044,3581.8884516000107,904.8422483822026,20270139,26254.666015625,300.0115051269531,262.046630859375,1,40,42,27,4,4,7,182,2,1,MaxDuration,,,,,,,,,
training_episode,3243474,3583.2812990999955,905.1686790023033,54411793,27389.33203125,301.2527160644531,272.8932800292969,2,38,44,27,6,6,8,146,1,1,MaxDuration,,,,,,,,,
training_episode,3243684,3583.3991012999904,905.197525674227,22993093,719.5441284179688,35.11011505126953,5.695441722869873,3,3,9,1,0,0,1,1,0,0,LivesExhausted,,,,,,,,,
ppo_rollout,3244032,3583.593375700002,905.2455621771893,,,,,,,,,,,,,,,,,,,-0.013405204775820797,2.4811979760726293,-0.6608470837275188,0.9954516887664795,0.008943448,0.09176432291666667
training_episode,3244998,3584.746183500014,905.2239221109104,24459299,1036.5283203125,47.628013610839844,8.365283012390137,4,6,9,2,1,2,0,23,0,0,LivesExhausted,,,,,,,,,
training_episode,3247392,3586.061153699993,905.5595710211009,22469448,28554.666015625,300.5420227050781,285.046630859375,1,34,45,28,3,6,6,131,3,1,MaxDuration,,,,,,,,,
training_episode,3250044,3587.591188499995,905.9125829102265,26553879,26254.666015625,305.9673156738281,261.546630859375,2,35,44,27,4,5,7,121,1,1,MaxDuration,,,,,,,,,
ppo_rollout,3250176,3587.679589700012,905.9270536117656,,,,,,,,,,,,,,,,,,,-0.01770805548100422,2.8026188294092815,-0.6700841282804807,0.9956392645835876,0.01076758,0.10364583333333334
training_episode,3254820,3591.0395634000015,906.3726373758833,44881454,1978.09326171875,81.82907104492188,18.28093147277832,3,6,14,2,0,2,0,39,1,0,LivesExhausted,,,,,,,,,
ppo_rollout,3256320,3591.9284666000167,906.5659381246835,,,,,,,,,,,,,,,,,,,-0.013922471234885355,2.401665609578292,-0.6703739538788795,0.9948163032531738,0.015551566,0.14041341145833333
ppo_rollout,3262464,3595.880309900007,907.2782514529026,,,,,,,,,,,,,,,,,,,-0.012375244246019672,4.322918164730072,-0.6655786097049713,0.9862810373306274,0.009040224,0.0818359375
ppo_rollout,3268608,3599.9108242999937,907.9691579959024,,,,,,,,,,,,,,,,,,,-0.015046906991240878,1.9375818287332853,-0.587795294324557,0.9491114616394043,0.009948988,0.099658203125
ppo_rollout,3274752,3603.946704700007,908.6571662475766,,,,,,,,,,,,,,,,,,,-0.01617506831147087,1.7713214715321859,-0.6502472087740898,0.8385974764823914,0.00973508,0.09275716145833333
training_episode,3277614,3606.1712656000163,908.8902768611715,59438785,29750.666015625,304.7361145019531,297.0066223144531,1,39,44,30,4,5,12,140,3,1,MaxDuration,,,,,,,,,
training_episode,3280062,3607.5490048000065,909.2217446348559,58077308,26254.666015625,303.1045227050781,261.546630859375,2,28,41,27,6,1,9,142,0,1,MaxDuration,,,,,,,,,
training_episode,3280176,3607.614121099992,909.2369333003516,58915140,24077.33203125,305.7971496582031,239.77330017089844,2,29,42,24,7,6,6,196,1,1,MaxDuration,,,,,,,,,
ppo_rollout,3280896,3608.019395100011,909.3343579182884,,,,,,,,,,,,,,,,,,,-0.01228347141489697,2.1028238336245217,-0.630720546344916,0.8060557842254639,0.0086181015,0.07814127604166667
training_episode,3281100,3608.730024299992,909.2118218614748,33780180,566.1610107421875,29.040569305419922,4.161610126495361,3,3,7,1,0,0,0,13,0,0,LivesExhausted,,,,,,,,,
training_episode,3283482,3610.054270199995,909.5381271977657,32104516,27389.33203125,300.7121887207031,273.3932800292969,1,34,43,27,10,7,10,174,3,1,MaxDuration,,,,,,,,,
training_episode,3286206,3611.5508681999927,909.9154684308392,21107971,27389.33203125,301.3127746582031,273.8932800292969,0,33,39,27,2,4,7,142,3,1,MaxDuration,,,,,,,,,
ppo_rollout,3287040,3612.004467599996,910.0320969935235,,,,,,,,,,,,,,,,,,,-0.01530443329247646,2.2401698499917986,-0.6634406601389249,0.9947572350502014,0.011650142,0.10196940104166667
training_episode,3290310,3614.4065151000104,910.3320244289006,17023540,1286.085205078125,56.89645767211914,11.360852241516113,3,4,9,2,1,0,1,19,0,0,LivesExhausted,,,,,,,,,
training_episode,3290988,3614.7693998000177,910.4282005325346,37445695,29750.666015625,301.3628234863281,297.5066223144531,0,36,44,30,7,4,9,165,2,1,MaxDuration,,,,,,,,,
ppo_rollout,3293184,3616.011101000011,910.7228678278302,,,,,,,,,,,,,,,,,,,-0.012688242913767075,3.4358959287405013,-0.6863863080739975,0.9943608045578003,0.009911922,0.087744140625
training_episode,3293382,3616.7543066999933,910.5904688905879,35246386,371.1025695800781,19.930360794067383,2.2110257148742676,3,5,5,1,0,0,2,0,0,0,LivesExhausted,,,,,,,,,
ppo_rollout,3299328,3620.1440978000173,911.380296161421,,,,,,,,,,,,,,,,,,,-0.013610414555296301,4.299670838316282,-0.659387099246184,0.9873727560043335,0.008709797,0.09108072916666667
ppo_rollout,3305472,3624.22591020001,912.0491056302782,,,,,,,,,,,,,,,,,,,-0.015149509356706403,2.420757911602656,-0.6331693788369497,0.9878403544425964,0.011885446,0.108935546875
ppo_rollout,3311616,3628.3134789000032,912.7149622705653,,,,,,,,,,,,,,,,,,,-0.018731542812505116,1.5972946842511495,-0.6381390884518623,0.894002377986908,0.013583648,0.128076171875
training_episode,3316194,3631.464572900004,913.1836297529302,30533581,26254.666015625,301.0525207519531,261.046630859375,3,37,42,27,6,8,8,139,0,1,MaxDuration,,,,,,,,,
training_episode,3316932,3631.878770200012,913.282686419991,27810627,27389.33203125,306.2876281738281,272.8932800292969,2,47,37,27,5,4,9,147,5,1,MaxDuration,,,,,,,,,
training_episode,3317364,3632.1339586999966,913.337458838479,29905207,26254.666015625,302.1836242675781,262.046630859375,1,45,46,27,5,11,4,155,2,1,MaxDuration,,,,,,,,,
ppo_rollout,3317760,3632.3606154000154,913.3894872479863,,,,,,,,,,,,,,,,,,,-0.018634229133992146,2.136327159404755,-0.6711778491735458,0.7978384494781494,0.013856334,0.11959635416666667
training_episode,3322308,3635.469321899989,913.8594513744039,66246170,28554.666015625,300.8122863769531,285.046630859375,1,38,38,28,3,6,10,123,1,1,MaxDuration,,,,,,,,,
ppo_rollout,3323904,3636.389695799997,914.0670494801711,,,,,,,,,,,,,,,,,,,-0.01665538880042732,2.3389924615621567,-0.6656361843148867,0.9900190830230713,0.0121302605,0.10802408854166666
training_episode,3326760,3638.545677899994,914.3103576261979,7493201,27389.33203125,303.7251281738281,272.8932800292969,2,41,44,27,4,7,7,137,5,1,MaxDuration,,,,,,,,,
training_episode,3329394,3639.980984099995,914.6734597085294,20479597,29750.666015625,300.0515441894531,297.5066223144531,0,44,39,30,2,8,10,160,4,1,MaxDuration,,,,,,,,,
ppo_rollout,3330048,3640.386266000016,914.7512809565097,,,,,,,,,,,,,,,,,,,-0.016315611044410615,2.9153491149346036,-0.6579829866687457,0.994149923324585,0.010889597,0.10398763020833333
ppo_rollout,3336192,3644.432550700003,915.4215240886273,,,,,,,,,,,,,,,,,,,-0.01642742519422124,2.787456237276395,-0.6754722540577253,0.9906255006790161,0.011779414,0.11389973958333334
ppo_rollout,3342336,3648.5808756999904,916.0646601697608,,,,,,,,,,,,,,,,,,,-0.014535680401604623,1.853059188524882,-0.6563750033577284,0.9914583563804626,0.011050452,0.10528971354166666
ppo_rollout,3348480,3652.7053701000114,916.7123161396174,,,,,,,,,,,,,,,,,,,-0.015622282113569478,2.0273682489991187,-0.66166396488746,0.9752889275550842,0.011804383,0.09830729166666667
training_episode,3352524,3655.6756756000104,917.0736951247039,13358025,27389.33203125,302.7341613769531,272.8932800292969,2,41,41,27,2,7,8,127,0,1,MaxDuration,,,,,,,,,
training_episode,3353082,3656.007787600014,917.1430135823454,40587565,29750.666015625,301.1926574707031,297.0066223144531,1,22,43,30,7,3,6,122,1,1,MaxDuration,,,,,,,,,
training_episode,3353814,3656.430757299997,917.2371152671692,72006265,27389.33203125,303.7351379394531,273.3932800292969,1,42,40,27,7,9,6,142,5,1,MaxDuration,,,,,,,,,
ppo_rollout,3354624,3656.9260122000123,917.3343920026025,,,,,,,,,,,,,,,,,,,-0.015294147150901457,1.9764152457316717,-0.6777219812075297,0.8997026681900024,0.01190833,0.109423828125
training_episode,3358644,3659.9716818000015,917.669395285647,6131724,26254.666015625,302.7541809082031,261.546630859375,2,23,44,27,4,4,5,193,2,1,MaxDuration,,,,,,,,,
training_episode,3358680,3659.9955147000146,917.6732557485903,29067375,857.0740966796875,40.53920364379883,7.070741176605225,3,4,5,1,0,0,1,21,0,0,LivesExhausted,,,,,,,,,
ppo_rollout,3360768,3661.174998500006,917.9479269297196,,,,,,,,,,,,,,,,,,,-0.016927171760471538,2.5546118348836897,-0.6839467525482178,0.9907670021057129,0.011707299,0.104833984375
training_episode,3363522,3663.30013399999,918.167192685722,65617796,30977.33203125,306.2976379394531,309.2732849121094,1,47,44,31,4,3,10,189,0,1,MaxDuration,,,,,,,,,
training_episode,3364032,3663.5720721000107,918.2382477524701,59752972,958.537353515625,44.558528900146484,8.085373878479004,3,4,8,1,0,1,1,26,1,0,LivesExhausted,,,,,,,,,
training_episode,3366084,3664.7127764000033,918.5123651918614,73996116,24077.33203125,305.6970520019531,240.27330017089844,1,38,40,24,2,11,7,156,1,1,MaxDuration,,,,,,,,,
ppo_rollout,3366912,3665.189763000002,918.6187394685239,,,,,,,,,,,,,,,,,,,-0.016722443618346006,3.1085531055927276,-0.6760773301124573,0.9914333820343018,0.008876226,0.10037434895833333
ppo_rollout,3373056,3669.2502689000103,919.2766240530099,,,,,,,,,,,,,,,,,,,-0.015017976503198345,2.720145202676455,-0.6575767219066619,0.9919334053993225,0.009205909,0.08274739583333333
ppo_rollout,3379200,3673.280547800008,919.9406241986776,,,,,,,,,,,,,,,,,,,-0.014670682543267807,2.2648350705703097,-0.6387156933546067,0.9907365441322327,0.01117706,0.09527994791666666
ppo_rollout,3385344,3677.341088300018,920.595593041655,,,,,,,,,,,,,,,,,,,-0.019038257520878687,1.5867968827486039,-0.6644273007909457,0.9580581784248352,0.011050723,0.11676432291666666
training_episode,3388848,3679.8811433000083,920.9123523378208,52421942,26254.666015625,302.6540832519531,262.046630859375,1,31,41,27,4,8,10,155,3,1,MaxDuration,,,,,,,,,
training_episode,3389880,3680.4771802999894,921.0436130794585,68654937,27389.33203125,306.6079406738281,273.8932800292969,0,40,41,27,2,5,9,136,3,1,MaxDuration,,,,,,,,,
ppo_rollout,3391488,3681.393111100013,921.2512485488439,,,,,,,,,,,,,,,,,,,-0.01512618387156787,2.0214894846081735,-0.6906316195925076,0.9303195476531982,0.010138567,0.09039713541666666
training_episode,3394434,3683.7129459000134,921.4708230124223,64884693,791.2485961914062,37.939640045166016,5.912485599517822,4,4,7,1,1,0,0,15,0,0,LivesExhausted,,,,,,,,,
training_episode,3395244,3684.1660948999925,921.5773427533713,57553663,27389.33203125,304.9563293457031,273.3932800292969,1,39,42,27,5,6,6,139,2,1,MaxDuration,,,,,,,,,
ppo_rollout,3397632,3685.512875000015,921.8885173478023,,,,,,,,,,,,,,,,,,,-0.016458110914876065,2.4531751881043116,-0.6995839133858681,0.989488959312439,0.010047356,0.09329427083333333
training_episode,3399984,3687.491352000012,922.0317216895778,36188947,26254.666015625,303.8052062988281,261.546630859375,2,51,39,27,2,5,6,169,2,1,MaxDuration,,,,,,,,,
training_episode,3400794,3687.9396833000064,922.1392680036823,66979273,27389.33203125,306.3076477050781,272.8932800292969,2,38,39,27,2,5,7,186,1,1,MaxDuration,,,,,,,,,
training_episode,3402348,3688.810526299989,922.3428462216732,60486075,27389.33203125,302.1736145019531,273.8932800292969,0,32,39,27,2,7,7,109,1,1,MaxDuration,,,,,,,,,
ppo_rollout,3403776,3689.6089223000163,922.5302929607416,,,,,,,,,,,,,,,,,,,-0.014840777975041419,2.481801181038221,-0.679615501066049,0.9941182136535645,0.0108379,0.09156901041666667
training_episode,3406326,3691.604103599995,922.7224546310921,59124598,997.697021484375,46.098270416259766,8.476969718933105,3,5,8,1,0,4,1,11,1,0,LivesExhausted,,,,,,,,,
training_episode,3408558,3692.8451933999895,923.0167584852786,67293460,1684.544921875,71.42684936523438,15.345449447631836,3,4,14,2,0,2,0,17,0,0,LivesExhausted,,,,,,,,,
ppo_rollout,3409920,3693.612857100001,923.193667534843,,,,,,,,,,,,,,,,,,,-0.014951114895908783,2.719100484251976,-0.6577608565489451,0.9918856024742126,0.008957572,0.10283203125
training_episode,3413172,3696.0870001000003,923.4555355184156,51374652,803.165771484375,38.40956115722656,6.531657695770264,3,3,7,1,0,0,1,24,0,0,LivesExhausted,,,,,,,,,
ppo_rollout,3416064,3697.6848289000045,923.8386066062365,,,,,,,,,,,,,,,,,,,-0.01353559605195187,3.493448707461357,-0.6773091281453768,0.9850128889083862,0.009565779,0.09918619791666666
ppo_rollout,3422208,3701.6888484999945,924.4990975907534,,,,,,,,,,,,,,,,,,,-0.015924467903096227,2.5549608876307803,-0.6756714950005214,0.9898267388343811,0.010055817,0.092578125
training_episode,3424866,3703.745766200009,924.7033182609249,18803933,29750.666015625,300.1216125488281,297.5066223144531,0,48,44,30,5,5,7,143,2,1,MaxDuration,,,,,,,,,
ppo_rollout,3428352,3705.7064712000138,925.1547651289827,,,,,,,,,,,,,,,,,,,-0.015772939075638228,1.9204501753052077,-0.6492711295684178,0.9612906575202942,0.011685249,0.09547526041666667
training_episode,3430608,3707.5814671000117,925.2953793307597,24878215,26254.666015625,301.4128723144531,260.546630859375,4,44,41,27,9,9,4,131,3,1,MaxDuration,,,,,,,,,
training_episode,3432006,3708.3745177999954,925.4744857960161,30638310,30977.33203125,306.3176574707031,309.7732849121094,0,45,38,31,3,6,5,132,3,1,MaxDuration,,,,,,,,,
ppo_rollout,3434496,3709.7676419999916,925.798144637547,,,,,,,,,,,,,,,,,,,-0.016446822020225228,2.552448103825251,-0.6767917310198148,0.990648090839386,0.009037188,0.10206705729166667
training_episode,3438582,3712.6769424999948,926.1732311361764,27391711,28554.666015625,301.9033508300781,284.046630859375,3,41,43,28,3,7,6,158,3,1,MaxDuration,,,,,,,,,
training_episode,3439608,3713.258023900009,926.3046030901467,61219178,1789.014404296875,74.95760345458984,16.39014434814453,3,5,14,2,3,0,0,42,0,0,LivesExhausted,,,,,,,,,
ppo_rollout,3440640,3713.8134764000133,926.4439428269795,,,,,,,,,,,,,,,,,,,-0.01633956915078064,2.67078183889389,-0.6929491663972537,0.9932137131690979,0.009164962,0.09503580729166666
training_episode,3442458,3715.420074499998,926.5326479841632,67712376,26254.666015625,301.0525207519531,261.546630859375,2,55,42,27,8,4,7,183,1,1,MaxDuration,,,,,,,,,
ppo_rollout,3446784,3717.7723625999934,927.1100174593585,,,,,,,,,,,,,,,,,,,-0.016447007696842774,2.519108539323012,-0.6896799936890602,0.9924381971359253,0.011174546,0.1
training_episode,3446844,3718.4232620999974,926.9638653382827,29486291,755.4075927734375,36.529876708984375,5.554075717926025,4,6,6,1,1,1,0,4,0,0,LivesExhausted,,,,,,,,,
training_episode,3447306,3718.686711999995,927.0224321064034,50641549,1484.9307861328125,64.14529418945312,12.849308013916016,4,4,12,2,1,0,1,21,0,1,LivesExhausted,,,,,,,,,
training_episode,3448266,3719.209692500008,927.1501972458341,1837835,1948.595703125,80.65882110595703,17.485958099365234,4,6,14,2,1,5,0,21,0,0,LivesExhausted,,,,,,,,,
training_episode,3449928,3720.1476928000047,927.3631814879313,41320668,29750.666015625,306.2776184082031,297.0066223144531,1,45,43,30,5,10,6,138,7,1,MaxDuration,,,,,,,,,
training_episode,3451986,3721.365815600002,927.6126484338736,62371197,304.2079162597656,17.13029670715332,1.542078971862793,3,3,3,1,0,0,0,1,0,0,LivesExhausted,,,,,,,,,
ppo_rollout,3452928,3721.9370075000043,927.7233851733844,,,,,,,,,,,,,,,,,,,-0.01757889553749313,2.421986789504687,-0.6900812794764837,0.9951668977737427,0.011176056,0.10950520833333334
training_episode,3458136,3725.447400300007,928.247168305616,52003026,2334.775390625,94.10169219970703,21.347753524780273,4,5,17,3,1,1,0,60,1,0,LivesExhausted,,,,,,,,,
ppo_rollout,3459072,3725.958233000012,928.3711152110461,,,,,,,,,,,,,,,,,,,-0.012680899976597477,4.807226511836052,-0.6912853449583054,0.9879333972930908,0.009724223,0.07989908854166666
training_episode,3461472,3727.903502500005,928.5304723361721,15033689,27389.33203125,305.0263977050781,272.3932800292969,3,38,44,27,6,4,8,142,2,1,MaxDuration,,,,,,,,,
ppo_rollout,3465216,3729.9723446000135,929.0192204820744,,,,,,,,,,,,,,,,,,,-0.012994708120822906,2.884469969570637,-0.6663764884074529,0.9875792264938354,0.011255916,0.11365559895833334
training_episode,3468372,3732.34266580001,929.2748042084102,2047293,27389.33203125,303.0244445800781,272.8932800292969,2,40,40,27,1,7,6,205,5,1,MaxDuration,,,,,,,,,
ppo_rollout,3471360,3733.9943666000036,929.6639628197549,,,,,,,,,,,,,,,,,,,-0.017029207079516103,1.9246305560072263,-0.6527208094795545,0.9906107783317566,0.010100535,0.110595703125
ppo_rollout,3477504,3738.040521099989,930.3013117088091,,,,,,,,,,,,,,,,,,,-0.016491039526105547,2.1977265372872354,-0.6526915182669958,0.9852203726768494,0.009256663,0.09383138020833333
ppo_rollout,3483648,3742.152911000012,930.920804908816,,,,,,,,,,,,,,,,,,,-0.017787431122269482,1.9186772470672926,-0.669953428208828,0.9782693386077881,0.010700186,0.10694986979166667
training_episode,3483990,3742.943008800008,930.8156687956014,37864611,29750.666015625,305.6670227050781,297.5066223144531,0,41,42,30,2,5,7,140,1,1,MaxDuration,,,,,,,,,
training_episode,3484482,3743.216367100016,930.8791312802296,48965885,29750.666015625,301.7732238769531,297.5066223144531,0,50,45,30,5,5,10,141,1,1,MaxDuration,,,,,,,,,
training_episode,3488430,3745.3868316000153,931.3937803614682,27077524,27389.33203125,303.6450500488281,273.3932800292969,1,34,41,27,3,10,8,148,2,1,MaxDuration,,,,,,,,,
ppo_rollout,3489792,3746.1644025999994,931.5640278835424,,,,,,,,,,,,,,,,,,,-0.01441693315670515,2.3443951765696207,-0.6575356567899386,0.9503229856491089,0.006670914,0.072265625
training_episode,3493932,3749.2239104000037,931.9080651086623,2361480,990.2854614257812,45.808319091796875,8.402854919433594,3,5,7,1,0,1,0,3,0,0,LivesExhausted,,,,,,,,,
training_episode,3494358,3749.5003619999916,931.9529704315329,46871305,29750.666015625,301.8032531738281,297.5066223144531,0,28,45,30,2,7,10,144,2,1,MaxDuration,,,,,,,,,
ppo_rollout,3495936,3750.3786111999943,932.1554867980166,,,,,,,,,,,,,,,,,,,-0.014746342645958066,2.626342878739039,-0.6586782385905584,0.9939209222793579,0.009803501,0.090478515625
training_episode,3498192,3752.243648600008,932.2934029897561,29800478,27389.33203125,305.9673156738281,273.3932800292969,1,40,46,27,4,9,3,207,0,1,MaxDuration,,,,,,,,,
validation,3500004,,,,,,,,,,,,,,,,,,14715.194153747558,25692.369140625,13189.321641689505,,,,,,
training_episode,3500838,3988.108145700011,877.819224580109,64989422,1302.5762939453125,57.546348571777344,11.525763511657715,3,3,10,2,0,0,0,27,0,0,LivesExhausted,,,,,,,,,
ppo_rollout,3502080,3988.811192399997,877.9758757879088,,,,,,,,,,,,,,,,,,,-0.01741325303252476,2.449752540886402,-0.65765071362257,0.992564857006073,0.011915687,0.10099283854166667
training_episode,3504840,3990.9558388000005,878.1956357236552,41111210,30977.33203125,303.8752746582031,308.7732849121094,2,38,44,31,3,4,8,180,6,1,MaxDuration,,,,,,,,,
training_episode,3504858,3990.9705986999907,878.1968980532365,6655369,679.0309448242188,33.50038528442383,5.290309429168701,3,3,6,1,0,0,1,16,1,0,LivesExhausted,,,,,,,,,
ppo_rollout,3508224,3992.834319799993,878.6299953902751,,,,,,,,,,,,,,,,,,,-0.01588453971974862,2.985691734155019,-0.6619818771878878,0.9919407367706299,0.00909926,0.10193684895833334
training_episode,3510798,3994.871294100012,878.8263104208299,19955952,1086.89208984375,49.617679595947266,9.36892032623291,3,4,10,2,0,1,1,15,1,0,LivesExhausted,,,,,,,,,
training_episode,3514038,3996.668711700011,879.2417519402751,39121359,1827.5689697265625,76.4779281616211,16.77569007873535,3,6,13,2,0,2,0,50,0,0,LivesExhausted,,,,,,,,,
ppo_rollout,3514368,3996.8588811999944,879.2824826842187,,,,,,,,,,,,,,,,,,,-0.01795146633909705,1.8325048958261807,-0.6616412594914436,0.9951590299606323,0.0138742225,0.12263997395833333
training_episode,3520410,4000.7986325999955,879.9268154398949,57448934,27389.33203125,303.4748840332031,273.3932800292969,1,28,43,27,7,5,3,171,5,1,MaxDuration,,,,,,,,,
ppo_rollout,3520512,4000.8638060000085,879.937976074158,,,,,,,,,,,,,,,,,,,-0.01618216641363688,3.3550916403532027,-0.6772537991404534,0.991435170173645,0.009061913,0.08077799479166667
training_episode,3520602,4001.5259035000054,879.8148718519211,50013175,26254.666015625,300.9524230957031,262.046630859375,1,37,41,27,3,10,6,119,1,1,MaxDuration,,,,,,,,,
training_episode,3526122,4004.605518199998,880.5166910884475,50955736,1034.9495849609375,47.57802200317383,8.849495887756348,3,6,7,2,0,1,2,24,0,1,LivesExhausted,,,,,,,,,
ppo_rollout,3526656,4004.9094532000017,880.5832044922095,,,,,,,,,,,,,,,,,,,-0.016554976534098386,2.5303892691930137,-0.6682305584351221,0.9908132553100586,0.008368851,0.09625651041666666
training_episode,3529170,4006.982380200003,880.7550583299162,43101061,473.755615234375,25.390485763549805,3.237555980682373,3,3,4,1,0,0,1,8,0,0,LivesExhausted,,,,,,,,,
training_episode,3530610,4007.7747059999965,880.9402371631223,40168649,26254.666015625,302.0635070800781,261.546630859375,2,41,43,27,6,7,7,138,2,1,MaxDuration,,,,,,,,,
ppo_rollout,3532800,4008.9879952000047,881.2198999422925,,,,,,,,,,,,,,,,,,,-0.015100908300761754,2.590879799425602,-0.6592399016022682,0.9892768263816833,0.009668457,0.09020182291666666
training_episode,3534894,4010.77419299999,881.349542482211,52526671,30977.33203125,305.8171691894531,309.7732849121094,0,48,43,31,7,5,7,127,2,1,MaxDuration,,,,,,,,,
ppo_rollout,3538944,4013.123017200007,881.8428901462269,,,,,,,,,,,,,,,,,,,-0.013981498611004402,2.5144321928421656,-0.6775154873728753,0.9919155836105347,0.010176889,0.097119140625
ppo_rollout,3545088,4017.211691000004,882.4747791962941,,,,,,,,,,,,,,,,,,,-0.016796322989587983,1.954345944027106,-0.6548317079742749,0.9881631135940552,0.010968503,0.11455078125
training_episode,3547410,4019.1380231000076,882.629553802644,72529910,27389.33203125,305.0864562988281,272.8932800292969,2,43,40,27,6,7,6,141,3,1,MaxDuration,,,,,,,,,
training_episode,3550458,4020.8366763000085,883.014726991385,19851223,27389.33203125,303.4748840332031,272.8932800292969,2,46,42,27,3,8,8,158,1,1,MaxDuration,,,,,,,,,
ppo_rollout,3551232,4021.2793377999915,883.1100009935767,,,,,,,,,,,,,,,,,,,-0.015151710764621384,2.0420749013622603,-0.6546185930569967,0.947132408618927,0.010010096,0.10252278645833333
training_episode,3557076,4025.1687250999967,883.7085456365887,25820776,30977.33203125,303.9053039550781,309.2732849121094,1,42,42,31,1,10,11,149,1,1,MaxDuration,,,,,,,,,
ppo_rollout,3557376,4025.3390065999993,883.7456905287428,,,,,,,,,,,,,,,,,,,-0.016329631977714597,2.4132187962532043,-0.6851664582888285,0.9838194251060486,0.008609015,0.08907877604166667
ppo_rollout,3563520,4029.3665149000008,884.3871578379953,,,,,,,,,,,,,,,,,,,-0.016010013042250647,2.3189671059449513,-0.709228161474069,0.9863476753234863,0.009760421,0.082568359375
training_episode,3565896,4031.308259000012,884.5505654495744,13776941,29750.666015625,306.0073547363281,297.0066223144531,1,50,45,30,5,5,7,182,1,1,MaxDuration,,,,,,,,,
training_episode,3566982,4031.9170353999943,884.6863585441139,57867850,28554.666015625,303.0444641113281,285.046630859375,1,44,45,28,3,7,9,157,2,1,MaxDuration,,,,,,,,,
ppo_rollout,3569664,4033.481782899995,885.0080878345956,,,,,,,,,,,,,,,,,,,-0.019788617497154822,2.0541272242863973,-0.6898099432388941,0.9902229905128479,0.010949005,0.10833333333333334
training_episode,3571674,4035.1842935000022,885.1328068840279,2152022,29750.666015625,306.4778137207031,297.0066223144531,1,43,43,30,4,4,6,140,1,1,MaxDuration,,,,,,,,,
ppo_rollout,3575808,4037.4659645000065,885.6565061949253,,,,,,,,,,,,,,,,,,,-0.018952364839302998,1.838866085310777,-0.6823554570476215,0.9939841628074646,0.011109673,0.11171875
ppo_rollout,3581952,4041.503844199993,886.2918700771494,,,,,,,,,,,,,,,,,,,-0.016118576856873307,2.2992244829734165,-0.6714362651109695,0.9936221837997437,0.011742972,0.10021158854166666
training_episode,3584064,4043.2800871999934,886.4248636512331,44986183,30977.33203125,305.4067687988281,309.2732849121094,1,48,46,31,1,8,6,194,1,1,MaxDuration,,,,,,,,,
training_episode,3586548,4044.6529456000135,886.7381326008789,69806956,28554.666015625,300.7121887207031,285.546630859375,0,42,39,28,1,9,10,182,1,1,MaxDuration,,,,,,,,,
ppo_rollout,3588096,4045.538380699989,886.9266985866938,,,,,,,,,,,,,,,,,,,-0.01730096531585635,2.4182137082020443,-0.690523412823677,0.9857000708580017,0.011119343,0.10164388020833333
training_episode,3591732,4048.2860437000054,887.2228793193849,68759666,923.4942016601562,43.16876220703125,7.734941482543945,3,4,8,1,0,2,1,15,0,0,LivesExhausted,,,,,,,,,
training_episode,3593406,4049.2726334999898,887.4201184359471,66141441,28554.666015625,302.7241516113281,285.046630859375,1,48,38,28,3,7,6,162,2,1,MaxDuration,,,,,,,,,
ppo_rollout,3594240,4049.7488184999966,887.5217108727463,,,,,,,,,,,,,,,,,,,-0.015939237198714786,2.1951461921135587,-0.6944758638739585,0.987197756767273,0.010864462,0.09991861979166666
training_episode,3597468,4052.2279303999967,887.7753329252861,45509828,686.6138305664062,33.810333251953125,5.366138458251953,3,3,6,1,0,0,1,17,0,0,LivesExhausted,,,,,,,,,
ppo_rollout,3600384,4053.835044300009,888.142699605502,,,,,,,,,,,,,,,,,,,-0.016080154160348078,2.6525770554939907,-0.6862957745790481,0.9874208569526672,0.01331174,0.1001953125
training_episode,3602370,4055.5453639999905,888.2578486181638,41844313,26254.666015625,303.9053039550781,262.046630859375,1,36,46,27,2,7,3,157,0,1,MaxDuration,,,,,,,,,
training_episode,3603744,4056.334733900003,888.4237215145075,62580655,27389.33203125,306.3076477050781,273.8932800292969,0,45,43,27,1,10,8,186,2,1,MaxDuration,,,,,,,,,
ppo_rollout,3606528,4057.873769500002,888.7728413603129,,,,,,,,,,,,,,,,,,,-0.014531639687872182,2.448810938000679,-0.674580284456412,0.9885018467903137,0.009403474,0.08986002604166667
training_episode,3607944,4059.2716891000164,888.8155995293628,24249841,1005.59423828125,46.40821838378906,8.05594253540039,4,6,8,2,1,1,1,18,1,0,LivesExhausted,,,,,,,,,
training_episode,3608106,4059.368545400008,888.8343001249864,50117904,27389.33203125,303.5749816894531,272.3932800292969,3,34,43,27,2,6,8,118,2,1,MaxDuration,,,,,,,,,
training_episode,3608874,4059.802094999992,888.9285525628577,15976250,912.4083251953125,42.72883605957031,7.624082565307617,3,4,9,1,1,2,1,0,0,0,LivesExhausted,,,,,,,,,
ppo_rollout,3612672,4061.8866805,889.4073823731825,,,,,,,,,,,,,,,,,,,-0.01633620309876278,2.1588084653019903,-0.6936975950996082,0.9947091341018677,0.010406862,0.09171549479166667
ppo_rollout,3618816,4065.9844668000005,890.0220917095805,,,,,,,,,,,,,,,,,,,-0.013826165499631315,3.8352575331926344,-0.6819661696751912,0.9854869842529297,0.008461566,0.085986328125
training_episode,3620802,4067.68285740001,890.1387170371369,18385017,30977.33203125,306.1174621582031,309.7732849121094,0,43,46,31,2,10,7,140,3,1,MaxDuration,,,,,,,,,
ppo_rollout,3624960,4070.0338158000086,890.6461626750577,,,,,,,,,,,,,,,,,,,-0.018668262761396666,1.9906264831622442,-0.6670149753491084,0.9732458591461182,0.012968454,0.121337890625
training_episode,3626670,4071.581897600001,890.7275086711986,70435330,1067.556396484375,48.85780715942383,9.17556381225586,3,4,9,2,0,2,1,25,0,0,LivesExhausted,,,,,,,,,
training_episode,3628422,4072.564895999996,890.942708749411,50432091,30977.33203125,305.6970520019531,309.2732849121094,1,54,39,31,3,12,9,142,2,1,MaxDuration,,,,,,,,,
ppo_rollout,3631104,4074.043203500012,891.2777353172193,,,,,,,,,,,,,,,,,,,-0.01861107045551762,1.7788607721527419,-0.6706173862020175,0.9910280704498291,0.010181862,0.11316731770833334
training_episode,3633948,4076.2118342999893,891.5012633596508,30009936,24077.33203125,303.9653625488281,239.77330017089844,2,37,42,24,0,11,6,102,1,1,MaxDuration,,,,,,,,,
ppo_rollout,3637248,4078.0597915000108,891.906491312657,,,,,,,,,,,,,,,,,,,-0.01661016244906932,2.426820772886276,-0.6721406241257986,0.9888936281204224,0.009075465,0.08562825520833334
ppo_rollout,3643392,4082.132537199999,892.5217314230227,,,,,,,,,,,,,,,,,,,-0.015137237725624194,2.154875274995963,-0.6700571065147718,0.9900288581848145,0.00990656,0.09747721354166666
training_episode,3644478,4083.3420558999933,892.5233179361298,52840858,27389.33203125,303.0644836425781,273.3932800292969,1,37,41,27,4,3,6,156,2,1,MaxDuration,,,,,,,,,
training_episode,3644544,4083.3841980000143,892.5302698151812,5503350,29750.666015625,304.9863586425781,297.0066223144531,1,31,41,30,8,6,5,142,2,1,MaxDuration,,,,,,,,,
training_episode,3644928,4083.602642699989,892.5765601890328,43624706,28554.666015625,300.4319152832031,285.546630859375,0,46,39,28,1,5,6,186,2,1,MaxDuration,,,,,,,,,
ppo_rollout,3649536,4086.1575899000163,893.1461696486601,,,,,,,,,,,,,,,,,,,-0.018236893648281693,2.081316100557645,-0.6669754137595495,0.9807769656181335,0.012202401,0.10315755208333334
ppo_rollout,3655680,4090.1597592000035,893.7743792958876,,,,,,,,,,,,,,,,,,,-0.02071571756969206,1.8279440119862556,-0.6725708921750386,0.9934654235839844,0.01273637,0.13548177083333332
ppo_rollout,3661824,4094.2522248000023,894.3816352640254,,,,,,,,,,,,,,,,,,,-0.015569736030496035,1.9192304293314615,-0.6715044975280762,0.9773292541503906,0.013556811,0.11168619791666666
training_episode,3663234,4095.6355765000044,894.4238156878399,11996548,27389.33203125,304.6860656738281,273.3932800292969,1,48,43,27,3,6,7,141,4,1,MaxDuration,,,,,,,,,
training_episode,3665010,4096.63366739999,894.6394277734067,51688839,24077.33203125,304.8662414550781,239.77330017089844,2,28,46,24,6,5,3,131,1,1,MaxDuration,,,,,,,,,
ppo_rollout,3667968,4098.28599959999,895.0004954163788,,,,,,,,,,,,,,,,,,,-0.015985522968306517,2.176152694225311,-0.659779521326224,0.947260320186615,0.008478972,0.08162434895833333
training_episode,3668064,4098.952110500017,894.8784716473659,1314190,849.4891357421875,40.239253997802734,6.994891166687012,3,5,7,1,0,0,0,10,0,0,LivesExhausted,,,,,,,,,
training_episode,3670608,4100.382238699996,895.1867865771817,46242931,30977.33203125,305.4668273925781,309.7732849121094,0,33,44,31,2,6,6,134,1,1,MaxDuration,,,,,,,,,
ppo_rollout,3674112,4102.318350299989,895.618449438797,,,,,,,,,,,,,,,,,,,-0.015389335782189543,2.304857791463534,-0.6599375784397126,0.9942501783370972,0.010564712,0.098046875
training_episode,3675900,4103.869774499995,895.7155567754004,63313758,946.1902465820312,44.06861114501953,7.961902618408203,3,3,10,1,0,0,0,25,0,0,LivesExhausted,,,,,,,,,
ppo_rollout,3680256,4106.2679314000125,896.253255141399,,,,,,,,,,,,,,,,,,,-0.015873915062790424,2.302927786608537,-0.6506341849764188,0.9930134415626526,0.01068867,0.10276692708333333
training_episode,3680844,4107.1990918999945,896.1932250275303,55354354,27389.33203125,302.4538879394531,272.8932800292969,2,29,41,27,4,7,4,135,2,1,MaxDuration,,,,,,,,,
training_episode,3680940,4107.254805300006,896.204441772181,19746494,26254.666015625,300.0415344238281,261.546630859375,2,34,41,27,4,6,6,139,1,1,MaxDuration,,,,,,,,,
training_episode,3681036,4107.310485499998,896.2156654567822,29172104,28554.666015625,304.6059875488281,285.046630859375,1,33,44,28,2,6,9,175,0,1,MaxDuration,,,,,,,,,
ppo_rollout,3686400,4110.3166023000085,896.8652190775772,,,,,,,,,,,,,,,,,,,-0.017404834433303526,2.2231023743748666,-0.6848359281818072,0.9931685328483582,0.009681227,0.10017903645833333
training_episode,3688950,4112.320451300009,897.0482830037793,36503134,1565.361328125,66.7158432006836,14.153613090515137,3,4,11,2,0,2,0,55,0,0,LivesExhausted,,,,,,,,,
ppo_rollout,3692544,4114.3973642000055,897.4689785992439,,,,,,,,,,,,,,,,,,,-0.018157162765661875,1.5272138958175978,-0.6770646770795187,0.9917424321174622,0.01324888,0.14212239583333333
ppo_rollout,3698688,4118.630552599992,898.0383049081951,,,,,,,,,,,,,,,,,,,-0.015429808154779796,2.480640694995721,-0.6739947517712911,0.9764088988304138,0.009513893,0.10890299479166667
training_episode,3701142,4120.649154000013,898.1939159773436,38388256,26254.666015625,301.0825500488281,261.546630859375,2,30,40,27,2,3,9,139,4,1,MaxDuration,,,,,,,,,
training_episode,3704274,4122.39295139999,898.5737273643468,30114665,29750.666015625,301.7331848144531,297.0066223144531,1,36,43,30,1,5,8,167,1,1,MaxDuration,,,,,,,,,
ppo_rollout,3704832,4122.69383850001,898.6434950376902,,,,,,,,,,,,,,,,,,,-0.019005911979669086,2.100327111283938,-0.6852766543626785,0.9806016087532043,0.009455004,0.098779296875
ppo_rollout,3710976,4126.714805099997,899.2567151511885,,,,,,,,,,,,,,,,,,,-0.016125524835661053,1.9684553439418475,-0.6931622192263603,0.9903683066368103,0.00949685,0.09093424479166666
training_episode,3711372,4127.526946099999,899.1757167101686,70540059,1342.58984375,59.12608337402344,11.425898551940918,4,5,9,2,1,0,0,22,0,0,LivesExhausted,,,,,,,,,
training_episode,3712602,4128.220149200002,899.3226780116017,45824015,27389.33203125,305.8271789550781,272.8932800292969,2,37,48,27,1,2,7,114,1,1,MaxDuration,,,,,,,,,
ppo_rollout,3717120,4130.752563899994,899.8650832986548,,,,,,,,,,,,,,,,,,,-0.014652040981066724,2.374089738726616,-0.6702858616908391,0.9906297326087952,0.008767615,0.11110026041666667
training_episode,3717132,4131.384316600015,899.7303845745994,6864827,26254.666015625,302.3738098144531,261.546630859375,2,25,44,27,1,10,7,123,3,1,MaxDuration,,,,,,,,,
training_episode,3717186,4131.419106000016,899.7358787932143,42472687,28554.666015625,301.2126770019531,285.546630859375,0,48,42,28,2,9,9,177,2,1,MaxDuration,,,,,,,,,
training_episode,3717252,4131.4598033000075,899.7429908505563,4037144,811.5908203125,38.739505767822266,6.615908145904541,3,4,9,1,0,1,1,5,0,0,LivesExhausted,,,,,,,,,
ppo_rollout,3723264,4134.7910691,900.4721007125579,,,,,,,,,,,,,,,,,,,-0.015245004553192606,3.062212070822716,-0.6803705736994743,0.9910011291503906,0.0084393,0.08821614583333333
training_episode,3724986,4136.328828900005,900.553644085063,20060681,24077.33203125,300.2817687988281,239.27330017089844,3,30,44,24,6,12,5,199,1,1,MaxDuration,,,,,,,,,
ppo_rollout,3729408,4138.736246399989,901.0982526958473,,,,,,,,,,,,,,,,,,,-0.01946680366139238,2.196803476413091,-0.6804446046551068,0.9891931414604187,0.014015869,0.12491861979166667
ppo_rollout,3735552,4142.826087099995,901.6917247942963,,,,,,,,,,,,,,,,,,,-0.018867532449075953,1.6847880964477857,-0.6517153451840083,0.9800145030021667,0.011088484,0.11604817708333333
training_episode,3737688,4144.669188800006,901.8061103887912,53783419,26254.666015625,304.5359191894531,262.046630859375,1,43,42,27,3,7,12,144,2,1,MaxDuration,,,,,,,,,
ppo_rollout,3741696,4146.956711600011,902.2751526519673,,,,,,,,,,,,,,,,,,,-0.015388300906245907,1.9845074772834779,-0.6734889869888624,0.9702455401420593,0.013151858,0.09783528645833334
ppo_rollout,3747840,4151.017048600013,902.8727071270424,,,,,,,,,,,,,,,,,,,-0.016747548996742505,2.1021865248680114,-0.6644050280253092,0.987358033657074,0.00971369,0.09915364583333333
training_episode,3747906,4151.6480564000085,902.751377063955,14719502,27389.33203125,304.4358215332031,272.8932800292969,2,36,45,27,2,8,4,126,0,1,MaxDuration,,,,,,,,,
training_episode,3753636,4154.808263999992,903.4438562481898,45405099,27389.33203125,303.7251281738281,273.3932800292969,1,50,40,27,4,5,5,132,1,1,MaxDuration,,,,,,,,,
training_episode,3753882,4154.948966399999,903.4724687009818,28543730,30977.33203125,306.1975402832031,309.2732849121094,1,40,41,31,3,7,7,145,1,1,MaxDuration,,,,,,,,,
ppo_rollout,3753984,4155.012882300012,903.483119388544,,,,,,,,,,,,,,,,,,,-0.015987976485242448,1.9871635864178339,-0.679582438369592,0.9827021956443787,0.00744978,0.07718098958333333
training_episode,3754002,4155.674497300002,903.3436094282711,3094583,28554.666015625,306.2175598144531,285.546630859375,0,53,39,28,5,4,9,202,1,1,MaxDuration,,,,,,,,,
training_episode,3758016,4157.875214800006,903.8308765552409,64675235,702.6298217773438,34.44022750854492,5.526298522949219,3,3,5,1,0,0,0,13,0,0,LivesExhausted,,,,,,,,,
ppo_rollout,3760128,4159.062118400005,904.0807501683877,,,,,,,,,,,,,,,,,,,-0.015778300289336283,2.528515170017878,-0.6660177300373713,0.9896402359008789,0.0084806485,0.08800455729166666
training_episode,3761280,4160.287025400001,904.0914670156352,26658608,29750.666015625,302.4338684082031,296.5066223144531,2,50,41,30,2,5,5,155,4,1,MaxDuration,,,,,,,,,
training_episode,3762024,4160.700872100017,904.1803570226874,44357809,1567.555419921875,66.80586242675781,14.175553321838379,3,5,12,2,0,1,0,42,0,0,LivesExhausted,,,,,,,,,
training_episode,3765288,4162.495764899999,904.5746140453931,64256319,520.7322387695312,27.180526733398438,3.707322597503662,3,3,7,1,0,0,0,10,1,0,LivesExhausted,,,,,,,,,
ppo_rollout,3766272,4163.03836549999,904.6930797496176,,,,,,,,,,,,,,,,,,,-0.01618512673303485,1.4940077394247055,-0.6698074166973432,0.993533194065094,0.012397106,0.13092447916666666
ppo_rollout,3772416,4167.079549799993,905.2901330335928,,,,,,,,,,,,,,,,,,,-0.015609223649759467,2.634495856364568,-0.6843973805507024,0.9874383211135864,0.010709074,0.11066080729166666
training_episode,3772782,4167.887227500003,905.2025148633888,73263013,1441.6842041015625,62.43552780151367,12.916842460632324,3,4,12,2,0,2,0,29,1,0,LivesExhausted,,,,,,,,,
training_episode,3773712,4168.420799100015,905.3097520324161,59648243,26254.666015625,300.1416320800781,261.546630859375,2,40,39,27,1,8,6,134,0,1,MaxDuration,,,,,,,,,
ppo_rollout,3778560,4171.11249900001,905.8878179156949,,,,,,,,,,,,,,,,,,,-0.01618676179399093,2.5556004236141843,-0.6580931037664414,0.9898107051849365,0.008363143,0.09231770833333333
training_episode,3781032,4173.069514900009,906.0553596099386,56611102,1404.2879638671875,60.95577621459961,12.542880058288574,3,4,13,2,0,1,1,22,0,1,LivesExhausted,,,,,,,,,
training_episode,3783954,4174.677205200016,906.406367248388,74100845,28554.666015625,300.3718566894531,285.046630859375,1,39,44,28,2,5,7,154,5,1,MaxDuration,,,,,,,,,
ppo_rollout,3784704,4175.1053006,906.4930648470361,,,,,,,,,,,,,,,,,,,-0.01600874315481633,2.1823149219155313,-0.6682189578811327,0.9954402446746826,0.010001426,0.08981119791666667
training_episode,3786678,4176.835412999993,906.5901874453405,40063920,1020.9584350585938,47.01811599731445,8.20958423614502,4,6,7,2,1,1,0,5,0,0,LivesExhausted,,,,,,,,,
training_episode,3790050,4178.73295189999,906.9854531567365,17442456,27389.33203125,303.4248352050781,273.8932800292969,0,37,37,27,1,9,6,156,3,1,MaxDuration,,,,,,,,,
ppo_rollout,3790848,4179.204299900011,907.0741050134105,,,,,,,,,,,,,,,,,,,-0.015579322475241497,3.0191684861977897,-0.6590397040049235,0.9884955286979675,0.008466545,0.082421875
training_episode,3793494,4181.416849400004,907.2269368561837,15138418,556.3572998046875,28.660560607910156,4.063572883605957,3,4,2,1,0,0,0,10,0,0,LivesExhausted,,,,,,,,,
training_episode,3794682,4182.1112813999935,907.3603605138172,64465777,28554.666015625,305.5368957519531,284.546630859375,2,40,37,28,1,4,6,118,3,1,MaxDuration,,,,,,,,,
ppo_rollout,3796992,4183.48861890001,907.6137993649821,,,,,,,,,,,,,,,,,,,-0.015652798818579564,2.58670212328434,-0.6708054706454277,0.9919015169143677,0.012620106,0.101025390625
training_episode,3797718,4184.506736300013,907.5664682423202,23935654,30977.33203125,303.5950012207031,309.7732849121094,0,35,41,31,0,7,7,139,5,1,MaxDuration,,,,,,,,,
ppo_rollout,3803136,4187.498540400004,908.2118986569753,,,,,,,,,,,,,,,,,,,-0.015768404627063623,2.2314923887451488,-0.687763482828935,0.990045428276062,0.012769037,0.10345052083333334
ppo_rollout,3809280,4191.5240126000135,908.8054818603064,,,,,,,,,,,,,,,,,,,-0.016970190784195437,2.337833841641744,-0.6657555455962817,0.9847455024719238,0.011792872,0.10281575520833333
training_episode,3809478,4192.244539100007,908.6965143540554,55040167,27389.33203125,305.7771301269531,272.8932800292969,2,49,44,27,3,6,7,110,5,1,MaxDuration,,,,,,,,,
ppo_rollout,3815424,4195.551465500001,909.3974966995908,,,,,,,,,,,,,,,,,,,-0.015631888554586717,2.0694075475136438,-0.6682242865363757,0.9666664600372314,0.009829664,0.09567057291666667
training_episode,3815730,4196.341763400007,909.2991503409809,29695749,1148.7088623046875,52.06726837158203,9.987088203430176,3,4,9,2,0,0,1,25,0,0,LivesExhausted,,,,,,,,,
training_episode,3820710,4199.1080717,909.8860840828975,18070830,27389.33203125,306.2475891113281,272.8932800292969,2,33,40,27,3,7,4,213,3,1,MaxDuration,,,,,,,,,
ppo_rollout,3821568,4199.585269800009,909.9869997834309,,,,,,,,,,,,,,,,,,,-0.018711957508154835,2.2794477889935174,-0.6808319161335628,0.9925124049186707,0.010228728,0.09811197916666667
training_episode,3822378,4200.631946500012,909.9530853172757,13462754,1248.1220703125,55.38671112060547,10.981220245361328,3,4,10,2,0,0,1,37,2,0,LivesExhausted,,,,,,,,,
training_episode,3822708,4200.818328399997,909.9912686431238,6969556,29750.666015625,300.1916809082031,297.0066223144531,1,50,38,30,4,6,5,143,2,1,MaxDuration,,,,,,,,,
training_episode,3827550,4203.529460599995,910.5562446691335,55563812,851.1052856445312,40.309242248535156,7.01105260848999,3,5,8,1,0,0,0,26,0,0,LivesExhausted,,,,,,,,,
ppo_rollout,3827712,4203.619271100004,910.5753288161998,,,,,,,,,,,,,,,,,,,-0.01536401854439949,2.5601852357387545,-0.6776249955097834,0.9928308129310608,0.008564554,0.084619140625
training_episode,3829710,4205.329865800013,910.6800470386986,71901536,26254.666015625,301.7532043457031,262.546630859375,0,29,41,27,5,7,4,190,4,1,MaxDuration,,,,,,,,,
training_episode,3831210,4206.1578526000085,910.8573986665201,50222633,28554.666015625,304.3857727050781,285.046630859375,1,31,45,28,4,9,8,126,3,1,MaxDuration,,,,,,,,,
training_episode,3832794,4207.047900000005,911.0412077789738,34827470,2532.41845703125,100.7031021118164,23.82418441772461,3,6,17,3,1,3,0,50,1,1,LivesExhausted,,,,,,,,,
ppo_rollout,3833856,4207.626038499991,911.1684272604132,,,,,,,,,,,,,,,,,,,-0.013910375733394176,3.6211379299561184,-0.6543663243452708,0.9933516979217529,0.008197612,0.08387044270833334
training_episode,3833868,4208.236053700006,911.0391981526677,61428636,26254.666015625,301.1926574707031,261.546630859375,2,37,40,27,3,9,7,102,2,1,MaxDuration,,,,,,,,,
training_episode,3838284,4210.7325258000055,911.5478070578127,28648459,1337.36279296875,58.91611862182617,11.873627662658691,3,7,11,2,0,3,1,50,1,0,LivesExhausted,,,,,,,,,
ppo_rollout,3840000,4211.7605578000075,911.732741522658,,,,,,,,,,,,,,,,,,,-0.017370997169443094,3.3255850334962207,-0.6633857980370521,0.9895625114440918,0.010972384,0.105419921875
ppo_rollout,3846144,4215.767456700007,912.3235661130753,,,,,,,,,,,,,,,,,,,-0.01579806168253223,3.336051057775815,-0.6674941331148148,0.978519856929779,0.012752092,0.114404296875
ppo_rollout,3852288,4219.834234900016,912.9003144577966,,,,,,,,,,,,,,,,,,,-0.018909408939847102,1.6241686860720317,-0.6706464856863021,0.9923920035362244,0.013575912,0.13019205729166666
ppo_rollout,3858432,4223.879101800005,913.4806908549372,,,,,,,,,,,,,,,,,,,-0.01632298871021097,1.8138429919878643,-0.6645653923352559,0.96457839012146,0.010329279,0.11975911458333334
training_episode,3858480,4224.490343500016,913.3598816095827,14405315,23034.666015625,300.8222961425781,229.3466339111328,2,26,41,23,4,12,5,181,3,1,MaxDuration,,,,,,,,,
training_episode,3863718,4227.44975520001,913.9595320434977,52212484,23034.666015625,301.3428039550781,229.3466339111328,2,29,43,23,3,3,3,210,1,1,MaxDuration,,,,,,,,,
ppo_rollout,3864576,4227.931600600015,914.0583067738255,,,,,,,,,,,,,,,,,,,-0.019024254734783124,1.984444879492124,-0.6695058360695839,0.9078705310821533,0.009441896,0.096630859375
training_episode,3866466,4229.549916699994,914.1554246076183,66769815,27389.33203125,306.2676086425781,273.3932800292969,1,39,44,27,5,7,9,138,1,1,MaxDuration,,,,,,,,,
training_episode,3869166,4231.037515000004,914.4721563642285,51165194,28554.666015625,303.0744934082031,285.546630859375,0,25,44,28,2,7,7,155,0,1,MaxDuration,,,,,,,,,
training_episode,3870084,4231.528370300017,914.5830209158233,48337511,27389.33203125,301.7732238769531,273.8932800292969,0,24,47,27,4,4,7,130,2,1,MaxDuration,,,,,,,,,
ppo_rollout,3870720,4231.88263539999,914.6567458230434,,,,,,,,,,,,,,,,,,,-0.01805030699664106,2.152501991391182,-0.6738066986203194,0.9928053021430969,0.01172628,0.11564127604166667
training_episode,3871008,4232.664390499995,914.5558548625507,34303825,1398.636962890625,60.73581314086914,12.486370086669922,3,6,9,2,0,2,1,20,0,1,LivesExhausted,,,,,,,,,
training_episode,3874344,4234.501351300016,914.9469272953602,4979705,26254.666015625,300.4419250488281,261.546630859375,2,39,43,27,4,6,3,149,1,1,MaxDuration,,,,,,,,,
ppo_rollout,3876864,4235.890031399991,915.2418904318603,,,,,,,,,,,,,,,,,,,-0.014516367714774485,3.1958425184090933,-0.6750550041596095,0.989494264125824,0.00927613,0.08929036458333334
training_episode,3877098,4236.615973000007,915.140297045751,17547185,440.5831298828125,22.930429458618164,2.9058310985565186,3,3,6,1,0,0,0,3,0,0,LivesExhausted,,,,,,,,,
ppo_rollout,3883008,4239.822737200011,915.842062435928,,,,,,,,,,,,,,,,,,,-0.014219315780792385,2.370877286295096,-0.6587846388419469,0.9892968535423279,0.018877164,0.12921549479166666
training_episode,3884616,4241.335464000003,915.8945414651117,62685384,1445.9625244140625,62.605499267578125,12.459625244140625,4,6,11,2,1,1,1,23,0,1,LivesExhausted,,,,,,,,,
ppo_rollout,3889152,4243.881801100011,916.413835793432,,,,,,,,,,,,,,,,,,,-0.02069006939806665,1.350487872461478,-0.6644926329453786,0.9935207962989807,0.01583399,0.13922526041666666
training_episode,3894492,4247.687601600017,916.8499111217653,25716047,26254.666015625,300.0415344238281,262.046630859375,1,35,43,27,4,7,6,99,0,1,MaxDuration,,,,,,,,,
ppo_rollout,3895296,4248.155753300001,916.9381317938032,,,,,,,,,,,,,,,,,,,-0.015640152387398607,2.056266691784064,-0.6492386311292648,0.9918127059936523,0.009100844,0.11368815104166667
ppo_rollout,3901440,4252.237512099993,917.5028414800965,,,,,,,,,,,,,,,,,,,-0.017539860624431945,2.0404323781530063,-0.6626907477776209,0.9833163619041443,0.0126205385,0.1115234375
training_episode,3902778,4253.568087899999,917.5303931544245,10530342,29750.666015625,302.5840148925781,297.0066223144531,1,39,43,30,4,7,5,142,2,1,MaxDuration,,,,,,,,,
training_episode,3904980,4254.777198900003,917.7871877779083,20374868,354.1945495605469,18.350324630737305,2.041945457458496,3,4,4,1,0,0,0,5,0,0,LivesExhausted,,,,,,,,,
training_episode,3905502,4255.114097700018,917.8371978582218,36712592,27389.33203125,302.7842102050781,273.3932800292969,1,41,39,27,4,7,3,153,2,1,MaxDuration,,,,,,,,,
training_episode,3906744,4255.801302900014,917.9808270977883,2675667,27389.33203125,305.4568176269531,273.3932800292969,1,35,42,27,1,4,6,142,2,1,MaxDuration,,,,,,,,,
training_episode,3907062,4255.984228799993,918.0160898062411,61323907,29750.666015625,300.4319152832031,297.0066223144531,1,36,41,30,4,4,7,137,4,1,MaxDuration,,,,,,,,,
ppo_rollout,3907584,4256.285281699995,918.0737994233505,,,,,,,,,,,,,,,,,,,-0.01887039142117525,1.7350315446654956,-0.6649479856093724,0.9933323264122009,0.0119710965,0.105810546875
training_episode,3910644,4258.68526530001,918.274950220936,54621251,914.9478149414062,42.828819274902344,7.649477958679199,3,5,9,1,0,1,0,30,0,0,LivesExhausted,,,,,,,,,
ppo_rollout,3913728,4260.49512539999,918.6087261706622,,,,,,,,,,,,,,,,,,,-0.016549954765165846,3.409626809755961,-0.6771236394842466,0.9920047521591187,0.009876274,0.08468424479166667
ppo_rollout,3919872,4264.542319200002,919.1776529809043,,,,,,,,,,,,,,,,,,,-0.020825994230108336,1.8330218195915222,-0.6379330883423487,0.9917722344398499,0.014064457,0.131005859375
training_episode,3921240,4265.910460200015,919.2035408582263,14928960,28554.666015625,305.1465148925781,285.046630859375,1,50,43,28,4,6,7,163,2,1,MaxDuration,,,,,,,,,
ppo_rollout,3926016,4268.56862559999,919.7500015472187,,,,,,,,,,,,,,,,,,,-0.019633849712166314,2.0133973479270937,-0.6623010034362475,0.9786542654037476,0.012064992,0.127294921875
training_episode,3930594,4271.764704800007,920.1335447112414,52631400,23034.666015625,300.8222961425781,228.3466339111328,4,36,40,23,3,7,3,132,0,1,MaxDuration,,,,,,,,,
ppo_rollout,3932160,4272.646209700004,920.3102262651626,,,,,,,,,,,,,,,,,,,-0.019479715004369305,1.688339611887932,-0.6390742714206378,0.9901162385940552,0.009614353,0.108251953125
training_episode,3933078,4273.775206499995,920.281907672208,16709353,2464.556884765625,98.6226577758789,22.645566940307617,4,6,17,3,2,1,0,63,0,0,LivesExhausted,,,,,,,,,
ppo_rollout,3938304,4276.7580824999895,920.8619996803408,,,,,,,,,,,,,,,,,,,-0.018458604094727587,1.9142837986350059,-0.6383132666349411,0.9915711879730225,0.010438666,0.10328776041666667
training_episode,3941184,4279.038486800011,921.0442981893653,40273378,23034.666015625,301.6430969238281,229.3466339111328,2,48,39,23,8,11,6,141,2,1,MaxDuration,,,,,,,,,
training_episode,3942870,4279.991891400015,921.2330537173657,32523432,26254.666015625,301.0224914550781,262.046630859375,1,33,43,27,1,8,6,137,1,1,MaxDuration,,,,,,,,,
training_episode,3943728,4280.474551699997,921.3296218368456,30952497,27389.33203125,305.5168762207031,272.8932800292969,2,38,39,27,7,9,6,162,0,1,MaxDuration,,,,,,,,,
ppo_rollout,3944448,4280.868938700005,921.4129319263468,,,,,,,,,,,,,,,,,,,-0.01665043579802538,2.8845632086197535,-0.6395077556371689,0.9909012913703918,0.0115944585,0.11370442708333334
training_episode,3947280,4283.027182899998,921.6098407592486,70958975,30977.33203125,305.2466125488281,308.7732849121094,2,48,38,31,4,9,5,123,3,1,MaxDuration,,,,,,,,,
training_episode,3948786,4283.8765403,921.7786653869036,43519977,1464.233154296875,63.32537841796875,13.14233112335205,3,4,12,2,0,0,0,32,0,0,LivesExhausted,,,,,,,,,
training_episode,3950364,4284.733301600005,921.9626338294744,35770031,1441.4295654296875,62.415531158447266,12.414295196533203,4,7,11,2,1,2,1,25,0,1,LivesExhausted,,,,,,,,,
ppo_rollout,3950592,4284.8668121999945,921.9871172545579,,,,,,,,,,,,,,,,,,,-0.016439177841918232,2.433823788166046,-0.6404620468616485,0.9938206076622009,0.009854613,0.10026041666666667
ppo_rollout,3956736,4288.907255400001,922.5510752227675,,,,,,,,,,,,,,,,,,,-0.01632363431951186,2.904865242044131,-0.6297045394778251,0.9892176985740662,0.01206874,0.10144856770833334
training_episode,3960480,4291.589267000003,922.8469346901265,10320884,2434.1611328125,97.43240356445312,22.841609954833984,3,4,17,3,1,2,0,77,1,0,LivesExhausted,,,,,,,,,
ppo_rollout,3962880,4292.913777900016,923.1212656543361,,,,,,,,,,,,,,,,,,,-0.017851810910118122,1.5803555404146512,-0.6281696205337842,0.9931749105453491,0.012613196,0.10621744791666667
training_episode,3966870,4295.803149000014,923.4291848134187,62057010,28554.666015625,302.2436828613281,284.546630859375,2,47,43,28,1,7,9,122,3,1,MaxDuration,,,,,,,,,
ppo_rollout,3969024,4297.01623139999,923.6697713629235,,,,,,,,,,,,,,,,,,,-0.011487431306159123,2.6150031208992006,-0.6352451249957085,0.9835919141769409,0.012844129,0.13181966145833332
training_episode,3969834,4298.0606188999955,923.6337855597768,11263445,24077.33203125,306.2475891113281,240.27330017089844,1,34,41,24,3,20,2,167,0,1,MaxDuration,,,,,,,,,
ppo_rollout,3975168,4301.035768400005,924.2350480332722,,,,,,,,,,,,,,,,,,,-0.016695572005119175,2.0164092923204104,-0.6410450716813405,0.9866600036621094,0.011514998,0.10836588541666667
training_episode,3979800,4304.229848699993,924.6253429523563,28857917,28554.666015625,300.5720520019531,285.546630859375,0,34,41,28,6,7,8,157,3,1,MaxDuration,,,,,,,,,
ppo_rollout,3981312,4305.090336900001,924.7917438282733,,,,,,,,,,,,,,,,,,,-0.016870305788082383,1.69163658618927,-0.638377201060454,0.9916439056396484,0.010143324,0.08984375
training_episode,3983982,4307.15641950001,924.968032728766,14091128,29750.666015625,305.8371887207031,297.0066223144531,1,54,40,30,4,5,8,109,3,1,MaxDuration,,,,,,,,,
training_episode,3986610,4308.635610500001,925.2604212537176,17756643,26254.666015625,302.0334777832031,262.046630859375,1,28,37,27,1,6,5,179,0,1,MaxDuration,,,,,,,,,
ppo_rollout,3987456,4309.148697099998,925.3465777784618,,,,,,,,,,,,,,,,,,,-0.0163442903450535,2.051103832324346,-0.6444651300708453,0.9855734705924988,0.009040606,0.08313802083333334
training_episode,3990876,4311.785340100003,925.5739062157115,14614773,729.6471557617188,35.510047912597656,5.79647159576416,3,3,6,1,0,0,0,15,0,0,LivesExhausted,,,,,,,,,
ppo_rollout,3993600,4313.389676499995,925.8611670904073,,,,,,,,,,,,,,,,,,,-0.015206893465559309,2.09039343893528,-0.6503088523944219,0.9952763319015503,0.009569709,0.08883463541666667
training_episode,3996588,4315.739136699995,926.0494838564242,56296915,28554.666015625,300.8823547363281,285.546630859375,0,29,41,28,4,6,10,169,3,1,MaxDuration,,,,,,,,,
ppo_rollout,3999744,4317.488593799993,926.4052268125777,,,,,,,,,,,,,,,,,,,-0.016031219134068426,2.5096006030837694,-0.6483465219537418,0.9906765222549438,0.010650411,0.09314778645833334
validation,4000002,,,,,,,,,,,,,,,,,,13947.529286499024,16678.25537109375,12853.590671481372,,,,,,
training_episode,4003128,4546.146758599993,880.5540631584851,3618228,29750.666015625,302.1235656738281,297.0066223144531,1,50,43,30,7,6,5,167,1,1,MaxDuration,,,,,,,,,
ppo_rollout,4005888,4547.7131078999955,880.8576761452318,,,,,,,,,,,,,,,,,,,-0.018331317720003425,1.776650752623876,-0.6820844784379005,0.9911060929298401,0.010825493,0.10582682291666666
training_episode,4006512,4548.670021400001,880.8095511766461,3932415,29750.666015625,305.5969543457031,297.0066223144531,1,35,44,30,3,6,5,198,2,1,MaxDuration,,,,,,,,,
ppo_rollout,4012032,4551.773128400004,881.4217859338414,,,,,,,,,,,,,,,,,,,-0.01661414846603293,2.4605887313683827,-0.6375925928354264,0.9879027009010315,0.011975184,0.103173828125
training_episode,4015944,4554.5512115000165,881.7430770917539,24145112,26254.666015625,301.1626281738281,261.546630859375,2,46,41,27,6,4,5,166,3,1,MaxDuration,,,,,,,,,
ppo_rollout,4018176,4555.7681900000025,881.9974661616832,,,,,,,,,,,,,,,,,,,-0.017729108245112,1.7312387332320214,-0.6417949125170708,0.9914385676383972,0.011702719,0.10987955729166667
training_episode,4020000,4557.395810799993,882.0826996140016,52945587,26254.666015625,300.1316223144531,261.546630859375,2,43,43,27,3,4,6,138,2,1,MaxDuration,,,,,,,,,
training_episode,4022028,4558.526867700013,882.3087187438907,42996332,316.9503173828125,16.880290985107422,1.6695032119750977,3,6,2,1,0,1,0,5,0,0,LivesExhausted,,,,,,,,,
ppo_rollout,4024320,4559.7950366000005,882.5659854660319,,,,,,,,,,,,,,,,,,,-0.01905620026809629,1.7036621550718942,-0.6543606892228127,0.9869418144226074,0.011592168,0.12166341145833333
training_episode,4027422,4562.0989367,882.8002320601229,43205790,29750.666015625,304.5058898925781,296.5066223144531,2,40,43,30,2,3,10,158,0,1,MaxDuration,,,,,,,,,
ppo_rollout,4030464,4563.771741600009,883.1432043941276,,,,,,,,,,,,,,,,,,,-0.01627526245623206,2.3721456011136373,-0.66651176015536,0.9896839261054993,0.010382646,0.10553385416666666
training_episode,4032882,4565.729306199995,883.2941529239546,25506589,28554.666015625,302.4138488769531,285.546630859375,0,45,43,28,7,6,7,136,5,1,MaxDuration,,,,,,,,,
ppo_rollout,4036608,4567.764452200005,883.7163216802521,,,,,,,,,,,,,,,,,,,-0.0156176731766512,2.6316198219855624,-0.6684537678956985,0.9854713678359985,0.009436796,0.09049479166666667
training_episode,4039860,4570.169033999991,883.9629278359877,8959407,28554.666015625,306.0674133300781,285.046630859375,1,25,47,28,4,8,6,138,0,1,MaxDuration,,,,,,,,,
training_episode,4040676,4570.629663700005,884.0523729347614,24773486,1505.0701904296875,64.94546508789062,13.050702095031738,4,6,11,2,1,2,1,33,0,1,LivesExhausted,,,,,,,,,
training_episode,4042578,4571.687143499992,884.2639211976092,10425613,27389.33203125,300.4919738769531,273.3932800292969,1,42,42,27,1,4,6,172,2,1,MaxDuration,,,,,,,,,
ppo_rollout,4042752,4571.8189868000045,884.2764798152432,,,,,,,,,,,,,,,,,,,-0.015960492088925093,2.5230226506789526,-0.6627870092789332,0.9906764626502991,0.009756113,0.086083984375
ppo_rollout,4048896,4575.919451399997,884.8267638892212,,,,,,,,,,,,,,,,,,,-0.014419859001645819,3.2599560022354126,-0.6746854305267334,0.9798600077629089,0.008567889,0.07180989583333333
training_episode,4052196,4578.377140500001,885.0725651573263,36607863,23034.666015625,302.0434875488281,229.3466339111328,2,39,42,23,2,10,10,135,3,1,MaxDuration,,,,,,,,,
ppo_rollout,4055040,4579.973165100004,885.3851002665117,,,,,,,,,,,,,,,,,,,-0.017313035550372054,2.020789158344269,-0.6381555741031965,0.9898943305015564,0.012198191,0.1154296875
training_episode,4058820,4582.648760400014,885.6930155925173,21945803,29750.666015625,306.5578918457031,297.5066223144531,0,47,44,30,2,5,7,124,1,1,MaxDuration,,,,,,,,,
ppo_rollout,4061184,4583.97328179999,885.9528078238043,,,,,,,,,,,,,,,,,,,-0.015949043813937653,2.3497105946143466,-0.6627210840582848,0.9894684553146362,0.010083376,0.09231770833333333
training_episode,4063440,4585.818570400006,886.0882604968733,6760098,26254.666015625,300.1116027832031,261.546630859375,2,40,40,27,2,7,2,175,3,1,MaxDuration,,,,,,,,,
ppo_rollout,4067328,4588.005998600012,886.5132262776264,,,,,,,,,,,,,,,,,,,-0.020652480421510213,2.02284188469251,-0.6525434737404188,0.9898415803909302,0.011684451,0.1087890625
ppo_rollout,4073472,4591.952745399991,887.0892680854826,,,,,,,,,,,,,,,,,,,-0.018906157974076146,1.7306629826625188,-0.6542395686109861,0.9916356801986694,0.010994308,0.11324869791666667
training_episode,4076244,4594.0923298000125,887.2795118981522,68969124,28554.666015625,303.1846008300781,285.046630859375,1,37,44,28,4,13,6,129,2,1,MaxDuration,,,,,,,,,
training_episode,4077402,4594.739864500007,887.4064953062795,53469232,30977.33203125,306.0373840332031,309.2732849121094,1,45,38,31,4,8,6,142,2,1,MaxDuration,,,,,,,,,
training_episode,4078812,4595.523774500005,887.5619407373813,51584110,24077.33203125,301.9233703613281,239.27330017089844,3,36,43,24,2,6,4,154,0,1,MaxDuration,,,,,,,,,
ppo_rollout,4079616,4595.999792899995,887.6449486142893,,,,,,,,,,,,,,,,,,,-0.016134343533000597,1.9530698597431182,-0.6607087155183157,0.9861134886741638,0.010963344,0.09723307291666666
training_episode,4084272,4599.23981140001,888.031972126443,53259774,1569.451904296875,66.88587951660156,13.69451904296875,4,6,11,2,2,1,0,36,0,0,LivesExhausted,,,,,,,,,
ppo_rollout,4085760,4600.108030300005,888.1878366959871,,,,,,,,,,,,,,,,,,,-0.018659437662184548,1.9082142854730288,-0.6813504869739214,0.991172194480896,0.012051356,0.11920572916666666
training_episode,4088430,4602.166735200008,888.3706817333117,54202335,26254.666015625,301.9033508300781,262.046630859375,1,34,40,27,3,4,6,178,1,1,MaxDuration,,,,,,,,,
ppo_rollout,4091904,4604.092746600014,888.7535992887523,,,,,,,,,,,,,,,,,,,-0.01587360916698041,2.442789302766323,-0.657931428651015,0.9830825924873352,0.012176237,0.10875651041666666
training_episode,4095414,4606.773881100002,888.99826770358,9901968,27389.33203125,304.9062805175781,273.3932800292969,1,31,45,27,2,11,7,160,2,1,MaxDuration,,,,,,,,,
ppo_rollout,4098048,4608.275280600006,889.2802079884486,,,,,,,,,,,,,,,,,,,-0.01707752374544119,1.7729219764471054,-0.6717925682663918,0.9919021129608154,0.01148809,0.10496419270833333
training_episode,4099554,4609.731279400003,889.3260260788115,44043622,23034.666015625,300.9123840332031,228.8466339111328,3,33,40,23,6,5,2,213,3,1,MaxDuration,,,,,,,,,
ppo_rollout,4104192,4612.279089299991,889.8403415182095,,,,,,,,,,,,,,,,,,,-0.01825840185774723,1.7687663833300273,-0.6712860509753227,0.9896756410598755,0.011397332,0.10179036458333333
training_episode,4106520,4614.182822200004,889.9777399895146,39435546,1314.73828125,58.026268005371094,11.647382736206055,3,3,12,2,0,0,1,37,0,0,LivesExhausted,,,,,,,,,
ppo_rollout,4110336,4616.329250600014,890.3905629057444,,,,,,,,,,,,,,,,,,,-0.018963366277360668,2.0558338607350986,-0.6729326501488686,0.991363525390625,0.008465441,0.09332682291666666
training_episode,4113774,4618.825535100012,890.6536886353566,11577632,29750.666015625,303.0845031738281,297.0066223144531,1,49,42,30,4,6,7,144,2,1,MaxDuration,,,,,,,,,
training_episode,4115106,4619.552073700004,890.80195100042,30219394,29750.666015625,302.4338684082031,297.5066223144531,0,37,37,30,1,5,10,168,0,1,MaxDuration,,,,,,,,,
ppo_rollout,4116480,4620.319098500011,890.951449941286,,,,,,,,,,,,,,,,,,,-0.01303246744015875,3.0638677726189294,-0.6652305503686269,0.9774492383003235,0.008249186,0.084375
training_episode,4121070,4623.4570726999955,891.3395182867757,1209461,26254.666015625,306.6379699707031,261.546630859375,2,42,41,27,3,9,5,148,3,1,MaxDuration,,,,,,,,,
ppo_rollout,4122624,4624.32810459999,891.5076756554263,,,,,,,,,,,,,,,,,,,-0.01936806826464211,2.3947797785202662,-0.6825328608353932,0.9910312294960022,0.010570214,0.103759765625
training_episode,4124508,4625.979880700004,891.5966144184524,13986399,29750.666015625,300.6221008300781,297.0066223144531,1,37,43,30,3,12,4,167,1,1,MaxDuration,,,,,,,,,
ppo_rollout,4128768,4628.343002600013,892.0618021785826,,,,,,,,,,,,,,,,,,,-0.017229611969863376,1.9821676790714264,-0.6786217495799065,0.994569718837738,0.011686943,0.11612955729166667
training_episode,4131576,4630.527798399999,892.2473160462608,53155045,26254.666015625,301.2927551269531,261.546630859375,2,42,44,27,4,5,5,156,1,1,MaxDuration,,,,,,,,,
ppo_rollout,4134912,4632.3840914000175,892.6099214606211,,,,,,,,,,,,,,,,,,,-0.01995562486505757,1.908842560648918,-0.6607714881499608,0.989661455154419,0.016975505,0.12662760416666666
ppo_rollout,4141056,4636.406905300013,893.1606057411046,,,,,,,,,,,,,,,,,,,-0.02137472669710405,1.4018302460511525,-0.6642368192474047,0.9900715947151184,0.012470584,0.124365234375
training_episode,4142562,4637.888926100015,893.1999161703656,68236021,26254.666015625,300.3017883300781,261.546630859375,2,43,44,27,7,4,7,139,3,1,MaxDuration,,,,,,,,,
ppo_rollout,4147200,4640.5663825999945,893.6840157162942,,,,,,,,,,,,,,,,,,,-0.016674651807018867,1.882390028735002,-0.67139533162117,0.9888859391212463,0.012353304,0.09697265625
training_episode,4149780,4642.623213999992,893.8438052621186,41215939,25150.666015625,300.0115051269531,250.0066375732422,3,39,42,26,1,5,2,145,0,1,MaxDuration,,,,,,,,,
training_episode,4151130,4643.416208500013,893.9818904024029,22574177,23034.666015625,300.1416320800781,229.3466339111328,2,30,45,23,3,5,5,160,1,1,MaxDuration,,,,,,,,,
ppo_rollout,4153344,4644.640631100017,894.2228968565732,,,,,,,,,,,,,,,,,,,-0.020432018236412355,1.7631885915994645,-0.6789832999308903,0.9887164235115051,0.009608661,0.10359700520833333
training_episode,4157352,4647.475394600013,894.5398624015318,19432307,28554.666015625,302.2937316894531,285.046630859375,1,45,44,28,2,9,7,153,0,1,MaxDuration,,,,,,,,,
ppo_rollout,4159488,4648.648625100002,894.7735859280009,,,,,,,,,,,,,,,,,,,-0.017260503858172644,1.9134868785738945,-0.703642058869203,0.9926466345787048,0.011344015,0.10431315104166666
training_episode,4160730,4649.927634699998,894.7945703392522,14195857,26254.666015625,301.8232727050781,262.046630859375,1,40,43,27,2,7,5,163,1,1,MaxDuration,,,,,,,,,
training_episode,4164960,4652.256952600001,895.2557957213293,11472903,1465.1314697265625,63.36537170410156,12.651314735412598,4,4,11,2,1,0,1,28,0,1,LivesExhausted,,,,,,,,,
ppo_rollout,4165632,4652.619082199992,895.3305496116997,,,,,,,,,,,,,,,,,,,-0.01928328721357199,1.7172642002503078,-0.6682992652058601,0.9948119521141052,0.011041065,0.1150390625
training_episode,4167618,4654.351568400016,895.4239787762024,33256535,24077.33203125,300.3318176269531,239.27330017089844,3,37,44,24,6,4,5,118,1,1,MaxDuration,,,,,,,,,
ppo_rollout,4171776,4656.699846400006,895.8653418955292,,,,,,,,,,,,,,,,,,,-0.016215992084471508,2.2857637171943983,-0.6679745415846506,0.9864598512649536,0.011252555,0.11424153645833333
training_episode,4172964,4657.980574200017,895.8740667819732,62894842,1563.7318115234375,66.65583038330078,13.637317657470703,4,5,11,2,1,1,2,23,0,1,LivesExhausted,,,,,,,,,
training_episode,4177776,4660.642642399995,896.3948366246457,72110994,845.8744506835938,40.09927749633789,6.958744049072266,3,4,8,1,0,1,1,13,0,0,LivesExhausted,,,,,,,,,
ppo_rollout,4177920,4660.730487499997,896.4088378860595,,,,,,,,,,,,,,,,,,,-0.023093901694907496,1.3450391178329786,-0.6796618009606997,0.9940579533576965,0.01583018,0.14972330729166666
training_episode,4178958,4661.938462899998,896.3992196071255,4770247,27389.33203125,303.2646789550781,273.8932800292969,0,43,42,27,2,9,5,94,3,1,MaxDuration,,,,,,,,,
ppo_rollout,4184064,4664.731377499993,896.9571152974727,,,,,,,,,,,,,,,,,,,-0.011232477467274293,4.143434822559357,-0.6780899326006572,0.9722994565963745,0.007879094,0.07903645833333334
training_episode,4186428,4666.657944300008,897.0933910237464,8854678,24077.33203125,305.3467102050781,239.77330017089844,2,46,40,24,1,9,7,182,1,1,MaxDuration,,,,,,,,,
training_episode,4187628,4667.3270663,897.2218874988165,42577416,25150.666015625,304.1255187988281,251.0066375732422,1,31,45,26,3,10,4,154,3,1,MaxDuration,,,,,,,,,
ppo_rollout,4190208,4668.740063500009,897.5029543321227,,,,,,,,,,,,,,,,,,,-0.02279641503506961,1.7480226104458174,-0.6741324851910273,0.986365020275116,0.013884208,0.12809244791666666
training_episode,4192974,4670.889002600015,897.6822180244516,47604408,1226.3895263671875,54.5368537902832,10.763895988464355,3,6,11,2,0,5,0,11,0,0,LivesExhausted,,,,,,,,,
ppo_rollout,4196352,4672.809181199991,898.0362427130749,,,,,,,,,,,,,,,,,,,-0.017541555848826343,1.6466895769039789,-0.6678078691164653,0.9934781789779663,0.011093329,0.118505859375
training_episode,4196988,4673.840065700002,897.9742440911735,73577200,26254.666015625,302.0935363769531,261.546630859375,2,35,44,27,1,5,8,149,1,1,MaxDuration,,,,,,,,,
training_episode,4197792,4674.344660900009,898.0493105512137,23621467,2049.9794921875,84.65967559814453,18.49979591369629,4,5,15,3,1,1,0,55,1,0,LivesExhausted,,,,,,,,,
ppo_rollout,4202496,4677.025444900006,898.5403328482103,,,,,,,,,,,,,,,,,,,-0.014404548947156096,2.126901090145111,-0.673445326089859,0.9911947250366211,0.012395688,0.085302734375
training_episode,4204248,4678.5854483,898.6152003545528,6236453,28554.666015625,305.1965637207031,284.546630859375,2,45,42,28,4,10,5,141,3,1,MaxDuration,,,,,,,,,
ppo_rollout,4208640,4681.00441590001,899.0890898766245,,,,,,,,,,,,,,,,,,,-0.01646285525833567,2.5545797367890675,-0.6687114089727402,0.9910750985145569,0.01113069,0.1078125
training_episode,4213926,4684.52111880001,899.5425344735006,57239476,29750.666015625,301.2226867675781,297.5066223144531,0,37,41,30,4,6,4,124,4,1,MaxDuration,,,,,,,,,
ppo_rollout,4214784,4685.042798600014,899.6255063581198,,,,,,,,,,,,,,,,,,,-0.021596261251640197,2.1958948969841003,-0.6706547861297926,0.9878014922142029,0.013496195,0.12042643229166666
training_episode,4215114,4685.848385699996,899.5412683140676,31685600,26254.666015625,301.2727355957031,262.046630859375,1,32,40,27,1,4,6,107,2,1,MaxDuration,,,,,,,,,
ppo_rollout,4220928,4689.0725447,900.1626568500975,,,,,,,,,,,,,,,,,,,-0.018957092269556598,1.7813170433044434,-0.6912727028131485,0.9755761623382568,0.011056212,0.125732421875
ppo_rollout,4227072,4693.1244802,900.6946263270352,,,,,,,,,,,,,,,,,,,-0.02048679768728713,1.8839676926533382,-0.7040115550160408,0.9922536015510559,0.011820093,0.11769205729166667
training_episode,4229322,4694.980779900012,900.8177452198369,8540491,27389.33203125,302.8843078613281,273.8932800292969,0,45,46,27,2,10,9,82,2,1,MaxDuration,,,,,,,,,
ppo_rollout,4233216,4697.173920300003,901.226156797198,,,,,,,,,,,,,,,,,,,-0.01783602888075014,2.568591531117757,-0.695377038915952,0.9863145351409912,0.009924948,0.09811197916666667
training_episode,4233654,4698.025020000001,901.1561202796657,37655153,27389.33203125,305.4968566894531,273.8932800292969,0,43,45,27,4,8,4,105,3,1,MaxDuration,,,,,,,,,
training_episode,4234578,4698.553217000008,901.2514713420118,41530126,24077.33203125,306.5178527832031,239.27330017089844,3,40,42,24,2,7,4,191,1,1,MaxDuration,,,,,,,,,
ppo_rollout,4239360,4701.293075499998,901.7433995112356,,,,,,,,,,,,,,,,,,,-0.016881096968427302,2.3017314424117408,-0.7013923143347104,0.9866042733192444,0.010424667,0.09283854166666666
training_episode,4240572,4702.571501900005,901.755985695626,57344205,29750.666015625,302.6640930175781,297.5066223144531,0,40,45,30,5,9,9,147,1,1,MaxDuration,,,,,,,,,
training_episode,4242348,4703.583136800007,901.9396227545369,55877999,1499.058837890625,64.70541381835938,13.490588188171387,3,4,12,2,1,0,0,37,0,0,LivesExhausted,,,,,,,,,
ppo_rollout,4245504,4705.387156100012,902.2645446923906,,,,,,,,,,,,,,,,,,,-0.022076376168600594,1.78751174112161,-0.6956725607315699,0.9935899376869202,0.011347198,0.11419270833333334
training_episode,4250016,4708.656099100015,902.5963906797787,26030234,23034.666015625,300.7322082519531,228.3466339111328,4,45,41,23,3,7,4,142,3,1,MaxDuration,,,,,,,,,
ppo_rollout,4251648,4709.5754289999895,902.7667279347039,,,,,,,,,,,,,,,,,,,-0.014439895481336862,2.216478368639946,-0.6764863739411037,0.9906280636787415,0.012024879,0.10577799479166666
training_episode,4251828,4710.294937300001,902.6670424245664,63523216,27389.33203125,305.9172668457031,272.8932800292969,2,36,42,27,5,8,4,110,4,1,MaxDuration,,,,,,,,,
ppo_rollout,4257792,4713.718638799997,903.2766540100354,,,,,,,,,,,,,,,,,,,-0.020617284305626527,1.8925675610701242,-0.6736956725517909,0.9897133708000183,0.012235663,0.105859375
training_episode,4259382,4715.207380200009,903.3286675546658,29276833,1866.34033203125,78.00825500488281,17.163402557373047,3,5,13,2,0,1,0,37,0,0,LivesExhausted,,,,,,,,,
ppo_rollout,4263936,4717.788910700008,903.7996571506911,,,,,,,,,,,,,,,,,,,-0.02053266567721342,1.7140610302488009,-0.6972015510002773,0.9918131828308105,0.012234344,0.12473958333333333
training_episode,4265328,4719.3206902999955,903.801262916266,3513499,29750.666015625,300.0215148925781,296.0066223144531,3,60,39,30,5,8,14,153,3,1,MaxDuration,,,,,,,,,
ppo_rollout,4270080,4721.98136440001,904.29835920002,,,,,,,,,,,,,,,,,,,-0.013611427872092463,2.9621713628371555,-0.6978652959068616,0.9804719090461731,0.007563295,0.08111979166666666
training_episode,4270254,4722.704781700013,904.1966833384944,68131292,27389.33203125,304.9863586425781,272.8932800292969,2,48,41,27,3,8,8,158,0,1,MaxDuration,,,,,,,,,
ppo_rollout,4276224,4726.03344900001,904.8230500579327,,,,,,,,,,,,,,,,,,,-0.0167818105701978,2.5590199490388232,-0.7039907574653625,0.990482747554779,0.0090296,0.08121744791666667
training_episode,4277334,4727.241822800017,904.8265691359259,2989854,28554.666015625,306.3376770019531,284.546630859375,2,46,41,28,2,5,7,172,2,1,MaxDuration,,,,,,,,,
training_episode,4279080,4728.223290199996,905.0080204268445,44671996,27389.33203125,306.0874328613281,273.8932800292969,0,45,42,27,3,12,6,154,4,1,MaxDuration,,,,,,,,,
ppo_rollout,4282368,4730.082378899999,905.3474457660257,,,,,,,,,,,,,,,,,,,-0.018705725759112588,1.9107077365120253,-0.7023433302839597,0.9925677180290222,0.01082497,0.094140625
training_episode,4282842,4730.970988999994,905.277586769832,28229543,2653.540283203125,104.88399505615234,25.035400390625,3,6,16,3,1,3,1,56,2,1,LivesExhausted,,,,,,,,,
training_episode,4284744,4732.030831700016,905.4767714733326,5189163,1024.501708984375,47.1580924987793,8.745017051696777,3,4,10,2,0,1,0,24,1,0,LivesExhausted,,,,,,,,,
training_episode,4287360,4733.470096100005,905.7541112454553,70330601,2021.3953857421875,83.52943420410156,18.71395492553711,3,4,15,3,0,2,0,39,0,0,LivesExhausted,,,,,,,,,
training_episode,4288350,4734.018894900015,905.8582348752059,42891603,29750.666015625,304.3157043457031,297.5066223144531,0,57,44,30,4,5,3,176,8,1,MaxDuration,,,,,,,,,
ppo_rollout,4288512,4734.116900099994,905.873701578729,,,,,,,,,,,,,,,,,,,-0.019758627569535746,1.748569594323635,-0.6976768702268601,0.9932343363761902,0.013774939,0.11982421875
training_episode,4288596,4734.769177900016,905.7666464539451,26763337,1043.82861328125,47.917964935302734,8.938285827636719,3,5,10,2,0,1,0,18,1,0,LivesExhausted,,,,,,,,,
ppo_rollout,4294656,4738.254143800004,906.379410994564,,,,,,,,,,,,,,,,,,,-0.014040443623283256,3.668523594737053,-0.6958558862408002,0.9850667119026184,0.009651839,0.088232421875
training_episode,4294710,4738.895385999989,906.268159598493,40901752,1119.671630859375,50.927459716796875,9.69671630859375,3,4,9,2,0,1,1,33,0,0,LivesExhausted,,,,,,,,,
training_episode,4294884,4738.998049799993,906.2852431815758,51269923,2045.246826171875,84.4796371459961,18.952468872070312,3,6,15,3,2,4,0,62,0,0,LivesExhausted,,,,,,,,,
training_episode,4295424,4739.309211699991,906.3396811914771,47918595,26254.666015625,300.3318176269531,261.546630859375,2,45,37,27,2,6,4,99,3,1,MaxDuration,,,,,,,,,
ppo_rollout,4300800,4742.24218880001,906.9127701148234,,,,,,,,,,,,,,,,,,,-0.018912355500894287,2.924147495627403,-0.7089145923654239,0.9870866537094116,0.01213671,0.11640625
training_episode,4301628,4743.356534599996,906.8742711247097,9587781,27389.33203125,302.4538879394531,273.3932800292969,1,49,42,27,3,5,8,171,0,1,MaxDuration,,,,,,,,,
training_episode,4303242,4744.30309120001,907.0335341732036,58182037,1676.15966796875,71.0967788696289,14.761597633361816,4,5,13,2,1,1,0,39,0,0,LivesExhausted,,,,,,,,,
ppo_rollout,4306944,4746.319032900006,907.4282554850621,,,,,,,,,,,,,,,,,,,-0.018556280022797484,1.7495813171068828,-0.7091093013683955,0.9911770820617676,0.013704159,0.12459309895833333
training_episode,4307538,4747.246079200006,907.3761772901177,31999787,2537.646240234375,100.91314697265625,23.876461029052734,3,7,19,3,1,2,0,54,0,1,LivesExhausted,,,,,,,,,
training_episode,4309314,4748.226160399994,907.562920220502,28439001,1111.5640869140625,50.59751510620117,9.615641593933105,3,3,11,2,0,0,0,15,2,0,LivesExhausted,,,,,,,,,
ppo_rollout,4313088,4750.317297200003,907.9578752649385,,,,,,,,,,,,,,,,,,,-0.015317478611056383,2.4235458249847093,-0.6977287406722704,0.9850342869758606,0.0125031555,0.14173177083333333
ppo_rollout,4319232,4754.403571400006,908.4697870374805,,,,,,,,,,,,,,,,,,,-0.01690626224541726,2.0862819636861483,-0.6868968109289805,0.9903123378753662,0.011970893,0.11082356770833333
training_episode,4323834,4757.566693300003,908.8330818544654,26868066,28554.666015625,303.9253234863281,284.546630859375,2,59,36,28,4,10,6,164,2,1,MaxDuration,,,,,,,,,
training_episode,4324542,4757.955540099996,908.9076103281774,21317429,29750.666015625,301.5730285644531,296.5066223144531,2,50,39,30,3,5,5,153,1,1,MaxDuration,,,,,,,,,
ppo_rollout,4325376,4758.424140099989,908.9933710510115,,,,,,,,,,,,,,,,,,,-0.021327881324881066,2.036819647749265,-0.7024047523736954,0.9900867938995361,0.012049957,0.12483723958333333
training_episode,4328964,4761.01117849999,909.2530636241625,48861156,912.8275146484375,42.74883270263672,7.628274917602539,3,4,8,1,0,1,0,13,1,0,LivesExhausted,,,,,,,,,
training_episode,4331172,4762.236888000014,909.4826867839732,34722741,27389.33203125,302.3638000488281,272.8932800292969,2,45,38,27,2,5,9,153,3,1,MaxDuration,,,,,,,,,
ppo_rollout,4331520,4762.427882599994,909.519284444315,,,,,,,,,,,,,,,,,,,-0.01657757666738083,2.3012605090936025,-0.6880339672168095,0.9872257709503174,0.007627253,0.086669921875
training_episode,4335558,4765.285704400012,909.8212088305169,60067159,755.7779541015625,36.53987503051758,6.057779788970947,3,3,4,1,1,0,0,20,0,0,LivesExhausted,,,,,,,,,
ppo_rollout,4337664,4766.440562200005,910.0426079787097,,,,,,,,,,,,,,,,,,,-0.0159075865522027,2.5206252967317897,-0.6962099889914195,0.9920547008514404,0.010145788,0.09456380208333333
training_episode,4338240,4767.3767597000115,909.9847187812748,32628161,27389.33203125,305.0864562988281,272.8932800292969,2,50,41,27,3,7,6,199,1,1,MaxDuration,,,,,,,,,
training_episode,4343616,4770.414170400007,910.532260899221,46976034,25150.666015625,300.6221008300781,250.5066375732422,2,36,42,26,7,12,5,155,3,1,MaxDuration,,,,,,,,,
ppo_rollout,4343808,4770.5250977000105,910.5513357626519,,,,,,,,,,,,,,,,,,,-0.01843028867151588,2.146163534621398,-0.6962542489171029,0.9910342693328857,0.013413846,0.10595703125
training_episode,4345884,4772.360796699999,910.6360950339505,67188731,26254.666015625,304.6960754394531,261.546630859375,2,56,43,27,0,7,3,186,0,1,MaxDuration,,,,,,,,,
ppo_rollout,4349952,4774.68580929999,911.0446579599633,,,,,,,,,,,,,,,,,,,-0.01903780191593493,1.7031520426273346,-0.6911028772592545,0.9911246299743652,0.011378082,0.11845703125
ppo_rollout,4356096,4778.734821299993,911.5584276791865,,,,,,,,,,,,,,,,,,,-0.017946405978485323,1.2491930276155472,-0.6969057083129883,0.9943098425865173,0.014126447,0.1404296875
training_episode,4360722,4781.9072255000065,911.9210796784192,8435762,26254.666015625,301.4729309082031,261.046630859375,3,53,42,27,5,10,11,136,0,1,MaxDuration,,,,,,,,,
ppo_rollout,4362240,4782.790665700013,912.0700245745627,,,,,,,,,,,,,,,,,,,-0.02197709645261057,1.8830830256144206,-0.693235830962658,0.9906802773475647,0.011975094,0.12643229166666667
training_episode,4365726,4785.381751500012,912.3046450017351,30324123,27389.33203125,306.2976379394531,273.3932800292969,1,53,44,27,4,6,4,156,2,1,MaxDuration,,,,,,,,,
ppo_rollout,4368384,4786.8466495000175,912.580727952978,,,,,,,,,,,,,,,,,,,-0.01883153128437698,2.2746640026569365,-0.6636510784427325,0.98573899269104,0.008162713,0.08896484375
training_episode,4372344,4789.612065299996,912.8806133751334,73053555,27389.33203125,306.5078430175781,272.3932800292969,3,46,45,27,4,4,5,174,0,1,MaxDuration,,,,,,,,,
training_episode,4372644,4789.781580300012,912.9109389840102,13253296,1304.4593505859375,57.616336822509766,11.544593811035156,3,4,11,2,0,1,0,37,0,0,LivesExhausted,,,,,,,,,
ppo_rollout,4374528,4790.874864000012,913.0958591449423,,,,,,,,,,,,,,,,,,,-0.018001728493254633,2.146400348842144,-0.6864473015069962,0.9925159811973572,0.009267426,0.09036458333333333
training_episode,4374600,4791.519296300015,912.9880794548906,33465993,29750.666015625,302.9543762207031,297.5066223144531,0,47,41,30,3,3,4,182,2,1,MaxDuration,,,,,,,,,
training_episode,4379850,4794.41215660001,913.5322239600694,46766576,26254.666015625,301.9333801269531,261.546630859375,2,57,36,27,3,2,5,170,0,1,MaxDuration,,,,,,,,,
ppo_rollout,4380672,4794.869108300016,913.616597461851,,,,,,,,,,,,,,,,,,,-0.018682426796294747,2.440814420580864,-0.6932257970174154,0.99236661195755,0.008622416,0.08907877604166667
training_episode,4382586,4796.551736699999,913.6951377939675,26344421,24077.33203125,305.8271789550781,238.77330017089844,4,45,38,24,7,5,4,148,2,1,MaxDuration,,,,,,,,,
ppo_rollout,4386816,4798.833293200005,914.1421949823017,,,,,,,,,,,,,,,,,,,-0.018436405204314117,1.6165335873762767,-0.6918064673741658,0.9958153367042542,0.014254683,0.13279622395833332
training_episode,4389402,4800.894581600005,914.2883530129783,31266684,1282.65576171875,56.7564811706543,11.326558113098145,3,3,13,2,0,0,1,19,0,0,LivesExhausted,,,,,,,,,
ppo_rollout,4392960,4803.002833300008,914.6278177357894,,,,,,,,,,,,,,,,,,,-0.021228223403644126,1.6639528806010881,-0.6870229989290237,0.9880859851837158,0.016034987,0.13909505208333334
training_episode,4396848,4805.874201600003,914.8903644910581,31790329,27389.33203125,301.0024719238281,272.8932800292969,2,52,41,27,4,8,13,137,2,1,MaxDuration,,,,,,,,,
ppo_rollout,4399104,4807.124424900016,915.1217258312381,,,,,,,,,,,,,,,,,,,-0.017020678975192518,2.111012044548988,-0.6952515492836634,0.9869714379310608,0.010380191,0.09874674479166666
training_episode,4403628,4810.201871199999,915.4767550122442,14300586,1276.0960693359375,56.496524810791016,11.260961532592773,3,3,12,2,0,0,0,30,0,0,LivesExhausted,,,,,,,,,
ppo_rollout,4405248,4811.1301182000025,915.6368445192134,,,,,,,,,,,,,,,,,,,-0.020551524219141963,2.409275272488594,-0.6913922200600306,0.9902946949005127,0.011102535,0.0990234375
training_episode,4408950,4813.791487300012,915.899662798423,9692510,26254.666015625,305.0364074707031,262.046630859375,1,42,42,27,6,7,5,147,6,1,MaxDuration,,,,,,,,,
training_episode,4408986,4813.818167999998,915.9020648741716,46347660,26254.666015625,302.8342590332031,262.046630859375,1,42,44,27,1,7,5,114,3,1,MaxDuration,,,,,,,,,
training_episode,4411392,4815.183323800011,916.1420663250367,65303609,27389.33203125,306.5679016113281,273.3932800292969,1,52,41,27,3,12,4,151,3,1,MaxDuration,,,,,,,,,
ppo_rollout,4411392,4815.1897492000135,916.1408438230083,,,,,,,,,,,,,,,,,,,-0.016091451206011697,2.007798707485199,-0.695795368651549,0.9917837381362915,0.008892852,0.08880208333333334
training_episode,4416108,4818.377383799991,916.5135165310064,23516738,29750.666015625,302.1335754394531,297.0066223144531,1,64,38,30,5,6,7,181,2,1,MaxDuration,,,,,,,,,
ppo_rollout,4417536,4819.168806900008,916.6593196891221,,,,,,,,,,,,,,,,,,,-0.01915246615341554,2.524372863769531,-0.7118111332257588,0.9946441054344177,0.010410299,0.09661458333333334
training_episode,4420386,4821.367410600011,916.8324302108913,24564028,732.4722900390625,35.61003112792969,5.824722766876221,3,4,9,1,0,1,1,15,0,0,LivesExhausted,,,,,,,,,
ppo_rollout,4423680,4823.175071900012,917.1717663272303,,,,,,,,,,,,,,,,,,,-0.016640858870232478,2.392598220705986,-0.6979600792129834,0.9909870624542236,0.013326011,0.118310546875
training_episode,4424154,4824.041120000009,917.1053666308698,38178798,625.2814331054688,31.390623092651367,4.752813816070557,3,4,9,1,0,1,0,5,0,0,LivesExhausted,,,,,,,,,
training_episode,4425618,4824.849414700002,917.2551554700024,72844097,26254.666015625,301.7532043457031,261.546630859375,2,50,40,27,2,4,2,119,1,1,MaxDuration,,,,,,,,,
ppo_rollout,4429824,4827.201770999993,917.6794777075016,,,,,,,,,,,,,,,,,,,-0.01782117552162769,2.878665057818095,-0.6850573832790057,0.9850185513496399,0.010658619,0.095458984375
training_episode,4429902,4827.831268500013,917.5759784530234,61742823,1043.181396484375,47.887969970703125,8.93181324005127,3,4,9,2,1,1,1,17,0,0,LivesExhausted,,,,,,,,,
training_episode,4435578,4831.0228909,918.1446869885707,8749949,2007.1832275390625,82.96931457519531,18.07183265686035,4,5,16,3,1,1,0,45,0,0,LivesExhausted,,,,,,,,,
ppo_rollout,4435968,4831.250619700004,918.1821331958662,,,,,,,,,,,,,,,,,,,-0.017674779740627856,1.8701410020391147,-0.6933371653159459,0.9937674403190613,0.010812274,0.10109049479166667
training_episode,4439676,4833.892969800014,918.4473110466236,60800262,26254.666015625,300.3518371582031,262.046630859375,1,46,42,27,4,7,5,135,2,1,MaxDuration,,,,,,,,,
training_episode,4439976,4834.08318690001,918.4732302563576,16918811,757.5589599609375,36.60986328125,6.075589656829834,3,5,5,1,0,0,1,13,0,0,LivesExhausted,,,,,,,,,
ppo_rollout,4442112,4835.272952600004,918.688984788626,,,,,,,,,,,,,,,,,,,-0.01425627755234018,2.5667767956852914,-0.7105043446024258,0.9888022541999817,0.011808417,0.10738932291666667
training_episode,4443096,4836.493008899997,918.6606890207269,19537036,488.51220703125,25.97049903869629,3.3851218223571777,3,4,7,1,3,0,1,0,0,0,LivesExhausted,,,,,,,,,
training_episode,4445154,4837.687645600003,918.8592413656509,42682145,26254.666015625,301.3828430175781,261.546630859375,2,57,40,27,2,7,5,162,1,1,MaxDuration,,,,,,,,,
training_episode,4445502,4837.905159200018,918.8898611512044,63104300,27389.33203125,304.5559387207031,272.3932800292969,3,62,38,27,5,11,8,131,3,1,MaxDuration,,,,,,,,,
training_episode,4448196,4839.484720800014,919.1466151100215,66874544,27389.33203125,306.6579895019531,272.8932800292969,2,47,42,27,3,2,6,178,3,1,MaxDuration,,,,,,,,,
ppo_rollout,4448256,4839.529275600013,919.1505509486764,,,,,,,,,,,,,,,,,,,-0.01578450933448039,2.223470467329025,-0.6967825666069984,0.9924382567405701,0.010809071,0.10716145833333333
training_episode,4453254,4842.871211099991,919.5483022123367,45300370,2049.364501953125,84.6396713256836,18.99364471435547,3,5,14,3,1,3,0,41,0,0,LivesExhausted,,,,,,,,,
ppo_rollout,4454400,4843.520359999995,919.6616652603489,,,,,,,,,,,,,,,,,,,-0.01860860507392014,1.887496959666411,-0.7175807838638624,0.9946974515914917,0.012610015,0.13264973958333334
training_episode,4459470,4847.002781799994,920.0469239970026,2780396,2330.577392578125,93.94165802001953,21.80577278137207,3,4,14,3,0,0,0,49,1,0,LivesExhausted,,,,,,,,,
ppo_rollout,4460544,4847.603129299998,920.1545343180992,,,,,,,,,,,,,,,,,,,-0.018665783297425756,2.151742596924305,-0.7108458911379179,0.9862924814224243,0.012672155,0.119384765625
training_episode,4465692,4851.060136400018,920.5600166634916,62266468,1142.5928955078125,51.827308654785156,9.425929069519043,4,4,9,2,1,0,0,15,0,0,LivesExhausted,,,,,,,,,
ppo_rollout,4466688,4851.6199838000175,920.659081897317,,,,,,,,,,,,,,,,,,,-0.01788364033369968,2.5760609994331998,-0.6998931194345156,0.987621009349823,0.012771464,0.12024739583333334
training_episode,4466694,4852.23188929999,920.5442159204782,11368174,30977.33203125,306.5679016113281,308.7732849121094,2,44,39,31,1,3,6,191,0,1,MaxDuration,,,,,,,,,
ppo_rollout,4472832,4855.647166500014,921.1608353380525,,,,,,,,,,,,,,,,,,,-0.019840167961471405,2.0437103137373924,-0.7027719542384148,0.9925320744514465,0.0119647235,0.115380859375
training_episode,4476258,4858.403441000002,921.3434113406306,42367958,26254.666015625,304.8362121582031,261.546630859375,2,50,38,27,8,4,5,147,3,1,MaxDuration,,,,,,,,,
ppo_rollout,4478976,4860.048511300003,921.5908009119705,,,,,,,,,,,,,,,,,,,-0.021316356712486596,1.4338835189739862,-0.6899615640441576,0.9955343008041382,0.012255479,0.12623697916666668
training_episode,4481886,4862.308885400009,921.7608559295154,53364503,27389.33203125,306.0674133300781,272.8932800292969,2,62,36,27,5,5,3,171,1,1,MaxDuration,,,,,,,,,
training_episode,4482006,4862.380795100005,921.7719032858713,39959191,24077.33203125,304.1755676269531,239.77330017089844,2,42,38,24,4,6,5,125,2,1,MaxDuration,,,,,,,,,
ppo_rollout,4485120,4864.073748499999,922.0912823090188,,,,,,,,,,,,,,,,,,,-0.018616664149643233,2.4600885023673373,-0.7001600568493207,0.9892328381538391,0.012623963,0.120703125
training_episode,4486806,4865.608054000011,922.1470266828011,68340750,867.8782958984375,40.96913146972656,7.178782939910889,3,4,9,1,0,0,0,31,0,0,LivesExhausted,,,,,,,,,
training_episode,4489848,4867.316637900018,922.4483085894171,50746278,27389.33203125,304.9162902832031,273.8932800292969,0,40,38,27,4,8,4,185,0,1,MaxDuration,,,,,,,,,
ppo_rollout,4491264,4868.145560200006,922.5821094419941,,,,,,,,,,,,,,,,,,,-0.01715550182464843,1.8890031437079111,-0.6847125043471655,0.9938277006149292,0.011172388,0.10372721354166667
ppo_rollout,4497408,4872.246476800006,923.0666021136532,,,,,,,,,,,,,,,,,,,-0.016832083475310355,1.9480242520570754,-0.7001602033774058,0.9939765930175781,0.013400641,0.12692057291666667
training_episode,4498710,4873.557101899991,923.0855217118818,45195641,1761.2742919921875,73.84736633300781,16.112743377685547,3,5,12,2,0,3,0,40,0,0,LivesExhausted,,,,,,,,,
validation,4500000,,,,,,,,,,,,,,,,,,16284.417025146484,25413.9775390625,12661.847292341596,,,,,,
training_episode,4502010,5134.720908899995,876.7779359140397,17337727,29750.666015625,302.6040344238281,297.0066223144531,1,51,37,30,1,4,8,117,2,1,MaxDuration,,,,,,,,,
training_episode,4503270,5135.459947800002,876.8971125807674,32313974,26254.666015625,304.7561340332031,262.546630859375,0,51,40,27,2,5,7,149,4,1,MaxDuration,,,,,,,,,
ppo_rollout,4503552,5135.619046900014,876.9248573292163,,,,,,,,,,,,,,,,,,,-0.01843112738376173,2.757250342766444,-0.6975183755159378,0.9919532537460327,0.009451007,0.095361328125
training_episode,4507578,5138.471015399991,877.2216456005676,69388040,738.8764038085938,35.86998748779297,5.888764381408691,3,3,4,1,0,0,1,10,0,0,LivesExhausted,,,,,,,,,
ppo_rollout,4509696,5139.662885500002,877.430310210177,,,,,,,,,,,,,,,,,,,-0.01621534792163099,2.918274149298668,-0.7025639827052752,0.9915173649787903,0.009483199,0.08740234375
training_episode,4513050,5142.098611599999,877.6669490194265,69073853,29750.666015625,306.5578918457031,296.5066223144531,2,64,33,30,3,8,4,87,1,1,MaxDuration,,,,,,,,,
ppo_rollout,4515840,5143.630901700002,877.9479100079842,,,,,,,,,,,,,,,,,,,-0.01747519396012649,2.2110644792517027,-0.7122745538751284,0.9916554093360901,0.011693627,0.11061197916666667
training_episode,4518534,5145.7248012000055,878.1141966523858,43310519,29750.666015625,304.3657531738281,297.0066223144531,1,59,42,30,5,13,4,122,2,1,MaxDuration,,,,,,,,,
ppo_rollout,4521984,5147.635565600009,878.4584577468854,,,,,,,,,,,,,,,,,,,-0.021023359262229254,1.9602855662504832,-0.7023632436990738,0.9927265644073486,0.01380774,0.12760416666666666
training_episode,4523424,5149.0895992000005,878.4900539898921,67398189,24077.33203125,305.1064758300781,239.77330017089844,2,39,41,24,5,9,3,186,0,1,MaxDuration,,,,,,,,,
ppo_rollout,4528128,5151.706433899992,878.9569161401294,,,,,,,,,,,,,,,,,,,-0.01803685644020637,2.650971775253614,-0.6914810076355934,0.9852110743522644,0.0114969285,0.10926106770833334
ppo_rollout,4534272,5155.722877299995,879.4638711021172,,,,,,,,,,,,,,,,,,,-0.019615220262979467,1.988406340777874,-0.6848526105284691,0.9881559610366821,0.011327908,0.11433919270833333
training_episode,4534800,5156.597152300004,879.4171555513768,12729651,27389.33203125,300.7121887207031,273.3932800292969,1,49,38,27,1,6,6,169,2,1,MaxDuration,,,,,,,,,
training_episode,4538256,5158.519452900015,879.759404115203,27601169,26254.666015625,302.0134582519531,262.546630859375,0,53,44,27,2,6,3,125,4,1,MaxDuration,,,,,,,,,
ppo_rollout,4540416,5159.707799600001,879.975412629372,,,,,,,,,,,,,,,,,,,-0.01795115888332172,2.0959093779325486,-0.6809705222646395,0.972544252872467,0.010338877,0.10476888020833333
training_episode,4543770,5162.163665400003,880.2064976078038,38074069,26254.666015625,301.5730285644531,262.046630859375,1,32,38,27,9,6,5,140,1,1,MaxDuration,,,,,,,,,
ppo_rollout,4546560,5163.7286774000095,880.4800337203696,,,,,,,,,,,,,,,,,,,-0.016387693917689225,2.101321218411128,-0.7126429771383603,0.9914575219154358,0.009347166,0.08382161458333333
training_episode,4549638,5166.098953900015,880.6718649021167,27182253,27389.33203125,304.8462219238281,272.8932800292969,2,56,40,27,3,8,3,165,3,1,MaxDuration,,,,,,,,,
ppo_rollout,4552704,5167.929264900013,880.9532341940992,,,,,,,,,,,,,,,,,,,-0.020338872944315276,2.090091440081596,-0.6931917195518812,0.9913018941879272,0.012937635,0.13069661458333334
training_episode,4555074,5169.97739320001,881.0626533863025,25611318,30977.33203125,304.4858703613281,308.7732849121094,2,62,42,31,6,2,8,177,3,1,MaxDuration,,,,,,,,,
ppo_rollout,4558848,5172.076110599999,881.4348247228597,,,,,,,,,,,,,,,,,,,-0.021731597317072252,1.9065762350956599,-0.6979326958457629,0.9929807186126709,0.012672762,0.122119140625
training_episode,4559652,5173.111904299993,881.4137572028797,39854462,26254.666015625,301.8432922363281,261.046630859375,3,42,43,27,7,8,5,143,3,1,MaxDuration,,,,,,,,,
ppo_rollout,4564992,5176.079281500017,881.9401233508686,,,,,,,,,,,,,,,,,,,-0.020369697810383513,2.219597255686919,-0.6915326793988545,0.9904012680053711,0.011707418,0.10953776041666667
ppo_rollout,4571136,5180.136076700001,882.4355060016178,,,,,,,,,,,,,,,,,,,-0.019851299561560155,1.6892945955197016,-0.6775576159358024,0.9853395819664001,0.015041108,0.14171549479166667
training_episode,4571250,5180.817661400011,882.3414176604532,58810411,29750.666015625,303.7151184082031,297.5066223144531,0,39,43,30,4,4,9,121,1,1,MaxDuration,,,,,,,,,
training_episode,4575036,5182.969027400017,882.7056414603002,31161955,27389.33203125,306.4678039550781,272.8932800292969,2,32,41,27,4,6,3,181,2,1,MaxDuration,,,,,,,,,
ppo_rollout,4577280,5184.212540900015,882.9267634936419,,,,,,,,,,,,,,,,,,,-0.021236471238080413,2.1230595976114275,-0.6492847740650177,0.9397417306900024,0.009465382,0.09762369791666667
training_episode,4580124,5186.441949500004,883.0955874174094,44776725,24077.33203125,302.9143371582031,239.27330017089844,3,32,43,24,5,6,4,161,1,1,MaxDuration,,,,,,,,,
training_episode,4581366,5187.117598300014,883.2199990031962,1942564,1165.212646484375,52.72715759277344,10.15212631225586,3,3,11,2,0,0,0,17,0,0,LivesExhausted,,,,,,,,,
ppo_rollout,4583424,5188.269081100007,883.4206415192774,,,,,,,,,,,,,,,,,,,-0.019641547937256594,1.9803476015726724,-0.6773685629169146,0.99490886926651,0.008522803,0.08678385416666666
training_episode,4584498,5189.469142899994,883.4233085810541,51898297,752.6614379882812,36.41989517211914,6.026614189147949,3,5,8,1,0,2,1,0,0,0,LivesExhausted,,,,,,,,,
training_episode,4586262,5190.479725000012,883.5911597747335,72425181,27389.33203125,305.1565246582031,273.3932800292969,1,33,40,27,7,2,7,176,1,1,MaxDuration,,,,,,,,,
ppo_rollout,4589568,5192.275870999991,883.9222171598686,,,,,,,,,,,,,,,,,,,-0.014737829963754242,3.048498813311259,-0.6789159998297691,0.9912030696868896,0.009667891,0.08097330729166667
training_episode,4590438,5193.361338000017,883.9049897051444,7912117,1083.1837158203125,49.47770309448242,9.331836700439453,3,5,9,2,0,1,1,35,0,0,LivesExhausted,,,,,,,,,
training_episode,4591674,5194.053088799992,884.0252345323712,44567267,30977.33203125,304.9563293457031,308.7732849121094,2,58,42,31,5,2,4,177,5,1,MaxDuration,,,,,,,,,
ppo_rollout,4595712,5196.306726500014,884.4189232638802,,,,,,,,,,,,,,,,,,,-0.016911951433091113,2.398416352272034,-0.693567140897115,0.9917659759521484,0.011414562,0.09886067708333333
training_episode,4596000,5197.1133501,884.3370714459337,65198880,29750.666015625,302.8742980957031,297.0066223144531,1,33,44,30,4,6,7,175,2,1,MaxDuration,,,,,,,,,
training_episode,4597254,5197.860637400008,884.4511849589653,4874976,2255.833740234375,91.59115600585938,21.058338165283203,3,4,17,3,1,1,0,35,0,0,LivesExhausted,,,,,,,,,
ppo_rollout,4601856,5200.514472900017,884.884759763743,,,,,,,,,,,,,,,,,,,-0.017761366536918406,2.544025635222594,-0.6789518604675929,0.9912518262863159,0.011646689,0.11236979166666666
training_episode,4607502,5204.319215900003,885.3227115514679,20793784,26254.666015625,302.0434875488281,262.046630859375,1,47,41,27,1,6,4,160,4,1,MaxDuration,,,,,,,,,
ppo_rollout,4608000,5204.63358210001,885.3649209519807,,,,,,,,,,,,,,,,,,,-0.01818836969905533,3.250365241865317,-0.6641902779539426,0.9794092178344727,0.01173615,0.10909830729166667
ppo_rollout,4614144,5208.675759400008,885.8574065918642,,,,,,,,,,,,,,,,,,,-0.018448247246366616,1.7748166094223659,-0.6688888773322106,0.9797565340995789,0.015837878,0.13640950520833334
training_episode,4614588,5209.515834799997,885.7997837676527,56087457,1339.78369140625,59.0161018371582,11.897836685180664,3,4,10,2,0,1,0,39,0,0,LivesExhausted,,,,,,,,,
training_episode,4617966,5211.451723500009,886.1189252077683,71796807,27389.33203125,304.9863586425781,273.3932800292969,1,47,44,27,3,5,8,168,4,1,MaxDuration,,,,,,,,,
ppo_rollout,4620288,5212.7523618999985,886.3432749596317,,,,,,,,,,,,,,,,,,,-0.01729818880169963,1.8497908448179563,-0.6748377452294032,0.9913403987884521,0.014876351,0.12198893229166667
training_episode,4623228,5214.985799799993,886.527437941885,73891387,1698.75390625,71.98696899414062,15.487539291381836,3,4,12,2,1,0,0,49,1,0,LivesExhausted,,,,,,,,,
training_episode,4623654,5215.233970900008,886.5669355965794,49698988,1030.71484375,47.39805221557617,8.307148933410645,4,5,10,2,2,0,0,19,0,0,LivesExhausted,,,,,,,,,
ppo_rollout,4626432,5216.799449300015,886.833401391493,,,,,,,,,,,,,,,,,,,-0.01933934804595386,1.9895994861920674,-0.6664457971851031,0.9948172569274902,0.009512985,0.10289713541666666
training_episode,4626804,5217.638855600002,886.7620255154553,49175343,494.2703857421875,26.21050453186035,3.4427037239074707,3,4,6,1,0,0,0,14,0,0,LivesExhausted,,,,,,,,,
training_episode,4626804,5217.638855600002,886.7620255154553,60276617,27389.33203125,303.0144348144531,273.3932800292969,1,44,42,27,7,2,6,189,2,1,MaxDuration,,,,,,,,,
training_episode,4627008,5217.765095400013,886.7796681914974,13567483,627.2137451171875,31.46062469482422,4.77213716506958,3,5,6,1,0,0,0,20,0,0,LivesExhausted,,,,,,,,,
training_episode,4628478,5218.5701233000145,886.9245580000247,65513067,27389.33203125,306.6679992675781,272.8932800292969,2,48,44,27,1,8,6,198,2,1,MaxDuration,,,,,,,,,
training_episode,4629570,5219.16077409999,887.0334140642256,63418487,440.41241455078125,23.04043197631836,2.9041240215301514,3,3,5,1,0,0,0,5,0,0,LivesExhausted,,,,,,,,,
training_episode,4632450,5220.733966900007,887.3177659252917,4665518,30977.33203125,303.7051086425781,309.2732849121094,1,51,38,31,4,3,9,178,3,1,MaxDuration,,,,,,,,,
ppo_rollout,4632576,5220.812371800013,887.3285745763732,,,,,,,,,,,,,,,,,,,-0.018926126918328616,3.036959199110667,-0.6660567924380303,0.9919692873954773,0.011101498,0.094580078125
training_episode,4633920,5222.181639399991,887.353278759645,8331033,28554.666015625,305.5068664550781,284.546630859375,2,49,39,28,4,7,9,159,2,1,MaxDuration,,,,,,,,,
ppo_rollout,4638720,5224.825383999996,887.8229718844137,,,,,,,,,,,,,,,,,,,-0.018131041266800214,3.1474311610062915,-0.6713537340362866,0.99173504114151,0.014585328,0.10594075520833333
ppo_rollout,4644864,5228.867716100009,888.3116292458834,,,,,,,,,,,,,,,,,,,-0.02169995873894853,1.7038439966738224,-0.6748846684892972,0.9894325137138367,0.019972997,0.17392578125
ppo_rollout,4651008,5233.047643600003,888.7761619537642,,,,,,,,,,,,,,,,,,,-0.020568440295755865,2.108425820370515,-0.6562289347251257,0.9789092540740967,0.014004979,0.12693684895833332
ppo_rollout,4657152,5237.2068406000035,889.2434730468752,,,,,,,,,,,,,,,,,,,-0.018867600639350713,1.97815596361955,-0.670174965262413,0.9672312140464783,0.009515119,0.09464518229166667
ppo_rollout,4663296,5241.270503600012,889.7262594626579,,,,,,,,,,,,,,,,,,,-0.019869972383215403,2.061353345712026,-0.6690875356396039,0.9497916102409363,0.011636847,0.12916666666666668
training_episode,4663476,5241.984552700014,889.639401474001,61638094,27389.33203125,305.5569152832031,272.8932800292969,2,47,40,27,2,8,3,176,2,1,MaxDuration,,,,,,,,,
training_episode,4663518,5242.012572200008,889.6426583812596,45614557,30977.33203125,304.2356262207031,309.7732849121094,0,48,42,31,5,7,9,172,2,1,MaxDuration,,,,,,,,,
training_episode,4665078,5242.8641565,889.7957034069494,11053987,29750.666015625,304.9863586425781,297.5066223144531,0,53,47,30,4,3,7,158,0,1,MaxDuration,,,,,,,,,
training_episode,4665738,5243.24317989999,889.8572581729835,37550424,27389.33203125,301.3828430175781,273.3932800292969,1,47,40,27,3,5,9,118,7,1,MaxDuration,,,,,,,,,
training_episode,4666674,5243.783914300002,889.9439939303752,49489530,504.73907470703125,26.61051368713379,3.5473904609680176,3,3,6,1,0,0,2,0,0,1,LivesExhausted,,,,,,,,,
training_episode,4668612,5244.8366828,890.1348664125844,25925505,24077.33203125,301.3227844238281,239.27330017089844,3,41,40,24,2,2,8,134,4,1,MaxDuration,,,,,,,,,
ppo_rollout,4669440,5245.281890899991,890.2171698533466,,,,,,,,,,,,,,,,,,,-0.0200978350728595,2.3586153725783032,-0.6602035383383433,0.9370171427726746,0.012930815,0.11744791666666667
training_episode,4669836,5246.127411599999,890.149177405465,27286982,1162.887939453125,52.627174377441406,10.12887954711914,3,6,11,2,0,3,1,34,1,0,LivesExhausted,,,,,,,,,
training_episode,4670388,5246.442435600009,890.2009423202356,1628377,28554.666015625,303.8452453613281,285.546630859375,0,45,38,28,2,4,9,151,5,1,MaxDuration,,,,,,,,,
ppo_rollout,4675584,5249.255490800017,890.7137418238742,,,,,,,,,,,,,,,,,,,-0.01617225012353932,3.7751570334037146,-0.6949051707983017,0.9875496625900269,0.013763356,0.09694010416666667
training_episode,4679490,5252.081115400011,890.9782421826893,16395166,1811.381591796875,75.8377914428711,16.613815307617188,3,8,16,2,1,5,0,38,0,0,LivesExhausted,,,,,,,,,
ppo_rollout,4681728,5253.337235400017,891.1912162142983,,,,,,,,,,,,,,,,,,,-0.018245164716305832,2.8351550410191217,-0.6976629301905632,0.9779044389724731,0.018194899,0.148779296875
ppo_rollout,4687872,5257.379298899992,891.6746792419655,,,,,,,,,,,,,,,,,,,-0.020586269624376048,2.4499959662556647,-0.6816855018337568,0.9836280941963196,0.0139204115,0.124755859375
ppo_rollout,4694016,5261.431103900017,892.1557476102989,,,,,,,,,,,,,,,,,,,-0.01794590142380912,2.1739000995953877,-0.685324139893055,0.985675573348999,0.010853509,0.10387369791666666
ppo_rollout,4700160,5265.604087000014,892.6155332498296,,,,,,,,,,,,,,,,,,,-0.02121925736234213,2.0603138759732245,-0.6729443748792012,0.9571422338485718,0.0109960595,0.10939127604166667
training_episode,4701666,5267.113219599996,892.6457062863482,29381562,27389.33203125,304.8862609863281,273.3932800292969,1,47,39,27,4,8,4,160,0,1,MaxDuration,,,,,,,,,
training_episode,4701972,5267.295104799996,892.6729766318149,51479381,29750.666015625,301.9333801269531,296.5066223144531,2,55,41,30,3,7,9,132,3,1,MaxDuration,,,,,,,,,
training_episode,4702698,5267.737361100008,892.735851777163,71692078,28554.666015625,300.1416320800781,285.546630859375,0,37,41,28,3,9,9,145,2,1,MaxDuration,,,,,,,,,
training_episode,4704648,5268.834627500008,892.9200350006607,48128053,26254.666015625,300.2817687988281,261.546630859375,2,38,43,27,1,5,5,147,2,1,MaxDuration,,,,,,,,,
ppo_rollout,4706304,5269.747717099992,893.0795652187194,,,,,,,,,,,,,,,,,,,-0.019481532089412213,2.5730954269568125,-0.6927535240848859,0.8593275547027588,0.010668811,0.09762369791666667
training_episode,4706508,5270.462461799994,892.9971580506448,67084002,27389.33203125,305.5769348144531,273.3932800292969,1,43,42,27,8,8,8,175,2,1,MaxDuration,,,,,,,,,
training_episode,4708206,5271.401982100011,893.1601148968635,68445479,1225.150390625,54.476863861083984,10.751503944396973,3,3,11,2,0,0,1,22,0,0,LivesExhausted,,,,,,,,,
training_episode,4709880,5272.334455200005,893.3196556517262,15243147,1528.8570556640625,65.88566589355469,13.788569450378418,3,5,11,2,0,1,0,42,1,0,LivesExhausted,,,,,,,,,
ppo_rollout,4712448,5273.737244799995,893.5689779855003,,,,,,,,,,,,,,,,,,,-0.018430466907254108,2.275148148338,-0.7031422853469849,0.9964762330055237,0.01025088,0.084326171875
training_episode,4715064,5275.766151699994,893.7211893822623,60695533,1292.1798095703125,57.136417388916016,11.421798706054688,3,4,12,2,0,1,0,15,1,0,LivesExhausted,,,,,,,,,
training_episode,4715526,5276.023267700017,893.7652016943521,39330817,26254.666015625,300.2417297363281,261.546630859375,2,46,39,27,7,6,6,124,1,1,MaxDuration,,,,,,,,,
ppo_rollout,4718592,5277.701766400016,894.0618869448944,,,,,,,,,,,,,,,,,,,-0.020618139017218103,4.007709170381228,-0.7224939088026683,0.9839320778846741,0.01310009,0.10535481770833334
training_episode,4719600,5278.8707264999975,894.0548546316069,33675451,689.9534912109375,33.940311431884766,5.399535179138184,3,3,9,1,0,0,0,0,0,0,LivesExhausted,,,,,,,,,
ppo_rollout,4724736,5281.732133700018,894.5429038049637,,,,,,,,,,,,,,,,,,,-0.020886883254085355,2.0312969237565994,-0.687029080092907,0.9911768436431885,0.015980685,0.13592122395833334
ppo_rollout,4730880,5285.740173400001,895.0269678043799,,,,,,,,,,,,,,,,,,,-0.023327621478044118,1.8104649677872657,-0.6985214586059253,0.9931020736694336,0.014731404,0.142822265625
ppo_rollout,4737024,5289.763229600008,895.5077560925531,,,,,,,,,,,,,,,,,,,-0.019925426067008326,2.028777418533961,-0.695956661303838,0.978761613368988,0.012554848,0.11943359375
training_episode,4739130,5291.543384599994,895.6044873018171,38911901,27389.33203125,303.5849914550781,272.8932800292969,2,39,41,27,3,5,8,143,1,1,MaxDuration,,,,,,,,,
training_episode,4740894,5292.547861600004,895.7678086196406,37131508,29750.666015625,302.0034484863281,297.0066223144531,1,47,42,30,5,4,7,156,0,1,MaxDuration,,,,,,,,,
training_episode,4742886,5293.638448799989,895.9595646497469,64046861,29750.666015625,303.0945129394531,296.5066223144531,2,43,39,30,2,5,7,142,2,1,MaxDuration,,,,,,,,,
ppo_rollout,4743168,5293.795596400014,895.9862377809861,,,,,,,,,,,,,,,,,,,-0.019651782407891005,2.0110073109467823,-0.6791417762637139,0.910048246383667,0.01093693,0.10037434895833333
training_episode,4746504,5296.301944900013,896.1921071306307,39645004,30977.33203125,305.1465148925781,309.7732849121094,0,56,41,31,4,2,11,153,1,1,MaxDuration,,,,,,,,,
training_episode,4746804,5296.474954300007,896.2194744537119,67817105,1077.11376953125,49.23774337768555,9.271137237548828,3,4,9,2,0,1,1,17,0,0,LivesExhausted,,,,,,,,,
training_episode,4748796,5297.642596699996,896.3979568871099,32942348,1076.3023681640625,49.20774841308594,9.263023376464844,3,4,7,2,1,1,0,28,0,0,LivesExhausted,,,,,,,,,
ppo_rollout,4749312,5297.944507900014,896.4442705879757,,,,,,,,,,,,,,,,,,,-0.01951480295198659,2.3611315220594404,-0.6984984288613002,0.9940919876098633,0.012037138,0.110595703125
training_episode,4751496,5299.856157900009,896.5330111681203,73786658,27389.33203125,303.5749816894531,273.3932800292969,1,39,41,27,4,3,4,108,1,1,MaxDuration,,,,,,,,,
ppo_rollout,4755456,5302.123740500014,896.8964574847021,,,,,,,,,,,,,,,,,,,-0.018919853542077664,3.35214649438858,-0.7276629487673442,0.9926586151123047,0.009609892,0.10139973958333333
training_episode,4755840,5302.94504749999,896.8299609746255,8121575,26254.666015625,301.9533996582031,261.546630859375,2,38,45,27,6,5,1,191,2,1,MaxDuration,,,,,,,,,
training_episode,4757232,5303.7092660999915,896.963193364889,27915356,1040.2861328125,47.77798843383789,8.902860641479492,3,3,10,2,1,0,2,18,1,1,LivesExhausted,,,,,,,,,
training_episode,4759728,5305.100057500007,897.1985350721151,68026563,2243.74853515625,91.1010513305664,20.43748664855957,4,6,13,3,3,2,0,34,0,0,LivesExhausted,,,,,,,,,
training_episode,4760808,5305.684550500009,897.3032517644382,45928744,585.124755859375,29.800586700439453,4.351247310638428,3,3,6,1,0,0,0,7,2,0,LivesExhausted,,,,,,,,,
training_episode,4760886,5305.730773299991,897.3101356665493,39749733,894.342529296875,42.01895523071289,7.443425178527832,3,4,9,1,1,1,1,10,0,0,LivesExhausted,,,,,,,,,
ppo_rollout,4761600,5306.13792519999,897.3758441871889,,,,,,,,,,,,,,,,,,,-0.022531795183507106,2.3859056452910106,-0.7221774240334828,0.9905896782875061,0.01493686,0.13045247395833334
training_episode,4767408,5309.984487700014,897.8195719861645,16499895,1220.8397216796875,54.30689239501953,10.70839786529541,3,5,9,2,0,1,1,21,2,0,LivesExhausted,,,,,,,,,
ppo_rollout,4767744,5310.204253400007,897.8456896356329,,,,,,,,,,,,,,,,,,,-0.017909599198416497,4.925453037023544,-0.7424507449070613,0.9834153056144714,0.012425031,0.10480143229166666
training_episode,4772670,5313.528923200007,898.2109759789769,55773270,940.3165893554688,43.83864974975586,7.903165817260742,3,4,6,1,0,1,1,18,1,0,LivesExhausted,,,,,,,,,
training_episode,4773060,5313.7500606999965,898.2469904448668,10949258,2566.712158203125,102.06339263916016,24.16712188720703,3,7,16,3,2,3,0,56,0,1,LivesExhausted,,,,,,,,,
ppo_rollout,4773888,5314.197493100015,898.3271709789567,,,,,,,,,,,,,,,,,,,-0.018728465885700037,3.8538890838623048,-0.7422305072347323,0.9883394241333008,0.012995958,0.1095703125
training_episode,4775292,5315.605881900003,898.3532839144813,10739800,27389.33203125,301.3127746582031,272.3932800292969,3,47,41,27,6,8,7,133,4,1,MaxDuration,,,,,,,,,
ppo_rollout,4780032,5318.243987599999,898.7989289594663,,,,,,,,,,,,,,,,,,,-0.016277141050280382,2.955983094871044,-0.7050332993268966,0.9906512498855591,0.009275879,0.09298502604166667
training_episode,4782804,5320.379125200008,898.9592447173961,52317213,26254.666015625,302.4739074707031,261.546630859375,2,35,40,27,7,5,5,166,2,1,MaxDuration,,,,,,,,,
training_episode,4783122,5320.557995900017,898.9887909662556,50851007,26254.666015625,302.6240539550781,261.546630859375,2,46,41,27,9,10,6,162,2,1,MaxDuration,,,,,,,,,
ppo_rollout,4786176,5322.251894200017,899.2764895655894,,,,,,,,,,,,,,,,,,,-0.017939049323710304,2.5853964080413183,-0.7139301990469297,0.9950652122497559,0.012332124,0.09775390625
ppo_rollout,4792320,5326.279895899992,899.7499368534842,,,,,,,,,,,,,,,,,,,-0.018964763838448563,2.643020452558994,-0.7098024691144625,0.9892231225967407,0.016079567,0.13605143229166666
training_episode,4795800,5328.890440599993,899.9622066653014,62999571,26254.666015625,300.5420227050781,261.046630859375,3,50,38,27,4,4,6,174,2,1,MaxDuration,,,,,,,,,
ppo_rollout,4798464,5330.485776799993,900.1926280123428,,,,,,,,,,,,,,,,,,,-0.02325269766539956,1.6565538401405016,-0.7081120933095614,0.9737170338630676,0.013728821,0.12986653645833332
ppo_rollout,4804608,5334.635924500006,900.6440304453048,,,,,,,,,,,,,,,,,,,-0.01938119049494465,1.979268422226111,-0.7054336463411649,0.9881402254104614,0.011132526,0.11261393229166666
training_episode,4809174,5337.87604860001,900.9527303020318,27705898,27389.33203125,304.1655578613281,273.3932800292969,1,41,41,27,1,8,6,154,3,1,MaxDuration,,,,,,,,,
training_episode,4809192,5337.890550000011,900.9536548103239,45090912,29750.666015625,301.0425109863281,297.0066223144531,1,51,38,30,3,3,12,170,2,1,MaxDuration,,,,,,,,,
ppo_rollout,4810752,5338.757912100002,901.0994840385429,,,,,,,,,,,,,,,,,,,-0.024378435102213793,2.0999901190400125,-0.7148461272319158,0.9734370112419128,0.012752512,0.12395833333333334
training_episode,4811958,5340.018924300006,901.1125369056203,72320452,27389.33203125,305.5168762207031,272.8932800292969,2,61,40,27,3,10,3,126,5,1,MaxDuration,,,,,,,,,
training_episode,4814454,5341.394493500004,901.3477671156394,35141657,940.5818481445312,43.83864974975586,7.905817985534668,3,3,9,1,0,0,0,8,0,0,LivesExhausted,,,,,,,,,
ppo_rollout,4816896,5342.758352600009,901.5747451231624,,,,,,,,,,,,,,,,,,,-0.019942181023846692,2.3524456202983854,-0.6838938896854718,0.9901914000511169,0.012724284,0.10849609375
training_episode,4819320,5344.679291800014,901.7042439560336,63209029,1413.2410888671875,61.30571746826172,12.632411003112793,3,5,11,2,0,2,1,27,0,1,LivesExhausted,,,,,,,,,
training_episode,4819518,5344.796650500008,901.7214901055463,56506373,29750.666015625,305.9072570800781,297.0066223144531,1,53,41,30,2,4,2,136,5,1,MaxDuration,,,,,,,,,
training_episode,4819680,5344.891158400016,901.7358552615996,21526887,30977.33203125,304.6159973144531,309.2732849121094,1,51,42,31,1,8,7,117,2,1,MaxDuration,,,,,,,,,
training_episode,4819794,5344.955871600017,901.7462661590114,35036928,955.9454956054688,44.45854568481445,8.059454917907715,3,4,8,1,0,1,1,14,1,0,LivesExhausted,,,,,,,,,
ppo_rollout,4823040,5346.720325900009,902.0557848587567,,,,,,,,,,,,,,,,,,,-0.020811177006301782,2.3486645172039666,-0.7255539824565251,0.9936020970344543,0.013864756,0.12205403645833333
training_episode,4825680,5348.802958400018,902.1981249882311,43834164,1130.0238037109375,51.327392578125,9.800237655639648,3,4,10,2,0,1,0,31,0,0,LivesExhausted,,,,,,,,,
training_episode,4826772,5349.404003500007,902.3008912473128,43938893,1433.218505859375,62.095584869384766,12.832185745239258,3,3,13,2,0,0,1,17,1,1,LivesExhausted,,,,,,,,,
ppo_rollout,4829184,5350.748232999991,902.5249908445857,,,,,,,,,,,,,,,,,,,-0.016752148915353853,3.4371066331863402,-0.7224308018883069,0.9882517457008362,0.013946951,0.12174479166666667
training_episode,4832190,5353.001156899991,902.7066982362468,60904991,29750.666015625,303.2146301269531,297.0066223144531,1,43,39,30,0,4,6,146,2,1,MaxDuration,,,,,,,,,
ppo_rollout,4835328,5354.736566800013,903.0001643740223,,,,,,,,,,,,,,,,,,,-0.01635771815975507,3.614371934533119,-0.7192917237679164,0.988463282585144,0.011474359,0.10372721354166667
ppo_rollout,4841472,5358.721707199991,903.4751689931923,,,,,,,,,,,,,,,,,,,-0.016163338500579508,3.6960838943719865,-0.6994674677650133,0.9834030270576477,0.0121679725,0.09698893229166666
training_episode,4845216,5361.4575049999985,903.7124691338948,31895058,26254.666015625,300.3318176269531,261.546630859375,2,50,42,27,8,11,4,176,2,1,MaxDuration,,,,,,,,,
ppo_rollout,4847616,5362.857248699991,903.9241164166937,,,,,,,,,,,,,,,,,,,-0.02094833921873942,1.958228320380052,-0.6998914991815884,0.9726127982139587,0.014627761,0.1291015625
ppo_rollout,4853760,5367.110173599998,904.3525925506262,,,,,,,,,,,,,,,,,,,-0.020423366278798007,1.9107332661747933,-0.6882721980412801,0.9853956699371338,0.010647327,0.10584309895833334
training_episode,4855692,5368.794396500016,904.4287490624499,25401860,28554.666015625,300.0415344238281,284.546630859375,2,55,39,28,3,0,5,137,2,1,MaxDuration,,,,,,,,,
training_episode,4856094,5369.028669499996,904.4641589615941,61847552,23034.666015625,302.4839172363281,229.3466339111328,2,40,44,23,1,5,4,164,2,1,MaxDuration,,,,,,,,,
training_episode,4858674,5370.457753399998,904.7038861676192,3408770,470.5552062988281,24.850473403930664,3.205551862716675,3,4,6,1,0,0,0,10,0,0,LivesExhausted,,,,,,,,,
ppo_rollout,4859904,5371.150322100002,904.8162327543803,,,,,,,,,,,,,,,,,,,-0.02357559423156393,2.0404061247905094,-0.7033355588714282,0.9914313554763794,0.014104747,0.125146484375
training_episode,4861194,5372.468187399994,904.8343946272066,21841074,906.3641967773438,42.48887634277344,7.563641548156738,3,6,9,1,1,2,0,21,0,0,LivesExhausted,,,,,,,,,
training_episode,4862196,5373.042885900009,904.924100412342,28334272,27389.33203125,304.2456359863281,272.8932800292969,2,48,40,27,6,4,5,95,5,1,MaxDuration,,,,,,,,,
training_episode,4863000,5373.501276700001,904.9965282573614,21212700,28554.666015625,301.8633117675781,284.546630859375,2,55,38,28,1,5,6,172,0,1,MaxDuration,,,,,,,,,
ppo_rollout,4866048,5375.189897600008,905.2792724909426,,,,,,,,,,,,,,,,,,,-0.020412608115778615,2.1428415566682815,-0.7246503109733263,0.9937180280685425,0.012788187,0.1142578125
training_episode,4866060,5375.816545300011,905.1759781970828,22259990,856.7921752929688,40.529205322265625,7.0679216384887695,3,4,7,1,0,2,1,29,0,0,LivesExhausted,,,,,,,,,
training_episode,4868844,5377.37391970001,905.431549434007,26134963,29750.666015625,305.4067687988281,296.5066223144531,2,60,37,30,2,6,7,134,2,1,MaxDuration,,,,,,,,,
ppo_rollout,4872192,5379.241943500005,905.7395170498518,,,,,,,,,,,,,,,,,,,-0.019947228650562466,3.1646688342094422,-0.7204900105794271,0.9913448691368103,0.016207734,0.11678059895833333
training_episode,4873212,5380.429702499998,905.7291460820832,26449150,1368.78857421875,59.55601119995117,11.687885284423828,4,4,12,2,2,0,1,26,1,0,LivesExhausted,,,,,,,,,
ppo_rollout,4878336,5383.358306800015,906.1882419823154,,,,,,,,,,,,,,,,,,,-0.0218633851618506,1.588941768805186,-0.703039042154948,0.9939767718315125,0.016698485,0.1587890625
training_episode,4882002,5385.999593799992,906.4245020775418,50536820,25150.666015625,306.4978332519531,249.5066375732422,4,42,44,26,5,2,4,171,2,1,MaxDuration,,,,,,,,,
ppo_rollout,4884480,5387.3888003000175,906.6507321186822,,,,,,,,,,,,,,,,,,,-0.01694821208366193,3.5782706608374912,-0.699879043797652,0.9750934839248657,0.009930824,0.09401041666666667
ppo_rollout,4890624,5391.505446399999,907.0980357194212,,,,,,,,,,,,,,,,,,,-0.021318710732157343,1.8219300011793773,-0.6978040670355161,0.9882084727287292,0.014939103,0.12880859375
training_episode,4894698,5394.3376606999955,907.3770141717158,44253080,26254.666015625,300.1416320800781,261.046630859375,3,50,37,27,8,3,3,155,1,1,MaxDuration,,,,,,,,,
training_episode,4896618,5395.47577759999,907.5414665614733,15662063,285.2733459472656,15.970270156860352,1.3527333736419678,3,3,4,1,0,0,0,10,0,0,LivesExhausted,,,,,,,,,
ppo_rollout,4896768,5395.559476800001,907.5551888650805,,,,,,,,,,,,,,,,,,,-0.022924816876184195,1.7637738679846129,-0.6728837341070175,0.9798275232315063,0.011795471,0.11443684895833334
training_episode,4898736,5397.341415200004,907.6201824483753,36398405,30977.33203125,304.4458312988281,309.2732849121094,1,53,39,31,2,6,9,192,2,1,MaxDuration,,,,,,,,,
training_episode,4899558,5397.77659210001,907.699293663027,60590804,24077.33203125,304.6360168457031,238.27330017089844,5,43,44,24,5,2,3,193,3,1,MaxDuration,,,,,,,,,
ppo_rollout,4902912,5399.683204000001,907.9999353236129,,,,,,,,,,,,,,,,,,,-0.021792251647760472,2.502291198571523,-0.6818836708863576,0.985971987247467,0.010533468,0.09964192708333333
training_episode,4905384,5401.631775699992,908.1300250912265,28753188,27389.33203125,304.4558410644531,272.8932800292969,2,41,41,27,3,7,7,186,1,1,MaxDuration,,,,,,,,,
ppo_rollout,4909056,5403.637435300014,908.4724981603888,,,,,,,,,,,,,,,,,,,-0.025730774730133514,1.9597641174991927,-0.6912580013275147,0.9952337145805359,0.0143525945,0.14739583333333334
training_episode,4909260,5404.389306700003,908.3838564171951,46033473,29750.666015625,300.3718566894531,296.5066223144531,2,50,44,30,3,5,7,160,1,1,MaxDuration,,,,,,,,,
training_episode,4912068,5405.914346400008,908.647027171476,6341182,1255.2882080078125,55.67666244506836,10.552882194519043,4,4,12,2,1,0,1,9,0,0,LivesExhausted,,,,,,,,,
ppo_rollout,4915200,5407.6281489999965,908.9382377205321,,,,,,,,,,,,,,,,,,,-0.0222844496233544,2.6354851404825848,-0.6818834081292152,0.9910734295845032,0.012295677,0.115576171875
training_episode,4918410,5409.9834704000095,909.135864630717,72739368,1168.097900390625,52.82714080810547,10.180977821350098,3,4,11,2,1,0,0,29,0,0,LivesExhausted,,,,,,,,,
training_episode,4918746,5410.175766500004,909.1656560322949,71063704,29750.666015625,306.1675109863281,297.0066223144531,1,49,41,30,4,7,7,158,0,1,MaxDuration,,,,,,,,,
ppo_rollout,4921344,5411.611357899994,909.4045515326428,,,,,,,,,,,,,,,,,,,-0.0176595741417259,2.3520518923799196,-0.6859047825137774,0.9909038543701172,0.011901249,0.10963541666666667
training_episode,4925352,5414.438547700003,909.6699420648588,22888364,1238.686767578125,55.01677322387695,10.386868476867676,4,6,10,2,1,1,1,26,0,0,LivesExhausted,,,,,,,,,
training_episode,4927272,5415.519068299996,909.8429786429939,37969340,1761.0811767578125,73.84736633300781,15.61081314086914,4,5,14,2,1,0,0,43,0,0,LivesExhausted,,,,,,,,,
ppo_rollout,4927488,5415.642268800002,909.8621650820065,,,,,,,,,,,,,,,,,,,-0.02048083763414373,2.2531723295648893,-0.7111218959093094,0.9922642111778259,0.011137675,0.11549479166666667
training_episode,4930416,5417.847845200013,910.0322011383437,42263229,897.9760131835938,42.158931732177734,7.47976016998291,3,4,8,1,0,1,0,14,1,0,LivesExhausted,,,,,,,,,
training_episode,4932354,5418.9248263000045,910.2089728319352,6550640,901.8468017578125,42.318904876708984,7.018468379974365,4,5,5,1,1,0,0,24,0,0,LivesExhausted,,,,,,,,,
training_episode,4932786,5419.171657500003,910.2472318205944,7074285,29750.666015625,301.3528137207031,297.5066223144531,0,45,39,30,1,4,4,117,2,1,MaxDuration,,,,,,,,,
ppo_rollout,4933632,5419.654383599991,910.3222550370174,,,,,,,,,,,,,,,,,,,-0.0162432114535477,3.137837879359722,-0.705197740594546,0.9912243485450745,0.010972633,0.104345703125
training_episode,4935486,5421.297373700014,910.3883553673335,3827686,25150.666015625,306.2175598144531,251.0066375732422,1,52,44,26,3,4,3,171,1,1,MaxDuration,,,,,,,,,
training_episode,4935564,5421.345809999999,910.3946091939117,56401644,26254.666015625,300.0115051269531,261.546630859375,2,41,37,27,3,8,5,118,4,1,MaxDuration,,,,,,,,,
training_episode,4936872,5422.069358100009,910.5143578853018,26239692,783.3018798828125,37.619693756103516,6.333018779754639,3,5,7,1,0,0,1,19,0,0,LivesExhausted,,,,,,,,,
ppo_rollout,4939776,5423.654471599992,910.7836839286618,,,,,,,,,,,,,,,,,,,-0.02114734421290147,2.564727446436882,-0.7056069125731786,0.9958702921867371,0.01053771,0.10984700520833333
training_episode,4939938,5424.334960600012,910.6992904902704,28124814,770.0819091796875,37.09978103637695,6.2008185386657715,3,4,6,1,0,0,0,20,0,0,LivesExhausted,,,,,,,,,
training_episode,4941714,5425.325156700012,910.8604290559847,19118120,1128.0313720703125,51.247406005859375,9.780313491821289,3,4,11,2,0,2,0,7,0,0,LivesExhausted,,,,,,,,,
training_episode,4945692,5427.555221999995,911.2191028390064,61952281,27389.33203125,303.5649719238281,273.8932800292969,0,38,38,27,4,11,6,148,4,1,MaxDuration,,,,,,,,,
ppo_rollout,4945920,5427.690089100011,911.2384677106913,,,,,,,,,,,,,,,,,,,-0.018498525673445936,2.952179661889871,-0.7260835871100426,0.9915347099304199,0.014621899,0.12994791666666666
training_episode,4948986,5430.068329700007,911.4040007436545,37759882,1800.23828125,75.39769744873047,16.502382278442383,3,7,14,2,1,3,0,18,0,0,LivesExhausted,,,,,,,,,
ppo_rollout,4952064,5431.876971999998,911.6671871485092,,,,,,,,,,,,,,,,,,,-0.021128044087284557,2.679468983411789,-0.6945299481352171,0.989891767501831,0.012777377,0.12018229166666666
ppo_rollout,4958208,5435.935132600018,912.1168444900998,,,,,,,,,,,,,,,,,,,-0.020012310129823165,2.9679394935568175,-0.7127810686826705,0.9860881567001343,0.014507096,0.134130859375
ppo_rollout,4964352,5439.944723599998,912.5739786404918,,,,,,,,,,,,,,,,,,,-0.015298483578953892,3.2130606124798455,-0.6726925616463025,0.9755380153656006,0.010945129,0.09910481770833333
training_episode,4966698,5441.8874444999965,912.679295677043,46661847,28554.666015625,302.3237609863281,284.546630859375,2,52,41,28,0,8,6,163,4,1,MaxDuration,,,,,,,,,
training_episode,4969098,5443.2517978000105,912.8914451483489,5922266,23034.666015625,302.5439758300781,228.84661865234375,3,41,40,23,8,5,2,165,2,1,MaxDuration,,,,,,,,,
ppo_rollout,4970496,5444.057279500004,913.0131710253612,,,,,,,,,,,,,,,,,,,-0.021199975238414482,2.0198964521288874,-0.6850319370627403,0.9422444105148315,0.013947313,0.11935221354166667
training_episode,4972308,5445.709770299989,913.0688578223825,8645220,508.1126403808594,26.750516891479492,3.5811262130737305,3,3,5,1,0,0,0,18,0,0,LivesExhausted,,,,,,,,,
training_episode,4972938,5446.076281499991,913.1230895337962,64779964,26254.666015625,300.5320129394531,261.546630859375,2,54,39,27,6,7,5,180,4,1,MaxDuration,,,,,,,,,
ppo_rollout,4976640,5448.1070626,913.4622251026393,,,,,,,,,,,,,,,,,,,-0.022080880537396298,2.306584699948629,-0.7082796012361844,0.992706298828125,0.013018343,0.131982421875
training_episode,4977732,5449.328119100013,913.4579330161715,39226088,26254.666015625,300.1316223144531,262.046630859375,1,31,41,27,5,3,8,127,1,1,MaxDuration,,,,,,,,,
training_episode,4981044,5451.201898300002,913.751516257979,48023324,1718.024658203125,72.75713348388672,15.680246353149414,3,5,13,2,0,3,0,38,0,0,LivesExhausted,,,,,,,,,
training_episode,4981980,5451.721995500004,913.8360327456644,58286766,27389.33203125,302.3638000488281,273.3932800292969,1,52,38,27,3,4,8,130,1,1,MaxDuration,,,,,,,,,
ppo_rollout,4982784,5452.1671597000095,913.9088832107935,,,,,,,,,,,,,,,,,,,-0.016720624931622297,2.8212346990903217,-0.6992072552442551,0.9928958415985107,0.012644588,0.09446614583333333
training_episode,4985100,5454.0530019,914.0175202300687,45719286,26254.666015625,300.9123840332031,261.546630859375,2,34,42,27,6,3,8,129,0,1,MaxDuration,,,,,,,,,
ppo_rollout,4988928,5456.148440699995,914.3680847803229,,,,,,,,,,,,,,,,,,,-0.02097933751065284,2.898022308945656,-0.7120081081986427,0.9931985139846802,0.012005913,0.11551106770833333
ppo_rollout,4995072,5460.397614799993,914.7817342937146,,,,,,,,,,,,,,,,,,,-0.02111390036297962,1.7853912288943927,-0.7156321162978808,0.9918633699417114,0.016695818,0.13683268229166667
validation,5000004,,,,,,,,,,,,,,,,,,18550.85130584717,25879.9609375,12024.31433202877,,,,,,
ppo_rollout,5001216,5750.041236499994,869.7704580366109,,,,,,,,,,,,,,,,,,,-0.023737440850042427,1.537679319580396,-0.7021168207128843,0.9782235026359558,0.014150211,0.13990885416666668
