kind,total_timesteps,wall_seconds,transitions_per_second,seed,final_score,survival_time,episode_reward,life_loss_count,collisions,obstacles_avoided,max_level,hearts_collected,shields_collected,boosts_collected,gold_collected,diamonds_collected,turbo_activations,terminal_reason,mean_final_score,median_final_score,std_final_score,policy_gradient_loss,value_loss,entropy_loss,explained_variance,approx_kl,clip_fraction
training_episode,2334,1.5910585999954492,1466.9478547218034,42053771,323.3199768066406,19.440349578857422,1.7331995964050293,3,5,2,1,0,1,0,0,0,0,LivesExhausted,,,,,,,,,
training_episode,2484,1.6769180000119377,1481.2888882952636,24564028,354.3363952636719,20.670377731323242,2.0433640480041504,3,5,2,1,0,0,0,0,0,0,LivesExhausted,,,,,,,,,
training_episode,2742,1.8335707999940496,1495.442663031555,36398405,408.6646728515625,22.810426712036133,2.586646556854248,3,6,3,1,0,0,0,9,0,0,LivesExhausted,,,,,,,,,
training_episode,2850,1.8967550999950618,1502.566145733532,53992877,431.39404296875,23.710447311401367,2.8139405250549316,3,5,3,1,0,0,0,15,0,0,LivesExhausted,,,,,,,,,
training_episode,2964,1.9644032000214793,1508.8552085272468,66560357,455.40960693359375,24.66046905517578,3.054096221923828,3,5,3,1,0,0,1,0,0,0,LivesExhausted,,,,,,,,,
training_episode,3462,2.282545399997616,1516.7277724261762,27810627,560.2415161132812,28.810564041137695,4.102415084838867,3,5,4,1,0,0,0,5,0,0,LivesExhausted,,,,,,,,,
training_episode,4344,2.775364900007844,1565.199588705515,69492769,268.9872131347656,15.48025894165039,1.1898720264434814,3,5,1,1,0,0,0,5,0,0,LivesExhausted,,,,,,,,,
training_episode,4884,3.087092700006906,1582.0710534507352,4874976,381.00421142578125,21.210390090942383,2.310041904449463,3,5,5,1,0,0,0,7,0,0,LivesExhausted,,,,,,,,,
training_episode,5316,3.3385738000215497,1592.296686676714,64361048,371.3589172363281,20.53037452697754,2.2135889530181885,3,5,4,1,0,0,0,14,0,0,LivesExhausted,,,,,,,,,
training_episode,5532,3.47179710000637,1593.4110896025145,44567267,388.1507263183594,21.380393981933594,2.381507158279419,3,7,3,1,0,0,0,6,0,0,LivesExhausted,,,,,,,,,
training_episode,5640,3.5451784000033513,1590.893140947341,33675451,441.9097900390625,24.140457153320312,2.919097900390625,3,5,5,1,0,0,0,5,0,0,LivesExhausted,,,,,,,,,
training_episode,5682,3.5744874000083655,1589.598553344097,21003242,345.28759765625,18.490327835083008,1.952876091003418,3,6,3,1,0,0,1,15,0,0,LivesExhausted,,,,,,,,,
ppo_rollout,6144,3.8458748999983072,1597.5558643373201,,,,,,,,,,,,,,,,,,,,,,,,
training_episode,6900,4.987779500021134,1383.3811217939294,14300586,379.1366882324219,21.300392150878906,2.2913668155670166,3,8,3,1,0,0,0,13,0,0,LivesExhausted,,,,,,,,,
training_episode,7056,5.115352199994959,1379.3771619492697,71482620,288.949951171875,18.09031867980957,1.389499545097351,3,5,2,1,0,0,0,3,0,0,LivesExhausted,,,,,,,,,
training_episode,8604,6.062283200008096,1419.2672490108198,45824015,447.1535339355469,24.34046173095703,2.9715356826782227,3,7,2,1,0,0,0,16,0,0,LivesExhausted,,,,,,,,,
training_episode,8610,6.069572300009895,1418.5513532783789,54830709,524.8085327148438,27.410531997680664,3.7480850219726562,3,6,3,1,0,0,0,10,0,0,LivesExhausted,,,,,,,,,
training_episode,8724,6.146906200010562,1419.25054916,40168649,251.3384552001953,15.190252304077148,1.0133845806121826,3,3,2,1,0,0,0,0,0,0,LivesExhausted,,,,,,,,,
training_episode,8724,6.146906200010562,1419.25054916,46976034,480.5773010253906,25.660491943359375,3.3057727813720703,3,9,4,1,0,0,0,6,0,0,LivesExhausted,,,,,,,,,
training_episode,9174,6.413496199995279,1430.4210549008749,33570722,304.73663330078125,17.62030792236328,1.5473663806915283,3,6,2,1,0,0,0,10,1,0,LivesExhausted,,,,,,,,,
training_episode,10578,7.302694800018799,1448.506378764832,41844313,276.7101745605469,16.380279541015625,1.267101764678955,3,5,2,1,0,0,0,15,0,0,LivesExhausted,,,,,,,,,
training_episode,10944,7.528730699996231,1453.631486646943,37759882,248.03048706054688,14.740242004394531,0.9803048372268677,3,3,2,1,0,0,0,3,0,0,LivesExhausted,,,,,,,,,
training_episode,10998,7.573218000004999,1452.2228199416338,17756643,982.7703857421875,45.50836944580078,7.827703475952148,4,8,5,1,1,0,0,28,0,0,LivesExhausted,,,,,,,,,
training_episode,11202,7.691787100018701,1456.3585619748583,6864827,353.6160583496094,20.640377044677734,2.036160469055176,3,5,5,1,0,0,0,9,0,0,LivesExhausted,,,,,,,,,
training_episode,11304,7.751904700009618,1458.2222611671136,47918595,400.3769226074219,22.490419387817383,2.5037691593170166,3,7,2,1,0,0,0,0,0,0,LivesExhausted,,,,,,,,,
training_episode,11766,8.0334647000127,1464.6233523602086,26868066,472.0496520996094,25.320484161376953,2.720496416091919,4,9,4,1,1,2,0,5,0,0,LivesExhausted,,,,,,,,,
ppo_rollout,12288,8.34778880001977,1472.0065749592152,,,,,,,,,,,,,,,,,,,-0.007277549878926948,0.05469538442169627,-1.0937317103147506,-0.04423260688781738,0.0080596255,0.053450520833333334
training_episode,12804,9.323081800015643,1373.3656182206314,26972795,319.08203125,18.550329208374023,1.6908202171325684,3,6,2,1,0,0,0,0,0,0,LivesExhausted,,,,,,,,,
training_episode,13998,10.053927600005409,1392.2917049842758,68550208,399.1927185058594,22.45041847229004,2.491927146911621,3,7,3,1,0,0,0,8,0,0,LivesExhausted,,,,,,,,,
training_episode,14064,10.096229600021616,1392.9952623076133,68864395,488.0686950683594,25.960498809814453,3.3806867599487305,3,5,5,1,0,0,1,10,1,0,LivesExhausted,,,,,,,,,
training_episode,14286,10.22576110000955,1397.0598237413017,57030018,480.6983947753906,25.67049217224121,3.3069839477539062,3,4,3,1,0,0,0,12,0,0,LivesExhausted,,,,,,,,,
training_episode,14700,10.469238699995913,1404.1135579424451,11368174,449.50335693359375,24.44046401977539,2.9950337409973145,3,8,3,1,0,0,0,6,0,0,LivesExhausted,,,,,,,,,
training_episode,14868,10.576046200003475,1405.8183671696816,70540059,647.0938110351562,32.240596771240234,4.470938205718994,4,10,5,1,1,0,0,15,0,0,LivesExhausted,,,,,,,,,
training_episode,15348,10.883087800000794,1410.2615252262212,35560573,368.2087097167969,21.17038917541504,2.182086944580078,3,5,3,1,0,0,0,8,0,0,LivesExhausted,,,,,,,,,
training_episode,16500,11.798244800011162,1398.5131076432988,38074069,344.06756591796875,20.270368576049805,1.9406757354736328,3,6,3,1,0,1,0,5,0,0,LivesExhausted,,,,,,,,,
training_episode,17238,12.263085900020087,1405.6820722402151,53469232,514.3652954101562,26.990522384643555,3.64365291595459,3,6,4,1,0,0,0,0,0,0,LivesExhausted,,,,,,,,,
training_episode,18114,12.796256600006018,1415.5702379390768,51269923,637.4423828125,31.860633850097656,4.874423980712891,3,5,4,1,0,0,0,20,0,0,LivesExhausted,,,,,,,,,
training_episode,18336,12.93110180000076,1417.9766182027058,15347876,597.3282470703125,30.270597457885742,3.9732823371887207,4,7,5,1,1,0,0,6,0,0,LivesExhausted,,,,,,,,,
ppo_rollout,18432,13.003031200001715,1417.5156328162598,,,,,,,,,,,,,,,,,,,-0.010303240806873266,0.04786776037265857,-1.0849635173877081,0.23575645685195923,0.010113391,0.084033203125
training_episode,18948,14.004358900012448,1353.0073126005902,46242931,589.2957763671875,29.960590362548828,4.39295768737793,3,5,4,1,0,0,1,0,0,0,LivesExhausted,,,,,,,,,
training_episode,18960,14.016951199999312,1352.6479281743473,43310519,693.2251586914062,34.070289611816406,5.432251930236816,3,7,5,1,0,0,0,4,0,0,LivesExhausted,,,,,,,,,
training_episode,19290,14.225552599993534,1356.0105918141112,21736345,418.987548828125,23.220436096191406,2.689875602722168,3,3,5,1,0,0,0,7,0,0,LivesExhausted,,,,,,,,,
training_episode,20838,15.204319600015879,1370.5315691981532,53678690,358.8446350097656,20.85038185119629,2.0884461402893066,3,6,2,1,0,0,0,5,0,0,LivesExhausted,,,,,,,,,
training_episode,20880,15.235270900011528,1370.5040190643542,53364503,414.0151672363281,23.030431747436523,2.6401517391204834,3,4,3,1,0,0,0,18,0,0,LivesExhausted,,,,,,,,,
training_episode,21372,15.562835200020345,1373.2716259805964,67921834,702.884765625,34.450225830078125,5.028847694396973,4,6,6,1,1,1,0,14,0,0,LivesExhausted,,,,,,,,,
training_episode,21390,15.578380999999354,1373.0566738610955,3094583,346.0645751953125,20.350370407104492,1.9606456756591797,3,3,4,1,0,0,0,5,1,0,LivesExhausted,,,,,,,,,
training_episode,21732,15.794954900018638,1375.882371147154,66769815,345.2866516113281,20.320369720458984,1.952866554260254,3,3,5,1,0,0,0,9,0,0,LivesExhausted,,,,,,,,,
training_episode,22182,16.08106970001245,1379.3858501827667,17651914,510.626708984375,26.85051918029785,3.606266975402832,3,4,4,1,0,0,0,0,0,0,LivesExhausted,,,,,,,,,
training_episode,23010,16.580671600007918,1387.7604330568258,54935438,221.3843231201172,13.460212707519531,0.7138433456420898,3,3,3,1,0,0,0,5,1,0,LivesExhausted,,,,,,,,,
training_episode,23226,16.719862199999625,1389.126281196296,52421942,334.25286865234375,19.880359649658203,1.8425285816192627,3,5,3,1,0,0,0,5,1,0,LivesExhausted,,,,,,,,,
training_episode,23988,17.230570600018837,1392.1767628504292,8645220,382.74298095703125,21.800403594970703,2.32742977142334,3,3,5,1,0,0,0,10,0,0,LivesExhausted,,,,,,,,,
training_episode,24282,17.40584370002034,1395.0487214803395,48337511,547.7437133789062,28.320552825927734,3.9774370193481445,3,6,5,1,0,0,0,13,0,0,LivesExhausted,,,,,,,,,
training_episode,24288,17.41381480000564,1394.7546978616158,67502918,296.0026550292969,17.510305404663086,1.460026502609253,3,3,4,1,0,0,0,4,0,0,LivesExhausted,,,,,,,,,
ppo_rollout,24576,17.59033130001626,1397.1311614794477,,,,,,,,,,,,,,,,,,,-0.011801008098215486,0.04711707156772415,-1.0722877730925877,0.47519606351852417,0.010109321,0.09563802083333334
training_episode,24990,18.513853800017387,1349.8000076016874,2256751,517.630859375,27.120525360107422,3.6763086318969727,3,5,4,1,0,0,0,13,0,0,LivesExhausted,,,,,,,,,
training_episode,25734,18.991172500012908,1355.050616278827,13986399,405.40887451171875,22.6904239654541,2.554088592529297,3,4,3,1,0,0,0,0,0,0,LivesExhausted,,,,,,,,,
training_episode,26748,19.627201700001024,1362.8025231940528,7074285,573.1790771484375,29.320575714111328,4.231791019439697,3,6,5,1,0,1,0,10,0,0,LivesExhausted,,,,,,,,,
training_episode,26886,19.71877430001041,1363.472170782228,63732674,264.4825134277344,15.790266036987305,1.1448249816894531,3,3,3,1,0,0,0,0,0,0,LivesExhausted,,,,,,,,,
training_episode,26988,19.810583400016185,1362.3021318987483,19222849,399.8281555175781,22.47041893005371,2.498281478881836,3,5,2,1,0,0,0,13,0,0,LivesExhausted,,,,,,,,,
training_episode,27030,19.85052100001485,1361.6771066099361,39749733,410.77484130859375,22.900428771972656,2.607748508453369,3,5,2,1,0,0,0,7,0,0,LivesExhausted,,,,,,,,,
training_episode,27210,20.001613900007214,1360.3902233104393,73472471,510.5561828613281,26.85051918029785,3.6055617332458496,3,6,3,1,0,0,0,0,1,0,LivesExhausted,,,,,,,,,
training_episode,29304,21.265362100006314,1378.0155664497854,9797239,369.49554443359375,21.280391693115234,2.194955348968506,3,7,1,1,0,0,0,10,0,0,LivesExhausted,,,,,,,,,
training_episode,29352,21.29810090002138,1378.151044442208,73786658,350.6631164550781,20.53037452697754,2.0066311359405518,3,7,3,1,0,0,0,2,0,0,LivesExhausted,,,,,,,,,
training_episode,29454,21.375003399996785,1377.9646930958818,42786874,315.9436340332031,18.690332412719727,1.6594362258911133,3,4,2,1,0,0,0,6,0,0,LivesExhausted,,,,,,,,,
training_episode,30270,21.891604400007054,1382.721862084729,16290437,513.3629150390625,26.960521697998047,3.6336288452148438,3,4,4,1,0,0,0,18,0,0,LivesExhausted,,,,,,,,,
training_episode,30402,21.97180140001001,1383.682632412022,56087457,814.6405639648438,38.869483947753906,6.6464056968688965,3,8,6,1,0,0,1,14,0,0,LivesExhausted,,,,,,,,,
ppo_rollout,30720,22.17271090002032,1385.486877924875,,,,,,,,,,,,,,,,,,,-0.014308007544605062,0.03382032113149762,-1.0508277823527654,0.6722985506057739,0.011195713,0.12369791666666667
training_episode,31284,23.16028969999752,1350.7603059042629,58600953,265.4192810058594,16.080272674560547,1.1541928052902222,3,3,2,1,0,0,0,0,0,0,LivesExhausted,,,,,,,,,
training_episode,31926,23.54658510000445,1355.8653989275908,6131724,383.24810791015625,21.81040382385254,2.3324809074401855,3,3,3,1,0,0,0,5,0,0,LivesExhausted,,,,,,,,,
training_episode,32682,23.984052800020436,1362.6554391162845,11053987,1031.280517578125,47.42804718017578,8.81280517578125,3,7,5,2,0,1,0,24,0,0,LivesExhausted,,,,,,,,,
training_episode,32730,24.016261900018435,1362.826577102529,26658608,521.138916015625,27.260528564453125,3.7113890647888184,3,6,3,1,0,1,0,15,0,0,LivesExhausted,,,,,,,,,
training_episode,33336,24.416871599998558,1365.2854692491387,52526671,476.88519287109375,25.520488739013672,3.2688517570495605,3,4,4,1,0,0,0,6,0,0,LivesExhausted,,,,,,,,,
training_episode,34032,24.840674400009448,1370.0111137074064,55354354,595.5936279296875,30.210596084594727,4.455936431884766,3,5,3,1,0,0,0,5,0,0,LivesExhausted,,,,,,,,,
training_episode,34332,25.02400679999846,1371.962542785199,31790329,473.44036865234375,25.38048553466797,3.234403371810913,3,5,5,1,0,0,0,10,0,0,LivesExhausted,,,,,,,,,
training_episode,34662,25.24871680000797,1372.822241801574,5084434,268.2625427246094,16.080272674560547,1.1826252937316895,3,5,3,1,0,0,0,0,0,0,LivesExhausted,,,,,,,,,
training_episode,34680,25.261931000015466,1372.8166702687442,21631616,410.9953918457031,22.910429000854492,2.6099538803100586,3,4,5,1,0,0,0,0,0,0,LivesExhausted,,,,,,,,,
training_episode,36588,26.45588660001522,1382.9814344599947,30219394,654.861328125,32.55054473876953,4.54861307144165,4,7,3,1,1,0,0,10,0,0,LivesExhausted,,,,,,,,,
training_episode,36786,26.57814270001836,1384.06962499959,53050316,348.41778564453125,20.440372467041016,1.984177589416504,3,4,4,1,0,0,0,8,0,0,LivesExhausted,,,,,,,,,
ppo_rollout,36864,26.63444980001077,1384.0721425371848,,,,,,,,,,,,,,,,,,,-0.011444058362394571,0.038970920241748294,-1.0390409966309866,0.6963142156600952,0.009261421,0.10818684895833333
training_episode,36996,27.436622800014447,1348.4166863270257,38597714,323.3677978515625,19.450349807739258,1.733677864074707,3,7,3,1,0,0,0,10,0,0,LivesExhausted,,,,,,,,,
training_episode,37392,27.639432900003158,1352.8497540192197,53783419,402.8713073730469,22.590421676635742,2.5287129878997803,3,4,4,1,0,0,0,5,0,0,LivesExhausted,,,,,,,,,
training_episode,37488,27.698689200013177,1353.42144638318,60800262,560.0918579101562,28.80056381225586,4.100918292999268,3,4,5,1,0,0,0,8,0,0,LivesExhausted,,,,,,,,,
training_episode,39006,28.717196800018428,1358.2802065128783,1733106,1026.9666748046875,47.248077392578125,8.76966667175293,3,8,5,2,0,3,0,35,0,0,LivesExhausted,,,,,,,,,
training_episode,39294,28.893184700020356,1359.974693269874,44253080,401.2792053222656,22.52042007446289,2.5127921104431152,3,5,3,1,0,0,0,5,0,0,LivesExhausted,,,,,,,,,
training_episode,39312,28.909652700007427,1359.8226311445762,66455628,363.5926208496094,21.040386199951172,2.1359262466430664,3,5,3,1,0,0,0,0,0,0,LivesExhausted,,,,,,,,,
training_episode,40110,29.438025600014953,1362.5234431476147,11891819,384.1065368652344,21.850404739379883,2.3410654067993164,3,3,4,1,0,0,0,8,0,0,LivesExhausted,,,,,,,,,
training_episode,40296,29.557571200013626,1363.3055208535343,30952497,442.5743103027344,24.160457611083984,2.9257431030273438,3,7,4,1,0,0,0,15,0,0,LivesExhausted,,,,,,,,,
training_episode,41946,30.631444700004067,1369.377135515728,4351331,874.1060791015625,41.20909118652344,7.241060733795166,3,5,7,1,0,0,0,22,0,0,LivesExhausted,,,,,,,,,
training_episode,41964,30.647504900000058,1369.2468648565227,43624706,389.7896728515625,22.070409774780273,2.3978967666625977,3,3,5,1,0,0,1,13,0,0,LivesExhausted,,,,,,,,,
training_episode,42084,30.722450400004163,1369.8126110407618,45928744,418.4957580566406,23.21043586730957,2.684957504272461,3,4,2,1,0,0,0,10,0,0,LivesExhausted,,,,,,,,,
training_episode,42306,30.869150300015463,1370.4944771343062,35351115,526.5610961914062,27.480533599853516,3.765610694885254,3,5,6,1,0,0,0,15,1,0,LivesExhausted,,,,,,,,,
training_episode,42798,31.16231010001502,1373.3898373593097,32104516,398.1286315917969,22.40041732788086,2.4812862873077393,3,3,3,1,0,0,0,19,0,0,LivesExhausted,,,,,,,,,
training_episode,42936,31.247712700016564,1374.0525718535948,5922266,387.0500793457031,21.970407485961914,2.3705010414123535,3,5,4,1,0,0,0,15,1,0,LivesExhausted,,,,,,,,,
ppo_rollout,43008,31.299446799996076,1374.0817936758356,,,,,,,,,,,,,,,,,,,-0.01220200229048108,0.0416908483641843,-1.0403314014275868,0.6920482516288757,0.0090021,0.08733723958333334
training_episode,44088,32.758458399999654,1345.8508780132481,29905207,281.8427734375,17.810312271118164,1.3184276819229126,3,5,3,1,0,0,0,0,0,0,LivesExhausted,,,,,,,,,
training_episode,44820,33.24264750001021,1348.2680643888618,18385017,433.1105041503906,23.790449142456055,2.8311047554016113,3,5,5,1,0,0,0,2,0,0,LivesExhausted,,,,,,,,,
training_episode,45468,33.64960940001765,1351.219250704769,15557334,543.976318359375,28.170549392700195,3.939763069152832,3,3,5,1,0,0,1,10,0,0,LivesExhausted,,,,,,,,,
training_episode,45492,33.6674023999949,1351.2179959570296,4979705,502.4505310058594,26.5305118560791,3.524505138397217,3,7,4,1,0,0,0,20,0,0,LivesExhausted,,,,,,,,,
training_episode,46224,34.12943960001576,1354.3732490696582,40273378,553.2864379882812,28.540557861328125,3.532864570617676,4,12,1,1,1,0,0,10,0,0,LivesExhausted,,,,,,,,,
training_episode,47130,34.68638309999369,1358.7464528698172,41320668,472.47906494140625,25.340484619140625,3.224790573120117,3,6,4,1,0,0,0,4,0,0,LivesExhausted,,,,,,,,,
training_episode,47580,34.947966300009284,1361.4526119074162,46766576,292.4606018066406,17.580307006835938,1.4246060848236084,3,5,2,1,0,0,0,8,1,0,LivesExhausted,,,,,,,,,
training_episode,47814,35.07362430001376,1363.2466263254476,55144896,859.510986328125,40.63918685913086,6.595109939575195,4,6,6,1,1,1,1,17,0,0,LivesExhausted,,,,,,,,,
training_episode,48006,35.1893529999943,1364.2194558111876,55982728,502.4262390136719,26.520511627197266,3.5242624282836914,3,5,4,1,0,0,0,17,0,0,LivesExhausted,,,,,,,,,
training_episode,48030,35.20860390001326,1364.1551973034043,2152022,365.85638427734375,21.130388259887695,2.1585636138916016,3,5,3,1,0,0,0,2,0,0,LivesExhausted,,,,,,,,,
ppo_rollout,49152,35.86299230001168,1370.549328087829,,,,,,,,,,,,,,,,,,,-0.011020866707743457,0.031037068739533425,-1.0449812571207682,0.8066425919532776,0.009887145,0.0912109375
training_episode,49320,36.57001440000022,1348.645900451155,19641765,324.925537109375,18.250322341918945,1.7492551803588867,3,3,3,1,0,0,0,10,1,0,LivesExhausted,,,,,,,,,
training_episode,49656,36.77447390000452,1350.2844428181988,41634855,314.9718017578125,17.260299682617188,1.6497180461883545,3,4,4,1,0,0,0,0,0,0,LivesExhausted,,,,,,,,,
training_episode,50202,37.10331619999488,1353.0326973847941,8435762,669.5479125976562,33.13044738769531,5.195478916168213,3,5,5,1,0,0,0,16,0,0,LivesExhausted,,,,,,,,,
training_episode,50202,37.10331619999488,1353.0326973847941,19327578,289.03887939453125,18.09031867980957,1.3903887271881104,3,4,3,1,0,0,0,13,0,0,LivesExhausted,,,,,,,,,
training_episode,51186,37.64184349999414,1359.8165031425194,22155261,501.4942321777344,26.490510940551758,3.514942169189453,3,4,5,1,0,0,1,28,0,0,LivesExhausted,,,,,,,,,
training_episode,51792,38.00351110001793,1362.8214473050507,9483052,379.54168701171875,20.570375442504883,2.295416831970215,3,4,4,1,0,1,0,0,0,0,LivesExhausted,,,,,,,,,
training_episode,52602,38.46751560000121,1367.439492245201,18280288,840.4009399414062,39.87931442260742,6.9040093421936035,3,5,6,1,0,0,1,19,0,0,LivesExhausted,,,,,,,,,
training_episode,52668,38.51144160001422,1367.5935725028935,26344421,466.5559387207031,25.100479125976562,3.1655592918395996,3,4,5,1,0,0,0,10,0,0,LivesExhausted,,,,,,,,,
training_episode,52722,38.54843819999951,1367.6818688856938,59124598,386.8522644042969,21.000385284423828,2.3685226440429688,3,4,4,1,0,0,0,12,0,0,LivesExhausted,,,,,,,,,
training_episode,53220,38.857029300008435,1369.6363556024198,62580655,466.5367736816406,25.1104793548584,3.165367841720581,3,5,5,1,0,0,0,15,0,0,LivesExhausted,,,,,,,,,
training_episode,53664,39.132245999993756,1371.349858119786,55877999,366.90576171875,20.65037727355957,2.1690573692321777,3,4,4,1,0,0,0,5,0,0,LivesExhausted,,,,,,,,,
training_episode,53862,39.27384209999582,1371.4471801068257,14091128,302.8643493652344,17.240299224853516,1.5286434888839722,3,4,2,1,0,1,0,5,1,0,LivesExhausted,,,,,,,,,
ppo_rollout,55296,40.205473400012124,1375.3351303651937,,,,,,,,,,,,,,,,,,,-0.010056941737032806,0.03288262152733902,-1.0285424043734868,0.8174850344657898,0.008629606,0.09034830729166667
training_episode,55410,40.99717970000347,1351.5563852309408,7283743,296.14703369140625,18.220321655273438,1.461470127105713,3,3,1,1,0,0,0,8,0,0,LivesExhausted,,,,,,,,,
training_episode,55788,41.21964150000713,1353.4324406967573,54411793,477.1650085449219,25.530488967895508,3.2716498374938965,3,4,5,1,0,0,0,14,1,0,LivesExhausted,,,,,,,,,
training_episode,55794,41.22789750000811,1353.3069446480754,17547185,287.13970947265625,17.730310440063477,1.3713970184326172,3,4,4,1,1,0,0,5,0,0,LivesExhausted,,,,,,,,,
training_episode,55872,41.283252399996854,1353.38174082438,49280072,506.0448913574219,26.670515060424805,3.56044864654541,3,5,4,1,0,0,1,15,0,0,LivesExhausted,,,,,,,,,
training_episode,56160,41.461705099995015,1354.5029048987847,59648243,580.7388305664062,29.620582580566406,4.3073883056640625,3,3,4,1,0,0,1,12,0,0,LivesExhausted,,,,,,,,,
training_episode,56172,41.474337099993136,1354.3796942328777,6236453,317.20379638671875,19.210344314575195,1.6720378398895264,3,5,2,1,0,0,1,10,1,0,LivesExhausted,,,,,,,,,
training_episode,57384,42.176095800008625,1360.5811280423984,34408554,226.96624755859375,13.250207901000977,0.7696624994277954,3,4,2,1,0,0,0,5,0,0,LivesExhausted,,,,,,,,,
training_episode,57972,42.55354009999428,1362.3308393091318,27077524,313.681640625,17.480304718017578,1.6368162631988525,3,5,2,1,0,0,0,4,0,0,LivesExhausted,,,,,,,,,
training_episode,60102,43.79274050000822,1372.419248345253,64570506,740.072509765625,35.90998077392578,5.9007248878479,3,5,5,1,0,0,0,15,0,0,LivesExhausted,,,,,,,,,
training_episode,60258,43.88769480001065,1373.0044440608299,45614557,692.5158081054688,34.0402946472168,5.4251580238342285,3,5,5,1,0,0,1,10,0,0,LivesExhausted,,,,,,,,,
training_episode,60588,44.086515200004214,1374.297780741677,29381562,390.12457275390625,21.76040267944336,2.401245594024658,3,3,5,1,0,0,0,9,0,0,LivesExhausted,,,,,,,,,
training_episode,60642,44.1244171000144,1374.3411014936719,44148351,517.8516235351562,27.130525588989258,3.678515911102295,3,4,4,1,0,0,0,7,0,0,LivesExhausted,,,,,,,,,
training_episode,60960,44.30989570001839,1375.7649174510402,11996548,842.3894653320312,39.95930099487305,6.923894882202148,3,8,5,1,0,1,1,23,1,0,LivesExhausted,,,,,,,,,
ppo_rollout,61440,44.62221050000517,1376.8927919873643,,,,,,,,,,,,,,,,,,,-0.010893443573149853,0.03807430585535864,-1.0156727333863576,0.8165292739868164,0.010138082,0.11290690104166666
training_episode,62544,46.0041135000065,1359.5305993667537,50536820,312.7012939453125,19.020339965820312,1.6270127296447754,3,4,4,1,0,0,0,5,0,0,LivesExhausted,,,,,,,,,
training_episode,62802,46.20421660001739,1359.226594915936,35665302,1419.4224853515625,61.5556755065918,12.694225311279297,3,4,11,2,0,0,0,45,0,0,LivesExhausted,,,,,,,,,
training_episode,63384,46.58805140000186,1360.5205217919347,12624922,522.8300170898438,27.340530395507812,3.728300094604492,3,3,5,1,0,0,0,7,0,0,LivesExhausted,,,,,,,,,
training_episode,64020,46.98947739999858,1362.4326879617934,54307064,475.26470947265625,25.460487365722656,3.2526469230651855,3,5,3,1,0,0,0,15,0,0,LivesExhausted,,,,,,,,,
training_episode,64794,47.448514000017894,1365.5643673050658,43101061,717.4762573242188,35.030128479003906,5.67476224899292,3,4,5,1,0,0,0,15,0,0,LivesExhausted,,,,,,,,,
training_episode,65010,47.59371060002013,1365.9367840920665,61114449,350.373291015625,20.520374298095703,2.003732681274414,3,7,2,1,0,0,0,10,0,0,LivesExhausted,,,,,,,,,
training_episode,65664,47.96929090001504,1368.8757696432701,71587349,433.71917724609375,23.810449600219727,2.837191581726074,3,6,3,1,0,0,0,20,0,0,LivesExhausted,,,,,,,,,
training_episode,65688,47.98777850001352,1368.8485287974206,64779964,894.6221313476562,42.028953552246094,7.446221351623535,3,4,7,1,0,1,0,21,0,0,LivesExhausted,,,,,,,,,
training_episode,66900,48.6840460000094,1374.1668061029086,25506589,572.58203125,29.29057502746582,4.225820064544678,3,4,6,1,0,0,0,7,0,0,LivesExhausted,,,,,,,,,
training_episode,67152,48.85655990001396,1374.4725403800035,44776725,351.01849365234375,19.62035369873047,2.0101847648620605,3,4,3,1,0,1,0,6,0,0,LivesExhausted,,,,,,,,,
ppo_rollout,67584,49.12579970000661,1375.733329792307,,,,,,,,,,,,,,,,,,,-0.009699799005951111,0.05022700896176199,-1.0045827612280847,0.7947030663490295,0.0092891315,0.08406575520833333
training_episode,67716,49.96650850001606,1355.2277722182296,35455844,407.2151184082031,22.540420532226562,2.5721511840820312,3,3,5,1,0,0,0,5,0,0,LivesExhausted,,,,,,,,,
training_episode,67734,49.9851499000215,1355.082462200856,59962430,613.9873657226562,30.930612564086914,4.639873504638672,3,6,6,1,0,0,0,5,0,0,LivesExhausted,,,,,,,,,
training_episode,68862,50.82739380002022,1354.8205967619888,17128269,505.6993713378906,26.650514602661133,3.5569934844970703,3,3,6,1,0,0,1,10,0,0,LivesExhausted,,,,,,,,,
training_episode,70212,51.74185960000614,1356.9670773872162,71692078,784.2139892578125,37.65968704223633,6.342139720916748,3,4,5,1,0,0,0,10,0,0,LivesExhausted,,,,,,,,,
training_episode,70860,52.15193069999805,1358.7224681597963,39121359,665.1434936523438,32.96047592163086,5.151434898376465,3,3,5,1,0,0,0,17,0,0,LivesExhausted,,,,,,,,,
training_episode,70932,52.1972602000169,1358.9218998888573,44462538,628.0899658203125,31.490625381469727,4.780900001525879,3,6,3,1,0,0,0,5,1,0,LivesExhausted,,,,,,,,,
training_episode,71472,52.51695180000388,1360.9319952951785,38178798,623.0526733398438,31.290620803833008,4.730526447296143,3,4,3,1,0,1,0,0,0,0,LivesExhausted,,,,,,,,,
training_episode,73110,53.424093000008725,1368.4836914309067,2989854,442.1408996582031,24.15045738220215,2.9214086532592773,3,5,4,1,0,0,0,10,1,0,LivesExhausted,,,,,,,,,
training_episode,73158,53.456073900015326,1368.5629089939398,55249625,346.8665466308594,18.520328521728516,1.968665361404419,3,4,3,1,0,0,0,0,0,0,LivesExhausted,,,,,,,,,
training_episode,73272,53.52682260001893,1368.8837939723717,28334272,373.3336486816406,20.090364456176758,2.2333364486694336,3,3,4,1,0,0,0,5,0,0,LivesExhausted,,,,,,,,,
ppo_rollout,73728,53.81136640001205,1370.1194549109887,,,,,,,,,,,,,,,,,,,-0.010748786826540405,0.04832892447399596,-0.9918787211179734,0.8191004991531372,0.008533184,0.08074544270833334
training_episode,74862,55.17600780000794,1356.7853671354096,47080763,545.4097900390625,28.23055076599121,3.9540977478027344,3,3,8,1,0,0,0,10,1,0,LivesExhausted,,,,,,,,,
training_episode,75048,55.303604000015184,1357.0182514683743,24982944,1404.024169921875,60.945777893066406,12.540242195129395,3,5,8,2,0,0,1,45,0,1,LivesExhausted,,,,,,,,,
training_episode,76962,56.43053430001601,1363.8361031782429,30324123,608.95947265625,30.74060821533203,4.58959436416626,3,6,1,1,0,1,0,18,0,0,LivesExhausted,,,,,,,,,
training_episode,77052,56.484294499998214,1364.1314047040535,41215939,662.2265625,32.84049606323242,5.122265815734863,3,4,4,1,0,0,0,15,1,0,LivesExhausted,,,,,,,,,
training_episode,77412,56.682975800009444,1365.7010576354937,17442456,1679.4713134765625,71.226806640625,15.294713020324707,3,4,10,2,0,0,0,57,1,0,LivesExhausted,,,,,,,,,
training_episode,78114,57.09582430002047,1368.1210659037986,16499895,477.3618469238281,25.540489196777344,3.273618221282959,3,5,4,1,0,0,1,1,0,0,LivesExhausted,,,,,,,,,
training_episode,78588,57.38273460001801,1369.5408653455029,62790113,975.5529174804688,45.228416442871094,7.755529403686523,4,6,6,1,1,0,0,5,0,0,LivesExhausted,,,,,,,,,
training_episode,79578,57.9890401000157,1372.293796599307,46871305,825.3660278320312,39.28941345214844,6.753660202026367,3,3,8,1,0,0,1,12,0,0,LivesExhausted,,,,,,,,,
ppo_rollout,79872,58.1661499000038,1373.1697926940628,,,,,,,,,,,,,,,,,,,-0.012965765178281193,0.05431645158678293,-0.9793262422084809,0.8039933443069458,0.01033211,0.1130859375
training_episode,80136,58.96182779999799,1359.1166181588883,43834164,500.15887451171875,26.430509567260742,3.501588821411133,3,4,4,1,0,0,0,10,0,0,LivesExhausted,,,,,,,,,
training_episode,80724,59.311690200003795,1361.0133133584993,15766792,381.2486572265625,21.73040199279785,2.312486171722412,3,3,4,1,0,0,0,7,0,0,LivesExhausted,,,,,,,,,
training_episode,80874,59.39665420001256,1361.591845353183,49803717,313.083251953125,19.040340423583984,1.6308326721191406,3,4,3,1,0,0,0,12,0,0,LivesExhausted,,,,,,,,,
training_episode,81414,59.71879070001887,1363.2894947414645,62161739,673.9344482421875,33.31041717529297,5.239344120025635,3,5,4,1,0,1,0,10,0,0,LivesExhausted,,,,,,,,,
training_episode,81600,59.82304540000041,1364.0228352533761,41949042,789.6423950195312,37.8796501159668,6.396423816680908,3,6,5,1,0,1,0,21,1,0,LivesExhausted,,,,,,,,,
training_episode,82458,60.333739099995,1366.6979907102564,8121575,347.8262023925781,19.340347290039062,1.978261947631836,3,3,5,1,0,0,0,5,0,0,LivesExhausted,,,,,,,,,
training_episode,83526,60.91569730002084,1371.1736662656806,45509828,398.87945556640625,22.090410232543945,2.4887943267822266,3,4,3,1,0,0,0,24,0,0,LivesExhausted,,,,,,,,,
training_episode,83916,61.168008300010115,1371.893614525064,20165410,388.8075866699219,20.810380935668945,2.388075590133667,3,4,6,1,0,0,0,5,0,0,LivesExhausted,,,,,,,,,
training_episode,84606,61.55310190000455,1374.520493499187,23830925,649.8484497070312,32.35057830810547,4.9984846115112305,3,5,5,1,0,1,0,10,0,0,LivesExhausted,,,,,,,,,
training_episode,85512,62.07253700000001,1377.6140646547117,12834380,1082.2940673828125,49.43770980834961,9.322940826416016,3,3,5,2,0,0,0,16,0,0,LivesExhausted,,,,,,,,,
ppo_rollout,86016,62.379042200016556,1378.9246671052151,,,,,,,,,,,,,,,,,,,-0.013140653430794676,0.05938117293020089,-0.9643988321224849,0.8292714357376099,0.009330771,0.09401041666666667
training_episode,86130,63.05057829999714,1366.0461540921965,32313974,786.4318237304688,37.749671936035156,6.364318370819092,3,3,8,1,0,0,0,10,1,0,LivesExhausted,,,,,,,,,
training_episode,86256,63.12912359999609,1366.3424277286394,25087673,359.6685485839844,19.500350952148438,2.0966854095458984,3,3,4,1,0,0,0,9,0,0,LivesExhausted,,,,,,,,,
training_episode,86484,63.25780280001345,1367.167308567689,23202551,680.3304443359375,33.550376892089844,4.803304672241211,4,7,7,1,1,0,0,24,0,0,LivesExhausted,,,,,,,,,
training_episode,88530,64.48187340001459,1372.9439814938746,35141657,467.138916015625,25.13047981262207,3.171389102935791,3,6,2,1,0,1,0,5,0,0,LivesExhausted,,,,,,,,,
training_episode,89136,64.843792700005,1374.6265646795384,23621467,464.283935546875,25.01047706604004,3.1428394317626953,3,3,7,1,0,0,0,5,0,0,LivesExhausted,,,,,,,,,
training_episode,89352,64.98365750000812,1374.9918585297978,43519977,483.5731506347656,25.780494689941406,3.3357315063476562,3,5,4,1,0,0,0,14,0,0,LivesExhausted,,,,,,,,,
training_episode,89568,65.11612900000182,1375.511741491843,2885125,1104.75830078125,50.32756042480469,9.547582626342773,3,3,10,2,0,0,0,17,0,0,LivesExhausted,,,,,,,,,
training_episode,89616,65.14876870001899,1375.559381830249,1104732,491.6410827636719,26.100502014160156,3.4164106845855713,3,5,4,1,0,1,0,12,0,0,LivesExhausted,,,,,,,,,
training_episode,90768,65.84477369999513,1378.5148752057555,5503350,324.8468017578125,18.61033058166504,1.7484679222106934,3,4,4,1,0,1,0,9,0,0,LivesExhausted,,,,,,,,,
training_episode,91302,66.1722662000102,1379.7623270757188,51584110,1257.7640380859375,55.77664566040039,10.57763957977295,4,5,10,2,1,0,0,27,0,0,LivesExhausted,,,,,,,,,
training_episode,92118,66.68324290000601,1381.4265172756272,27601169,459.403564453125,24.830472946166992,3.0940356254577637,3,6,4,1,0,1,0,15,0,0,LivesExhausted,,,,,,,,,
ppo_rollout,92160,66.71255460000248,1381.4491223215214,,,,,,,,,,,,,,,,,,,-0.01249382085322092,0.05668198994050423,-0.9625142658750216,0.8316255807876587,0.010896956,0.105810546875
training_episode,92688,67.63741920000757,1370.3657102278914,69911685,478.70721435546875,25.590490341186523,3.287071943283081,3,5,5,1,0,0,0,4,1,0,LivesExhausted,,,,,,,,,
training_episode,93684,68.23318169999402,1372.997677462961,57867850,744.1900634765625,36.08995056152344,5.941900730133057,3,8,5,1,0,0,0,12,0,0,LivesExhausted,,,,,,,,,
training_episode,94572,68.75938460000907,1375.4049799914517,21107971,520.640625,27.240528106689453,3.7064061164855957,3,5,4,1,0,0,0,12,0,0,LivesExhausted,,,,,,,,,
training_episode,94578,68.76822680002078,1375.3153803868536,24354570,349.7587890625,20.490373611450195,1.9975879192352295,3,3,2,1,0,0,0,0,0,0,LivesExhausted,,,,,,,,,
training_episode,94788,68.9244011999981,1375.245897674953,5608079,678.0596923828125,33.460391998291016,5.280596733093262,3,4,5,1,0,1,0,8,0,0,LivesExhausted,,,,,,,,,
training_episode,96012,69.62144750001607,1379.0577968086318,36922050,1205.227783203125,53.69699478149414,10.552277565002441,3,4,9,2,0,1,0,30,0,0,LivesExhausted,,,,,,,,,
training_episode,96054,69.64786540000932,1379.1377445429525,66141441,540.09228515625,28.020545959472656,3.9009227752685547,3,5,4,1,0,0,0,34,0,0,LivesExhausted,,,,,,,,,
training_episode,96864,70.12277270000777,1381.3486870291606,19537036,501.2637939453125,26.480510711669922,3.5126376152038574,3,4,6,1,0,0,0,8,0,0,LivesExhausted,,,,,,,,,
training_episode,97290,70.36642080001184,1382.6197054488186,39016630,379.8017578125,20.82038116455078,2.2980175018310547,3,5,5,1,0,0,0,13,0,0,LivesExhausted,,,,,,,,,
training_episode,97938,70.72359589999542,1384.7994965992157,4246602,290.97821044921875,16.05027198791504,1.4097819328308105,3,3,4,1,0,0,0,5,0,0,LivesExhausted,,,,,,,,,
ppo_rollout,98304,70.94876739999745,1385.5631831597336,,,,,,,,,,,,,,,,,,,-0.01345507666701451,0.05860534285505613,-0.9379355629285177,0.8401831388473511,0.01055627,0.11726888020833333
training_episode,98334,71.57701000000816,1373.821007611086,22888364,623.8045043945312,31.33062171936035,4.738044738769531,3,4,5,1,0,0,0,7,0,0,LivesExhausted,,,,,,,,,
training_episode,98424,71.63992770001641,1373.8707332611873,54097606,642.0919799804688,32.050628662109375,4.920919418334961,3,3,6,1,0,0,0,5,0,0,LivesExhausted,,,,,,,,,
training_episode,100314,72.7573071999941,1378.7481128769446,58705682,558.9259033203125,28.75056266784668,4.089259147644043,3,4,5,1,0,0,0,11,1,0,LivesExhausted,,,,,,,,,
training_episode,101826,73.67557240001042,1382.0863100615095,35036928,786.6841430664062,37.75967025756836,6.3668413162231445,3,3,8,1,0,0,0,11,2,0,LivesExhausted,,,,,,,,,
training_episode,102324,73.95236060000025,1383.647515370857,12206006,755.8368530273438,36.53987503051758,6.058368682861328,3,5,4,1,0,0,0,12,0,0,LivesExhausted,,,,,,,,,
training_episode,102642,74.1462629000016,1384.3179141534022,15871521,719.7944946289062,35.11011505126953,5.6979451179504395,3,5,6,1,0,0,0,23,0,0,LivesExhausted,,,,,,,,,
training_episode,103038,74.39111310002045,1385.0847998666616,47185492,822.1091918945312,39.1594352722168,6.7210917472839355,3,4,8,1,0,1,0,17,1,0,LivesExhausted,,,,,,,,,
ppo_rollout,104448,75.25474010000471,1387.9258616958996,,,,,,,,,,,,,,,,,,,-0.011293412956486766,0.05502255717292428,-0.9337247426311175,0.8702794909477234,0.008968943,0.097265625
training_episode,105942,76.80635120000807,1379.3390565335028,37969340,698.5260620117188,34.28025436401367,5.485260486602783,3,3,6,1,0,0,0,19,0,0,LivesExhausted,,,,,,,,,
training_episode,106470,77.15513830000418,1379.9469788520128,7597930,1128.66748046875,51.277400970458984,9.286674499511719,4,5,9,2,1,0,1,23,0,0,LivesExhausted,,,,,,,,,
training_episode,107292,77.71307570001227,1380.6170844938397,55773270,727.6260375976562,35.42006301879883,5.7762603759765625,3,5,4,1,0,1,0,15,1,0,LivesExhausted,,,,,,,,,
training_episode,108414,78.94939120000345,1373.2088158267554,21945803,1047.9385986328125,48.08793640136719,8.979386329650879,3,5,7,2,0,0,0,20,0,0,LivesExhausted,,,,,,,,,
training_episode,109914,79.97585519999848,1374.3397894918928,50327362,668.2606811523438,33.0804557800293,5.1826066970825195,3,3,5,1,0,0,0,18,0,0,LivesExhausted,,,,,,,,,
training_episode,110316,80.23625980000361,1374.889610694379,16395166,1562.0543212890625,66.5858154296875,14.120542526245117,3,5,12,2,0,3,0,39,0,0,LivesExhausted,,,,,,,,,
ppo_rollout,110592,80.4034862999979,1375.462745326292,,,,,,,,,,,,,,,,,,,-0.008921694937938204,0.07924215529734889,-0.9319014852245648,0.8074607849121094,0.008520757,0.10304361979166667
training_episode,112824,82.76843540000846,1363.1283405894667,40692294,996.6964721679688,46.068275451660156,8.466964721679688,3,4,6,1,0,0,0,25,1,0,LivesExhausted,,,,,,,,,
training_episode,113826,83.56955840002047,1362.0509929602802,24668757,570.5359497070312,29.210573196411133,4.20535945892334,3,3,4,1,0,0,0,8,0,0,LivesExhausted,,,,,,,,,
training_episode,114240,83.84436330001336,1362.5245097422285,62685384,1059.470458984375,48.53786087036133,9.094704627990723,3,5,8,2,0,0,0,25,1,0,LivesExhausted,,,,,,,,,
training_episode,115434,84.66877489999752,1363.3597525928462,12415464,994.18408203125,45.95829391479492,8.441841125488281,3,5,8,1,0,1,0,31,0,0,LivesExhausted,,,,,,,,,
ppo_rollout,116736,85.47192300000461,1365.7818369196361,,,,,,,,,,,,,,,,,,,-0.012935602676589043,0.20158164147287608,-0.9115287661552429,0.5872906446456909,0.010122565,0.10896809895833333
training_episode,119160,87.49029159999918,1361.979687355404,20793784,955.6930541992188,44.44854736328125,8.056930541992188,3,3,7,1,0,0,0,16,2,0,LivesExhausted,,,,,,,,,
training_episode,119742,87.83606450000661,1363.244137605812,65827254,991.22412109375,45.84831237792969,8.412240982055664,3,6,7,1,0,1,0,21,0,0,LivesExhausted,,,,,,,,,
training_episode,120078,88.0319289000181,1364.0278192288401,8226304,1391.38232421875,60.44586181640625,12.413823127746582,3,3,7,2,0,0,0,18,0,0,LivesExhausted,,,,,,,,,
ppo_rollout,122880,89.76684369999566,1368.87958777597,,,,,,,,,,,,,,,,,,,-0.009643103710065286,0.31056759022176267,-0.8922973657647769,0.40653151273727417,0.009626443,0.09962565104166667
training_episode,123078,90.57029170001624,1358.9224202529308,13881670,657.20458984375,32.64052963256836,5.072045803070068,3,4,5,1,0,0,0,5,0,0,LivesExhausted,,,,,,,,,
training_episode,124206,91.31150579999667,1360.2447896550243,6445911,1740.8817138671875,73.05719757080078,15.908817291259766,3,4,12,2,0,0,0,28,0,0,LivesExhausted,,,,,,,,,
training_episode,125496,92.19402799999807,1361.216151657921,70435330,1044.5826416015625,47.947959899902344,8.945825576782227,3,5,9,2,0,1,0,31,0,0,LivesExhausted,,,,,,,,,
training_episode,126654,92.91124700001092,1363.1718881136653,8959407,1232.150390625,54.75681686401367,10.821503639221191,3,3,10,2,0,0,1,29,0,0,LivesExhausted,,,,,,,,,
training_episode,128454,93.95087729999796,1367.246413142358,28020085,268.0244140625,14.970247268676758,1.180243968963623,3,4,3,1,0,0,0,4,0,0,LivesExhausted,,,,,,,,,
ppo_rollout,129024,94.28074660000857,1368.5084670297708,,,,,,,,,,,,,,,,,,,-0.007334453393317138,0.6164606345196565,-0.8895646169781685,0.34398818016052246,0.0063818437,0.06134440104166667
training_episode,129804,95.43244070000947,1360.1664072287226,21422158,738.9595336914062,35.87998580932617,5.8895955085754395,3,5,6,1,0,1,1,10,0,0,LivesExhausted,,,,,,,,,
training_episode,132096,96.95027000000118,1362.5129666993025,12520193,26254.666015625,300.3017883300781,261.046630859375,3,57,35,27,2,3,4,161,0,1,MaxDuration,,,,,,,,,
training_episode,132954,97.46291530001326,1364.149631587943,11577632,494.5693664550781,26.21050453186035,3.4456934928894043,3,5,4,1,0,0,0,7,0,0,LivesExhausted,,,,,,,,,
training_episode,133926,98.05322560001514,1365.8500185023931,25716047,1956.8421630859375,80.97888946533203,18.068422317504883,3,4,12,2,1,1,0,14,1,0,LivesExhausted,,,,,,,,,
ppo_rollout,135168,98.7752565999981,1368.4398770775008,,,,,,,,,,,,,,,,,,,-0.008054819897127648,0.9738567377130191,-0.8759531736373901,0.5641989707946777,0.0069205617,0.06412760416666667
training_episode,135546,99.60939220001455,1360.775294440359,64046861,1341.5157470703125,59.086090087890625,11.915157318115234,3,3,9,2,0,0,1,27,0,0,LivesExhausted,,,,,,,,,
training_episode,136086,99.95188629999757,1361.5150752788074,34303825,491.148193359375,26.080501556396484,3.4114818572998047,3,4,4,1,0,0,0,5,0,0,LivesExhausted,,,,,,,,,
training_episode,136962,100.48699730000226,1362.9823129364909,73263013,471.4660339355469,25.30048370361328,3.214660167694092,3,3,6,1,0,0,0,4,0,0,LivesExhausted,,,,,,,,,
training_episode,138852,101.67079639999429,1365.7019017902353,19851223,528.4637451171875,27.550535202026367,3.784637451171875,3,3,4,1,0,0,0,10,0,0,LivesExhausted,,,,,,,,,
training_episode,139806,102.26106300001265,1367.14792413201,58496224,614.5601196289062,30.960613250732422,4.645601272583008,3,4,6,1,0,1,0,7,0,0,LivesExhausted,,,,,,,,,
training_episode,140574,102.71134400001029,1368.6316868756574,52631400,591.865478515625,30.060592651367188,4.418654918670654,3,4,4,1,0,0,0,5,0,0,LivesExhausted,,,,,,,,,
ppo_rollout,141312,103.14500750001753,1370.0323789299835,,,,,,,,,,,,,,,,,,,-0.0088682166475337,1.0220704565445582,-0.8711823677023252,0.6243358850479126,0.0076469257,0.09015299479166666
training_episode,143094,104.82603480000398,1365.0616497419453,9901968,27389.33203125,305.1665344238281,272.8932800292969,2,58,37,27,0,2,1,142,2,1,MaxDuration,,,,,,,,,
training_episode,143922,105.28969220002182,1366.9144338135902,3199312,537.120849609375,27.900543212890625,3.8712081909179688,3,4,6,1,0,0,0,18,0,0,LivesExhausted,,,,,,,,,
training_episode,143952,105.31179209999391,1366.912452342631,20374868,905.9600219726562,42.478878021240234,7.559599876403809,3,5,7,1,1,0,0,16,0,0,LivesExhausted,,,,,,,,,
training_episode,144678,105.73065189999761,1368.3638320592183,45090912,857.3904418945312,40.559200286865234,7.073904514312744,3,5,6,1,0,1,1,13,0,0,LivesExhausted,,,,,,,,,
training_episode,146544,106.75298370001838,1372.7391490227244,47394950,557.9946899414062,28.720561981201172,4.079946517944336,3,3,6,1,0,0,0,7,0,0,LivesExhausted,,,,,,,,,
training_episode,147372,107.23379790000035,1374.3055164140512,67817105,552.324462890625,28.490556716918945,4.023244380950928,3,4,6,1,0,0,0,6,0,0,LivesExhausted,,,,,,,,,
ppo_rollout,147456,107.28659150001477,1374.4121976321683,,,,,,,,,,,,,,,,,,,-0.007587182349137341,0.9758137375116348,-0.8837922046581904,0.6415481567382812,0.0071279365,0.05439453125
training_episode,150870,109.93452790001174,1372.3622858254334,65094151,1136.1029052734375,51.567352294921875,9.361028671264648,4,6,11,2,1,0,0,24,0,0,LivesExhausted,,,,,,,,,
training_episode,151464,110.2768888999999,1373.4881488844771,38702443,693.1779174804688,34.070289611816406,5.431779384613037,3,5,5,1,0,0,0,5,0,0,LivesExhausted,,,,,,,,,
training_episode,153132,111.27878320001764,1376.1113807719612,1000003,1234.5709228515625,54.8568000793457,10.345708847045898,4,5,10,2,1,1,0,27,0,0,LivesExhausted,,,,,,,,,
training_episode,153354,111.4355725000205,1376.1673813805892,33884909,276.9311218261719,15.750265121459961,1.2693109512329102,3,4,3,1,0,0,0,0,1,0,LivesExhausted,,,,,,,,,
ppo_rollout,153600,111.59522700001253,1376.4029531476535,,,,,,,,,,,,,,,,,,,-0.008271062442023929,0.9670332138737042,-0.8720986793438593,0.7967705726623535,0.008242483,0.07501627604166666
training_episode,156072,113.7862993000017,1371.6238330988383,67188731,404.3737487792969,22.650423049926758,2.5437374114990234,3,4,2,1,0,0,0,13,0,0,LivesExhausted,,,,,,,,,
training_episode,157770,114.83549940001103,1373.8782939449197,59752972,1300.9105224609375,57.47636032104492,11.509105682373047,3,3,9,2,0,0,1,47,1,0,LivesExhausted,,,,,,,,,
training_episode,159702,115.95718220001436,1377.2497483125303,27496440,27389.33203125,305.1665344238281,272.3932800292969,3,39,40,27,1,0,3,141,1,1,MaxDuration,,,,,,,,,
ppo_rollout,159744,115.99396839999827,1377.175056629948,,,,,,,,,,,,,,,,,,,-0.009001037515311812,0.8669759469727675,-0.8568394735455513,0.8542052507400513,0.0094640525,0.07449544270833333
training_episode,159966,116.7684094000142,1369.9424426687492,28648459,652.1148071289062,32.4405632019043,5.021147727966309,3,4,5,1,0,0,1,20,1,0,LivesExhausted,,,,,,,,,
training_episode,160044,116.82020420001936,1370.0027413577614,40797023,1303.6439208984375,57.586341857910156,11.536439895629883,3,3,8,2,0,0,0,25,0,0,LivesExhausted,,,,,,,,,
training_episode,161898,117.9105702000088,1373.0575615517455,7388472,283.014892578125,16.10027313232422,1.3301489353179932,3,3,3,1,0,0,0,3,0,0,LivesExhausted,,,,,,,,,
training_episode,163290,118.74958299999707,1375.0785129073172,43415248,515.4765014648438,27.040523529052734,3.6547651290893555,3,3,5,1,0,0,0,10,0,0,LivesExhausted,,,,,,,,,
ppo_rollout,165888,120.33192070000223,1378.5868208118522,,,,,,,,,,,,,,,,,,,-0.007748146512312815,1.4910940711696943,-0.836870838701725,0.8328693509101868,0.0069558355,0.056624348958333334
training_episode,166638,121.40181480001775,1372.615395202277,33151806,1762.4481201171875,73.89737701416016,16.124481201171875,3,5,12,2,0,1,0,10,0,0,LivesExhausted,,,,,,,,,
training_episode,166962,121.59614209999563,1373.0863259024893,38492985,898.298583984375,42.16893005371094,7.482985973358154,3,3,7,1,0,0,0,12,0,0,LivesExhausted,,,,,,,,,
training_episode,166974,121.60588469999493,1373.0749988944158,65198880,1394.92529296875,60.585838317871094,12.44925308227539,3,3,9,2,0,0,0,26,0,0,LivesExhausted,,,,,,,,,
training_episode,168342,122.3768504000036,1375.6033060971395,62999571,26254.666015625,302.0234680175781,262.046630859375,1,51,42,27,5,3,2,178,1,1,MaxDuration,,,,,,,,,
training_episode,169386,123.02527400001418,1376.8390387814172,35979489,416.26031494140625,22.89042854309082,2.6626029014587402,3,5,5,1,0,0,0,0,0,0,LivesExhausted,,,,,,,,,
training_episode,171132,124.12779860000592,1378.6758641508031,72110994,418.6858825683594,23.21043586730957,2.686858654022217,3,3,4,1,0,0,0,6,0,0,LivesExhausted,,,,,,,,,
ppo_rollout,172032,124.67701990000205,1379.821238412494,,,,,,,,,,,,,,,,,,,-0.008741550475436573,0.8926845307151476,-0.8354871188600858,0.9183948040008545,0.008251042,0.07049153645833334
training_episode,172350,125.53773400001228,1372.8939858033693,47499679,966.3464965820312,44.86847686767578,8.163464546203613,3,4,7,1,0,0,0,18,0,0,LivesExhausted,,,,,,,,,
training_episode,172416,125.58316619999823,1372.9228623318659,2570938,978.4810180664062,45.33839797973633,8.284810066223145,3,4,9,1,0,1,1,20,0,0,LivesExhausted,,,,,,,,,
training_episode,175494,127.42667590000201,1377.2155536547057,25192402,1118.399169921875,50.867469787597656,9.683991432189941,3,3,9,2,0,0,0,15,1,0,LivesExhausted,,,,,,,,,
training_episode,176388,127.9829859000165,1378.2144459248568,36503134,938.8262329101562,43.77865982055664,7.888262748718262,3,4,7,1,0,0,0,13,0,0,LivesExhausted,,,,,,,,,
ppo_rollout,178176,129.0737005000119,1380.4206380523162,,,,,,,,,,,,,,,,,,,-0.009439448643630992,0.8960594179729621,-0.8380187049508094,0.9236568808555603,0.008511678,0.08089192708333333
training_episode,178548,129.96089700001176,1373.8594001854563,24249841,1137.9727783203125,51.6373405456543,9.879727363586426,3,3,9,2,0,0,0,24,1,0,LivesExhausted,,,,,,,,,
training_episode,180120,130.95175050001126,1375.4684401869413,70854246,805.8355712890625,38.5195426940918,6.558355808258057,3,3,8,1,0,0,0,13,1,0,LivesExhausted,,,,,,,,,
training_episode,180534,131.19390539999586,1376.0852643998332,16709353,24077.33203125,305.0664367675781,239.27330017089844,3,46,38,24,1,3,1,121,2,1,MaxDuration,,,,,,,,,
training_episode,181566,131.8297537000035,1377.276334849097,26449150,923.1979370117188,43.148765563964844,7.7319793701171875,3,4,8,1,0,0,0,9,0,0,LivesExhausted,,,,,,,,,
ppo_rollout,184320,133.45856309999363,1381.1028361057545,,,,,,,,,,,,,,,,,,,-0.008687877831592535,0.8468726858496666,-0.807031371196111,0.9446258544921875,0.008916932,0.07796223958333333
training_episode,186006,135.1541608000116,1376.2506377826885,28229543,1072.047607421875,49.037776947021484,9.220475196838379,3,4,8,2,0,0,0,27,0,0,LivesExhausted,,,,,,,,,
training_episode,186846,135.71307670001988,1376.772265011752,2466209,1626.4427490234375,69.13636016845703,14.764427185058594,3,4,12,2,0,1,0,48,0,0,LivesExhausted,,,,,,,,,
training_episode,186954,135.78170930000488,1376.8717521955166,2675667,1199.668701171875,53.47703170776367,10.496686935424805,3,4,9,2,0,0,0,8,1,0,LivesExhausted,,,,,,,,,
training_episode,189660,137.46553549999953,1379.6912754179075,14614773,601.791748046875,30.45060157775879,4.517917633056641,3,3,6,1,0,0,0,13,0,0,LivesExhausted,,,,,,,,,
training_episode,189678,137.47997660000692,1379.6772787637385,50432091,1586.7171630859375,67.56602478027344,14.367172241210938,3,4,12,2,0,0,0,29,2,0,LivesExhausted,,,,,,,,,
ppo_rollout,190464,137.9493150000053,1380.681013167718,,,,,,,,,,,,,,,,,,,-0.008306972003386667,0.7888535134494304,-0.800040998061498,0.9473863244056702,0.0088010235,0.07470703125
training_episode,194166,140.8118009000027,1378.9043159662924,33780180,1405.011962890625,60.98577117919922,12.05012035369873,4,7,11,2,1,0,1,18,0,1,LivesExhausted,,,,,,,,,
training_episode,194592,141.0753010000044,1379.348465823893,37864611,870.1065673828125,41.05911636352539,7.201066017150879,3,3,7,1,0,0,0,16,0,0,LivesExhausted,,,,,,,,,
ppo_rollout,196608,142.28681839999626,1381.772410198225,,,,,,,,,,,,,,,,,,,-0.0067035483099364985,0.6384479296704133,-0.7859497085213661,0.9603592753410339,0.0075525143,0.06165364583333333
training_episode,199338,144.5371376000112,1379.1472787543605,34827470,26254.666015625,300.3518371582031,262.546630859375,0,42,45,27,1,6,4,147,0,1,MaxDuration,,,,,,,,,
training_episode,201708,145.90791090001585,1382.4336100475145,61742823,1346.090087890625,59.26605987548828,11.960901260375977,3,4,9,2,0,1,1,30,0,0,LivesExhausted,,,,,,,,,
ppo_rollout,202752,146.4973054000002,1383.998152364649,,,,,,,,,,,,,,,,,,,-0.007998519080380599,1.1345424776275952,-0.7620494345823924,0.9542452096939087,0.006691247,0.06090494791666667
training_episode,207666,149.97711710000294,1384.651232237854,29276833,1086.7235107421875,49.617679595947266,9.36723518371582,3,5,8,2,0,0,1,5,0,0,LivesExhausted,,,,,,,,,
ppo_rollout,208896,150.7497115000151,1385.7140947163873,,,,,,,,,,,,,,,,,,,-0.008150235324865206,1.5153396060069402,-0.7219247723619143,0.9273366332054138,0.006810626,0.074365234375
training_episode,209202,151.56996419999632,1380.2338814566078,21526887,27389.33203125,306.5378723144531,272.8932800292969,2,50,41,27,4,2,3,125,4,1,MaxDuration,,,,,,,,,
training_episode,214890,155.2302297000133,1384.3308768870654,57972579,1029.989990234375,47.378055572509766,8.79990005493164,3,4,8,2,0,0,0,25,3,0,LivesExhausted,,,,,,,,,
ppo_rollout,215040,155.32226990000345,1384.4762900931262,,,,,,,,,,,,,,,,,,,-0.006326104870337682,1.7432547226548194,-0.7105884512265523,0.9195758104324341,0.006391443,0.055517578125
training_episode,219852,158.8695497000008,1383.8523519148548,63942132,877.5972900390625,41.34906768798828,7.275972843170166,3,3,6,1,0,0,0,19,0,0,LivesExhausted,,,,,,,,,
ppo_rollout,221184,159.73366110000643,1384.7050050491273,,,,,,,,,,,,,,,,,,,-0.007913171177885184,1.3557123710711798,-0.691616274913152,0.9520846605300903,0.0074691083,0.06814778645833333
training_episode,223254,161.62758090000716,1381.28652768811,65931983,26254.666015625,302.4538879394531,261.546630859375,2,59,37,27,4,0,4,147,2,1,MaxDuration,,,,,,,,,
training_episode,225996,163.2213155000063,1384.5985697866236,10844529,26254.666015625,302.6140441894531,261.546630859375,2,41,38,27,2,5,1,117,2,1,MaxDuration,,,,,,,,,
ppo_rollout,227328,164.04457240001648,1385.769712914788,,,,,,,,,,,,,,,,,,,-0.007192523639726763,2.0318756610155106,-0.6948983505368233,0.9471380710601807,0.0064978874,0.05887044270833333
training_episode,230034,166.36162999999942,1382.7347087185958,29486291,2053.710693359375,84.81970977783203,19.037107467651367,3,4,13,3,0,0,0,45,0,0,LivesExhausted,,,,,,,,,
training_episode,230910,166.88243150000926,1383.6687176983467,35770031,24077.33203125,306.1474914550781,240.27330017089844,1,36,45,24,2,5,1,136,1,1,MaxDuration,,,,,,,,,
training_episode,231522,167.23625889999676,1384.400736555848,40378107,1619.4825439453125,68.8563003540039,14.694826126098633,3,3,13,2,1,0,0,20,0,0,LivesExhausted,,,,,,,,,
training_episode,232500,167.8019952000177,1385.5615943234952,34199096,1218.094482421875,54.1969108581543,10.680944442749023,3,3,8,2,0,0,1,13,0,0,LivesExhausted,,,,,,,,,
ppo_rollout,233472,168.51388210000005,1385.476360110512,,,,,,,,,,,,,,,,,,,-0.007545621033447484,2.045208156108856,-0.6657788927356402,0.9523851275444031,0.008047403,0.069189453125
training_episode,235410,170.6268520000158,1379.677332381296,23097822,26254.666015625,300.5820617675781,262.546630859375,0,29,43,27,2,3,3,137,2,1,MaxDuration,,,,,,,,,
training_episode,236532,171.29156270000385,1380.8736184762163,60904991,886.836181640625,41.7190055847168,7.368361949920654,3,3,8,1,0,0,0,10,1,0,LivesExhausted,,,,,,,,,
training_episode,237138,171.6457306999946,1381.5548981784693,35246386,1143.579833984375,51.857303619384766,9.935798645019531,3,3,10,2,0,0,0,30,0,0,LivesExhausted,,,,,,,,,
training_episode,238278,172.33756300000823,1382.623705779039,28439001,1049.0595703125,48.1279296875,8.990594863891602,3,3,9,2,0,0,0,8,0,0,LivesExhausted,,,,,,,,,
ppo_rollout,239616,173.20388310001,1383.4331870125732,,,,,,,,,,,,,,,,,,,-0.00517394383593152,1.441387334962686,-0.701155672967434,0.9674778580665588,0.006382311,0.066748046875
training_episode,242574,175.77912779999315,1379.9931939360179,21841074,736.69970703125,35.790000915527344,5.866997241973877,3,5,6,1,1,0,0,15,0,0,LivesExhausted,,,,,,,,,
training_episode,244122,176.67390409999643,1381.766035247788,62057010,24077.33203125,303.7751770019531,239.27330017089844,3,43,40,24,2,3,2,169,2,1,MaxDuration,,,,,,,,,
training_episode,245094,177.22918799999752,1382.9211924166996,49908446,1949.2335205078125,80.67882537841797,17.49233627319336,4,5,14,2,1,1,0,40,0,0,LivesExhausted,,,,,,,,,
ppo_rollout,245760,177.64054459999898,1383.4679495798023,,,,,,,,,,,,,,,,,,,-0.007284180018662785,0.8622227194408576,-0.7437732363740603,0.9693169593811035,0.009077873,0.08234049479166666
training_episode,249000,180.34642459999304,1380.6761101711888,44671996,653.7869873046875,32.51055145263672,5.037869930267334,3,3,5,1,0,0,0,8,0,0,LivesExhausted,,,,,,,,,
training_episode,249312,180.53072929999325,1380.9948088433791,72739368,2550.198486328125,101.41325378417969,24.001983642578125,3,3,18,3,0,0,0,62,0,1,LivesExhausted,,,,,,,,,
training_episode,251220,181.75217089999933,1382.211825894625,70330601,1342.85400390625,59.13608169555664,11.928540229797363,3,4,11,2,0,1,1,14,0,0,LivesExhausted,,,,,,,,,
ppo_rollout,251904,182.19340010001906,1382.6186890508206,,,,,,,,,,,,,,,,,,,-0.005823458639982467,0.867179744442304,-0.7533246596654256,0.9649448990821838,0.0074117496,0.072216796875
training_episode,252894,183.58509440001217,1377.530135692668,30638310,651.7669067382812,32.430564880371094,5.017668724060059,3,4,6,1,0,0,0,0,0,0,LivesExhausted,,,,,,,,,
ppo_rollout,258048,187.01969730001292,1379.7904911911232,,,,,,,,,,,,,,,,,,,-0.009464109335870793,0.9933031432330608,-0.7436996777852376,0.9744540452957153,0.007317662,0.08046875
ppo_rollout,264192,191.3046826000209,1381.0012196741238,,,,,,,,,,,,,,,,,,,-0.007431109761819243,1.158870449165503,-0.7076235666871071,0.974520206451416,0.0069971257,0.05944010416666667
training_episode,266778,193.523045000009,1378.5334971346053,10006697,24077.33203125,306.1675109863281,240.27330017089844,1,24,41,24,3,9,2,149,3,1,MaxDuration,,,,,,,,,
ppo_rollout,270336,195.77523660002043,1380.848797298666,,,,,,,,,,,,,,,,,,,-0.00779055812357304,1.7703253070513407,-0.6473296095927557,0.9052629470825195,0.009728457,0.08076171875
training_episode,273024,198.1170654000016,1378.0943072660605,3827686,24077.33203125,304.0654602050781,239.77330017089844,2,36,41,24,2,4,0,171,3,1,MaxDuration,,,,,,,,,
training_episode,274428,199.0238414000196,1378.8699789409902,46661847,1474.798828125,63.74530792236328,13.247987747192383,3,4,10,2,0,1,0,31,1,0,LivesExhausted,,,,,,,,,
ppo_rollout,276480,200.325760000007,1380.1520084086558,,,,,,,,,,,,,,,,,,,-0.008291838199753935,2.0511217296123503,-0.6495701303084691,0.9129571914672852,0.0068448572,0.076416015625
training_episode,279042,202.44115550001152,1378.3857304646936,27391711,27389.33203125,303.8552551269531,273.3932800292969,1,40,41,27,6,3,1,140,2,1,MaxDuration,,,,,,,,,
ppo_rollout,282624,204.41877400001977,1382.5735986459476,,,,,,,,,,,,,,,,,,,-0.00735405160812661,1.9806035111347835,-0.6627871036529541,0.965864896774292,0.0076605566,0.085986328125
training_episode,283002,205.27444020000985,1378.65191459909,25401860,665.345458984375,32.96047592163086,4.653454780578613,4,4,8,1,1,0,1,19,1,0,LivesExhausted,,,,,,,,,
training_episode,285396,206.68386990000727,1380.8334445163684,55668541,26254.666015625,300.6821594238281,261.546630859375,2,43,42,27,2,1,2,152,4,1,MaxDuration,,,,,,,,,
training_episode,287232,207.65909749999992,1383.1900622605765,7912117,722.1672973632812,35.220096588134766,5.721673011779785,3,3,7,1,0,0,0,14,1,0,LivesExhausted,,,,,,,,,
training_episode,287388,207.7548555000103,1383.303409724572,42577416,26254.666015625,301.3628234863281,262.546630859375,0,33,42,27,2,4,3,137,3,1,MaxDuration,,,,,,,,,
ppo_rollout,288768,208.53225469999597,1384.7641959054959,,,,,,,,,,,,,,,,,,,-0.005615718103945256,2.183967962861061,-0.6743805696566899,0.9597257375717163,0.0050447574,0.06305338541666666
training_episode,289152,209.34584369999357,1381.2168175374618,37026779,26254.666015625,302.0935363769531,262.046630859375,1,43,40,27,2,3,3,201,0,1,MaxDuration,,,,,,,,,
training_episode,292734,211.29824040000676,1385.406709709593,10111426,585.5941772460938,29.820587158203125,4.3559417724609375,3,3,8,1,0,0,0,7,0,0,LivesExhausted,,,,,,,,,
training_episode,294420,212.28111810001428,1386.9344698914142,42682145,1328.477294921875,58.56617736816406,11.784772872924805,3,3,10,2,0,0,1,17,0,0,LivesExhausted,,,,,,,,,
ppo_rollout,294912,212.54994749999605,1387.495049840017,,,,,,,,,,,,,,,,,,,-0.008812314101184408,2.0530066738526025,-0.6667552173137665,0.9719573259353638,0.00852974,0.07962239583333333
training_episode,298224,215.10987780001597,1386.3798494518874,31476142,987.8048095703125,45.708335876464844,8.378047943115234,3,4,9,1,0,1,0,20,0,0,LivesExhausted,,,,,,,,,
ppo_rollout,301056,216.69586350000463,1389.302015910394,,,,,,,,,,,,,,,,,,,-0.00805299446413604,1.1920041809479396,-0.7079902102549871,0.9795823097229004,0.008212776,0.07107747395833333
ppo_rollout,307200,220.8435060000047,1391.0302619448246,,,,,,,,,,,,,,,,,,,-0.0056376306238234974,1.252162758509318,-0.6662275021274885,0.9810397624969482,0.010867366,0.08912760416666667
training_episode,309258,222.59564680000767,1389.3263612556386,51165194,26254.666015625,301.9133605957031,262.546630859375,0,37,42,27,1,6,2,158,3,1,MaxDuration,,,,,,,,,
training_episode,310668,223.40126909999526,1390.6277312191266,63523216,26254.666015625,301.9433898925781,261.046630859375,3,49,40,27,6,4,3,148,1,1,MaxDuration,,,,,,,,,
ppo_rollout,313344,224.87351110001327,1393.4233448271245,,,,,,,,,,,,,,,,,,,-0.0077596362039912496,1.8193042938907942,-0.6363266691565513,0.9699646234512329,0.008594163,0.07119140625
training_episode,315072,226.40508220001357,1391.629538252393,10530342,1056.2840576171875,48.41788101196289,9.062840461730957,3,4,10,2,0,1,0,22,2,0,LivesExhausted,,,,,,,,,
training_episode,316152,227.00309700000798,1392.7210869726102,62371197,987.009033203125,45.678340911865234,8.37009048461914,3,4,9,1,0,0,0,20,0,0,LivesExhausted,,,,,,,,,
ppo_rollout,319488,229.16978430000017,1394.1104887621948,,,,,,,,,,,,,,,,,,,-0.007203997310716659,2.336401093006134,-0.6221400082111359,0.9681754112243652,0.008822375,0.060953776041666664
training_episode,320862,230.82911220000824,1390.0413034642713,70958975,1051.2318115234375,48.21791458129883,8.512317657470703,4,4,10,2,1,0,1,8,1,0,LivesExhausted,,,,,,,,,
training_episode,322044,231.5740003999963,1390.6742529115336,25611318,27389.33203125,305.3567199707031,272.3932800292969,3,40,46,27,3,3,2,197,0,1,MaxDuration,,,,,,,,,
training_episode,323370,232.35550980002154,1391.7036022873344,44881454,23034.666015625,301.0925598144531,228.8466339111328,3,44,41,23,2,2,0,143,0,1,MaxDuration,,,,,,,,,
training_episode,323844,232.64455490000546,1392.0119477509095,28124814,1483.9727783203125,64.09528350830078,13.339728355407715,3,3,10,2,0,0,1,38,0,1,LivesExhausted,,,,,,,,,
ppo_rollout,325632,233.60027270001592,1393.9709754456028,,,,,,,,,,,,,,,,,,,-0.006563088571419939,1.6207544262210527,-0.6456836953759193,0.9811168909072876,0.006219978,0.07335611979166666
training_episode,326352,234.80192009999882,1389.9034550527153,63627945,987.8328247070312,45.708335876464844,8.378328323364258,3,3,8,1,0,0,0,13,2,0,LivesExhausted,,,,,,,,,
training_episode,329322,236.46880860000965,1392.665704833202,27182253,985.1517944335938,45.60835266113281,8.351517677307129,3,4,11,1,0,1,0,21,1,0,LivesExhausted,,,,,,,,,
training_episode,329976,236.8384125000157,1393.253723147541,52107755,1533.9652099609375,66.08570861816406,13.839652061462402,3,5,10,2,0,2,1,30,1,1,LivesExhausted,,,,,,,,,
training_episode,331044,237.4233077999961,1394.3197197760776,30428852,24077.33203125,305.1565246582031,240.27330017089844,1,35,43,24,5,2,3,147,2,1,MaxDuration,,,,,,,,,
ppo_rollout,331776,237.81412110000383,1395.1063900889385,,,,,,,,,,,,,,,,,,,-0.00772639227604183,1.5722311531503996,-0.6341060265898705,0.9825500249862671,0.007462084,0.069140625
training_episode,335022,240.22054370000842,1394.6434174188753,1314190,24077.33203125,306.6179504394531,239.27330017089844,3,38,42,24,3,0,1,184,2,1,MaxDuration,,,,,,,,,
training_episode,335250,240.3648199000163,1394.754856968889,73681929,1768.02734375,74.11742401123047,16.180273056030273,3,4,14,2,0,1,0,17,1,0,LivesExhausted,,,,,,,,,
training_episode,336228,240.87621300001047,1395.8538944648112,42263229,1148.5628662109375,52.05727005004883,9.485629081726074,4,4,11,2,1,0,0,18,1,0,LivesExhausted,,,,,,,,,
ppo_rollout,337920,241.7848670000094,1397.6060792919138,,,,,,,,,,,,,,,,,,,-0.009351622073639494,1.65279637525479,-0.6638970742623012,0.9798774123191833,0.008262562,0.08304036458333333
training_episode,339606,243.30269159999443,1395.8168640334425,6655369,2075.806640625,85.67989349365234,19.258066177368164,3,4,16,3,0,1,0,23,1,0,LivesExhausted,,,,,,,,,
training_episode,343866,245.61009770000237,1400.0483010271473,51374652,1693.3702392578125,71.77692413330078,15.43370246887207,3,4,16,2,0,1,0,46,0,0,LivesExhausted,,,,,,,,,
ppo_rollout,344064,245.71645170002012,1400.2481218475605,,,,,,,,,,,,,,,,,,,-0.007122528289134304,0.9059854559600353,-0.71142964164416,0.9741448163986206,0.009730601,0.10087890625
training_episode,344430,246.5166809000075,1397.1873982016994,62894842,1606.3101806640625,68.33618927001953,14.563101768493652,3,4,14,2,0,1,0,24,1,0,LivesExhausted,,,,,,,,,
training_episode,347286,248.07419350001146,1399.9279614708653,16918811,1480.0489501953125,63.95527267456055,13.30048942565918,3,4,14,2,0,1,1,31,1,1,LivesExhausted,,,,,,,,,
ppo_rollout,350208,249.75544040001114,1402.2036894936218,,,,,,,,,,,,,,,,,,,-0.00863593706744723,1.1960481710731983,-0.6895956873893738,0.9670040607452393,0.0087975105,0.07657877604166667
training_episode,353592,252.39106080000056,1400.968793741047,40901752,1823.3961181640625,76.3178939819336,16.73396110534668,3,3,15,2,0,0,0,41,0,0,LivesExhausted,,,,,,,,,
training_episode,355092,253.28149950000807,1401.9657997168035,57658392,1506.7928466796875,65.00547790527344,13.567928314208984,3,3,12,2,0,0,0,31,1,0,LivesExhausted,,,,,,,,,
ppo_rollout,356352,254.02179749999777,1402.8402424795972,,,,,,,,,,,,,,,,,,,-0.008474955008326408,1.0170631927748521,-0.6789693320790927,0.9848759174346924,0.00919049,0.09554036458333333
training_episode,359652,256.39481500000693,1402.7272743405138,60590804,24077.33203125,302.3337707519531,238.77330017089844,4,39,43,24,4,2,3,197,0,1,MaxDuration,,,,,,,,,
training_episode,359916,256.53494630000205,1402.9901391255291,4141873,847.8380126953125,40.179264068603516,6.97838020324707,3,4,6,1,0,0,0,22,0,0,LivesExhausted,,,,,,,,,
ppo_rollout,362496,257.98623589999625,1405.0982167146121,,,,,,,,,,,,,,,,,,,-0.005811120265085871,1.435908945898215,-0.6194474523266157,0.9835198521614075,0.0070016123,0.07530924479166666
training_episode,367830,261.7222124999971,1405.4214064845721,5398621,25150.666015625,306.5378723144531,250.5066375732422,2,41,41,26,1,4,4,130,3,1,MaxDuration,,,,,,,,,
ppo_rollout,368640,262.1780042000173,1406.0676109150718,,,,,,,,,,,,,,,,,,,-0.007627750676086483,1.553360959390799,-0.6137691070636113,0.9850226640701294,0.0072103054,0.07005208333333333
training_episode,371358,264.349357900006,1404.800083306696,46557118,23034.666015625,302.7641906738281,227.8466339111328,5,41,42,23,6,2,1,177,1,1,MaxDuration,,,,,,,,,
ppo_rollout,374784,266.21766970001045,1407.8103847213763,,,,,,,,,,,,,,,,,,,-0.004294480247578273,2.5465203911066054,-0.6243745818734169,0.9740963578224182,0.00618542,0.06140950520833333
training_episode,374994,266.9605324000004,1404.6795480544204,30009936,597.00634765625,30.270597457885742,4.470063209533691,3,3,7,1,0,0,0,6,1,0,LivesExhausted,,,,,,,,,
training_episode,380082,269.89925909999874,1408.2365445070677,48546969,26254.666015625,301.7532043457031,261.046630859375,3,44,38,27,7,2,5,137,4,1,MaxDuration,,,,,,,,,
ppo_rollout,380928,270.3852080000215,1408.8344655302656,,,,,,,,,,,,,,,,,,,-0.006591772932248811,1.4874671027064323,-0.598490625123183,0.9846450090408325,0.0072189844,0.06901041666666667
ppo_rollout,387072,274.3298898000212,1410.9727535784184,,,,,,,,,,,,,,,,,,,-0.0074005920614581555,1.8263308212161065,-0.5790236483017603,0.9794480800628662,0.008450419,0.06666666666666667
training_episode,389868,276.51345180001226,1409.9422558363315,34722741,1970.343017578125,81.50900268554688,18.20343017578125,3,4,14,2,0,0,1,32,1,1,LivesExhausted,,,,,,,,,
training_episode,390372,276.80060879999655,1410.3003663625066,58077308,24077.33203125,306.4577941894531,239.77330017089844,2,42,42,24,3,5,2,137,0,1,MaxDuration,,,,,,,,,
ppo_rollout,393216,278.3052660000103,1412.8945731123372,,,,,,,,,,,,,,,,,,,-0.0061490401373400045,1.8127627899249394,-0.5691517422596614,0.9824005365371704,0.008180287,0.07701822916666666
training_episode,395658,280.34304480001447,1411.3351743120527,9273594,26254.666015625,300.0215148925781,261.546630859375,2,38,44,27,2,2,4,160,3,1,MaxDuration,,,,,,,,,
training_episode,396504,280.8796956000151,1411.6506326774113,48232782,27389.33203125,304.8762512207031,273.3932800292969,1,30,45,27,3,5,3,208,2,1,MaxDuration,,,,,,,,,
training_episode,396858,281.09141930000624,1411.8467258384617,19013391,1320.312744140625,58.24623107910156,11.203126907348633,4,4,12,2,1,0,0,28,1,0,LivesExhausted,,,,,,,,,
ppo_rollout,399360,282.4815044999996,1413.7562765635887,,,,,,,,,,,,,,,,,,,-0.007592417116393335,1.9912963524460792,-0.5457552457849185,0.9827532172203064,0.008061398,0.06429036458333333
training_episode,403968,285.94732340000337,1412.7357276742225,50641549,26254.666015625,301.0925598144531,261.546630859375,2,37,44,27,2,3,4,106,1,1,MaxDuration,,,,,,,,,
ppo_rollout,405504,286.8423477000033,1413.6824748907022,,,,,,,,,,,,,,,,,,,-0.004741971852490678,1.9532695079843203,-0.5738882278402646,0.9863452315330505,0.008667829,0.06800130208333334
training_episode,406062,287.7788312000048,1411.021089726329,61533365,2116.766357421875,86.70011138916016,18.16766357421875,6,6,13,3,3,0,0,47,0,0,LivesExhausted,,,,,,,,,
training_episode,406926,288.3159868000075,1411.3889573604088,11263445,2120.033203125,86.82013702392578,19.200332641601562,4,8,14,3,1,4,0,34,0,0,LivesExhausted,,,,,,,,,
training_episode,407550,288.7790978999983,1411.286353353493,38807172,586.0332641601562,29.83058738708496,4.360332489013672,3,3,6,1,0,0,0,3,1,0,LivesExhausted,,,,,,,,,
training_episode,411078,290.7972391000076,1413.6241501888087,16080979,25150.666015625,300.6821594238281,250.0066375732422,3,36,41,26,3,4,3,137,2,1,MaxDuration,,,,,,,,,
ppo_rollout,411648,291.1225556000136,1414.0024264062238,,,,,,,,,,,,,,,,,,,-0.006139862316194922,1.730544693271319,-0.6049259081482887,0.9869324564933777,0.009328297,0.07210286458333333
training_episode,412992,292.4765485000098,1412.0516742900027,39645004,978.40625,45.33839797973633,7.784062385559082,4,5,9,1,1,0,0,9,0,0,LivesExhausted,,,,,,,,,
training_episode,415656,293.94699070000206,1414.0508770311324,12729651,796.1934204101562,38.129608154296875,6.461934566497803,3,3,6,1,0,0,0,20,0,0,LivesExhausted,,,,,,,,,
ppo_rollout,417792,295.16453070001444,1415.4546246094046,,,,,,,,,,,,,,,,,,,-0.006993011276548108,1.528937361141046,-0.6097074901064237,0.9883304238319397,0.008377927,0.076171875
training_episode,418416,296.1253376000095,1412.9692629179008,10425613,974.8504638671875,45.18842315673828,8.248504638671875,3,3,8,1,0,0,0,27,0,0,LivesExhausted,,,,,,,,,
ppo_rollout,423936,299.20523039999534,1416.8736269525007,,,,,,,,,,,,,,,,,,,-0.006417807008256204,1.2464067908624807,-0.6079818333188692,0.9907588362693787,0.011389449,0.08024088541666667
training_episode,426942,301.464395899995,1416.2269435679223,6026995,28554.666015625,304.6960754394531,285.046630859375,1,47,46,28,4,3,6,172,3,1,MaxDuration,,,,,,,,,
training_episode,428904,302.4951809000049,1417.8870510396055,15243147,2133.660400390625,87.37025451660156,19.836605072021484,3,4,16,3,0,1,0,39,0,0,LivesExhausted,,,,,,,,,
ppo_rollout,430080,303.1357120000175,1418.7704812555214,,,,,,,,,,,,,,,,,,,-0.007172088602480168,1.5594037652015686,-0.590467531979084,0.9898917078971863,0.007596031,0.077197265625
training_episode,433116,305.40270480001345,1418.1799741545083,39226088,26254.666015625,302.1135559082031,261.546630859375,2,31,41,27,2,8,2,109,0,1,MaxDuration,,,,,,,,,
ppo_rollout,436224,307.27359880000586,1419.659878699581,,,,,,,,,,,,,,,,,,,-0.007090376461079965,2.1057698309421538,-0.5622306009133656,0.9831058382987976,0.007854687,0.07950846354166667
training_episode,437508,308.6596497000137,1417.4447499866408,68759666,757.172607421875,36.589866638183594,6.071726322174072,3,3,7,1,0,0,0,4,0,0,LivesExhausted,,,,,,,,,
training_episode,437556,308.69129380001687,1417.4549421645402,25297131,1701.2318115234375,72.08699035644531,15.512317657470703,3,4,13,2,0,1,0,18,0,0,LivesExhausted,,,,,,,,,
training_episode,439944,310.2664216000121,1417.955567770608,56611102,344.23333740234375,20.270368576049805,1.942333459854126,3,3,3,1,0,0,0,8,0,0,LivesExhausted,,,,,,,,,
ppo_rollout,442368,311.62361440001405,1419.5586584531318,,,,,,,,,,,,,,,,,,,-0.00667091401022238,1.7533466592431068,-0.5774089892705282,0.9853580594062805,0.00903286,0.08509114583333334
training_episode,442608,312.377473200002,1416.9011467629643,61009720,30977.33203125,304.5359191894531,309.2732849121094,1,41,40,31,2,7,4,130,2,1,MaxDuration,,,,,,,,,
training_episode,443688,312.9904833000037,1417.5766474494426,66665086,1124.19873046875,51.09743118286133,9.741986274719238,3,4,9,2,1,0,1,5,1,0,LivesExhausted,,,,,,,,,
training_episode,443700,313.0027502000157,1417.5594294825391,66246170,29750.666015625,306.4377746582031,296.5066223144531,2,32,45,30,3,4,4,141,1,1,MaxDuration,,,,,,,,,
ppo_rollout,448512,315.68064180001966,1420.7776487103306,,,,,,,,,,,,,,,,,,,-0.00876552218105644,1.8394374827543893,-0.5585488552848498,0.9877638220787048,0.010751662,0.07908528645833333
training_episode,449046,316.5846423000039,1418.407402006798,18489746,1203.783203125,53.63700485229492,10.53783130645752,3,4,11,2,0,0,0,10,0,0,LivesExhausted,,,,,,,,,
training_episode,450360,317.33072920000996,1419.213327166129,60695533,2118.576171875,86.77012634277344,19.685760498046875,3,5,15,3,1,2,0,36,1,0,LivesExhausted,,,,,,,,,
training_episode,451704,318.14400510000996,1419.8098746446751,34094367,23034.666015625,300.3418273925781,229.3466339111328,2,37,40,23,1,10,1,126,4,1,MaxDuration,,,,,,,,,
training_episode,452778,318.8088540000026,1420.2177709907526,33361264,1805.73291015625,75.61774444580078,16.057329177856445,4,6,11,2,3,3,0,32,0,0,LivesExhausted,,,,,,,,,
ppo_rollout,454656,319.8239046999952,1421.5822936264929,,,,,,,,,,,,,,,,,,,-0.007595423200594572,1.2522758930921554,-0.6217558150490125,0.9906324744224548,0.009621249,0.09899088541666666
training_episode,456930,321.67899400001625,1420.4533355385242,73891387,1523.8583984375,65.68562316894531,13.7385835647583,3,3,13,2,0,0,0,38,0,0,LivesExhausted,,,,,,,,,
training_episode,460536,323.60633460001554,1423.1365420248417,3513499,1497.233642578125,64.62539672851562,13.472336769104004,3,4,12,2,0,1,0,28,0,0,LivesExhausted,,,,,,,,,
ppo_rollout,460800,323.77966260001995,1423.1900678988836,,,,,,,,,,,,,,,,,,,-0.006743191692900534,1.0424409312506517,-0.6375600020090739,0.9909748435020447,0.008100058,0.08411458333333334
training_episode,461748,324.92837820001296,1421.076246272852,58391495,2354.16015625,94.87185668945312,22.041601181030273,3,6,14,3,0,3,0,31,1,0,LivesExhausted,,,,,,,,,
training_episode,463542,325.9008165000123,1422.3407138962552,11158716,27389.33203125,304.9863586425781,272.8932800292969,2,48,45,27,3,5,3,123,6,1,MaxDuration,,,,,,,,,
ppo_rollout,466944,327.8490509999974,1424.2652177144892,,,,,,,,,,,,,,,,,,,-0.007261594393639825,1.5679521257678668,-0.6070840507745743,0.9879286885261536,0.007385913,0.07433268229166666
ppo_rollout,473088,332.0928092999966,1424.5656236797201,,,,,,,,,,,,,,,,,,,-0.006106964378462484,1.4822895536820093,-0.5840618232885997,0.9869542121887207,0.0065704435,0.06803385416666667
training_episode,473454,332.8885489999957,1422.2597966264264,37236237,1997.7911376953125,82.59923553466797,17.9779109954834,4,4,16,2,1,0,0,43,0,0,LivesExhausted,,,,,,,,,
ppo_rollout,479232,336.02447870001197,1426.181812271592,,,,,,,,,,,,,,,,,,,-0.00520613978151232,2.000389372309049,-0.5242646969854832,0.9833616018295288,0.0064650294,0.07223307291666667
training_episode,479880,337.09474440000486,1423.5760360314687,20689055,23034.666015625,301.5630187988281,229.3466339111328,2,53,39,23,1,4,1,176,4,1,MaxDuration,,,,,,,,,
training_episode,484584,339.8225810000149,1425.9911703748103,22364719,822.7388916015625,39.1794319152832,6.727388858795166,3,3,7,1,0,0,0,22,0,0,LivesExhausted,,,,,,,,,
ppo_rollout,485376,340.3121916000091,1426.2668572582136,,,,,,,,,,,,,,,,,,,-0.0034542729263193905,1.7453685666124026,-0.47866797099510827,0.9846798181533813,0.011813991,0.07958984375
training_episode,488028,342.4602017000143,1425.0648617777172,15452605,26254.666015625,302.6741027832031,261.546630859375,2,40,39,27,6,3,3,192,3,1,MaxDuration,,,,,,,,,
ppo_rollout,491520,344.36018370001693,1427.342716334995,,,,,,,,,,,,,,,,,,,-0.005406597902765498,2.0875482256213824,-0.4955159232020378,0.9875773191452026,0.0066965385,0.06892903645833333
training_episode,493326,345.9581157999928,1425.9703052759262,14510044,27389.33203125,303.2546691894531,273.3932800292969,1,42,41,27,6,5,3,127,2,1,MaxDuration,,,,,,,,,
training_episode,496842,347.9317587999976,1427.98691822094,50222633,24077.33203125,302.4939270019531,239.77330017089844,2,36,41,24,5,9,1,125,3,1,MaxDuration,,,,,,,,,
ppo_rollout,497664,348.43025289999787,1428.303070292904,,,,,,,,,,,,,,,,,,,-0.00512381786829792,1.8637418498595555,-0.47407636741797127,0.9896317720413208,0.0054084454,0.060546875
training_episode,498096,349.3322434000147,1425.8517769561806,68131292,27389.33203125,302.8442687988281,272.8932800292969,2,40,37,27,5,9,5,172,3,1,MaxDuration,,,,,,,,,
training_episode,499362,350.0880960000213,1426.389545104583,23726196,1102.7799072265625,50.257572174072266,9.527798652648926,3,4,9,2,0,0,0,19,0,0,LivesExhausted,,,,,,,,,
validation,500004,,,,,,,,,,,,,,,,,,9366.53855255127,1960.7576293945312,11221.52061408796,,,,,,
training_episode,502020,542.3476730000111,925.6423969205262,72844097,658.1199340820312,32.68052291870117,5.0811991691589355,3,3,5,1,0,0,0,5,0,0,LivesExhausted,,,,,,,,,
ppo_rollout,503808,543.3614775000024,927.2059593146219,,,,,,,,,,,,,,,,,,,-0.007107947237091139,2.2291603167851766,-0.5449886158108711,0.988588273525238,0.0061254427,0.058154296875
training_episode,505158,544.7240751000063,927.3649230709285,6969556,1630.3515625,69.28639221191406,14.803516387939453,3,4,12,2,0,2,0,10,0,0,LivesExhausted,,,,,,,,,
training_episode,506550,545.5098887000058,928.580783763883,49594259,1377.6715087890625,59.89595413208008,12.276715278625488,3,5,10,2,0,3,0,28,0,0,LivesExhausted,,,,,,,,,
ppo_rollout,509952,547.4208367000101,931.5538719244199,,,,,,,,,,,,,,,,,,,-0.007984043339577813,1.5269541705648104,-0.6131198490659396,0.9888732433319092,0.008104255,0.08004557291666667
training_episode,509958,548.0730471000134,930.4562643580281,20270139,549.5463256835938,28.390554428100586,3.9954633712768555,3,3,6,1,1,0,0,5,0,0,LivesExhausted,,,,,,,,,
training_episode,509970,548.084537000017,930.4586529504375,72634639,27389.33203125,304.2456359863281,272.8932800292969,2,46,43,27,0,5,4,146,2,1,MaxDuration,,,,,,,,,
training_episode,512916,549.7542564000178,932.9914121243054,4560789,1497.383544921875,64.6353988647461,13.473835945129395,3,3,13,2,0,0,0,38,1,0,LivesExhausted,,,,,,,,,
ppo_rollout,516096,551.6319460000086,935.5803334856026,,,,,,,,,,,,,,,,,,,-0.007382682635216043,1.597788799305757,-0.5755305339892706,0.9923573732376099,0.007848864,0.07451171875
training_episode,517188,552.8662696999963,935.4667273889642,66874544,1385.6463623046875,60.22589874267578,12.356464385986328,3,5,11,2,0,2,0,21,0,0,LivesExhausted,,,,,,,,,
training_episode,520794,555.0134203000052,938.344877712131,61323907,23034.666015625,301.7031555175781,229.3466339111328,2,51,38,23,4,3,2,132,1,1,MaxDuration,,,,,,,,,
ppo_rollout,522240,555.8378235000127,939.5546289231395,,,,,,,,,,,,,,,,,,,-0.006930142466444522,1.3847720791896185,-0.6069787596662839,0.9931092858314514,0.0079652695,0.08917643229166666
training_episode,522438,556.560105600016,938.6910681224095,68236021,937.5293579101562,43.71866989135742,7.875293731689453,3,3,8,1,0,0,0,22,1,0,LivesExhausted,,,,,,,,,
training_episode,524166,557.6095923999965,940.0232835736334,24459299,23034.666015625,301.0925598144531,229.8466339111328,1,40,45,23,2,6,3,152,0,1,MaxDuration,,,,,,,,,
training_episode,525234,558.2443246000039,940.8676037617461,52003026,2581.655029296875,102.65351867675781,23.81654930114746,4,7,17,3,1,1,0,44,2,1,LivesExhausted,,,,,,,,,
ppo_rollout,528384,560.035059100017,943.4837898347282,,,,,,,,,,,,,,,,,,,-0.009005262526140237,1.6595008323589961,-0.5494184603293737,0.991844654083252,0.008108483,0.0748046875
training_episode,528474,560.7004784000164,942.5246104801334,65408338,738.52587890625,35.859989166259766,5.885258674621582,3,3,6,1,0,0,0,5,2,0,LivesExhausted,,,,,,,,,
training_episode,529650,561.3624503000174,943.5080663427544,14824231,1758.8485107421875,73.7573471069336,16.088485717773438,3,4,14,2,0,1,0,20,0,0,LivesExhausted,,,,,,,,,
training_episode,534378,564.039437600004,947.4124757548624,14928960,1820.2679443359375,76.1878662109375,16.202678680419922,4,4,13,2,1,0,0,63,1,0,LivesExhausted,,,,,,,,,
ppo_rollout,534528,564.1388456000132,947.5114223546876,,,,,,,,,,,,,,,,,,,-0.00762074365435789,1.110053460796674,-0.5881852671504021,0.9930038452148438,0.009010921,0.07547200520833333
training_episode,536166,565.641222700011,947.8906035891177,43205790,1483.0853271484375,64.06527709960938,13.330853462219238,3,3,12,2,0,0,0,24,0,0,LivesExhausted,,,,,,,,,
training_episode,536454,565.8192782000115,948.10131197115,7179014,1280.1221923828125,56.656497955322266,11.301222801208496,3,4,11,2,0,1,0,40,1,0,LivesExhausted,,,,,,,,,
training_episode,538488,566.9626794999931,949.7768009613877,18070830,24077.33203125,303.8852844238281,239.77330017089844,2,40,45,24,2,4,0,213,0,1,MaxDuration,,,,,,,,,
ppo_rollout,540672,568.191055400006,951.5672498916185,,,,,,,,,,,,,,,,,,,-0.007843537331791595,1.314236078162988,-0.6421792616446813,0.990898609161377,0.0060493476,0.08291015625
training_episode,546462,572.0279149000125,955.3065257235194,37131508,27389.33203125,304.0654602050781,272.8932800292969,2,29,38,27,1,3,3,164,1,1,MaxDuration,,,,,,,,,
ppo_rollout,546816,572.2284205000033,955.5904257991969,,,,,,,,,,,,,,,,,,,-0.00844457167161939,1.7717246597011884,-0.586474924782912,0.9905951023101807,0.008107493,0.07874348958333334
ppo_rollout,552960,576.1217260000121,959.7971661981522,,,,,,,,,,,,,,,,,,,-0.005386519889968137,2.9537587662537894,-0.5919698571165403,0.9804607033729553,0.005476309,0.05789388020833333
training_episode,558030,579.7592573000002,962.5202064022304,24878215,2407.177001953125,96.36217498779297,22.57176971435547,3,4,14,3,0,1,0,42,0,0,LivesExhausted,,,,,,,,,
training_episode,558858,580.2335860000167,963.1603779654079,71273162,24077.33203125,303.4648742675781,239.77330017089844,2,44,41,24,4,3,6,154,3,1,MaxDuration,,,,,,,,,
ppo_rollout,559104,580.3846128000005,963.3336026995365,,,,,,,,,,,,,,,,,,,-0.007185038538106407,1.4135322923461595,-0.5198892916242281,0.9857923984527588,0.008223993,0.07032877604166667
ppo_rollout,565248,584.4060016000003,967.2179930603911,,,,,,,,,,,,,,,,,,,-0.00607161492225714,1.8400937487681708,-0.45844334214925764,0.9835770726203918,0.008467283,0.07566731770833333
training_episode,570588,588.1966375000193,970.0633489255221,34932199,23034.666015625,301.7131652832031,229.3466339111328,2,24,40,23,3,4,1,131,5,1,MaxDuration,,,,,,,,,
ppo_rollout,571392,588.8201154000126,970.4016304059638,,,,,,,,,,,,,,,,,,,-0.006389675751173248,1.6797964269916217,-0.509456017613411,0.990330159664154,0.007306376,0.089501953125
training_episode,572346,590.1680931000155,969.8016661551453,42367958,23034.666015625,301.4529113769531,229.8466339111328,1,31,43,23,3,7,2,134,3,1,MaxDuration,,,,,,,,,
training_episode,573240,590.6915447000065,970.4557397907743,9587781,26254.666015625,306.5178527832031,261.046630859375,3,34,45,27,5,4,3,154,2,1,MaxDuration,,,,,,,,,
training_episode,574200,591.2475353000045,971.1668391288017,15138418,592.8388061523438,30.090593338012695,4.428387641906738,3,3,5,1,0,0,0,10,0,0,LivesExhausted,,,,,,,,,
training_episode,574644,591.532517100015,971.4495541465568,65513067,26254.666015625,301.2527160644531,261.546630859375,2,32,40,27,0,7,1,174,2,1,MaxDuration,,,,,,,,,
ppo_rollout,577536,593.2434176999959,973.5228116632233,,,,,,,,,,,,,,,,,,,-0.009170310368062928,2.3942250857750573,-0.473331539084514,0.9680036306381226,0.008834155,0.07721354166666666
ppo_rollout,583680,597.4459423999942,976.9586812411928,,,,,,,,,,,,,,,,,,,-0.008264303973798329,1.576881762345632,-0.5711617231369018,0.9932599663734436,0.009304979,0.08655598958333334
ppo_rollout,589824,602.097673900018,979.6151447978255,,,,,,,,,,,,,,,,,,,-0.007529583604385455,1.864649732907613,-0.5853374992807706,0.9856862425804138,0.008024317,0.0830078125
training_episode,594318,606.1062898999953,980.5507877142468,73367742,23034.666015625,302.3638000488281,230.34661865234375,0,30,40,23,1,7,0,116,3,1,MaxDuration,,,,,,,,,
training_episode,595182,606.7304834999959,980.9660404181818,8749949,26254.666015625,302.6841125488281,262.546630859375,0,30,42,27,5,4,3,153,2,1,MaxDuration,,,,,,,,,
ppo_rollout,595968,607.313759200013,981.3181258811619,,,,,,,,,,,,,,,,,,,-0.00690966430605234,2.166908190647761,-0.49641901850700376,0.9452086091041565,0.0072745862,0.07014973958333333
ppo_rollout,602112,612.3800888000114,983.2324907556477,,,,,,,,,,,,,,,,,,,-0.006295520886972857,1.933294141292572,-0.46628301789363225,0.9741562604904175,0.007944235,0.08028971354166667
ppo_rollout,608256,616.5315693000157,986.5772172714344,,,,,,,,,,,,,,,,,,,-0.006462506090368455,2.293900403380394,-0.5259917815526326,0.9855037331581116,0.009210699,0.06844075520833333
training_episode,608730,617.3968834000116,985.9622171199132,43938893,27389.33203125,303.1745910644531,272.8932800292969,2,19,45,27,4,3,2,115,1,1,MaxDuration,,,,,,,,,
training_episode,609462,617.8083011000126,986.4904678600919,67712376,23034.666015625,301.7932434082031,229.3466339111328,2,24,43,23,5,4,2,162,3,1,MaxDuration,,,,,,,,,
training_episode,610434,618.3491421000217,987.199558370631,67293460,24077.33203125,301.9333801269531,239.77328491210938,2,24,42,24,2,7,2,146,5,1,MaxDuration,,,,,,,,,
training_episode,611322,618.8509677000111,987.8339566503502,41111210,26254.666015625,305.6069641113281,260.546630859375,4,34,38,27,4,1,4,127,4,1,MaxDuration,,,,,,,,,
ppo_rollout,614400,620.4807950000104,990.1998658959134,,,,,,,,,,,,,,,,,,,-0.00598599729128182,2.359591849644979,-0.4917914559443792,0.8386428952217102,0.008580872,0.06881510416666667
ppo_rollout,620544,624.4620686999988,993.7256898434914,,,,,,,,,,,,,,,,,,,-0.007156390584229181,1.9507460579276086,-0.5887669220566749,0.9891833662986755,0.008289288,0.07408854166666666
ppo_rollout,626688,628.5417722999991,997.0506776451537,,,,,,,,,,,,,,,,,,,-0.008119553133534888,1.9405808821320534,-0.5518753871321678,0.9724938869476318,0.008563355,0.075390625
training_episode,630534,631.471274600015,998.5157288419672,32418703,28554.666015625,301.7632141113281,285.046630859375,1,20,43,28,1,3,2,154,2,1,MaxDuration,,,,,,,,,
training_episode,631734,632.1421856000088,999.3542819806886,11682361,27389.33203125,304.5759582519531,272.8932800292969,2,14,44,27,1,5,1,159,2,1,MaxDuration,,,,,,,,,
ppo_rollout,632832,632.8034928000125,1000.0450490560054,,,,,,,,,,,,,,,,,,,-0.00955801889843618,1.6333714018265406,-0.48199198419849076,0.672150731086731,0.0102839,0.09129231770833333
ppo_rollout,638976,636.7338100000052,1003.5213930292076,,,,,,,,,,,,,,,,,,,-0.00645697763732945,2.200187850991885,-0.4999585834642251,0.9791072607040405,0.010404777,0.10374348958333333
training_episode,640284,638.0439837000158,1003.5107553040377,63837403,1963.3040771484375,81.23894500732422,18.133041381835938,3,5,15,2,0,2,1,25,0,1,LivesExhausted,,,,,,,,,
ppo_rollout,645120,640.6146715000214,1007.032821289324,,,,,,,,,,,,,,,,,,,-0.008534212076726059,1.8356626470883688,-0.5442130903402964,0.9907898306846619,0.011597723,0.09093424479166666
training_episode,645252,641.3061771000212,1006.1527910394093,26239692,28554.666015625,304.3257141113281,285.546630859375,0,20,46,28,2,2,5,169,3,1,MaxDuration,,,,,,,,,
training_episode,645486,641.4377742000215,1006.3111746186562,64675235,26254.666015625,300.1816711425781,262.546630859375,0,14,44,27,2,8,3,118,4,1,MaxDuration,,,,,,,,,
training_episode,647064,642.3064049000095,1007.4070491337092,34513283,27389.33203125,305.1965637207031,273.8932800292969,0,23,43,27,4,4,2,170,3,1,MaxDuration,,,,,,,,,
training_episode,648030,642.8739445999963,1008.0203210027618,53573961,26254.666015625,305.8772277832031,262.546630859375,0,17,47,27,1,10,6,155,3,1,MaxDuration,,,,,,,,,
ppo_rollout,651264,644.6386413,1010.2776319561593,,,,,,,,,,,,,,,,,,,-0.008115163096226752,2.9152634034554166,-0.5406657656033834,0.9711933732032776,0.008943956,0.07576497395833333
ppo_rollout,657408,648.6625852000143,1013.4822248107452,,,,,,,,,,,,,,,,,,,-0.008506105021418383,1.9476741353670757,-0.5976481343309085,0.9866586327552795,0.008954844,0.07444661458333333
ppo_rollout,663552,652.6272120000212,1016.7397065263323,,,,,,,,,,,,,,,,,,,-0.009509488843226185,1.6142533709605535,-0.6152808740735054,0.9759167432785034,0.008506888,0.0943359375
training_episode,668196,655.9636005999928,1018.6479850235875,72215723,26254.666015625,303.8252258300781,261.046630859375,3,24,43,27,5,7,4,151,4,1,MaxDuration,,,,,,,,,
ppo_rollout,669696,656.8890611999959,1019.496349621972,,,,,,,,,,,,,,,,,,,-0.007005771570644962,1.5630861515800158,-0.5500394860903423,0.9194229245185852,0.009885575,0.10009765625
ppo_rollout,675840,661.1269209000166,1022.254545435775,,,,,,,,,,,,,,,,,,,-0.0073168052088779705,1.8555783400932948,-0.5196773178875447,0.9555331468582153,0.007902429,0.08707682291666667
training_episode,676938,662.4158234000206,1021.9230520874947,59334056,27389.33203125,305.4167785644531,272.8932800292969,2,19,48,27,2,6,2,176,7,1,MaxDuration,,,,,,,,,
training_episode,681444,664.9327871999994,1024.8314011849657,42158500,23034.666015625,301.5730285644531,229.84661865234375,1,19,46,23,2,7,1,135,1,1,MaxDuration,,,,,,,,,
training_episode,681576,665.0067488000204,1024.915914357077,64256319,26254.666015625,300.7121887207031,261.546630859375,2,19,46,27,2,5,1,137,3,1,MaxDuration,,,,,,,,,
ppo_rollout,681984,665.2245715000026,1025.1936401901194,,,,,,,,,,,,,,,,,,,-0.006630404208165904,2.050975842277209,-0.5273276624580224,0.9629412889480591,0.006696003,0.07742513020833333
training_episode,683124,666.4514915000182,1025.0168372531602,57344205,24077.33203125,300.4519348144531,240.77330017089844,0,17,44,24,2,7,4,149,3,1,MaxDuration,,,,,,,,,
training_episode,684114,667.0062472000136,1025.6485645701252,57448934,23034.666015625,300.6521301269531,230.3466339111328,0,25,45,23,6,4,2,155,2,1,MaxDuration,,,,,,,,,
ppo_rollout,688128,669.1248822000052,1028.3999568772792,,,,,,,,,,,,,,,,,,,-0.0058923165779560804,2.5299311608076094,-0.517546953757604,0.980884850025177,0.006507832,0.06404622395833333
ppo_rollout,694272,673.0975373999972,1031.4582381058683,,,,,,,,,,,,,,,,,,,-0.00859105377458036,1.272418919702371,-0.6195151343941688,0.992649495601654,0.009317538,0.08694661458333333
ppo_rollout,700416,677.0304011999979,1034.5414308700947,,,,,,,,,,,,,,,,,,,-0.007506940903840587,1.7803723851839701,-0.5795637334386508,0.9794314503669739,0.006915768,0.07472330729166667
training_episode,704244,679.7326553000021,1036.0602723863249,58810411,26254.666015625,300.3418273925781,262.546630859375,0,21,42,27,5,4,7,129,2,1,MaxDuration,,,,,,,,,
ppo_rollout,706560,680.9852717000176,1037.5554793367812,,,,,,,,,,,,,,,,,,,-0.005091368845508744,1.447451009353002,-0.5022049747407437,0.6978471875190735,0.0068492726,0.09606119791666666
ppo_rollout,712704,684.9657996000024,1040.495745066682,,,,,,,,,,,,,,,,,,,-0.007828674521685267,1.8053573330243429,-0.5096614879866441,0.9634485244750977,0.006943314,0.06949869791666667
training_episode,713706,686.1020962000184,1040.23293902302,52945587,29750.666015625,306.3576965332031,296.0066223144531,3,34,41,30,3,8,6,137,1,1,MaxDuration,,,,,,,,,
training_episode,718050,688.4772362000076,1042.9538730477377,3408770,24077.33203125,303.9053039550781,239.77330017089844,2,24,42,24,3,6,0,154,2,1,MaxDuration,,,,,,,,,
training_episode,718080,688.4989872000006,1042.9644971887324,12939109,24077.33203125,305.2466125488281,239.77330017089844,2,22,45,24,1,4,1,151,3,1,MaxDuration,,,,,,,,,
ppo_rollout,718848,688.9208439000067,1043.4406309011854,,,,,,,,,,,,,,,,,,,-0.007750166118300209,2.2399704794089,-0.5044990368187428,0.9723113179206848,0.0064726896,0.063916015625
training_episode,719514,689.8929666000186,1042.935694135225,31580871,27389.33203125,303.2046203613281,273.3932800292969,1,29,43,27,3,12,4,133,2,1,MaxDuration,,,,,,,,,
training_episode,720576,690.5261616000207,1043.5173061804794,31057226,26254.666015625,303.8152160644531,262.046630859375,1,24,43,27,4,6,4,145,3,1,MaxDuration,,,,,,,,,
training_episode,724218,692.5698362000112,1045.6967112134653,23935654,2139.16015625,87.5802993774414,19.8916015625,3,4,18,3,0,1,0,47,2,0,LivesExhausted,,,,,,,,,
ppo_rollout,724992,692.9947603000037,1046.1724121639022,,,,,,,,,,,,,,,,,,,-0.007179147779243067,2.044690402348836,-0.5219932079315186,0.9865827560424805,0.0068396647,0.094091796875
ppo_rollout,731136,696.9011205999996,1049.1244430350835,,,,,,,,,,,,,,,,,,,-0.00861143366782926,2.060902104775111,-0.6506919850905736,0.9836349487304688,0.007677578,0.10501302083333333
training_episode,735486,699.8390205000178,1050.9359702099966,11787090,2329.297607421875,93.88164520263672,21.7929744720459,3,4,16,3,0,1,0,69,0,0,LivesExhausted,,,,,,,,,
ppo_rollout,737280,700.7927938000066,1052.0656127214775,,,,,,,,,,,,,,,,,,,-0.007519035225656504,1.5476449524362883,-0.5989149490992228,0.9814433455467224,0.011333484,0.086376953125
training_episode,741036,703.4825824,1053.3821569140814,1942564,27389.33203125,306.5679016113281,273.3932800292969,1,24,43,27,1,6,3,116,2,1,MaxDuration,,,,,,,,,
ppo_rollout,743424,704.8784970999986,1054.6838966695461,,,,,,,,,,,,,,,,,,,-0.006190602401814734,1.8504046166936556,-0.5344712634881338,0.9747313261032104,0.0065715048,0.06848958333333334
training_episode,746280,707.1212760000199,1055.377663392466,47813866,936.941650390625,43.698673248291016,7.869416236877441,3,3,8,1,0,0,1,18,0,0,LivesExhausted,,,,,,,,,
ppo_rollout,749568,709.3421822999953,1056.708622021568,,,,,,,,,,,,,,,,,,,-0.0066541368161172915,1.7575209448734919,-0.5319155029952526,0.9888091683387756,0.0058484334,0.06163736979166667
training_episode,754140,712.6913537000073,1058.1579193921857,42472687,26254.666015625,300.6921691894531,261.546630859375,2,25,45,27,3,7,3,147,0,1,MaxDuration,,,,,,,,,
training_episode,754200,712.7311559999944,1058.1830100324755,67398189,26254.666015625,300.9524230957031,262.046630859375,1,24,44,27,0,11,2,167,4,1,MaxDuration,,,,,,,,,
ppo_rollout,755712,713.6119566000125,1058.9957090973815,,,,,,,,,,,,,,,,,,,-0.007146720156500427,2.123510664701462,-0.5531455978751183,0.9844407439231873,0.006484058,0.07587890625
training_episode,755820,714.3494805000082,1058.0535447033076,48861156,24077.33203125,302.4939270019531,239.77330017089844,2,27,42,24,2,7,1,144,1,1,MaxDuration,,,,,,,,,
training_episode,757014,715.2250419000047,1058.4277054799177,61219178,24077.33203125,303.6250305175781,239.77330017089844,2,21,46,24,2,4,2,201,2,1,MaxDuration,,,,,,,,,
ppo_rollout,761856,717.7962321999948,1061.381999268741,,,,,,,,,,,,,,,,,,,-0.008419041556771844,2.0213459859291714,-0.5529188871383667,0.9863299131393433,0.009311059,0.07945963541666666
ppo_rollout,768000,722.1807948000205,1063.4456157376317,,,,,,,,,,,,,,,,,,,-0.009579516747423137,1.8503870969017346,-0.5944996242721875,0.9847167730331421,0.0078612985,0.07208658854166666
training_episode,771816,725.0070464000164,1064.563446427743,13567483,23034.666015625,302.7141418457031,229.8466339111328,1,14,45,23,2,3,1,175,1,1,MaxDuration,,,,,,,,,
ppo_rollout,774144,726.3867422000039,1065.7463235842574,,,,,,,,,,,,,,,,,,,-0.007795420349187528,1.6067973673343658,-0.5286708188553652,0.9305844306945801,0.0074423198,0.07607421875
ppo_rollout,780288,730.3094178000174,1068.4348044566343,,,,,,,,,,,,,,,,,,,-0.008802029714570381,1.4288535505533217,-0.506074150900046,0.9769914150238037,0.0070628733,0.07727864583333334
training_episode,783006,732.3722407000023,1069.1366445724402,32837619,24077.33203125,306.0273742675781,240.27330017089844,1,27,42,24,4,3,1,146,0,1,MaxDuration,,,,,,,,,
ppo_rollout,786432,734.233691100002,1071.0922279006243,,,,,,,,,,,,,,,,,,,-0.007654276998558392,1.7127680147687594,-0.4934679043789705,0.950989842414856,0.0065838746,0.065673828125
training_episode,790446,737.0964229000092,1072.3780165559533,11472903,29750.666015625,302.0134582519531,297.5066223144531,0,19,43,30,3,2,5,100,3,1,MaxDuration,,,,,,,,,
training_episode,790698,737.2346706000098,1072.5187400051034,37550424,28554.666015625,304.6360168457031,284.546630859375,2,25,42,28,1,1,8,151,2,1,MaxDuration,,,,,,,,,
training_episode,792360,738.1340299000149,1073.463582362312,46033473,27389.33203125,304.4558410644531,273.3932800292969,1,22,43,27,1,6,4,128,2,1,MaxDuration,,,,,,,,,
ppo_rollout,792576,738.2573641000199,1073.5768290861517,,,,,,,,,,,,,,,,,,,-0.008310612995410338,2.123477508624395,-0.482737331589063,0.9749111533164978,0.006376468,0.06868489583333333
training_episode,793446,739.3339095000119,1073.1903268667636,8540491,27389.33203125,303.5449523925781,273.8932800292969,0,20,48,27,3,4,2,96,7,1,MaxDuration,,,,,,,,,
ppo_rollout,798720,742.2986642000033,1076.00894157718,,,,,,,,,,,,,,,,,,,-0.007285134595197936,2.670799657702446,-0.518510690331459,0.9842990040779114,0.005665168,0.04436848958333333
ppo_rollout,804864,746.2657159999944,1078.5220099806997,,,,,,,,,,,,,,,,,,,-0.00883375751824739,1.4233594606320064,-0.6018399630983671,0.9905205965042114,0.0108039295,0.100634765625
training_episode,808332,748.7814225000038,1079.5299879384972,51793568,29750.666015625,304.2756652832031,297.5066223144531,0,23,45,30,3,2,4,111,2,1,MaxDuration,,,,,,,,,
ppo_rollout,811008,750.2821857999952,1080.937299791085,,,,,,,,,,,,,,,,,,,-0.005848486674949527,1.879643864929676,-0.5594273125131924,0.9811193346977234,0.008096435,0.08460286458333334
ppo_rollout,817152,754.2735749999993,1083.3628899169653,,,,,,,,,,,,,,,,,,,-0.008270117628853768,1.5666961049040158,-0.5361951698859533,0.9808650016784668,0.0077468385,0.085400390625
training_episode,819528,756.4473732000042,1083.3906350062998,46347660,26254.666015625,304.3257141113281,262.546630859375,0,28,43,27,2,7,3,164,3,1,MaxDuration,,,,,,,,,
ppo_rollout,823296,758.5316414000117,1085.3812221734793,,,,,,,,,,,,,,,,,,,-0.007843965590776254,1.758552580078443,-0.5126326523721219,0.9848692417144775,0.005708188,0.06580403645833334
training_episode,826698,761.0500103000086,1086.2597579810988,56925289,27389.33203125,302.0434875488281,273.3932800292969,1,36,42,27,3,6,5,201,2,1,MaxDuration,,,,,,,,,
training_episode,827304,761.3720119000063,1086.596285481338,9378323,24077.33203125,305.0063781738281,240.77330017089844,0,24,47,24,1,9,2,162,0,1,MaxDuration,,,,,,,,,
training_episode,828636,762.081903000013,1087.3319478365647,30533581,26254.666015625,302.2737121582031,261.546630859375,2,19,41,27,2,6,4,137,0,1,MaxDuration,,,,,,,,,
ppo_rollout,829440,762.50500070001,1087.7830299323166,,,,,,,,,,,,,,,,,,,-0.007988028249625738,1.9919721732536952,-0.523192090044419,0.9780184030532837,0.0074293376,0.06263020833333334
training_episode,829740,763.2705668999988,1087.0850206761736,16604624,23034.666015625,302.4038391113281,229.3466339111328,2,30,48,23,2,3,2,198,2,1,MaxDuration,,,,,,,,,
ppo_rollout,835584,766.4368032000202,1090.2190454728648,,,,,,,,,,,,,,,,,,,-0.008048038130315642,2.143727614482244,-0.5610728934407234,0.9876317977905273,0.007654015,0.08068033854166666
training_episode,835944,767.222619600012,1089.5716297256924,6550640,1841.31640625,77.02804565429688,16.913164138793945,3,4,16,2,0,0,0,45,0,0,LivesExhausted,,,,,,,,,
training_episode,838548,768.7124326000048,1090.8474540522147,10739800,2324.356689453125,93.69160461425781,21.743566513061523,3,4,17,3,0,1,0,46,0,0,LivesExhausted,,,,,,,,,
training_episode,838728,768.8185913000198,1090.9309549626892,52212484,419.9408264160156,23.170434951782227,2.6994082927703857,3,3,4,1,0,0,0,10,0,0,LivesExhausted,,,,,,,,,
ppo_rollout,841728,770.5002895000216,1092.4434571545692,,,,,,,,,,,,,,,,,,,-0.007411753884904708,1.011404004196326,-0.6438219577074051,0.9930046796798706,0.010627543,0.0865234375
training_episode,844944,772.8035575000104,1093.3490041548996,40482836,25150.666015625,305.0864562988281,251.0066375732422,1,22,44,26,4,7,3,132,3,1,MaxDuration,,,,,,,,,
ppo_rollout,847872,774.471286999993,1094.7752540760205,,,,,,,,,,,,,,,,,,,-0.005480348056880757,2.7758779923121133,-0.6409506142139435,0.979297399520874,0.0074639306,0.05966796875
ppo_rollout,854016,778.5912715000159,1096.873329127711,,,,,,,,,,,,,,,,,,,-0.009001799913433691,1.4557184353470802,-0.6103981067736943,0.988511323928833,0.010197029,0.086767578125
training_episode,856326,780.5352085000195,1097.1010540903467,64151590,25150.666015625,306.5979309082031,251.5066375732422,0,23,46,26,4,5,2,148,2,1,MaxDuration,,,,,,,,,
ppo_rollout,860160,782.7460332000046,1098.9004907294302,,,,,,,,,,,,,,,,,,,-0.008489844193294023,1.5037673006455103,-0.6080278431375822,0.9851151704788208,0.008280364,0.08229166666666667
training_episode,861378,784.0551339999947,1098.619169299395,50013175,896.2579345703125,42.08894348144531,7.462579727172852,3,4,8,1,0,1,0,16,0,0,LivesExhausted,,,,,,,,,
training_episode,864750,786.0870117000013,1100.0690599503498,49384801,26254.666015625,300.9123840332031,262.046630859375,1,32,44,27,4,8,3,161,2,1,MaxDuration,,,,,,,,,
training_episode,865914,786.8381206000049,1100.4982820858954,5817537,25150.666015625,301.4128723144531,251.0066375732422,1,27,46,26,3,5,6,144,2,1,MaxDuration,,,,,,,,,
ppo_rollout,866304,787.0806942000054,1100.654616971031,,,,,,,,,,,,,,,,,,,-0.008920663550573712,1.3803195466597875,-0.5933663676182429,0.9869706630706787,0.009039679,0.07908528645833333
ppo_rollout,872448,791.1441152000043,1102.7674771737911,,,,,,,,,,,,,,,,,,,-0.006000491018251826,2.3343514800071716,-0.5665939072767894,0.9816784858703613,0.0067980005,0.07008463541666667
training_episode,875130,793.2663294000085,1103.1982167475953,22259990,24077.33203125,304.8061828613281,240.77330017089844,0,17,45,24,2,8,2,150,1,1,MaxDuration,,,,,,,,,
training_episode,875508,793.4863924999954,1103.3686377929978,32942348,27389.33203125,306.4678039550781,273.3932800292969,1,28,38,27,2,5,4,173,4,1,MaxDuration,,,,,,,,,
ppo_rollout,878592,795.2459913000057,1104.8053176146752,,,,,,,,,,,,,,,,,,,-0.009792879218002782,1.709455280005932,-0.5911895165840785,0.989454984664917,0.00822503,0.07447916666666667
training_episode,881472,797.5093503000098,1105.281085003461,59229327,24077.33203125,304.3557434082031,240.27330017089844,1,29,45,24,1,5,5,172,2,1,MaxDuration,,,,,,,,,
ppo_rollout,884736,799.3387504999992,1106.8348675034001,,,,,,,,,,,,,,,,,,,-0.007199433525480951,1.5648816247781119,-0.6039927651484808,0.9878042340278625,0.012401237,0.07952473958333334
training_episode,887952,801.6986662000127,1107.5882216554273,42891603,1212.32470703125,53.97694778442383,10.623247146606445,3,3,11,2,0,0,1,28,1,0,LivesExhausted,,,,,,,,,
ppo_rollout,890880,803.2426106000203,1109.104507459477,,,,,,,,,,,,,,,,,,,-0.00764797197189182,1.613101161022981,-0.602290433148543,0.9895463585853577,0.0067716646,0.06603190104166666
ppo_rollout,897024,807.325447500014,1111.1058158487992,,,,,,,,,,,,,,,,,,,-0.007734531932510435,2.1440339694420496,-0.5837055419882139,0.9741251468658447,0.005750825,0.056070963541666664
training_episode,898002,808.5471184000198,1110.636572148073,14719502,30977.33203125,305.1765441894531,309.7732849121094,0,21,45,31,0,5,7,127,3,1,MaxDuration,,,,,,,,,
training_episode,901068,810.2937399999937,1112.0263621930574,70749517,26254.666015625,302.6140441894531,262.046630859375,1,32,38,27,0,5,3,132,3,1,MaxDuration,,,,,,,,,
training_episode,902454,811.1069629999984,1112.6202106096355,47604408,24077.33203125,304.4458312988281,240.27330017089844,1,28,41,24,2,7,0,131,3,1,MaxDuration,,,,,,,,,
ppo_rollout,903168,811.5445470999985,1112.9000906079796,,,,,,,,,,,,,,,,,,,-0.011341048784864445,1.9313424905141194,-0.5753339072068532,0.9673693776130676,0.006983828,0.06451822916666666
ppo_rollout,909312,815.5458665000042,1114.973464217779,,,,,,,,,,,,,,,,,,,-0.009893713649459339,1.9891895482937494,-0.587602982421716,0.9868699312210083,0.008098195,0.08372395833333333
training_episode,909840,816.4381811000057,1114.4015812368696,7702659,1418.78125,61.52568054199219,12.687812805175781,3,5,10,2,0,1,1,21,0,1,LivesExhausted,,,,,,,,,
training_episode,911688,817.4673968999996,1115.2591570713448,22050532,27389.33203125,304.6159973144531,272.8932800292969,2,26,41,27,3,3,7,161,0,1,MaxDuration,,,,,,,,,
training_episode,912078,817.6887468000059,1115.4342083945546,70016414,24077.33203125,304.6960754394531,240.27330017089844,1,25,44,24,0,5,2,183,4,1,MaxDuration,,,,,,,,,
ppo_rollout,915456,819.5763093999994,1116.9868985966575,,,,,,,,,,,,,,,,,,,-0.011229029675208342,1.589113935828209,-0.5935547908147176,0.9891448020935059,0.008198459,0.093017578125
training_episode,915636,820.2930253999948,1116.230385542427,23516738,1052.5382080078125,48.267906188964844,9.025382041931152,3,3,9,2,0,0,1,25,1,0,LivesExhausted,,,,,,,,,
training_episode,918294,821.7879145000188,1117.434296364283,7493201,1239.3673095703125,55.04676818847656,10.89367389678955,3,3,10,2,0,0,0,16,0,0,LivesExhausted,,,,,,,,,
ppo_rollout,921600,823.7083876999968,1118.8425585580615,,,,,,,,,,,,,,,,,,,-0.007981610676506535,2.1292049924532575,-0.6085661108295123,0.986178994178772,0.006324491,0.06881510416666667
training_episode,924660,826.1753182999964,1119.2055481670081,29172104,27389.33203125,305.8572082519531,273.3932800292969,1,20,50,27,2,7,4,171,3,1,MaxDuration,,,,,,,,,
ppo_rollout,927744,827.8678126000159,1120.64267492936,,,,,,,,,,,,,,,,,,,-0.0097125211856716,1.6916135251522064,-0.6234358713030815,0.9878106713294983,0.0070023336,0.0734375
ppo_rollout,933888,831.8845559000038,1122.6173071450282,,,,,,,,,,,,,,,,,,,-0.008647417983350654,1.6065836588541667,-0.5724130029479663,0.9889092445373535,0.009026179,0.07529296875
training_episode,934422,832.8193971000146,1121.9983627348004,3304041,27389.33203125,303.4848937988281,273.3932800292969,1,27,43,27,0,8,2,165,3,1,MaxDuration,,,,,,,,,
training_episode,937854,834.7897258000157,1123.4613592078092,32628161,24077.33203125,306.5078430175781,240.27330017089844,1,31,45,24,3,2,2,167,1,1,MaxDuration,,,,,,,,,
ppo_rollout,940032,835.9589994999988,1124.495340755048,,,,,,,,,,,,,,,,,,,-0.008038068849903842,1.854483890036742,-0.5723422820369403,0.9832800030708313,0.008547018,0.08642578125
ppo_rollout,946176,839.9937564000138,1126.4083724324983,,,,,,,,,,,,,,,,,,,-0.00981689058826305,1.342321833471457,-0.56061652302742,0.9903503656387329,0.009881542,0.09313151041666666
training_episode,948348,841.917677999998,1126.4141670630204,72948826,24077.33203125,302.2236633300781,239.77330017089844,2,20,46,24,4,5,2,142,2,1,MaxDuration,,,,,,,,,
training_episode,949704,842.8070328000176,1126.8344508764285,16185708,2467.518310546875,98.752685546875,23.175182342529297,3,5,18,3,0,2,0,30,0,0,LivesExhausted,,,,,,,,,
training_episode,952062,844.1867167000019,1127.7860468140175,21317429,27389.33203125,303.5149230957031,272.8932800292969,2,32,45,27,2,6,3,142,0,1,MaxDuration,,,,,,,,,
ppo_rollout,952320,844.3491252000094,1127.874680718612,,,,,,,,,,,,,,,,,,,-0.008792934669569756,1.847578239440918,-0.5375626278420289,0.9843719601631165,0.006787366,0.06197916666666667
training_episode,954834,846.3727827999974,1128.1482809988145,31266684,24077.33203125,304.4458312988281,239.77330017089844,2,27,43,24,3,7,1,157,0,1,MaxDuration,,,,,,,,,
training_episode,955764,846.8793676000205,1128.5715965764389,48756427,1108.292724609375,50.46753692626953,9.582926750183105,3,3,9,2,0,0,0,18,0,0,LivesExhausted,,,,,,,,,
ppo_rollout,958464,848.4035239999939,1129.7265662937143,,,,,,,,,,,,,,,,,,,-0.004622689543369537,2.7459926903247833,-0.5503457173705101,0.9799904823303223,0.0058424664,0.08058268229166667
training_episode,961122,850.5916081000178,1129.9453120009919,68026563,24077.33203125,303.8052062988281,239.77330017089844,2,32,45,24,1,5,2,132,0,1,MaxDuration,,,,,,,,,
ppo_rollout,964608,852.6000537000073,1131.3722017890036,,,,,,,,,,,,,,,,,,,-0.007929849409265444,1.7449540714422862,-0.5978393668929736,0.9898724555969238,0.006902478,0.07999674479166667
training_episode,966858,854.4961818000011,1131.4948160017616,62475926,1040.4949951171875,47.7979850769043,8.904950141906738,3,3,9,2,0,0,1,23,0,0,LivesExhausted,,,,,,,,,
ppo_rollout,970752,856.7509851000214,1133.0620178822082,,,,,,,,,,,,,,,,,,,-0.00842992493805165,1.9966581185658774,-0.5560815617442131,0.9822372198104858,0.006832622,0.07342122395833334
training_episode,971124,857.5868201999983,1132.3914700246019,36712592,27389.33203125,305.8371887207031,273.8932800292969,0,34,44,27,1,6,3,161,1,1,MaxDuration,,,,,,,,,
ppo_rollout,976896,860.7780398000032,1134.898841316835,,,,,,,,,,,,,,,,,,,-0.01027507292650019,1.9020212297638257,-0.5491624320546786,0.9786609411239624,0.006849689,0.06603190104166666
ppo_rollout,983040,864.6681806000124,1136.8985491264948,,,,,,,,,,,,,,,,,,,-0.007723467975544433,1.681919581691424,-0.5347510814666748,0.9873427152633667,0.0074935374,0.07960611979166667
training_episode,984552,866.083944700018,1136.7858808894273,30114665,28554.666015625,301.6731262207031,285.046630859375,1,41,42,28,1,1,5,129,3,1,MaxDuration,,,,,,,,,
training_episode,988350,868.1419404000044,1138.4659051774513,71168433,26254.666015625,302.3437805175781,262.046630859375,1,28,38,27,1,4,3,162,4,1,MaxDuration,,,,,,,,,
ppo_rollout,989184,868.6101933000027,1138.8123321946248,,,,,,,,,,,,,,,,,,,-0.00857550470973365,2.3358686923980714,-0.5211527578532695,0.9415398836135864,0.009053026,0.08636067708333334
training_episode,990654,870.0077121000213,1138.6726648764563,60067159,1117.6126708984375,50.83747482299805,9.676126480102539,3,3,11,2,1,0,1,17,1,0,LivesExhausted,,,,,,,,,
training_episode,991110,870.2529080999957,1138.8758265271058,17337727,28554.666015625,302.2737121582031,284.546630859375,2,23,42,28,1,3,2,153,2,1,MaxDuration,,,,,,,,,
training_episode,992256,870.8956870000111,1139.3511471138877,46138202,27389.33203125,304.0454406738281,273.8932800292969,0,32,43,27,2,6,4,186,0,1,MaxDuration,,,,,,,,,
ppo_rollout,995328,872.5704948000202,1140.6849142064034,,,,,,,,,,,,,,,,,,,-0.007851311921452482,2.0498889138301215,-0.5122756111125152,0.9866205453872681,0.0065497234,0.08400065104166667
validation,1000002,,,,,,,,,,,,,,,,,,16949.11571960449,22664.1865234375,10589.143793082214,,,,,,
ppo_rollout,1001472,1166.8821268000174,858.2460704461834,,,,,,,,,,,,,,,,,,,-0.008937589509878307,1.8121425489584604,-0.5868253290653229,0.9908443093299866,0.008869586,0.07828776041666667
training_episode,1003632,1168.630965599994,858.8100345986633,35874760,27389.33203125,306.3977355957031,273.3932800292969,1,27,44,27,0,6,3,135,0,1,MaxDuration,,,,,,,,,
training_episode,1007166,1170.6366469000059,860.3574838248086,55563812,26254.666015625,300.3117980957031,262.546630859375,0,37,44,27,6,3,1,118,5,1,MaxDuration,,,,,,,,,
ppo_rollout,1007616,1170.9000917999947,860.5482287143882,,,,,,,,,,,,,,,,,,,-0.008770310257871946,2.6150374561548233,-0.5773131787776947,0.9804107546806335,0.008014256,0.07296549479166667
ppo_rollout,1013760,1174.9273558999994,862.8278122126585,,,,,,,,,,,,,,,,,,,-0.01039494360932925,1.6713165481885275,-0.5446043332417806,0.9850531220436096,0.0087759765,0.08504231770833333
ppo_rollout,1019904,1178.7978857000126,865.2068453569921,,,,,,,,,,,,,,,,,,,-0.009334663681996366,1.6130372767647108,-0.5297929147879282,0.9840970635414124,0.0083946,0.08190104166666666
training_episode,1024482,1181.8151056000206,866.8716410422417,33256535,23034.666015625,301.0825500488281,229.8466339111328,1,29,43,23,5,4,2,116,3,1,MaxDuration,,,,,,,,,
ppo_rollout,1026048,1182.6516967000207,867.5825713208754,,,,,,,,,,,,,,,,,,,-0.007207079111443211,1.7050900692741076,-0.500648631900549,0.8613455295562744,0.00976174,0.06975911458333334
training_episode,1026738,1183.6023953999975,867.4686735937322,32732890,26254.666015625,300.6421203613281,262.046630859375,1,28,45,27,2,2,5,152,4,1,MaxDuration,,,,,,,,,
training_episode,1027314,1183.9129684000218,867.727634902374,71377891,25150.666015625,301.6631164550781,251.0066375732422,1,31,42,26,2,5,3,184,3,1,MaxDuration,,,,,,,,,
training_episode,1028670,1184.6322270999954,868.3454463485311,59019869,24077.33203125,303.4048156738281,240.27330017089844,1,24,45,24,0,6,2,180,2,1,MaxDuration,,,,,,,,,
ppo_rollout,1032192,1186.5462930000213,869.9129617524172,,,,,,,,,,,,,,,,,,,-0.007518522303629046,2.34093861579895,-0.5114043173690637,0.955898106098175,0.0070868465,0.079150390625
ppo_rollout,1038336,1190.3852220000117,872.2688931365025,,,,,,,,,,,,,,,,,,,-0.008091185946250334,1.581405976911386,-0.6270659108956654,0.9935067892074585,0.008317805,0.07835286458333333
training_episode,1039878,1191.7664947000158,872.5517998907594,46452389,26254.666015625,301.9934387207031,262.046630859375,1,35,43,27,7,3,3,168,2,1,MaxDuration,,,,,,,,,
training_episode,1043616,1193.7755415000138,874.214593715554,50117904,618.6162109375,31.120616912841797,4.686161994934082,3,3,7,1,0,0,0,0,1,0,LivesExhausted,,,,,,,,,
training_episode,1043634,1193.7900412000017,874.2190535874597,4770247,27389.33203125,303.8752746582031,273.8932800292969,0,25,41,27,2,11,4,120,2,1,MaxDuration,,,,,,,,,
ppo_rollout,1044480,1194.2361901999975,874.6008608440195,,,,,,,,,,,,,,,,,,,-0.009632184362271801,1.8322839880983035,-0.566701706747214,0.9884116649627686,0.008416709,0.0767578125
ppo_rollout,1050624,1198.0994098999945,876.9088702645265,,,,,,,,,,,,,,,,,,,-0.009996533226997902,1.8162143473823866,-0.5891937211155891,0.9845570921897888,0.008134957,0.08221028645833334
ppo_rollout,1056768,1202.0201672000112,879.1599582406658,,,,,,,,,,,,,,,,,,,-0.009145558866051336,1.2188375398516655,-0.5708370263377825,0.9934366345405579,0.009723711,0.085546875
training_episode,1060536,1204.611159699998,880.3969575245516,47290221,26254.666015625,300.3918762207031,262.046630859375,1,37,45,27,6,4,4,96,1,1,MaxDuration,,,,,,,,,
ppo_rollout,1062912,1205.9036565000133,881.4236479595485,,,,,,,,,,,,,,,,,,,-0.008662059476288656,1.86130982786417,-0.5519725024700165,0.977218508720398,0.0069753937,0.070166015625
training_episode,1063476,1206.792450900015,881.2418400586357,24145112,27389.33203125,306.1274719238281,272.3932800292969,3,35,43,27,6,2,3,174,0,1,MaxDuration,,,,,,,,,
training_episode,1063596,1206.8605476999946,881.2915477492203,39330817,24077.33203125,302.3337707519531,239.77328491210938,2,31,41,24,0,6,4,120,4,1,MaxDuration,,,,,,,,,
training_episode,1064700,1207.448555400013,881.7766978463757,50851007,24077.33203125,300.2317199707031,239.77330017089844,2,31,42,24,5,5,5,182,0,1,MaxDuration,,,,,,,,,
ppo_rollout,1069056,1209.7838399000175,883.6752192758271,,,,,,,,,,,,,,,,,,,-0.00749089783251596,2.0516062463323275,-0.5233708508312702,0.9767690300941467,0.008322689,0.0841796875
ppo_rollout,1075200,1213.577848200017,885.9753015389499,,,,,,,,,,,,,,,,,,,-0.008296711970857965,1.5308747967084249,-0.5979303047060966,0.992881178855896,0.007281548,0.07335611979166666
training_episode,1079820,1216.750246200012,887.4623229971361,20584326,23034.666015625,301.4929504394531,229.8466339111328,1,31,42,23,1,10,0,171,1,1,MaxDuration,,,,,,,,,
training_episode,1079880,1216.8063285000098,887.4707294883956,31999787,23034.666015625,302.1435852050781,229.8466339111328,1,31,44,23,2,10,4,162,2,1,MaxDuration,,,,,,,,,
ppo_rollout,1081344,1217.6590023000026,888.051579266017,,,,,,,,,,,,,,,,,,,-0.008802069186155373,1.7113214979569118,-0.5625395690401395,0.980991005897522,0.0075517152,0.0748046875
ppo_rollout,1087488,1221.6002493000124,890.2159283473788,,,,,,,,,,,,,,,,,,,-0.010845204958847414,1.594991029302279,-0.5550503492355346,0.9836483597755432,0.008489684,0.08963216145833333
training_episode,1089786,1223.5241328999982,890.6943236313517,15662063,2009.0733642578125,83.0393295288086,18.09073257446289,4,5,14,3,1,1,0,52,0,0,LivesExhausted,,,,,,,,,
ppo_rollout,1093632,1225.570199400012,892.3454572699276,,,,,,,,,,,,,,,,,,,-0.01130820537218824,1.369412086904049,-0.5691025724013646,0.9938543438911438,0.010954109,0.103369140625
training_episode,1096716,1227.7971273000003,893.2387734215868,25820776,26254.666015625,301.4829406738281,261.546630859375,2,36,44,27,2,7,3,126,5,1,MaxDuration,,,,,,,,,
training_episode,1099722,1229.5559409999987,894.4058284209462,33989638,26254.666015625,301.0224914550781,262.546630859375,0,31,43,27,2,7,1,159,4,1,MaxDuration,,,,,,,,,
ppo_rollout,1099776,1229.592120700021,894.4234282941605,,,,,,,,,,,,,,,,,,,-0.010377207313043375,2.250994424521923,-0.5418090969324112,0.979033350944519,0.007821571,0.06197916666666667
training_episode,1100160,1230.465804300009,894.1004261600445,49175343,24077.33203125,305.6770324707031,240.77330017089844,0,24,49,24,2,5,2,153,2,1,MaxDuration,,,,,,,,,
training_episode,1101456,1231.1486711000034,894.6571814238114,49070614,27389.33203125,306.2876281738281,272.8932800292969,2,25,45,27,0,5,4,178,3,1,MaxDuration,,,,,,,,,
ppo_rollout,1105920,1233.518686299998,896.5571517341689,,,,,,,,,,,,,,,,,,,-0.006944046898085313,2.215861302614212,-0.5304613751669724,0.9865007400512695,0.0073106545,0.058984375
ppo_rollout,1112064,1237.4387027000193,898.6820903318612,,,,,,,,,,,,,,,,,,,-0.007826463539580194,1.2647360747059186,-0.596912915011247,0.9938439130783081,0.009810754,0.08722330729166666
training_episode,1116552,1240.4530709999963,900.1162769502332,22678906,27389.33203125,305.5769348144531,272.8932800292969,2,29,43,27,4,6,4,166,0,1,MaxDuration,,,,,,,,,
ppo_rollout,1118208,1241.3724385999958,900.7836530196377,,,,,,,,,,,,,,,,,,,-0.008391332702012732,1.9573365832368532,-0.581673722465833,0.9836210608482361,0.008034048,0.07939453125
ppo_rollout,1124352,1245.231192200008,902.926305607198,,,,,,,,,,,,,,,,,,,-0.008085969850071706,1.5476886868476867,-0.5449533477425575,0.9752530455589294,0.009320498,0.09654947916666666
training_episode,1126470,1247.0012960000022,903.3430868222595,41739584,27389.33203125,305.6870422363281,273.8932800292969,0,27,47,27,3,7,3,123,1,1,MaxDuration,,,,,,,,,
ppo_rollout,1130496,1249.1741383000044,904.9947203826098,,,,,,,,,,,,,,,,,,,-0.0102733894532624,1.411954075594743,-0.5465931276480357,0.9901163578033447,0.008794824,0.08297526041666667
training_episode,1132956,1251.0589806000062,905.5975917751183,17966101,23034.666015625,301.9533996582031,229.34661865234375,2,23,41,23,1,11,0,177,0,1,MaxDuration,,,,,,,,,
training_episode,1135800,1252.5805503000156,906.7680315872344,48965885,26254.666015625,300.6120910644531,262.046630859375,1,31,40,27,3,2,3,165,1,1,MaxDuration,,,,,,,,,
ppo_rollout,1136640,1253.0344007000094,907.1099718930418,,,,,,,,,,,,,,,,,,,-0.010371527469639355,2.0188194264968238,-0.5655226752161979,0.9869825839996338,0.00851438,0.08473307291666667
training_episode,1136844,1253.7217092000064,906.7753965315113,32209245,24077.33203125,305.6870422363281,240.77330017089844,0,23,47,24,5,10,2,128,1,1,MaxDuration,,,,,,,,,
training_episode,1137666,1254.229350300011,907.0637676656753,13148567,23034.666015625,301.7131652832031,230.34661865234375,0,22,46,23,1,7,1,141,3,1,MaxDuration,,,,,,,,,
ppo_rollout,1142784,1256.9064426000114,909.2037094153643,,,,,,,,,,,,,,,,,,,-0.00931805677440328,2.0492913842201235,-0.5565076445539793,0.9877480268478394,0.008431458,0.0833984375
training_episode,1143606,1257.9433355999936,909.1077218152607,13776941,1271.724609375,56.31655502319336,11.217246055603027,3,3,11,2,0,0,0,30,0,0,LivesExhausted,,,,,,,,,
ppo_rollout,1148928,1260.7637080000131,911.2952670747309,,,,,,,,,,,,,,,,,,,-0.006521500802288453,1.4949650138616561,-0.6065418303012848,0.9906252026557922,0.0146490475,0.10725911458333333
training_episode,1153152,1263.5996905000065,912.592816118606,69178582,24077.33203125,304.9563293457031,239.77330017089844,2,14,47,24,1,2,2,177,2,1,MaxDuration,,,,,,,,,
ppo_rollout,1155072,1264.646768400009,913.3554355745996,,,,,,,,,,,,,,,,,,,-0.008702818579816569,1.8499921232461929,-0.590424574414889,0.9863086938858032,0.0069295107,0.057535807291666664
ppo_rollout,1161216,1268.517154400004,915.4121376854722,,,,,,,,,,,,,,,,,,,-0.008760095247998834,1.5039271185795466,-0.5442288567622503,0.9854153394699097,0.007583136,0.07281901041666666
training_episode,1163106,1270.1582509000145,915.7173912587987,15033689,27389.33203125,305.2666320800781,273.8932800292969,0,33,44,27,6,9,2,163,2,1,MaxDuration,,,,,,,,,
ppo_rollout,1167360,1272.4150737000164,917.43647503756,,,,,,,,,,,,,,,,,,,-0.008722019791215037,1.6805453096826872,-0.5335579459865888,0.9688736200332642,0.007824606,0.07490234375
training_episode,1169754,1274.2810120000213,917.9717730895455,57763121,27389.33203125,306.5979309082031,272.8932800292969,2,20,46,27,2,5,5,189,2,1,MaxDuration,,,,,,,,,
training_episode,1171860,1275.4244119000214,918.8000394741232,30847768,23034.666015625,300.4719543457031,229.8466339111328,1,26,43,23,0,1,6,144,4,1,MaxDuration,,,,,,,,,
ppo_rollout,1173504,1276.2942363000184,919.4619599646492,,,,,,,,,,,,,,,,,,,-0.010351854095157856,1.7955976406733194,-0.5267721079289913,0.9800294637680054,0.008302655,0.08326822916666667
training_episode,1173798,1277.0307732000074,919.1618750569927,51688839,23034.666015625,301.0625305175781,229.8466339111328,1,21,47,23,1,2,1,127,1,1,MaxDuration,,,,,,,,,
training_episode,1178718,1279.6912198000064,921.0956375743621,72529910,1291.3980712890625,57.106422424316406,11.413980484008789,3,3,12,2,0,0,1,18,0,0,LivesExhausted,,,,,,,,,
ppo_rollout,1179648,1280.1874914000218,921.465025962665,,,,,,,,,,,,,,,,,,,-0.009371039327622082,2.0555428038040797,-0.5156860366463661,0.9850319027900696,0.008692828,0.0734375
training_episode,1180332,1281.1469743000052,921.3088144277211,49489530,27389.33203125,305.9973449707031,273.3932800292969,1,28,44,27,1,5,9,142,2,1,MaxDuration,,,,,,,,,
ppo_rollout,1185792,1284.114043300011,923.4320005975982,,,,,,,,,,,,,,,,,,,-0.008898930063393588,2.3800588528315227,-0.537278625369072,0.9855790138244629,0.0068176873,0.071435546875
training_episode,1189824,1287.000559600012,924.4937705153652,12310735,29750.666015625,305.5869445800781,297.0066223144531,1,24,45,30,0,1,4,156,3,1,MaxDuration,,,,,,,,,
ppo_rollout,1191936,1288.1318249000178,925.3214437835318,,,,,,,,,,,,,,,,,,,-0.009738400465964029,1.6013870532313983,-0.5381391396125158,0.99234938621521,0.0100468835,0.08157552083333333
ppo_rollout,1198080,1291.9561441999977,927.3379792174544,,,,,,,,,,,,,,,,,,,-0.009358127215333904,1.8527616327007612,-0.528820904592673,0.9883766174316406,0.00920336,0.08483072916666666
training_episode,1199214,1293.1864478000207,927.3326379503224,55040167,26254.666015625,300.8523254394531,262.546630859375,0,30,44,27,2,7,3,141,5,1,MaxDuration,,,,,,,,,
ppo_rollout,1204224,1295.8661511999962,929.2811598519385,,,,,,,,,,,,,,,,,,,-0.00997089982071581,1.5252653116981187,-0.5369780076046785,0.9800397157669067,0.008303217,0.086572265625
training_episode,1206318,1297.5761354000133,929.67030379926,34618012,28554.666015625,304.6760559082031,285.546630859375,0,21,46,28,0,9,5,167,1,1,MaxDuration,,,,,,,,,
training_episode,1210308,1299.7045244000037,931.2178093391859,48651698,28554.666015625,304.2156066894531,285.546630859375,0,33,46,28,1,7,3,157,1,1,MaxDuration,,,,,,,,,
ppo_rollout,1210368,1299.748158100003,931.2327103193126,,,,,,,,,,,,,,,,,,,-0.008720354417649408,1.91900584201018,-0.5314059210320313,0.9830354452133179,0.0079540545,0.08863932291666667
training_episode,1214892,1302.8775805000041,932.4682673054839,58286766,26254.666015625,301.4028625488281,261.546630859375,2,23,41,27,1,7,3,155,3,1,MaxDuration,,,,,,,,,
ppo_rollout,1216512,1303.800221900019,933.0509226537678,,,,,,,,,,,,,,,,,,,-0.00825159266338839,2.0698904424905775,-0.5505783319473266,0.9851289391517639,0.009230453,0.07540690104166667
training_episode,1216614,1304.466405300016,932.652611870207,52840858,23034.666015625,302.2937316894531,229.3466339111328,2,24,46,23,1,3,5,157,3,1,MaxDuration,,,,,,,,,
training_episode,1221600,1307.0965140000044,934.5905118066865,1418919,1260.97265625,55.89662551879883,11.109725952148438,3,3,11,2,0,0,1,13,0,0,LivesExhausted,,,,,,,,,
ppo_rollout,1222656,1307.6569396000123,934.9975234131266,,,,,,,,,,,,,,,,,,,-0.009909595564628641,1.7938573703169822,-0.5753167187174161,0.9891412258148193,0.008440494,0.06746419270833333
training_episode,1226496,1310.2808236000128,936.055827047966,64465777,27389.33203125,305.5469055175781,273.8932800292969,0,16,47,27,1,5,2,152,1,1,MaxDuration,,,,,,,,,
ppo_rollout,1228800,1311.4907697000017,936.9490265502083,,,,,,,,,,,,,,,,,,,-0.00715661834498557,2.1582515855630238,-0.5869021241863569,0.9837825894355774,0.0114484215,0.09890950520833333
ppo_rollout,1234944,1315.407875200006,938.8297145569609,,,,,,,,,,,,,,,,,,,-0.008857581256112705,1.525212158759435,-0.5681060751279196,0.9894118905067444,0.008910425,0.08346354166666667
training_episode,1235976,1316.5364265000098,938.808813126289,28962646,27389.33203125,306.3276672363281,273.3932800292969,1,39,45,27,0,2,2,197,2,1,MaxDuration,,,,,,,,,
ppo_rollout,1241088,1319.2645361000032,940.7423348685564,,,,,,,,,,,,,,,,,,,-0.008280866324397115,1.4315759961803753,-0.5598447998364766,0.9877316951751709,0.00889977,0.09264322916666666
training_episode,1243062,1320.9596930000116,941.0294701550663,13672212,27389.33203125,306.1775207519531,273.3932800292969,1,25,46,27,2,8,5,127,0,1,MaxDuration,,,,,,,,,
training_episode,1246374,1322.6938819000206,942.2996636301147,2361480,23034.666015625,300.5320129394531,229.8466339111328,1,24,44,23,1,4,1,155,2,1,MaxDuration,,,,,,,,,
ppo_rollout,1247232,1323.1495158000034,942.6236302901096,,,,,,,,,,,,,,,,,,,-0.010739256567709769,1.585770710806052,-0.5384029418230056,0.9906396865844727,0.007747637,0.09054361979166667
training_episode,1252992,1326.8469301000005,944.3380178793991,31371413,24077.33203125,303.1145324707031,239.77330017089844,2,23,46,24,1,6,1,117,2,1,MaxDuration,,,,,,,,,
ppo_rollout,1253376,1327.0723507000075,944.4669684654842,,,,,,,,,,,,,,,,,,,-0.009642612664417053,1.919767673810323,-0.5597886174917222,0.9896799325942993,0.005805031,0.0583984375
training_episode,1258110,1330.1374825999956,945.8495955927768,52317213,24077.33203125,304.2156066894531,240.77330017089844,0,23,44,24,2,6,4,161,1,1,MaxDuration,,,,,,,,,
ppo_rollout,1259520,1330.9609463000088,946.3237847071243,,,,,,,,,,,,,,,,,,,-0.009250356771129493,2.0610334426164627,-0.5570415352781614,0.9834436774253845,0.007399149,0.06931966145833333
training_episode,1262526,1333.1443187000114,947.0287517191887,4037144,24077.33203125,300.1916809082031,240.27330017089844,1,23,42,24,3,7,3,152,1,1,MaxDuration,,,,,,,,,
ppo_rollout,1265664,1334.808545500011,948.1989040802029,,,,,,,,,,,,,,,,,,,-0.00879643972342213,1.520170006652673,-0.5364877531925837,0.9915021657943726,0.008884224,0.092626953125
ppo_rollout,1271808,1338.6678893000062,950.0549091866486,,,,,,,,,,,,,,,,,,,-0.01133280293821978,1.56058658460776,-0.5691422621409098,0.9921353459358215,0.010468402,0.08701171875
training_episode,1272384,1339.6329508000053,949.8004652992109,37655153,26254.666015625,303.3447570800781,261.546630859375,2,24,45,27,4,4,3,110,3,1,MaxDuration,,,,,,,,,
ppo_rollout,1277952,1342.5764621999988,951.86533950245,,,,,,,,,,,,,,,,,,,-0.008310183182281132,1.687856854001681,-0.5410556713740031,0.9843189716339111,0.009199619,0.08981119791666667
training_episode,1279728,1344.104344499996,952.1046526161302,44986183,25150.666015625,305.5368957519531,251.5066375732422,0,21,50,26,2,4,3,157,1,1,MaxDuration,,,,,,,,,
training_episode,1282536,1345.6124313000182,953.1243693705483,37445695,29750.666015625,301.3327941894531,297.5066223144531,0,33,44,30,2,7,4,140,1,1,MaxDuration,,,,,,,,,
ppo_rollout,1284096,1346.5308914000052,953.6327819890631,,,,,,,,,,,,,,,,,,,-0.010576722708841165,1.4773963034152984,-0.5572992369532586,0.9900389313697815,0.0089247795,0.07994791666666666
training_episode,1289472,1350.0626324000186,955.1201322472676,48023324,24077.33203125,303.9453430175781,240.27330017089844,1,22,41,24,3,8,4,156,1,1,MaxDuration,,,,,,,,,
ppo_rollout,1290240,1350.4761673000176,955.396349259205,,,,,,,,,,,,,,,,,,,-0.009834892867365852,1.6706870992978413,-0.5685993696252505,0.9917981624603271,0.008287004,0.08515625
training_episode,1294794,1353.5172797999985,956.6143109686227,58182037,24077.33203125,305.6670227050781,239.27330017089844,3,31,40,24,3,2,1,154,1,1,MaxDuration,,,,,,,,,
ppo_rollout,1296384,1354.3908170000068,957.17128595977,,,,,,,,,,,,,,,,,,,-0.010786644130712375,1.6802019372582435,-0.5858218918244044,0.9898316264152527,0.0076926015,0.08841145833333333
training_episode,1298892,1356.319539899996,957.6592844012036,44043622,27389.33203125,303.0144348144531,273.3932800292969,1,32,45,27,1,4,3,202,1,1,MaxDuration,,,,,,,,,
ppo_rollout,1302528,1358.2678424000042,958.9625546155064,,,,,,,,,,,,,,,,,,,-0.010373708541737869,1.7484700401624045,-0.5885907391707103,0.9898335933685303,0.007779974,0.072216796875
ppo_rollout,1308672,1362.141969999997,960.7456702916238,,,,,,,,,,,,,,,,,,,-0.010493015276733787,1.6260695079962413,-0.5574810658891995,0.9866434931755066,0.008049333,0.07970377604166666
training_episode,1309110,1362.955069699994,960.4938776801746,70225872,24077.33203125,306.0173645019531,239.27330017089844,3,26,47,24,2,6,2,130,2,1,MaxDuration,,,,,,,,,
training_episode,1310994,1363.948747300019,961.1754126356693,18175559,2535.199951171875,100.81312561035156,23.85199737548828,3,4,17,3,0,1,1,66,3,1,LivesExhausted,,,,,,,,,
ppo_rollout,1314816,1365.998205300013,962.531279249542,,,,,,,,,,,,,,,,,,,-0.010025693631420533,1.5776488582293193,-0.5549716229240099,0.9855480790138245,0.008178218,0.07822265625
training_episode,1316148,1367.3783434000215,962.5338929438973,74100845,27389.33203125,303.4848937988281,273.3932800292969,1,37,41,27,2,3,4,171,3,1,MaxDuration,,,,,,,,,
training_episode,1319304,1369.1419687000162,963.5991227795488,13462754,24077.33203125,306.3877258300781,240.77330017089844,0,17,45,24,0,4,5,149,1,1,MaxDuration,,,,,,,,,
ppo_rollout,1320960,1370.066391100001,964.1576558486524,,,,,,,,,,,,,,,,,,,-0.0030592180827322107,2.705436426401138,-0.5625442569454511,0.9783094525337219,0.009063866,0.08055013020833333
training_episode,1326270,1373.4755547000095,965.6305825477032,63104300,27389.33203125,306.6379699707031,273.3932800292969,1,22,43,27,2,8,2,149,1,1,MaxDuration,,,,,,,,,
training_episode,1326630,1373.6748630999937,965.752548609773,18594475,1405.8616943359375,61.01576614379883,12.558616638183594,3,3,11,2,0,0,1,19,0,1,LivesExhausted,,,,,,,,,
ppo_rollout,1327104,1373.9521246000077,965.9026513652021,,,,,,,,,,,,,,,,,,,-0.009888535103527829,1.7329020917415618,-0.5763439372181892,0.992729127407074,0.00805622,0.08338216145833334
training_episode,1330932,1376.5636502999987,966.8510422383636,38283527,27389.33203125,301.1125793457031,273.8932800292969,0,28,42,27,1,7,6,140,1,1,MaxDuration,,,,,,,,,
training_episode,1332852,1377.6248563000117,967.4999648160665,33047077,1234.3253173828125,54.8468017578125,10.843253135681152,3,3,10,2,0,0,0,33,0,0,LivesExhausted,,,,,,,,,
ppo_rollout,1333248,1377.8389042000053,967.6370698605759,,,,,,,,,,,,,,,,,,,-0.00945861173289207,2.552494668463866,-0.5778823206822078,0.9772137403488159,0.007450089,0.09856770833333334
training_episode,1339200,1381.5687235000078,969.3328874783206,36817321,2649.842529296875,104.74396514892578,24.998422622680664,3,5,16,3,0,4,0,36,0,1,LivesExhausted,,,,,,,,,
ppo_rollout,1339392,1381.6789870000212,969.3944922099184,,,,,,,,,,,,,,,,,,,-0.011789977215812542,2.068798404435317,-0.573952563603719,0.9897508025169373,0.009522332,0.08570963541666667
training_episode,1345212,1385.3546329000092,971.0235690221953,71901536,23034.666015625,300.8122863769531,229.8466339111328,1,24,43,23,1,5,3,154,2,1,MaxDuration,,,,,,,,,
ppo_rollout,1345536,1385.5447287000134,971.1241882912351,,,,,,,,,,,,,,,,,,,-0.009807227445223058,2.5059933135906856,-0.5876656830310821,0.9875276684761047,0.008024482,0.08125
training_episode,1347288,1387.0695773000189,971.3196958890446,21212700,23034.666015625,302.4038391113281,230.34661865234375,0,28,45,23,2,6,4,164,1,1,MaxDuration,,,,,,,,,
ppo_rollout,1351680,1389.4236055999936,972.8350623612049,,,,,,,,,,,,,,,,,,,-0.008806692783643181,2.005677911142508,-0.5808412204186122,0.9869949221611023,0.009397812,0.084130859375
training_episode,1352820,1390.60152560001,972.8308038611505,74205574,27389.33203125,305.5769348144531,273.3932800292969,1,30,47,27,2,6,2,161,2,1,MaxDuration,,,,,,,,,
ppo_rollout,1357824,1393.2642591000185,974.5631463173316,,,,,,,,,,,,,,,,,,,-0.00984240226680413,1.9237240334351857,-0.5966574758291244,0.9888294339179993,0.009907402,0.07996419270833334
ppo_rollout,1363968,1397.1095572000195,976.27848365275,,,,,,,,,,,,,,,,,,,-0.009594389941776171,1.7766662538051605,-0.5655167589584986,0.9866197109222412,0.009519409,0.08134765625
training_episode,1367688,1399.693536100007,977.133897332137,71796807,25150.666015625,306.2575988769531,251.0066375732422,1,23,41,26,2,8,4,170,3,1,MaxDuration,,,,,,,,,
training_episode,1369290,1400.5560349000152,977.6759843084412,22783635,27389.33203125,303.6150207519531,272.8932800292969,2,24,41,27,1,9,3,141,1,1,MaxDuration,,,,,,,,,
ppo_rollout,1370112,1401.0309567000077,977.9312822802758,,,,,,,,,,,,,,,,,,,-0.01007953659670117,1.7187152554591496,-0.565181968609492,0.9414371848106384,0.008101855,0.07345377604166667
training_episode,1375440,1404.4696437999955,979.3305295503208,54202335,23034.666015625,301.9834289550781,230.3466339111328,0,25,40,23,3,6,0,136,2,1,MaxDuration,,,,,,,,,
ppo_rollout,1376256,1404.9101325999945,979.604295011407,,,,,,,,,,,,,,,,,,,-0.009115001908503473,2.0167786399523417,-0.550349061191082,0.9825393557548523,0.009505818,0.077587890625
training_episode,1381542,1408.3546846999961,980.9616959482705,59857701,26254.666015625,302.7241516113281,261.546630859375,2,25,40,27,4,3,5,129,2,1,MaxDuration,,,,,,,,,
ppo_rollout,1382400,1408.8141311000218,981.2508048315805,,,,,,,,,,,,,,,,,,,-0.011567559288232587,1.9253442759315174,-0.5600467885533968,0.9894534349441528,0.008269315,0.08221028645833334
training_episode,1383378,1409.9350694000022,981.1643316232261,40587565,29750.666015625,300.7021789550781,297.0066223144531,1,22,45,30,4,1,5,92,1,1,MaxDuration,,,,,,,,,
ppo_rollout,1388544,1412.689586499997,982.9080735564713,,,,,,,,,,,,,,,,,,,-0.010744200498447754,1.8763813306887944,-0.5726279611388843,0.9895598888397217,0.010862467,0.0826171875
training_episode,1389018,1413.5595276000095,982.6384901938463,64989422,27389.33203125,301.6230773925781,273.3932800292969,1,26,46,27,2,5,5,203,5,1,MaxDuration,,,,,,,,,
ppo_rollout,1394688,1416.6404673000216,984.5038541487801,,,,,,,,,,,,,,,,,,,-0.011973920745852714,1.686987934509913,-0.5699404542644818,0.9895055294036865,0.009306889,0.08824869791666666
ppo_rollout,1400832,1420.5290154000104,986.1340281075048,,,,,,,,,,,,,,,,,,,-0.01080641634374236,1.5077922334273657,-0.5560987239082654,0.9859083294868469,0.008077391,0.084521484375
training_episode,1404054,1422.920280499995,986.741154259629,56296915,28554.666015625,303.0244445800781,285.546630859375,0,30,43,28,2,4,4,208,4,1,MaxDuration,,,,,,,,,
training_episode,1405380,1423.6407255000086,987.17322062166,44357809,26254.666015625,300.7322082519531,262.546630859375,0,24,45,27,1,6,2,169,3,1,MaxDuration,,,,,,,,,
ppo_rollout,1406976,1424.4959220000019,987.7009672478362,,,,,,,,,,,,,,,,,,,-0.010913768670676897,1.821875011920929,-0.5345467264453571,0.9198761582374573,0.010191301,0.094091796875
training_episode,1411572,1427.532642200007,988.819420496466,60171888,23034.666015625,301.0625305175781,230.3466339111328,0,31,44,23,1,10,1,144,1,1,MaxDuration,,,,,,,,,
ppo_rollout,1413120,1428.3448245000036,989.3409320782654,,,,,,,,,,,,,,,,,,,-0.010261127275104325,2.015620615084966,-0.5559766595562299,0.9861359596252441,0.0067481925,0.07599283854166666
training_episode,1417812,1431.4171448000125,990.49533195167,33465993,29750.666015625,302.1936340332031,297.5066223144531,0,28,42,30,1,2,4,168,2,1,MaxDuration,,,,,,,,,
ppo_rollout,1419264,1432.2304547000094,990.9466701692743,,,,,,,,,,,,,,,,,,,-0.009894007050509876,1.9158736313382785,-0.5583689024051031,0.9888582229614258,0.00801882,0.094091796875
training_episode,1419498,1432.9498912999989,990.6124482219019,1209461,25150.666015625,300.9824523925781,251.0066375732422,1,32,44,26,0,10,4,128,1,1,MaxDuration,,,,,,,,,
training_episode,1425360,1436.1383022000082,992.4949413413061,69388040,28554.666015625,302.7942199707031,285.546630859375,0,32,44,28,3,5,8,159,2,1,MaxDuration,,,,,,,,,
ppo_rollout,1425408,1436.1683787000075,992.5075785962175,,,,,,,,,,,,,,,,,,,-0.009295715839834883,1.7146525651216507,-0.5463845143715541,0.985885500907898,0.0074264253,0.07903645833333334
ppo_rollout,1431552,1440.067266500002,994.0868967040007,,,,,,,,,,,,,,,,,,,-0.010629954943821456,1.6258325070142745,-0.5652839069565138,0.9902617335319519,0.00872415,0.07674153645833333
ppo_rollout,1437696,1443.9581382000179,995.6632134725014,,,,,,,,,,,,,,,,,,,-0.011283079598797485,1.6587512254714967,-0.5529623545706273,0.9903804063796997,0.008738804,0.07833658854166667
training_episode,1440060,1445.7788638000202,996.0444408593794,4665518,27389.33203125,300.0115051269531,273.3932800292969,1,36,48,27,2,5,4,137,0,1,MaxDuration,,,,,,,,,
training_episode,1441446,1446.5179143999994,996.4937078555967,69283311,26254.666015625,300.4919738769531,261.546630859375,2,33,43,27,2,3,4,131,2,1,MaxDuration,,,,,,,,,
ppo_rollout,1443840,1447.8393920999952,997.2376824930876,,,,,,,,,,,,,,,,,,,-0.010473723794954518,1.560741903881232,-0.5689065277576446,0.9821965098381042,0.0073452094,0.09153645833333333
training_episode,1447632,1450.4265334999945,998.0733022766406,1628377,26254.666015625,300.4419250488281,262.046630859375,1,32,45,27,0,9,4,128,3,1,MaxDuration,,,,,,,,,
ppo_rollout,1449984,1451.6619158000103,998.8441414755407,,,,,,,,,,,,,,,,,,,-0.008056495237785082,2.0110554655392963,-0.5544960334897041,0.9878285527229309,0.0056819115,0.06599934895833333
training_episode,1453818,1454.384513900004,999.6104785944915,27915356,26254.666015625,300.0115051269531,262.546630859375,0,23,41,27,1,5,3,155,0,1,MaxDuration,,,,,,,,,
ppo_rollout,1456128,1455.654752500006,1000.3251097138118,,,,,,,,,,,,,,,,,,,-0.010996167809935287,1.7262871290246646,-0.5816800932089488,0.9856091141700745,0.0077070463,0.078564453125
training_episode,1456248,1456.3042352000193,999.9613849917757,45719286,24077.33203125,306.2075500488281,239.77330017089844,2,29,44,24,2,5,4,154,5,1,MaxDuration,,,,,,,,,
training_episode,1461426,1459.042082800006,1001.6338920090769,60486075,23034.666015625,300.5019836425781,229.3466339111328,2,17,43,23,0,10,2,113,0,1,MaxDuration,,,,,,,,,
ppo_rollout,1462272,1459.4964387000073,1001.9017252981206,,,,,,,,,,,,,,,,,,,-0.01129145188218293,1.6511995196342468,-0.576127494374911,0.9879142045974731,0.008583994,0.07364908854166667
training_episode,1463166,1460.5573505999928,1001.7860643397095,41006481,1863.0887451171875,77.87822723388672,17.130887985229492,3,4,14,2,0,0,0,30,0,0,LivesExhausted,,,,,,,,,
training_episode,1468026,1463.208817000006,1003.2922047379884,5712808,1237.21044921875,54.96678161621094,10.872103691101074,3,4,10,2,0,1,0,12,0,0,LivesExhausted,,,,,,,,,
ppo_rollout,1468416,1463.420817700011,1003.4133601487505,,,,,,,,,,,,,,,,,,,-0.012042077506581943,1.499650960167249,-0.5678418859839439,0.9893727898597717,0.010739005,0.09767252604166667
ppo_rollout,1474560,1467.2973321000172,1004.9496906598939,,,,,,,,,,,,,,,,,,,-0.007602000638144091,2.745478494465351,-0.592343783378601,0.9772529602050781,0.009182767,0.08264973958333334
training_episode,1476324,1468.9204869999958,1005.0401046656546,18803933,27389.33203125,302.1736145019531,272.8932800292969,2,39,42,27,1,5,2,169,3,1,MaxDuration,,,,,,,,,
training_episode,1477524,1469.557195900008,1005.4212276474974,61847552,26254.666015625,300.5920715332031,262.546630859375,0,23,47,27,2,4,3,171,3,1,MaxDuration,,,,,,,,,
ppo_rollout,1480704,1471.2369870000111,1006.4347301513218,,,,,,,,,,,,,,,,,,,-0.009826208854792639,1.5175342599550883,-0.5839333559075991,0.9878180027008057,0.007784251,0.07255859375
training_episode,1483800,1473.425739600003,1007.0409116124259,10216155,23034.666015625,301.3528137207031,229.34661865234375,2,28,44,23,3,5,4,165,2,1,MaxDuration,,,,,,,,,
ppo_rollout,1486848,1475.022594500013,1008.0171012593848,,,,,,,,,,,,,,,,,,,-0.008901792363030837,1.7069537555178007,-0.5755008310079575,0.990409255027771,0.0077355565,0.09015299479166666
training_episode,1492746,1478.7597827000136,1009.4580725440405,66036712,27389.33203125,304.1054992675781,273.3932800292969,1,21,46,27,1,3,3,114,3,1,MaxDuration,,,,,,,,,
ppo_rollout,1492992,1478.8979661000194,1009.5300921517579,,,,,,,,,,,,,,,,,,,-0.010007144012100374,1.6152627860506377,-0.5589097082614899,0.9906405806541443,0.009293814,0.08883463541666667
ppo_rollout,1499136,1482.7924335999996,1011.0221538966993,,,,,,,,,,,,,,,,,,,-0.012106119480449706,1.8041170209646225,-0.5691558827956518,0.9832668900489807,0.010201305,0.09534505208333334
training_episode,1499604,1483.6454307000095,1010.7563228853547,17861372,28554.666015625,303.6150207519531,285.046630859375,1,20,46,28,2,3,5,165,4,1,MaxDuration,,,,,,,,,
validation,1500000,,,,,,,,,,,,,,,,,,13877.520145263672,16164.2216796875,10988.727926012156,,,,,,
training_episode,1504488,1737.2274005000072,866.0282468299657,57553663,26254.666015625,303.8052062988281,262.046630859375,1,23,41,27,5,7,2,153,1,1,MaxDuration,,,,,,,,,
ppo_rollout,1505280,1737.6690210000088,866.2639327791713,,,,,,,,,,,,,,,,,,,-0.011650222990040978,1.6231604292988777,-0.5566135341922442,0.9874961376190186,0.009526735,0.10179036458333333
ppo_rollout,1511424,1741.5339553999947,867.8693833752193,,,,,,,,,,,,,,,,,,,-0.0120316061618117,1.6356757859388986,-0.5592612420519193,0.9879013895988464,0.008863547,0.092529296875
training_episode,1512384,1742.6006468000123,867.8890385913917,58915140,28554.666015625,300.4619445800781,285.046630859375,1,31,45,28,2,7,3,161,0,1,MaxDuration,,,,,,,,,
training_episode,1513578,1743.2492342000187,868.2510626167489,45300370,24077.33203125,300.4118957519531,239.27330017089844,3,26,43,24,2,6,2,175,2,1,MaxDuration,,,,,,,,,
ppo_rollout,1517568,1745.4648330000055,869.4348756323499,,,,,,,,,,,,,,,,,,,-0.011423869518330321,1.7699590608477593,-0.5669666449228923,0.9859530329704285,0.009612812,0.081201171875
training_episode,1520322,1747.5778872999945,869.9595085566662,23307280,25150.666015625,304.2956848144531,250.5066375732422,2,36,44,26,0,2,4,146,1,1,MaxDuration,,,,,,,,,
ppo_rollout,1523712,1749.4187815000187,870.9818461497887,,,,,,,,,,,,,,,,,,,-0.010735334525816143,1.6238174056013426,-0.5725783949096998,0.9842060208320618,0.011515462,0.103466796875
training_episode,1526394,1751.4203086000052,871.5178147158293,72425181,1111.0618896484375,50.577518463134766,9.610618591308594,3,3,9,2,0,0,0,26,0,0,LivesExhausted,,,,,,,,,
training_episode,1529052,1752.8581214000005,872.3193174235645,37340966,23034.666015625,302.5039367675781,229.8466339111328,1,30,38,23,2,8,1,173,3,1,MaxDuration,,,,,,,,,
ppo_rollout,1529856,1753.3187078000046,872.5487232835171,,,,,,,,,,,,,,,,,,,-0.012389553431421518,1.436098262667656,-0.5724093417326609,0.985282838344574,0.010507968,0.09075520833333334
ppo_rollout,1536000,1757.1893322000105,874.123221586441,,,,,,,,,,,,,,,,,,,-0.00901551740632082,2.4083668490250907,-0.5356886786719163,0.9772310256958008,0.0071951672,0.07594401041666667
training_episode,1536090,1757.8303468000086,873.8556612111804,38388256,27389.33203125,304.0054016113281,273.3932800292969,1,34,40,27,2,5,9,112,3,1,MaxDuration,,,,,,,,,
training_episode,1540524,1760.2456557000114,875.1755728022899,9168865,23034.666015625,300.2517395019531,228.8466339111328,3,29,39,23,5,5,1,162,0,1,MaxDuration,,,,,,,,,
ppo_rollout,1542144,1761.1460732000123,875.6479791582055,,,,,,,,,,,,,,,,,,,-0.009080529975472018,1.82027727663517,-0.5345357537269593,0.9896842241287231,0.010163129,0.081689453125
ppo_rollout,1548288,1765.1732912000152,877.1308787181057,,,,,,,,,,,,,,,,,,,-0.011103195959003642,1.8672059575716655,-0.5445275932550431,0.9894228577613831,0.007766139,0.0791015625
training_episode,1549104,1766.2244778000168,877.0708477155413,69702227,30977.33203125,305.9573059082031,309.7732849121094,0,28,47,31,0,4,4,156,3,1,MaxDuration,,,,,,,,,
training_episode,1549632,1766.5035895000037,877.2311639845648,64884693,25150.666015625,300.4118957519531,251.0066375732422,1,22,45,26,3,7,3,154,3,1,MaxDuration,,,,,,,,,
training_episode,1553118,1768.3354536000115,878.2937631195101,39540275,677.053955078125,33.430397033691406,5.270539283752441,3,3,10,1,0,0,0,16,0,0,LivesExhausted,,,,,,,,,
ppo_rollout,1554432,1769.041041599994,878.6862279883045,,,,,,,,,,,,,,,,,,,-0.008608099575697754,1.8860156158606212,-0.5466957211494445,0.9885479807853699,0.009162223,0.07296549479166667
ppo_rollout,1560576,1772.8779489000153,880.2501046212807,,,,,,,,,,,,,,,,,,,-0.008866134221898391,1.6838852206865946,-0.5390541007121404,0.9878849983215332,0.011235966,0.08126627604166667
training_episode,1562802,1774.6458819000109,880.6275189542592,31685600,27389.33203125,303.3647766113281,273.8932800292969,0,28,47,27,1,3,5,109,4,1,MaxDuration,,,,,,,,,
training_episode,1565268,1776.0338013000146,881.3278209312576,73053555,23034.666015625,301.7732238769531,228.84661865234375,3,24,41,23,3,7,3,193,0,1,MaxDuration,,,,,,,,,
ppo_rollout,1566720,1776.8081110000203,881.7609455408334,,,,,,,,,,,,,,,,,,,-0.010232487602236991,1.4399388939142228,-0.5300321256121,0.9869024157524109,0.008087669,0.07493489583333333
training_episode,1570944,1779.622609300015,882.7399650861396,69597498,1028.0362548828125,47.29806900024414,8.780363082885742,3,3,10,2,0,0,1,15,0,0,LivesExhausted,,,,,,,,,
training_episode,1572216,1780.2980249999964,883.1195552216619,25925505,23034.666015625,301.0024719238281,229.3466339111328,2,22,47,23,2,8,3,173,6,1,MaxDuration,,,,,,,,,
ppo_rollout,1572864,1780.6453372999968,883.3112170360343,,,,,,,,,,,,,,,,,,,-0.009832163174481441,1.914674350619316,-0.5169775786499182,0.9862515926361084,0.0066688233,0.06785481770833333
training_episode,1577052,1783.4963933000108,884.2473727025454,69806956,24077.33203125,304.3857727050781,239.77330017089844,2,22,47,24,2,9,3,190,2,1,MaxDuration,,,,,,,,,
ppo_rollout,1579008,1784.5482239999983,884.8222641250413,,,,,,,,,,,,,,,,,,,-0.008750602195505053,3.013077074289322,-0.5306224025785923,0.9740459322929382,0.008936518,0.0626953125
ppo_rollout,1585152,1788.367385200021,886.3682110947844,,,,,,,,,,,,,,,,,,,-0.009085800440516323,1.632971562941869,-0.536208912730217,0.9925920367240906,0.010135268,0.09742838541666667
training_episode,1585728,1789.267131600005,886.244413701382,48442240,26254.666015625,300.7522277832031,262.046630859375,1,26,46,27,4,2,6,171,2,1,MaxDuration,,,,,,,,,
training_episode,1589676,1791.4321739000152,887.3771628982278,17023540,27389.33203125,304.5959777832031,273.3932800292969,1,23,46,27,2,7,4,153,1,1,MaxDuration,,,,,,,,,
ppo_rollout,1591296,1792.2854843999958,887.8585548176321,,,,,,,,,,,,,,,,,,,-0.010055971601589893,1.7532539770007134,-0.5565444479386011,0.9777363538742065,0.009857192,0.08977864583333334
ppo_rollout,1597440,1796.2318070000038,889.3284228542763,,,,,,,,,,,,,,,,,,,-0.009723882148197542,1.5982678706447284,-0.5347548757990201,0.9905077815055847,0.012999727,0.08855794270833334
training_episode,1599426,1797.885095000005,889.6152509679688,8016846,27389.33203125,305.1665344238281,272.8932800292969,2,23,43,27,3,10,3,155,1,1,MaxDuration,,,,,,,,,
training_episode,1600326,1798.3750548000098,889.873330776358,10320884,2168.067138671875,88.72054290771484,20.18067169189453,3,3,18,3,0,0,0,65,0,0,LivesExhausted,,,,,,,,,
ppo_rollout,1603584,1800.1452201000066,890.8081315300292,,,,,,,,,,,,,,,,,,,-0.009987546746075774,1.7163661589225134,-0.5507439161340396,0.9894956946372986,0.008821283,0.08736979166666667
training_episode,1607688,1802.9198566999985,891.713513512828,61952281,26254.666015625,306.1875305175781,261.546630859375,2,34,42,27,1,9,4,166,1,1,MaxDuration,,,,,,,,,
training_episode,1607880,1803.038057800004,891.7615427163372,24773486,1659.8267822265625,70.44664001464844,15.098267555236816,3,3,13,2,0,0,0,43,0,0,LivesExhausted,,,,,,,,,
training_episode,1608894,1803.5900946000183,892.0508073409019,24040383,27389.33203125,305.6269836425781,272.8932800292969,2,33,43,27,1,9,2,130,0,1,MaxDuration,,,,,,,,,
ppo_rollout,1609728,1804.0602854000172,892.2806033851981,,,,,,,,,,,,,,,,,,,-0.007117158792486104,2.968086568514506,-0.5317071303725243,0.9804102182388306,0.0062349867,0.05789388020833333
training_episode,1613676,1806.7728540000098,893.1261040520322,36293676,27389.33203125,305.1765441894531,273.3932800292969,1,37,42,27,1,9,2,155,2,1,MaxDuration,,,,,,,,,
ppo_rollout,1615872,1807.9772707000084,893.745749012857,,,,,,,,,,,,,,,,,,,-0.006739964290560844,3.284081027905146,-0.5452987467249234,0.9800801277160645,0.0068397447,0.06455078125
training_episode,1617786,1809.6055637999962,893.9992406979597,68654937,1996.491455078125,82.54922485351562,18.464914321899414,3,5,16,2,0,2,0,22,3,0,LivesExhausted,,,,,,,,,
training_episode,1617924,1809.6831930000044,894.0371476390211,18699204,1795.5234375,75.21765899658203,16.45523452758789,3,5,12,2,0,1,0,15,0,0,LivesExhausted,,,,,,,,,
ppo_rollout,1622016,1811.8825090000173,895.2103637752951,,,,,,,,,,,,,,,,,,,-0.014106041453002642,1.1537216203908125,-0.6050476173559824,0.9930664300918579,0.011871497,0.11072591145833334
training_episode,1622130,1812.5363895000191,894.9503079755866,31161955,24077.33203125,303.3347473144531,240.27330017089844,1,16,46,24,2,6,1,209,3,1,MaxDuration,,,,,,,,,
training_episode,1624254,1813.7126122000045,895.5409964480567,19118120,335.3204040527344,17.680309295654297,1.8532040119171143,3,4,3,1,0,0,0,9,0,0,LivesExhausted,,,,,,,,,
ppo_rollout,1628160,1815.9077094999957,896.6094430252232,,,,,,,,,,,,,,,,,,,-0.00545456387141409,4.455848835905393,-0.5984084814786911,0.9735414981842041,0.005262124,0.05074869791666667
ppo_rollout,1634304,1819.8293459000124,898.0534376379895,,,,,,,,,,,,,,,,,,,-0.01193033584471171,1.9425023357073465,-0.5546654909849167,0.9883492588996887,0.007754315,0.06832682291666667
training_episode,1637124,1821.9579606000043,898.5520167879532,42996332,24077.33203125,306.6279602050781,240.27330017089844,1,31,48,24,2,6,1,145,4,1,MaxDuration,,,,,,,,,
ppo_rollout,1640448,1823.740094000008,899.4965924130156,,,,,,,,,,,,,,,,,,,-0.011593038666372497,1.586139897008737,-0.5038798674941063,0.9785985350608826,0.012039778,0.0966796875
training_episode,1644150,1826.3510188000218,900.2376777933223,54725980,24077.33203125,303.8152160644531,239.77330017089844,2,22,44,24,3,7,3,136,1,1,MaxDuration,,,,,,,,,
ppo_rollout,1646592,1827.7472468000196,900.8860513305752,,,,,,,,,,,,,,,,,,,-0.01073687825507174,1.6415184294184049,-0.5314409226179123,0.9864240288734436,0.0077624307,0.08084309895833333
training_episode,1650294,1830.6940773999959,901.4580974358068,50955736,1125.49951171875,51.15742111206055,9.75499439239502,3,3,8,2,1,0,1,22,0,0,LivesExhausted,,,,,,,,,
training_episode,1650456,1830.8028201000125,901.4930400368509,28753188,27389.33203125,306.4878234863281,273.8932800292969,0,14,46,27,1,7,5,170,1,1,MaxDuration,,,,,,,,,
ppo_rollout,1652736,1832.1404022000206,902.0793373779688,,,,,,,,,,,,,,,,,,,-0.009603305046524232,1.7774454280734062,-0.5527318840225538,0.9916477203369141,0.008362444,0.08116861979166666
training_episode,1654512,1833.7152248000202,902.2731434104968,19955952,24077.33203125,306.0273742675781,240.27330017089844,1,29,46,24,4,8,1,174,1,1,MaxDuration,,,,,,,,,
training_episode,1654692,1833.8166562000115,902.3213931477811,59438785,27389.33203125,306.3576965332031,272.8932800292969,2,22,47,27,1,7,4,154,3,1,MaxDuration,,,,,,,,,
ppo_rollout,1658880,1836.0312518000137,903.5140324401681,,,,,,,,,,,,,,,,,,,-0.006692362947311873,2.8567591215173405,-0.5334766753017902,0.977138340473175,0.0062831263,0.07071940104166667
training_episode,1660842,1837.6987628000206,903.7618317103551,66979273,27389.33203125,304.8562316894531,273.3932800292969,1,26,42,27,0,3,8,140,1,1,MaxDuration,,,,,,,,,
training_episode,1660884,1837.7260309999983,903.7712760134492,29591020,2156.068115234375,88.25044250488281,19.56068229675293,4,7,12,3,1,0,0,51,0,0,LivesExhausted,,,,,,,,,
training_episode,1660902,1837.739990800008,903.7742054451204,27705898,1193.8382568359375,53.2470703125,10.438382148742676,3,3,13,2,0,0,1,12,0,0,LivesExhausted,,,,,,,,,
training_episode,1664514,1839.672448600002,904.788241660466,70121143,604.3505249023438,30.560604095458984,4.5435051918029785,3,4,8,1,0,0,0,12,0,0,LivesExhausted,,,,,,,,,
ppo_rollout,1665024,1839.9384230000142,904.9346321520821,,,,,,,,,,,,,,,,,,,-0.012310324764500061,1.6960839852690697,-0.5545544197161992,0.9920732975006104,0.011360061,0.09803059895833334
ppo_rollout,1671168,1843.807847100019,906.3677663745977,,,,,,,,,,,,,,,,,,,-0.008557746677737062,3.5579988489548366,-0.5615110913912456,0.973135769367218,0.006210594,0.06575520833333333
training_episode,1673778,1845.8058828999929,906.8006638760326,63313758,24077.33203125,305.4267883300781,239.77330017089844,2,30,45,24,4,6,1,165,5,1,MaxDuration,,,,,,,,,
ppo_rollout,1677312,1847.6681071000057,907.7994005279514,,,,,,,,,,,,,,,,,,,-0.011237312831993525,1.7392138088742892,-0.5362671241164207,0.9904111623764038,0.010028637,0.092822265625
ppo_rollout,1683456,1851.604113600013,909.1878699312845,,,,,,,,,,,,,,,,,,,-0.011466746567748487,1.4474709168076516,-0.5082064934074879,0.9869683980941772,0.0077134543,0.08277994791666667
training_episode,1686618,1853.8935134000203,909.7707003174962,65303609,26254.666015625,301.3127746582031,262.046630859375,1,36,39,27,3,6,3,161,3,1,MaxDuration,,,,,,,,,
ppo_rollout,1689600,1855.5056993000035,910.58734049559,,,,,,,,,,,,,,,,,,,-0.01244968084502034,1.5720192894339562,-0.5143582115570704,0.977261483669281,0.008431822,0.09353841145833333
training_episode,1690986,1856.8428350000177,910.678043465097,61638094,26254.666015625,302.4238586425781,262.046630859375,1,24,46,27,1,6,3,164,0,1,MaxDuration,,,,,,,,,
ppo_rollout,1695744,1859.393345599994,911.9877749443127,,,,,,,,,,,,,,,,,,,-0.009392781159840524,1.9752923548221588,-0.5114510081708431,0.981564998626709,0.0058498965,0.0685546875
training_episode,1697064,1860.7298327000171,912.0421300159791,30743039,23034.666015625,301.3327941894531,229.3466339111328,2,22,45,23,1,7,0,152,1,1,MaxDuration,,,,,,,,,
training_episode,1697640,1861.0413153000118,912.1989856127022,53155045,27389.33203125,306.2776184082031,273.8932800292969,0,26,47,27,3,4,4,179,2,1,MaxDuration,,,,,,,,,
training_episode,1701144,1862.8879352000076,913.1757030877748,16814082,27389.33203125,305.1965637207031,272.8932800292969,2,31,41,27,1,8,1,205,5,1,MaxDuration,,,,,,,,,
ppo_rollout,1701888,1863.2797460000147,913.3829762565275,,,,,,,,,,,,,,,,,,,-0.010005437902873383,1.9995826149980227,-0.5319742848475774,0.9803429841995239,0.008246987,0.07820638020833333
ppo_rollout,1708032,1867.184943900007,914.7631602215135,,,,,,,,,,,,,,,,,,,-0.011147237021941692,1.910597419242064,-0.5256559203068415,0.9910010695457458,0.012084808,0.08474934895833333
training_episode,1710084,1868.862154900009,915.0402000042083,38911901,26254.666015625,302.5139465332031,261.546630859375,2,15,45,27,0,5,6,140,1,1,MaxDuration,,,,,,,,,
ppo_rollout,1714176,1871.0272684000083,916.1683685486112,,,,,,,,,,,,,,,,,,,-0.008283168098811682,1.9350777134299277,-0.5037601873278618,0.9880592823028564,0.007844364,0.08221028645833334
ppo_rollout,1720320,1874.9084167999972,917.5488170969752,,,,,,,,,,,,,,,,,,,-0.009384510561358184,1.4205147907137872,-0.4928590367237727,0.988797128200531,0.007705391,0.078271484375
training_episode,1722906,1876.9550190000155,917.9260997516669,68969124,26254.666015625,302.3537902832031,262.546630859375,0,25,44,27,3,7,4,141,3,1,MaxDuration,,,,,,,,,
ppo_rollout,1726464,1878.900649999996,918.8692334530853,,,,,,,,,,,,,,,,,,,-0.0098095767510434,1.6293542747696241,-0.49435239111383755,0.9816225171089172,0.011389631,0.08805338541666667
training_episode,1727406,1880.0435446000192,918.8116971873154,26030234,27389.33203125,303.4548645019531,273.8932800292969,0,39,46,27,5,6,2,171,1,1,MaxDuration,,,,,,,,,
training_episode,1731588,1882.379002200003,919.8933891507671,39435546,1706.7843017578125,72.30703735351562,15.567840576171875,3,3,14,2,0,0,0,34,0,0,LivesExhausted,,,,,,,,,
ppo_rollout,1732608,1882.9187492000055,920.1714098051931,,,,,,,,,,,,,,,,,,,-0.009286945473771386,1.7449198365211487,-0.513458785166343,0.9868928790092468,0.010779093,0.090234375
training_episode,1733400,1883.9176352000213,920.1039194136317,15976250,25150.666015625,302.7541809082031,251.0066375732422,1,25,47,26,3,5,3,154,2,1,MaxDuration,,,,,,,,,
training_episode,1734276,1884.3901117000205,920.3380920076079,22574177,26254.666015625,305.2866516113281,261.546630859375,2,29,45,27,4,7,2,143,3,1,MaxDuration,,,,,,,,,
training_episode,1736724,1885.7097800000047,920.9922006131801,72006265,914.1481323242188,42.798824310302734,7.641481399536133,3,4,6,1,1,0,0,23,0,0,LivesExhausted,,,,,,,,,
training_episode,1737198,1885.9770728000149,921.113000287363,67607647,27389.33203125,300.3918762207031,273.3932800292969,1,41,39,27,3,4,4,163,4,1,MaxDuration,,,,,,,,,
ppo_rollout,1738752,1886.8075269999972,921.531197601589,,,,,,,,,,,,,,,,,,,-0.006622879183366118,2.620690695444743,-0.5101490239302318,0.9847949147224426,0.007074388,0.07560221354166667
training_episode,1739754,1887.9307236000022,921.5136859908444,29695749,1185.3634033203125,52.907127380371094,10.353633880615234,3,4,10,2,0,1,0,35,0,0,LivesExhausted,,,,,,,,,
training_episode,1744554,1890.4968501999974,922.8018548750515,41425397,1412.7171630859375,61.295719146728516,12.127171516418457,4,4,10,2,1,0,1,31,0,1,LivesExhausted,,,,,,,,,
ppo_rollout,1744896,1890.6942359000095,922.8864016552066,,,,,,,,,,,,,,,,,,,-0.010123732246574946,2.1337774341305096,-0.5336681172251702,0.9908027052879333,0.009562438,0.07423502604166667
training_episode,1746384,1892.1312473000144,922.9719146026529,60381346,2537.38232421875,100.89314270019531,23.873821258544922,3,5,18,3,0,2,0,56,2,1,LivesExhausted,,,,,,,,,
training_episode,1746840,1892.3802033000102,923.0914574955862,26553879,26254.666015625,306.2475891113281,262.046630859375,1,32,41,27,1,10,2,179,1,1,MaxDuration,,,,,,,,,
training_episode,1750410,1894.389951499994,923.9966663748457,1837835,583.4510498046875,29.7305850982666,4.334510326385498,3,3,7,1,0,0,0,12,0,0,LivesExhausted,,,,,,,,,
ppo_rollout,1751040,1894.7624458000064,924.1475119381923,,,,,,,,,,,,,,,,,,,-0.008886488911230117,3.9138118803501127,-0.5442980031172434,0.9764524102210999,0.0074562095,0.07937825520833333
ppo_rollout,1757184,1898.7490487000032,925.4429916386649,,,,,,,,,,,,,,,,,,,-0.007618361744486417,3.369970353444417,-0.5345543240507443,0.9790800213813782,0.0086480705,0.06708984375
ppo_rollout,1763328,1902.5825292000081,926.8076274943188,,,,,,,,,,,,,,,,,,,-0.009963749744929373,2.096687491238117,-0.49513521989186604,0.9811707735061646,0.009125139,0.08854166666666667
training_episode,1763712,1903.412074699998,926.6054489425173,63418487,28554.666015625,302.4939270019531,285.046630859375,1,38,43,28,3,4,4,161,3,1,MaxDuration,,,,,,,,,
ppo_rollout,1769472,1906.4791184000205,928.1360508606035,,,,,,,,,,,,,,,,,,,-0.008302670956860917,2.0698628862698873,-0.4649685949087143,0.9315671920776367,0.00858803,0.07340494791666667
training_episode,1772784,1908.8340469000104,928.7261000394672,68445479,26254.666015625,300.4419250488281,262.546630859375,0,32,45,27,1,6,1,113,2,1,MaxDuration,,,,,,,,,
ppo_rollout,1775616,1910.3104078000179,929.4908265954867,,,,,,,,,,,,,,,,,,,-0.00999072059057653,1.5909779320160549,-0.49234242339928946,0.9915533661842346,0.0095041655,0.09283854166666666
training_episode,1775790,1910.9808293000096,929.2557898921833,51060465,23034.666015625,300.2717590332031,229.3466339111328,2,39,43,23,4,9,1,109,1,1,MaxDuration,,,,,,,,,
training_episode,1780938,1913.7841446000093,930.5845724687123,13358025,27389.33203125,303.1745910644531,272.8932800292969,2,43,38,27,3,9,4,126,3,1,MaxDuration,,,,,,,,,
ppo_rollout,1781760,1914.2174930000037,930.8033212085982,,,,,,,,,,,,,,,,,,,-0.011965911012763779,1.8682300955057145,-0.47027916759252547,0.979439377784729,0.007960012,0.08732096354166667
training_episode,1782666,1915.2711371000041,930.7643004004188,14195857,26254.666015625,302.3337707519531,262.546630859375,0,37,41,27,0,6,4,157,4,1,MaxDuration,,,,,,,,,
training_episode,1787046,1917.59491840002,931.9204920980152,8331033,27389.33203125,305.2866516113281,272.8932800292969,2,37,44,27,2,10,1,140,0,1,MaxDuration,,,,,,,,,
ppo_rollout,1787904,1918.054765900015,932.1443953458004,,,,,,,,,,,,,,,,,,,-0.011671574359449247,2.0361242264509203,-0.5010506001611551,0.9873858094215393,0.00857265,0.07161458333333333
ppo_rollout,1794048,1921.8872783000115,933.4824264963704,,,,,,,,,,,,,,,,,,,-0.0123527761529355,1.6651360874374708,-0.5089804492890835,0.9899071455001831,0.009465045,0.109619140625
training_episode,1799736,1925.4842108000012,934.6926814072626,69073853,26254.666015625,300.1416320800781,262.046630859375,1,52,38,27,2,10,3,132,2,1,MaxDuration,,,,,,,,,
ppo_rollout,1800192,1925.739622699999,934.8055047421344,,,,,,,,,,,,,,,,,,,-0.010174521301329757,1.4622967436909675,-0.4920074939727783,0.984298825263977,0.009466869,0.095556640625
ppo_rollout,1806336,1929.75187930002,936.0457265911374,,,,,,,,,,,,,,,,,,,-0.01043537810522442,1.698966479798158,-0.46620997910698253,0.9522247314453125,0.009162261,0.07692057291666667
training_episode,1808868,1931.6851891000115,936.4196662100862,40063920,26254.666015625,300.6621398925781,262.046630859375,1,35,44,27,1,8,1,110,0,1,MaxDuration,,,,,,,,,
training_episode,1812024,1933.3451616000093,937.2480589551812,57239476,26254.666015625,301.8933410644531,262.546630859375,0,42,45,27,2,3,1,136,2,1,MaxDuration,,,,,,,,,
ppo_rollout,1812480,1933.5995305000106,937.3605916894849,,,,,,,,,,,,,,,,,,,-0.011655242727526154,1.5417803640166918,-0.5068393424153328,0.9909752011299133,0.009282534,0.08702799479166666
training_episode,1817166,1936.660864000005,938.2985084165956,73577200,25150.666015625,301.8833312988281,251.50662231445312,0,46,44,26,3,4,1,143,2,1,MaxDuration,,,,,,,,,
ppo_rollout,1818624,1937.4605647000135,938.6637504446892,,,,,,,,,,,,,,,,,,,-0.009773413214134052,2.1492256114880246,-0.5190832187732061,0.9850565791130066,0.0101694865,0.08111979166666666
training_episode,1819434,1938.4882961999974,938.583948928978,6760098,30977.33203125,306.3677062988281,309.7732849121094,0,38,47,31,2,4,4,155,2,1,MaxDuration,,,,,,,,,
training_episode,1823172,1940.5149845000124,939.5299776413493,22469448,26254.666015625,301.0224914550781,262.546630859375,0,48,42,27,3,5,2,139,1,1,MaxDuration,,,,,,,,,
ppo_rollout,1824768,1941.345198199997,939.9502992522471,,,,,,,,,,,,,,,,,,,-0.009638633594537776,2.0837889050443965,-0.5219637960195541,0.9875635504722595,0.008323155,0.07552083333333333
ppo_rollout,1830912,1945.4278015000164,941.1359283486546,,,,,,,,,,,,,,,,,,,-0.011104551698857297,1.802962667743365,-0.52333003282547,0.9899321794509888,0.0084180115,0.078466796875
training_episode,1835178,1948.3656915000174,941.9063413024503,3618228,2515.286865234375,100.02295684814453,23.65286636352539,3,3,19,3,2,0,0,41,1,1,LivesExhausted,,,,,,,,,
training_episode,1836252,1948.9398641000153,942.1799173100436,60276617,27389.33203125,304.2656555175781,273.3932800292969,1,37,40,27,0,6,2,193,1,1,MaxDuration,,,,,,,,,
ppo_rollout,1837056,1949.394803800009,942.372471917426,,,,,,,,,,,,,,,,,,,-0.012660879723262042,1.433300258219242,-0.5009686616559823,0.9873287677764893,0.00830045,0.082275390625
training_episode,1841286,1952.2541731999954,943.1589519831302,20479597,891.4572143554688,41.908973693847656,6.914572238922119,4,5,6,1,1,1,1,15,0,0,LivesExhausted,,,,,,,,,
ppo_rollout,1843200,1953.2727337999968,943.6470228170053,,,,,,,,,,,,,,,,,,,-0.008755473024211823,2.327606139580409,-0.5099328324198723,0.9739007949829102,0.0068531646,0.063671875
training_episode,1844928,1954.814432300016,943.7867705065362,51479381,26254.666015625,300.4419250488281,261.546630859375,2,46,41,27,1,7,4,135,4,1,MaxDuration,,,,,,,,,
training_episode,1848504,1956.722479899996,944.6940069367799,65722525,27389.33203125,303.9853820800781,273.3932800292969,1,40,37,27,1,9,4,170,1,1,MaxDuration,,,,,,,,,
ppo_rollout,1849344,1957.1665949000162,944.9088313784937,,,,,,,,,,,,,,,,,,,-0.0058718196135790395,2.72774893194437,-0.5258498268822829,0.9813066720962524,0.010151952,0.0763671875
training_episode,1853400,1960.0503407000215,945.587958387879,5189163,26254.666015625,301.9033508300781,261.546630859375,2,33,41,27,1,4,2,147,2,1,MaxDuration,,,,,,,,,
ppo_rollout,1855488,1961.2204969000013,946.0884193964283,,,,,,,,,,,,,,,,,,,-0.009726885202690027,1.9592688873410224,-0.5378494958082835,0.990209698677063,0.00861656,0.07657877604166667
training_episode,1856202,1962.2400342000183,945.9607222603382,12101277,27389.33203125,306.3677062988281,272.8932800292969,2,49,42,27,3,7,2,124,2,1,MaxDuration,,,,,,,,,
ppo_rollout,1861632,1965.1545451999991,947.3209140457382,,,,,,,,,,,,,,,,,,,-0.007297005287061135,1.8621548235416412,-0.522396620362997,0.9867002367973328,0.009825925,0.10074869791666667
training_episode,1865442,1967.780642400001,947.9928604871405,9064136,1839.935791015625,76.96803283691406,16.89935874938965,3,5,14,2,0,1,0,37,1,0,LivesExhausted,,,,,,,,,
ppo_rollout,1867776,1969.0489111000206,948.5676000585257,,,,,,,,,,,,,,,,,,,-0.011421078412483136,1.5336607277393342,-0.5109362073242665,0.9894535541534424,0.007966333,0.08098958333333334
training_episode,1871814,1971.7763906000182,949.3033839554193,68340750,24077.33203125,305.2466125488281,239.77330017089844,2,43,41,24,1,7,0,205,2,1,MaxDuration,,,,,,,,,
ppo_rollout,1873920,1972.9157050000213,949.8226382662303,,,,,,,,,,,,,,,,,,,-0.010451824522654836,2.1403697436054547,-0.4776893769701322,0.9787668585777283,0.008211113,0.07644856770833333
training_episode,1877844,1975.6436970000213,950.4973001212069,23412009,27389.33203125,304.6260070800781,272.8932800292969,2,43,39,27,2,10,3,157,1,1,MaxDuration,,,,,,,,,
ppo_rollout,1880064,1976.8296052000078,951.0501031826577,,,,,,,,,,,,,,,,,,,-0.009400275683340927,2.098097410798073,-0.48217801103989283,0.9862089157104492,0.0067452323,0.0689453125
training_episode,1881456,1978.1769297000137,951.1060268432707,56715831,28554.666015625,304.3457336425781,285.046630859375,1,62,40,28,1,2,5,143,0,1,MaxDuration,,,,,,,,,
training_episode,1881942,1978.4331875000207,951.2284831705899,2780396,2042.269287109375,84.35961151123047,18.922693252563477,3,6,15,3,0,2,0,44,0,0,LivesExhausted,,,,,,,,,
training_episode,1884648,1979.9060927999963,951.8875702507275,4456060,27389.33203125,301.1826477050781,273.3932800292969,1,61,39,27,1,6,5,138,4,1,MaxDuration,,,,,,,,,
ppo_rollout,1886208,1980.7258541000192,952.2812034263242,,,,,,,,,,,,,,,,,,,-0.009399490619155888,1.743929699063301,-0.4832524597644806,0.9909586906433105,0.006673333,0.07330729166666666
training_episode,1887198,1981.8316376000002,952.249406153087,36188947,938.59228515625,43.758663177490234,7.885922431945801,3,4,10,1,0,0,0,32,0,0,LivesExhausted,,,,,,,,,
training_episode,1888104,1982.3106632000126,952.4763373628147,32523432,559.348388671875,28.780563354492188,4.093483924865723,3,3,7,1,0,0,0,10,0,0,LivesExhausted,,,,,,,,,
training_episode,1889436,1983.0257648999977,952.8045643397289,66350899,26254.666015625,300.2417297363281,261.046630859375,3,68,35,27,5,5,5,128,1,1,MaxDuration,,,,,,,,,
training_episode,1891968,1984.3828177000105,953.4289367577152,27286982,645.9251098632812,32.19060516357422,4.959251403808594,3,5,7,1,0,1,0,11,0,0,LivesExhausted,,,,,,,,,
ppo_rollout,1892352,1984.5955334000173,953.5202353086096,,,,,,,,,,,,,,,,,,,-0.010352266430466746,2.445626724759738,-0.5267438674966495,0.9869614839553833,0.0072684586,0.072119140625
training_episode,1895202,1986.6824858000036,953.9531422590833,59543514,1047.0338134765625,48.047943115234375,8.470337867736816,4,4,11,2,1,0,1,29,0,0,LivesExhausted,,,,,,,,,
ppo_rollout,1898496,1988.4396169999964,954.766734563609,,,,,,,,,,,,,,,,,,,-0.008068168126434709,3.698069655895233,-0.5145185525218646,0.9830048084259033,0.0070893154,0.07071940104166667
training_episode,1901742,1990.7974994000106,955.266419901145,48128053,26254.666015625,302.4638977050781,262.546630859375,0,55,37,27,1,6,4,155,2,1,MaxDuration,,,,,,,,,
training_episode,1902762,1991.333442800009,955.5215410456478,67084002,2213.268798828125,89.91079711914062,20.632686614990234,3,6,13,3,0,3,0,41,0,0,LivesExhausted,,,,,,,,,
ppo_rollout,1904640,1992.2999017999973,956.0006494399771,,,,,,,,,,,,,,,,,,,-0.008976745862552586,1.8999652847647668,-0.5162349959214528,0.9874417185783386,0.007927775,0.07001953125
training_episode,1906542,1993.9018987000163,956.1864609502738,8854678,627.6928100585938,31.470624923706055,4.776927947998047,3,3,9,1,0,0,0,19,1,0,LivesExhausted,,,,,,,,,
training_episode,1908786,1995.1342222999956,956.7205948678214,54516522,1331.4058837890625,58.6861572265625,11.314059257507324,4,5,13,2,1,1,0,39,0,0,LivesExhausted,,,,,,,,,
ppo_rollout,1910784,1996.197489400016,957.2119042060873,,,,,,,,,,,,,,,,,,,-0.008860904341175532,2.273709292213122,-0.510020409276088,0.9838201999664307,0.009237904,0.07613932291666667
training_episode,1914246,1998.6733367000124,957.7583114009968,28543730,981.9210205078125,45.46837615966797,7.819210052490234,4,4,11,1,1,0,1,30,0,0,LivesExhausted,,,,,,,,,
training_episode,1914516,1998.827138099994,957.8196951137371,70644788,27389.33203125,305.5769348144531,273.8932800292969,0,45,47,27,2,10,1,120,2,1,MaxDuration,,,,,,,,,
ppo_rollout,1916928,2000.1163328000112,958.4082528421966,,,,,,,,,,,,,,,,,,,-0.007292532669574333,2.5757346257567404,-0.5033368763824304,0.9874432682991028,0.007934897,0.06573893229166666
training_episode,1917588,2001.0619903000188,958.2851552302467,1523648,26254.666015625,301.0425109863281,261.546630859375,2,40,41,27,1,8,3,145,3,1,MaxDuration,,,,,,,,,
training_episode,1918692,2001.6962317000143,958.5330529250585,29800478,2545.896728515625,101.24321746826172,23.958967208862305,3,5,18,3,0,2,0,36,1,1,LivesExhausted,,,,,,,,,
training_episode,1919064,2001.905501500005,958.6186753381053,26763337,846.3452758789062,40.1192741394043,6.963452339172363,3,4,8,1,0,1,0,32,1,0,LivesExhausted,,,,,,,,,
training_episode,1922100,2003.4920254000172,959.3749192069948,51898297,565.26953125,28.38055419921875,4.1526947021484375,3,4,6,1,0,0,1,0,0,0,LivesExhausted,,,,,,,,,
training_episode,1922988,2003.9684202000208,959.5899718859152,19746494,1663.219970703125,70.57666778564453,14.63219928741455,4,6,11,2,2,2,0,16,0,0,LivesExhausted,,,,,,,,,
ppo_rollout,1923072,2004.0200498000195,959.6071657027098,,,,,,,,,,,,,,,,,,,-0.0103248857272168,2.9065322717030844,-0.49633224233984946,0.9888031482696533,0.0071907956,0.063037109375
training_episode,1923642,2004.884178200009,959.4778695530689,13253296,27389.33203125,303.6750793457031,272.3932800292969,3,53,39,27,1,7,3,152,1,1,MaxDuration,,,,,,,,,
ppo_rollout,1929216,2007.8580166000174,960.8328796409694,,,,,,,,,,,,,,,,,,,-0.008073271541312958,4.084343286355336,-0.5242891507844131,0.9840651154518127,0.006673942,0.06456705729166666
training_episode,1931934,2009.9343262000184,961.1925995873279,13043838,27389.33203125,306.0774230957031,273.8932800292969,0,48,40,27,1,8,4,152,3,1,MaxDuration,,,,,,,,,
ppo_rollout,1935360,2011.7569763000065,962.0247489135021,,,,,,,,,,,,,,,,,,,-0.009678786195581778,2.4124436770876247,-0.5480766663948695,0.9849941730499268,0.009504567,0.07687174479166667
ppo_rollout,1941504,2015.7260716000164,963.1784930275265,,,,,,,,,,,,,,,,,,,-0.008456303452840075,2.8276671503980952,-0.5135923385620117,0.9787020683288574,0.009355809,0.075732421875
ppo_rollout,1947648,2019.6879956000193,964.3311265121337,,,,,,,,,,,,,,,,,,,-0.011054024616411577,1.9772883161902428,-0.4914270907640457,0.9739147424697876,0.0074415053,0.06915690104166666
ppo_rollout,1953792,2023.668481300003,965.4703910518415,,,,,,,,,,,,,,,,,,,-0.008785279762620727,1.9578299989302954,-0.4846276002625624,0.9142414331436157,0.007910111,0.07937825520833333
training_episode,1954380,2024.5765062000137,965.327807576031,17232998,27389.33203125,306.5879211425781,272.8932800292969,2,50,42,27,2,3,2,141,1,1,MaxDuration,,,,,,,,,
training_episode,1955094,2024.9838962000213,965.4861965415266,10949258,23034.666015625,300.2217102050781,229.3466339111328,2,43,43,23,3,6,1,204,2,1,MaxDuration,,,,,,,,,
training_episode,1958526,2026.860948799993,966.2853296174803,3932415,27389.33203125,303.5049133300781,273.3932800292969,1,49,39,27,3,9,2,172,1,1,MaxDuration,,,,,,,,,
training_episode,1959102,2027.1995801000157,966.4080533715106,14405315,23034.666015625,300.9123840332031,228.8466339111328,3,39,36,23,3,6,0,157,3,1,MaxDuration,,,,,,,,,
training_episode,1959432,2027.3923073000042,966.4789557229252,7807388,745.36279296875,36.12994384765625,5.453628063201904,4,4,9,1,1,0,0,6,0,0,LivesExhausted,,,,,,,,,
ppo_rollout,1959936,2027.6864262000017,966.5873256709767,,,,,,,,,,,,,,,,,,,-0.0067260995468435185,2.2507107774416606,-0.4704389877617359,0.7439256906509399,0.00911924,0.0853515625
training_episode,1960308,2028.4911482000025,966.3872586969358,62266468,27389.33203125,305.5168762207031,272.8932800292969,2,53,34,27,2,8,3,150,3,1,MaxDuration,,,,,,,,,
ppo_rollout,1966080,2031.513583299995,967.7907232135242,,,,,,,,,,,,,,,,,,,-0.009254162510236105,2.568274630109469,-0.5126601440211137,0.9927268028259277,0.008168405,0.08650716145833333
training_episode,1968168,2033.1941033000185,968.0177592515754,19432307,26254.666015625,301.9033508300781,261.546630859375,2,49,43,27,3,2,3,151,1,1,MaxDuration,,,,,,,,,
ppo_rollout,1972224,2035.3561521999945,968.9822579052046,,,,,,,,,,,,,,,,,,,-0.008867540600476786,1.5554185171922048,-0.530590367068847,0.9921050071716309,0.013007912,0.09830729166666667
ppo_rollout,1978368,2039.2525423000043,970.143696753059,,,,,,,,,,,,,,,,,,,-0.011336009161702047,2.398280238111814,-0.5233833817144234,0.9797989130020142,0.009440714,0.097802734375
ppo_rollout,1984512,2043.1375560000015,971.3061140558852,,,,,,,,,,,,,,,,,,,-0.009784161274243768,1.9225844303766886,-0.4835073617597421,0.9756492376327515,0.007896181,0.06647135416666666
ppo_rollout,1990656,2047.0599385999958,972.446366842306,,,,,,,,,,,,,,,,,,,-0.011128010771547755,1.6250627741217614,-0.48345908721288045,0.960898220539093,0.009974357,0.07955729166666667
training_episode,1990722,2047.685753400001,972.1813987788811,29067375,24077.33203125,302.7942199707031,239.77330017089844,2,46,42,24,2,7,2,157,4,1,MaxDuration,,,,,,,,,
training_episode,1995204,2050.064097399998,973.2398135894509,56506373,29750.666015625,305.5969543457031,297.5066223144531,0,52,39,30,5,6,5,145,5,1,MaxDuration,,,,,,,,,
training_episode,1995240,2050.087466099998,973.246279972465,55459083,23034.666015625,301.1325988769531,230.3466339111328,0,40,43,23,4,7,3,139,1,1,MaxDuration,,,,,,,,,
training_episode,1996080,2050.5345365999965,973.4437359488282,47709137,24077.33203125,305.3567199707031,240.77330017089844,0,40,38,24,1,9,2,134,1,1,MaxDuration,,,,,,,,,
ppo_rollout,1996800,2050.9820934000018,973.5823664310097,,,,,,,,,,,,,,,,,,,-0.009714929103696097,1.9867599219083787,-0.5040488501389822,0.9040188789367676,0.007382196,0.07360026041666666
training_episode,1997064,2051.725839299994,973.3581172235744,18908662,24077.33203125,306.2676086425781,239.77330017089844,2,53,43,24,3,4,2,177,5,1,MaxDuration,,,,,,,,,
validation,2000004,,,,,,,,,,,,,,,,,,10631.328975219727,2225.30322265625,11333.622991052434,,,,,,
ppo_rollout,2002944,2254.803584600013,888.3008762624922,,,,,,,,,,,,,,,,,,,-0.01111210793023929,2.2423177575071653,-0.5174779949088891,0.9913607835769653,0.008127584,0.07013346354166666
training_episode,2004402,2256.153460500005,888.4156308923186,52736129,26254.666015625,301.9233703613281,261.546630859375,2,45,43,27,1,8,3,115,3,1,MaxDuration,,,,,,,,,
ppo_rollout,2009088,2258.6268273000023,889.5174606606861,,,,,,,,,,,,,,,,,,,-0.011609360457320387,2.3282720262805623,-0.528511514266332,0.9802213907241821,0.012965613,0.10167643229166666
ppo_rollout,2015232,2262.5077917000162,890.7072087852495,,,,,,,,,,,,,,,,,,,-0.010554796210878218,1.9525718331336974,-0.49473176896572113,0.9794328808784485,0.009997755,0.08302408854166667
ppo_rollout,2021376,2266.4874742999964,891.8540353391104,,,,,,,,,,,,,,,,,,,-0.009969920491372856,1.4524907355507215,-0.4878072837988536,0.9689131379127502,0.010122035,0.08009440104166667
training_episode,2027136,2270.120418000006,892.9640841633956,10635071,27389.33203125,303.4248352050781,272.8932800292969,2,39,42,27,1,5,4,178,1,1,MaxDuration,,,,,,,,,
ppo_rollout,2027520,2270.330625200004,893.0505440463705,,,,,,,,,,,,,,,,,,,-0.01150744348221148,1.6939676036437352,-0.485741996516784,0.8734484910964966,0.0072418875,0.08513997395833334
training_episode,2031324,2272.98273280001,893.6821079576267,2047293,26254.666015625,300.6621398925781,262.546630859375,0,34,44,27,2,8,2,202,2,1,MaxDuration,,,,,,,,,
training_episode,2031474,2273.070134800015,893.7137349608131,53259774,29750.666015625,302.2236633300781,296.5066223144531,2,44,41,30,6,3,5,127,2,1,MaxDuration,,,,,,,,,
training_episode,2032326,2273.5677454000106,893.8928712865045,3722957,26254.666015625,302.0334777832031,262.046630859375,1,42,42,27,2,7,1,155,2,1,MaxDuration,,,,,,,,,
training_episode,2033616,2274.3078629999945,894.1691813515068,73996116,27389.33203125,304.5759582519531,273.3932800292969,1,39,44,27,6,8,8,167,3,1,MaxDuration,,,,,,,,,
ppo_rollout,2033664,2274.339733700006,894.1777562367681,,,,,,,,,,,,,,,,,,,-0.010172435344429687,2.263391308983167,-0.47441770682732265,0.9085933566093445,0.0071375966,0.07381184895833333
training_episode,2033976,2275.106803600007,894.013413691852,56820560,1288.133544921875,56.96644592285156,10.881336212158203,4,4,8,2,1,0,1,28,0,0,LivesExhausted,,,,,,,,,
training_episode,2038080,2277.26263490002,894.9692357682226,73158284,1043.636962890625,47.917964935302734,8.936369895935059,3,3,10,2,1,0,0,14,0,0,LivesExhausted,,,,,,,,,
ppo_rollout,2039808,2278.1780809000193,895.3681088855668,,,,,,,,,,,,,,,,,,,-0.012756100589952742,2.2430404484272004,-0.5243511021137237,0.9938384890556335,0.008678067,0.08209635416666666
training_episode,2041092,2279.4556630000006,895.4295681775669,65617796,27389.33203125,305.7170715332031,273.3932800292969,1,47,45,27,3,3,4,170,3,1,MaxDuration,,,,,,,,,
training_episode,2044038,2281.066564900015,896.0887119440969,20898513,1087.3953857421875,49.647674560546875,8.873953819274902,4,4,10,2,1,0,0,17,0,0,LivesExhausted,,,,,,,,,
ppo_rollout,2045952,2282.0577618000098,896.5382183780582,,,,,,,,,,,,,,,,,,,-0.007000006804203925,2.485607411960761,-0.5419587925076484,0.9788993000984192,0.010135076,0.07630208333333334
ppo_rollout,2052096,2285.906095800019,897.7166663890494,,,,,,,,,,,,,,,,,,,-0.010575597298641999,2.413170859714349,-0.5368264794349671,0.9777674078941345,0.009093464,0.08216145833333334
ppo_rollout,2058240,2289.9271817000117,898.8233409553179,,,,,,,,,,,,,,,,,,,-0.012664354751662662,2.377524136006832,-0.51014347722133,0.9714295864105225,0.009466178,0.08956705729166667
ppo_rollout,2064384,2293.891887900012,899.9482542701176,,,,,,,,,,,,,,,,,,,-0.008917525245730454,1.783638282120228,-0.48439083447058995,0.8655397891998291,0.009739156,0.07822265625
training_episode,2067642,2296.3183153000136,900.4161079165816,63209029,27389.33203125,301.3528137207031,273.3932800292969,1,41,42,27,5,6,4,152,3,1,MaxDuration,,,,,,,,,
training_episode,2067870,2296.4355286000064,900.4694337143667,45405099,24077.33203125,304.5259094238281,239.77330017089844,2,44,40,24,4,6,1,127,1,1,MaxDuration,,,,,,,,,
training_episode,2069676,2297.404665500013,900.8756842363034,9692510,26254.666015625,300.4519348144531,262.546630859375,0,37,41,27,2,1,4,146,0,1,MaxDuration,,,,,,,,,
training_episode,2070492,2297.8330866000033,901.0628370155513,6341182,25150.666015625,304.2656555175781,251.0066375732422,1,26,47,26,1,3,3,134,1,1,MaxDuration,,,,,,,,,
ppo_rollout,2070528,2297.8562655000133,901.06941460477,,,,,,,,,,,,,,,,,,,-0.00986957635420064,2.0128277947505313,-0.4851261580983798,0.8816320300102234,0.00875337,0.07555338541666666
training_episode,2073030,2299.7550920000067,901.4133753682298,31895058,538.3106079101562,27.94054412841797,3.883105754852295,3,3,7,1,0,0,0,2,0,0,LivesExhausted,,,,,,,,,
ppo_rollout,2076672,2301.7359743000125,902.2198997569835,,,,,,,,,,,,,,,,,,,-0.011067949720503142,2.0447328219811123,-0.5059713003536065,0.9900843501091003,0.009407575,0.088916015625
training_episode,2077848,2302.943466900004,902.2574934490227,45195641,27389.33203125,306.2575988769531,272.8932800292969,2,38,42,27,4,6,1,169,3,1,MaxDuration,,,,,,,,,
training_episode,2080536,2304.3790220000083,902.8618903995527,43729435,27389.33203125,304.0954895019531,272.8932800292969,2,35,42,27,3,4,1,111,4,1,MaxDuration,,,,,,,,,
ppo_rollout,2082816,2305.5907382000005,903.376286819263,,,,,,,,,,,,,,,,,,,-0.01086903027802085,1.8091858168443045,-0.5418685798843702,0.9890885353088379,0.011365719,0.08603515625
ppo_rollout,2088960,2309.467263600003,904.5202904256473,,,,,,,,,,,,,,,,,,,-0.010591498118204375,1.599080244700114,-0.5405810018380482,0.9876881241798401,0.0089917155,0.10696614583333333
ppo_rollout,2095104,2313.4038908999937,905.6369310353898,,,,,,,,,,,,,,,,,,,-0.011208335995130861,1.9937800159056982,-0.5291773115595182,0.9797189235687256,0.007162886,0.07727864583333334
ppo_rollout,2101248,2317.2884003000217,906.7701714331066,,,,,,,,,,,,,,,,,,,-0.010856573836645112,1.5674090946714083,-0.5017798148095608,0.9313305616378784,0.00939138,0.086572265625
training_episode,2103936,2319.3360751,907.1285626035403,39959191,23034.666015625,302.4238586425781,229.84661865234375,1,35,41,23,6,5,3,119,2,1,MaxDuration,,,,,,,,,
training_episode,2104470,2319.643786700006,907.2384355159468,54621251,27389.33203125,304.9763488769531,272.8932800292969,2,39,44,27,1,8,5,146,2,1,MaxDuration,,,,,,,,,
training_episode,2106534,2320.7413457999937,907.6987419612014,57134747,25150.666015625,300.2917785644531,251.0066375732422,1,50,39,26,5,3,7,148,2,1,MaxDuration,,,,,,,,,
ppo_rollout,2107392,2321.193515699997,907.8915591251247,,,,,,,,,,,,,,,,,,,-0.012720643102268999,1.9203650206327438,-0.5121999233961105,0.8427390456199646,0.00916597,0.07921549479166666
training_episode,2109744,2323.021996399999,908.189420190374,5293892,24077.33203125,305.9172668457031,239.77330017089844,2,39,43,24,2,4,2,183,2,1,MaxDuration,,,,,,,,,
ppo_rollout,2113536,2325.056525699998,909.0256415867927,,,,,,,,,,,,,,,,,,,-0.013097218598704784,1.9901340732971826,-0.5248698773483436,0.9898241758346558,0.009138149,0.09542643229166667
training_episode,2114310,2326.0329633000074,908.9768001397408,36607863,27389.33203125,303.8352355957031,273.8932800292969,0,39,45,27,1,6,4,156,2,1,MaxDuration,,,,,,,,,
training_episode,2116656,2327.3086675000086,909.4865797383502,41530126,27389.33203125,300.9524230957031,272.8932800292969,2,37,45,27,2,6,5,198,2,1,MaxDuration,,,,,,,,,
ppo_rollout,2119680,2328.910873999994,910.1593468707406,,,,,,,,,,,,,,,,,,,-0.011440429314582919,2.1258769993980726,-0.5219363426168759,0.98685222864151,0.010832873,0.08478190104166666
ppo_rollout,2125824,2332.787783000007,911.2804925899227,,,,,,,,,,,,,,,,,,,-0.009424588659506601,1.5871797824899356,-0.5340237940351168,0.9896749258041382,0.010492879,0.08966471354166666
ppo_rollout,2131968,2336.6779308000114,912.3927486532452,,,,,,,,,,,,,,,,,,,-0.012176838171823572,1.345952670276165,-0.5391891896724701,0.9885960221290588,0.012478098,0.11056315104166667
ppo_rollout,2138112,2340.566885700013,913.5017730375763,,,,,,,,,,,,,,,,,,,-0.012146387606238325,1.6494373604655266,-0.4924231457213561,0.9601715803146362,0.010322659,0.08655598958333334
training_episode,2140650,2342.6176205000083,913.7854941700215,39854462,27389.33203125,305.9172668457031,273.3932800292969,1,46,42,27,1,3,4,112,4,1,MaxDuration,,,,,,,,,
training_episode,2141118,2342.8795743999945,913.8830793504762,56192186,30977.33203125,305.3867492675781,309.2732849121094,1,46,42,31,3,8,4,158,2,1,MaxDuration,,,,,,,,,
training_episode,2142606,2343.6987508000166,914.1985501629107,50746278,27389.33203125,300.5720520019531,273.8932800292969,0,47,39,27,0,5,3,167,2,1,MaxDuration,,,,,,,,,
ppo_rollout,2144256,2344.5974371000193,914.551882583384,,,,,,,,,,,,,,,,,,,-0.012299724951541672,2.0896371722221376,-0.4981706072886785,0.8652907609939575,0.007700009,0.075146484375
training_episode,2146428,2346.3852755000116,914.7807150053816,28857917,29750.666015625,305.6470031738281,297.5066223144531,0,46,39,30,0,6,5,161,3,1,MaxDuration,,,,,,,,,
training_episode,2149242,2347.868530800013,915.4013403244802,72320452,1688.5538330078125,71.5768814086914,15.385539054870605,3,5,13,2,0,1,0,23,0,0,LivesExhausted,,,,,,,,,
ppo_rollout,2150400,2348.4958691000065,915.6498967247828,,,,,,,,,,,,,,,,,,,-0.012585724878590554,2.1060998737812042,-0.5345352530479431,0.9906667470932007,0.008322718,0.07960611979166667
training_episode,2150580,2349.1662624000164,915.4652160732414,61428636,26254.666015625,302.2336730957031,261.546630859375,2,55,41,27,2,4,3,126,0,1,MaxDuration,,,,,,,,,
training_episode,2153358,2350.649909800006,916.069207508322,20060681,24077.33203125,305.8371887207031,239.77330017089844,2,52,43,24,2,10,3,160,1,1,MaxDuration,,,,,,,,,
ppo_rollout,2156544,2352.381128000008,916.7494052434826,,,,,,,,,,,,,,,,,,,-0.010937724565155803,2.4689730828007064,-0.5503037323554357,0.9857707619667053,0.010087492,0.091162109375
ppo_rollout,2162688,2356.466415700008,917.767376437468,,,,,,,,,,,,,,,,,,,-0.011072230744563665,1.3961174115538597,-0.5398157581686973,0.9894011616706848,0.010385254,0.09581705729166666
ppo_rollout,2168832,2360.379329599993,918.8489209349016,,,,,,,,,,,,,,,,,,,-0.010534917805731918,1.5435549383362135,-0.5330949199696382,0.9846851229667664,0.00909802,0.07657877604166667
ppo_rollout,2174976,2364.248902499996,919.943749450468,,,,,,,,,,,,,,,,,,,-0.011536112831284603,1.6878463884194692,-0.5373770654201507,0.9539211392402649,0.008783358,0.087841796875
training_episode,2177376,2366.1867967,920.2046106573983,22993093,27389.33203125,302.1235656738281,273.3932800292969,1,24,45,27,0,6,3,167,4,1,MaxDuration,,,,,,,,,
training_episode,2179014,2367.0298318999994,920.5688794597572,36084218,27389.33203125,303.3747863769531,272.8932800292969,2,39,42,27,3,4,5,180,2,1,MaxDuration,,,,,,,,,
ppo_rollout,2181120,2368.145232800016,921.0245933359064,,,,,,,,,,,,,,,,,,,-0.012107564962934702,2.1092166791359586,-0.5238905695577463,0.8644251823425293,0.008500215,0.09314778645833334
training_episode,2183028,2369.754781800002,921.2041755399816,71063704,30977.33203125,304.9563293457031,309.2732849121094,1,59,42,31,0,5,9,159,2,1,MaxDuration,,,,,,,,,
training_episode,2185698,2371.1686145999993,921.7809254651901,26134963,29750.666015625,303.7651672363281,296.0066223144531,3,36,43,30,4,6,3,159,4,1,MaxDuration,,,,,,,,,
training_episode,2185908,2371.2844030999986,921.824475015458,49698988,1675.1494140625,71.05677032470703,15.251494407653809,3,6,15,2,1,1,0,32,0,0,LivesExhausted,,,,,,,,,
training_episode,2187096,2371.8830759999983,922.0926706422529,56401644,24077.33203125,304.2456359863281,239.77330017089844,2,28,45,24,1,6,3,151,1,1,MaxDuration,,,,,,,,,
ppo_rollout,2187264,2371.9751480999985,922.1277051540966,,,,,,,,,,,,,,,,,,,-0.010793153413881857,2.20260725269715,-0.5281281727055709,0.9882520437240601,0.008845339,0.06520182291666667
training_episode,2190018,2374.0528522999957,922.4807265256535,53888148,24077.33203125,305.4768371582031,240.27330017089844,1,36,43,24,7,8,4,138,3,1,MaxDuration,,,,,,,,,
ppo_rollout,2193408,2375.8228928000026,923.2203320572354,,,,,,,,,,,,,,,,,,,-0.01013928731942239,2.517862676580747,-0.5696280479431153,0.9883664846420288,0.007871043,0.06555989583333334
ppo_rollout,2199552,2379.6426233999955,924.3203069111761,,,,,,,,,,,,,,,,,,,-0.013345757282028596,1.612761298318704,-0.5641524185736974,0.9821324348449707,0.00927538,0.09366861979166667
training_episode,2201058,2381.0527443000174,924.4053939036397,33047077,2266.256591796875,92.0012435913086,21.162565231323242,3,5,19,3,0,1,0,54,0,0,LivesExhausted,,,,,,,,,
ppo_rollout,2205696,2383.545456199994,925.3844915198163,,,,,,,,,,,,,,,,,,,-0.012593613576609642,1.4274890591700873,-0.5200445465743542,0.9823087453842163,0.009214889,0.08963216145833333
ppo_rollout,2211840,2387.486510000017,926.4303654641317,,,,,,,,,,,,,,,,,,,-0.011102619231678545,2.1192788312832516,-0.5388819222648938,0.9731788635253906,0.008907508,0.083154296875
training_episode,2215236,2389.915758999996,926.9096584922781,70121143,26254.666015625,301.7932434082031,261.546630859375,2,37,47,27,4,8,4,148,2,1,MaxDuration,,,,,,,,,
ppo_rollout,2217984,2391.383664699999,927.489818024766,,,,,,,,,,,,,,,,,,,-0.008605251230377083,1.7874461049834887,-0.530483786513408,0.9047220349311829,0.008574699,0.08011067708333333
training_episode,2219454,2392.7418138000066,927.5777215909469,31580871,25150.666015625,303.5249328613281,251.0066375732422,1,37,45,26,1,7,2,153,1,1,MaxDuration,,,,,,,,,
training_episode,2222484,2394.3425892000087,928.2230579804248,42053771,29750.666015625,306.5078430175781,297.5066223144531,0,51,42,30,2,6,6,158,2,1,MaxDuration,,,,,,,,,
training_episode,2222532,2394.372560400021,928.2314860928276,48861156,27389.33203125,305.1765441894531,272.3932800292969,3,46,42,27,6,8,4,147,1,1,MaxDuration,,,,,,,,,
training_episode,2223270,2394.797886300017,928.3747963528441,18594475,26254.666015625,301.4228820800781,262.546630859375,0,39,36,27,5,4,2,145,1,1,MaxDuration,,,,,,,,,
ppo_rollout,2224128,2395.2537866000202,928.5563026526189,,,,,,,,,,,,,,,,,,,-0.01177772723021917,2.2095260431369144,-0.5271453760564327,0.9802393317222595,0.008587063,0.078076171875
ppo_rollout,2230272,2399.1254128,929.6187636131399,,,,,,,,,,,,,,,,,,,-0.011884613013050209,2.1167614991466204,-0.539374262591203,0.9887747168540955,0.012254983,0.08548177083333333
ppo_rollout,2236416,2402.9856965000217,930.6821939295634,,,,,,,,,,,,,,,,,,,-0.012773498089518397,1.4563243995110193,-0.53402731269598,0.9877605438232422,0.012439939,0.10651041666666666
training_episode,2237304,2404.0804882000084,930.6277435308009,61742823,28554.666015625,302.0034484863281,285.546630859375,0,50,40,28,3,5,8,175,0,1,MaxDuration,,,,,,,,,
ppo_rollout,2242560,2406.983648399997,931.6889217301933,,,,,,,,,,,,,,,,,,,-0.011450500631084045,1.5632449711362522,-0.5304984134932359,0.9713069200515747,0.009073348,0.080859375
ppo_rollout,2248704,2410.876748800016,932.7328745110112,,,,,,,,,,,,,,,,,,,-0.012822620460065081,1.3660119449098904,-0.5402455558379491,0.9900695085525513,0.009741864,0.09493815104166667
training_episode,2251278,2412.8632221000153,933.0317522269742,65408338,25150.666015625,300.3218078613281,251.0066375732422,1,40,49,26,3,9,2,157,3,1,MaxDuration,,,,,,,,,
ppo_rollout,2254848,2414.7518128000083,933.7804357564213,,,,,,,,,,,,,,,,,,,-0.01294707633399715,1.6742230281233788,-0.5472047194838524,0.9649129509925842,0.008307029,0.08857421875
training_episode,2256210,2416.0642490000173,933.8369213210372,40378107,30977.33203125,306.2475891113281,309.7732849121094,0,37,45,31,1,8,5,129,2,1,MaxDuration,,,,,,,,,
training_episode,2258688,2417.4030575000215,934.3448098124944,21212700,28554.666015625,301.6731262207031,285.546630859375,0,32,42,28,3,10,6,194,2,1,MaxDuration,,,,,,,,,
training_episode,2258790,2417.459831300017,934.3650598675345,10006697,26254.666015625,302.1135559082031,261.546630859375,2,31,43,27,1,7,6,153,2,1,MaxDuration,,,,,,,,,
training_episode,2259456,2417.831117199996,934.4970308003132,36607863,23034.666015625,301.5229797363281,229.34661865234375,2,34,44,23,4,12,2,144,1,1,MaxDuration,,,,,,,,,
ppo_rollout,2260992,2418.7591427000007,934.7735208872889,,,,,,,,,,,,,,,,,,,-0.01653894049813971,1.948489355047544,-0.5677249451478322,0.9807442426681519,0.00909652,0.09109700520833333
training_episode,2261250,2419.520633100008,934.58595436848,58600953,2010.3116455078125,83.08934020996094,17.603116989135742,5,5,17,3,2,0,1,42,0,1,LivesExhausted,,,,,,,,,
ppo_rollout,2267136,2422.7087447000085,935.7856180441235,,,,,,,,,,,,,,,,,,,-0.01334824378330571,1.7100505098700522,-0.5726613203684489,0.9933084845542908,0.010021214,0.09161783854166666
ppo_rollout,2273280,2426.6034655999974,936.8156075875022,,,,,,,,,,,,,,,,,,,-0.0066650496863682445,2.261023698250453,-0.5870621278882027,0.974822998046875,0.008941762,0.094140625
training_episode,2273964,2427.528596899996,936.7403551512838,30428852,27389.33203125,305.4668273925781,273.3932800292969,1,37,41,27,3,4,4,149,1,1,MaxDuration,,,,,,,,,
ppo_rollout,2279424,2430.677759800019,937.7730103506344,,,,,,,,,,,,,,,,,,,-0.012127455273487915,1.5611613477269808,-0.550380461414655,0.9678122997283936,0.01159742,0.08777669270833334
ppo_rollout,2285568,2434.6832552000124,938.7537352624696,,,,,,,,,,,,,,,,,,,-0.013827336521353572,1.2360617558161417,-0.5691903710365296,0.9889257550239563,0.012644081,0.09249674479166667
ppo_rollout,2291712,2438.546523600002,939.786047885922,,,,,,,,,,,,,,,,,,,-0.013008735402642439,1.7307591766119004,-0.5582998558878899,0.9801703691482544,0.009308391,0.081396484375
training_episode,2292594,2439.5828238000104,939.748377318441,14510044,28554.666015625,303.1445617675781,284.546630859375,2,40,42,28,3,5,5,139,1,1,MaxDuration,,,,,,,,,
training_episode,2294916,2440.8331951000146,940.2182847263205,30324123,23034.666015625,301.0024719238281,229.3466339111328,2,42,44,23,3,9,3,125,4,1,MaxDuration,,,,,,,,,
training_episode,2295006,2440.8860718000215,940.2347887165242,4246602,28554.666015625,302.6040344238281,285.046630859375,1,50,44,28,1,7,6,100,3,1,MaxDuration,,,,,,,,,
training_episode,2295684,2441.2500923000043,940.3723146763466,40797023,28554.666015625,301.8833312988281,284.546630859375,2,36,40,28,1,3,6,143,1,1,MaxDuration,,,,,,,,,
training_episode,2297580,2442.271835499996,940.7552290466577,44253080,26254.666015625,302.7141418457031,261.546630859375,2,46,43,27,6,13,6,138,3,1,MaxDuration,,,,,,,,,
ppo_rollout,2297856,2442.426069900015,940.8088246020346,,,,,,,,,,,,,,,,,,,-0.01200946899286161,2.3438388297955197,-0.5454500069220861,0.8698155879974365,0.006595438,0.07828776041666667
ppo_rollout,2304000,2446.275922800007,941.8397894227901,,,,,,,,,,,,,,,,,,,-0.014563009810323517,1.6873094578584036,-0.564083938797315,0.9930160045623779,0.011352402,0.08771158854166666
ppo_rollout,2310144,2450.1745961999986,942.8487274265378,,,,,,,,,,,,,,,,,,,-0.012683835245358448,1.6372697720925014,-0.5688717608650525,0.9833086133003235,0.010724672,0.09220377604166667
training_episode,2310372,2450.879044100002,942.6707554425241,4560789,24077.33203125,303.3647766113281,239.77330017089844,2,50,40,24,5,9,3,195,1,1,MaxDuration,,,,,,,,,
ppo_rollout,2316288,2454.049150900013,943.8637360423324,,,,,,,,,,,,,,,,,,,-0.012451782597539325,1.5743455588817596,-0.5302639541526636,0.9686306715011597,0.010136366,0.09085286458333333
ppo_rollout,2322432,2457.9520479000057,944.8646494077093,,,,,,,,,,,,,,,,,,,-0.0129629304263896,1.1900937547286352,-0.5133526804546515,0.9883319735527039,0.010194097,0.09943033854166666
ppo_rollout,2328576,2461.8135409000097,945.8782971632776,,,,,,,,,,,,,,,,,,,-0.011551595724692257,1.6583755532900493,-0.5192143119871616,0.9719198346138,0.008285589,0.06661783854166667
training_episode,2328888,2462.5838764999935,945.709107504589,52840858,24077.33203125,302.4138488769531,240.27330017089844,1,41,43,24,2,5,4,170,2,1,MaxDuration,,,,,,,,,
training_episode,2331150,2463.785838200012,946.1658411443289,19013391,28554.666015625,301.1726379394531,284.546630859375,2,37,44,28,3,8,5,139,3,1,MaxDuration,,,,,,,,,
training_episode,2331390,2463.920562000014,946.211511830383,42996332,27389.33203125,303.8952941894531,273.8932800292969,0,50,44,27,4,9,3,140,2,1,MaxDuration,,,,,,,,,
training_episode,2332302,2464.468179599993,946.3713182852111,55773270,27389.33203125,305.1164855957031,273.3932800292969,1,49,40,27,4,8,3,150,2,1,MaxDuration,,,,,,,,,
training_episode,2333922,2465.328600800014,946.698139648657,10949258,24077.33203125,302.7942199707031,240.27330017089844,1,45,39,24,2,5,0,195,1,1,MaxDuration,,,,,,,,,
ppo_rollout,2334720,2465.742561000021,946.862838370733,,,,,,,,,,,,,,,,,,,-0.009668771550059319,2.257676351070404,-0.49262457390626274,0.5623347759246826,0.0072348774,0.06650390625
ppo_rollout,2340864,2469.5665670000017,947.8845524069643,,,,,,,,,,,,,,,,,,,-0.012571719338302501,1.6972368607918422,-0.5175886613627275,0.9938896894454956,0.008866318,0.08235677083333333
training_episode,2346432,2473.2817708000075,948.7119614523433,37759882,24077.33203125,300.4819641113281,240.27330017089844,1,25,43,24,4,8,1,143,2,1,MaxDuration,,,,,,,,,
ppo_rollout,2347008,2473.598686800018,948.8232721518045,,,,,,,,,,,,,,,,,,,-0.013687599440648531,1.5061820353070894,-0.5534766395886739,0.9855995178222656,0.010211674,0.09801432291666666
ppo_rollout,2353152,2477.5037638000213,949.8076387947483,,,,,,,,,,,,,,,,,,,-0.011368675528016563,1.7040352761745452,-0.5180186547338963,0.9718603491783142,0.008197191,0.07654622395833334
ppo_rollout,2359296,2481.466863300011,950.7666755067845,,,,,,,,,,,,,,,,,,,-0.012684995207625132,1.4630054965615273,-0.49832146565119423,0.9719644784927368,0.007141041,0.08435872395833334
ppo_rollout,2365440,2485.395830499998,951.7357239326076,,,,,,,,,,,,,,,,,,,-0.012297867702242608,1.5484749957919122,-0.48655635739366215,0.9143076539039612,0.00932144,0.08688151041666667
training_episode,2365488,2486.0643252000154,951.4991128838492,7597930,27389.33203125,304.9763488769531,272.8932800292969,2,50,43,27,3,9,4,152,3,1,MaxDuration,,,,,,,,,
training_episode,2367156,2486.997575000016,951.8127495560525,19432307,27389.33203125,300.0115051269531,273.3932800292969,1,52,38,27,3,8,3,156,4,1,MaxDuration,,,,,,,,,
training_episode,2367894,2487.424320499995,951.9461478627144,11158716,27389.33203125,304.1755676269531,273.8932800292969,0,49,43,27,2,9,6,115,1,1,MaxDuration,,,,,,,,,
training_episode,2368644,2487.8805753000197,952.0730309630555,22993093,27389.33203125,302.7942199707031,272.8932800292969,2,38,43,27,0,3,2,150,3,1,MaxDuration,,,,,,,,,
training_episode,2370012,2488.6211832000117,952.3393982174912,11263445,23034.666015625,300.7121887207031,229.8466339111328,1,30,41,23,2,12,2,191,0,1,MaxDuration,,,,,,,,,
ppo_rollout,2371584,2489.4625992999936,952.6489776013749,,,,,,,,,,,,,,,,,,,-0.010300340891505281,2.107837828993797,-0.4964906983077526,0.8776994347572327,0.008605221,0.07862955729166667
ppo_rollout,2377728,2493.268037200003,953.6591993014288,,,,,,,,,,,,,,,,,,,-0.010647228511516005,1.6500504458944003,-0.518533289184173,0.9934940338134766,0.010619323,0.07781575520833334
training_episode,2383080,2496.740278800018,954.4765309531332,39854462,30977.33203125,305.3767395019531,309.7732849121094,0,37,41,31,4,2,2,113,3,1,MaxDuration,,,,,,,,,
ppo_rollout,2383872,2497.1737326,954.6280136136011,,,,,,,,,,,,,,,,,,,-0.011310466227587312,1.9541205902894339,-0.5112510266403357,0.9819425344467163,0.010803216,0.08684895833333334
ppo_rollout,2390016,2501.1116652000055,955.5814853267971,,,,,,,,,,,,,,,,,,,-0.013380693556973711,1.5104662095506987,-0.5007979134718578,0.97551029920578,0.009459806,0.087548828125
ppo_rollout,2396160,2505.0038413,956.5494313799078,,,,,,,,,,,,,,,,,,,-0.012400301210194205,1.350563400487105,-0.46602621798714,0.989126443862915,0.008491859,0.08515625
training_episode,2402076,2508.7710628000204,957.4711840462084,28753188,27389.33203125,304.8562316894531,273.3932800292969,1,32,42,27,2,8,4,173,1,1,MaxDuration,,,,,,,,,
ppo_rollout,2402304,2508.8970695000025,957.5139726552252,,,,,,,,,,,,,,,,,,,-0.012201890432819103,1.7615460097789764,-0.4795237846672535,0.9688735604286194,0.008830111,0.08157552083333333
training_episode,2403828,2510.2983014000056,957.5865938559467,51793568,28554.666015625,305.5569152832031,285.546630859375,0,46,41,28,6,7,8,118,2,1,MaxDuration,,,,,,,,,
training_episode,2404074,2510.470497900009,957.6189013218801,61638094,26254.666015625,301.4529113769531,261.546630859375,2,35,41,27,2,6,5,153,3,1,MaxDuration,,,,,,,,,
training_episode,2404668,2510.813954500016,957.7244844008552,68340750,23034.666015625,300.1416320800781,229.3466339111328,2,41,41,23,3,8,1,173,1,1,MaxDuration,,,,,,,,,
training_episode,2406408,2511.7925314000167,958.0440939756764,54411793,28554.666015625,303.2646789550781,284.546630859375,2,37,43,28,7,9,4,118,3,1,MaxDuration,,,,,,,,,
ppo_rollout,2408448,2512.908556500013,958.430418715472,,,,,,,,,,,,,,,,,,,-0.011621606183083107,2.543492858608564,-0.4835369482636452,0.9253088235855103,0.007482929,0.06378580729166666
training_episode,2408730,2513.651484300004,958.2593350926601,55249625,1249.29736328125,55.436702728271484,10.992973327636719,3,4,7,2,0,0,0,25,0,0,LivesExhausted,,,,,,,,,
ppo_rollout,2414592,2516.7189032000024,959.4206158382852,,,,,,,,,,,,,,,,,,,-0.013746888316624488,1.117084588110447,-0.5317870701352755,0.9946961998939514,0.010816068,0.10564778645833334
training_episode,2419206,2519.760134000011,960.093767401429,52736129,23034.666015625,300.9924621582031,228.8466339111328,3,37,41,23,3,8,3,165,2,1,MaxDuration,,,,,,,,,
ppo_rollout,2420736,2520.583136000001,960.3872871424301,,,,,,,,,,,,,,,,,,,-0.007301635663801183,2.9132513433694838,-0.5286132588982582,0.9596241116523743,0.010392812,0.08974609375
ppo_rollout,2426880,2524.4729560000123,961.3412551051263,,,,,,,,,,,,,,,,,,,-0.013047002740980437,1.332463728884856,-0.515597399075826,0.9690808057785034,0.008905909,0.082080078125
ppo_rollout,2433024,2528.4378259000077,962.2637246909385,,,,,,,,,,,,,,,,,,,-0.011222028996174534,1.3907585854331652,-0.5169983426729838,0.9856377243995667,0.010464373,0.07893880208333333
ppo_rollout,2439168,2532.2962937999982,963.2237767641919,,,,,,,,,,,,,,,,,,,-0.009635979546389232,1.742365596195062,-0.48637507756551107,0.9307751059532166,0.008444897,0.06863606770833333
training_episode,2440416,2533.5513030000147,963.2392275263059,27601169,27389.33203125,304.8762512207031,272.8932800292969,2,46,40,27,3,4,4,125,1,1,MaxDuration,,,,,,,,,
training_episode,2440464,2533.5803371999937,963.2471345657419,69073853,24077.33203125,303.2046203613281,240.27330017089844,1,43,38,24,2,9,1,114,0,1,MaxDuration,,,,,,,,,
training_episode,2441430,2534.1242907000124,963.4215689261213,23830925,27389.33203125,306.3076477050781,272.8932800292969,2,52,44,27,2,6,4,138,1,1,MaxDuration,,,,,,,,,
training_episode,2442546,2534.728610499995,963.6321576526447,60381346,26254.666015625,301.1125793457031,262.046630859375,1,36,44,27,2,6,5,170,1,1,MaxDuration,,,,,,,,,
training_episode,2445156,2536.12715830002,964.1298907263789,45614557,29750.666015625,303.4949035644531,297.5066223144531,0,49,42,30,1,7,6,194,1,1,MaxDuration,,,,,,,,,
ppo_rollout,2445312,2536.219021500001,964.1564783130458,,,,,,,,,,,,,,,,,,,-0.011136606840106348,2.0062956978877384,-0.47625893702109656,0.8226826190948486,0.007944723,0.07257486979166666
training_episode,2445444,2536.8699933000025,963.9611042184018,22364719,881.087890625,41.489044189453125,7.310878753662109,3,4,9,1,0,1,1,17,0,0,LivesExhausted,,,,,,,,,
training_episode,2448570,2538.553228900011,964.5533416925821,7388472,550.0905151367188,28.410554885864258,4.0009050369262695,3,3,2,1,0,0,1,10,1,0,LivesExhausted,,,,,,,,,
ppo_rollout,2451456,2540.1734571999987,965.0742523316535,,,,,,,,,,,,,,,,,,,-0.008813952406247457,2.1736057018240293,-0.5267139216264088,0.9907793402671814,0.0075297165,0.07273763020833333
training_episode,2455992,2543.220370199997,965.7016076066042,33361264,27389.33203125,306.4978332519531,273.3932800292969,1,39,42,27,3,4,5,121,2,1,MaxDuration,,,,,,,,,
ppo_rollout,2457600,2544.0971717000066,966.0008380724672,,,,,,,,,,,,,,,,,,,-0.010179787953772272,3.1836023171742758,-0.5547107328971227,0.9746123552322388,0.0065668556,0.07161458333333333
ppo_rollout,2463744,2547.95417110002,966.9498878530989,,,,,,,,,,,,,,,,,,,-0.01308624897695457,1.7680437634388606,-0.5140349313616752,0.9792062640190125,0.01025186,0.089599609375
ppo_rollout,2469888,2552.0668999000045,967.7990808535527,,,,,,,,,,,,,,,,,,,-0.01141584208041119,1.1278295710682869,-0.5038724310696125,0.9894894361495972,0.01129799,0.09876302083333334
ppo_rollout,2476032,2556.0417613000027,968.6977879190403,,,,,,,,,,,,,,,,,,,-0.013107048766687512,1.672757471104463,-0.5310765951871872,0.9773010611534119,0.007606711,0.08404947916666666
training_episode,2476686,2557.003297599993,968.5892866562281,38283527,26254.666015625,302.2136535644531,262.546630859375,0,40,44,27,2,6,8,133,3,1,MaxDuration,,,,,,,,,
training_episode,2477514,2557.460198100016,968.7400030079024,55144896,26254.666015625,300.6521301269531,261.546630859375,2,49,40,27,1,10,6,154,0,1,MaxDuration,,,,,,,,,
training_episode,2478570,2558.0317536999937,968.936369306183,8749949,26254.666015625,300.1716613769531,261.546630859375,2,53,42,27,2,8,2,146,3,1,MaxDuration,,,,,,,,,
training_episode,2482038,2559.8459429000213,969.6044431439989,59124598,25150.666015625,304.9363098144531,251.0066375732422,1,39,46,26,2,7,3,140,3,1,MaxDuration,,,,,,,,,
ppo_rollout,2482176,2559.9211272000102,969.6298739934045,,,,,,,,,,,,,,,,,,,-0.01282453882158734,2.0561944504578906,-0.5235307993988196,0.8931353092193604,0.007972796,0.074853515625
training_episode,2484072,2561.4968833000166,969.7735789550253,25192402,1419.368896484375,61.545677185058594,12.693689346313477,3,4,13,2,0,1,0,26,1,0,LivesExhausted,,,,,,,,,
training_episode,2484936,2561.955496600014,969.9372230695548,63313758,27389.33203125,303.0044250488281,272.8932800292969,2,54,43,27,3,6,2,142,3,1,MaxDuration,,,,,,,,,
ppo_rollout,2488320,2563.733742500015,970.5844092739226,,,,,,,,,,,,,,,,,,,-0.01226664672140032,1.8385296473900476,-0.5517762109637261,0.9931062459945679,0.0097063845,0.093212890625
training_episode,2492448,2566.5679416000203,971.1209898640699,45405099,24077.33203125,303.7851867675781,239.77330017089844,2,36,46,24,0,10,2,133,1,1,MaxDuration,,,,,,,,,
ppo_rollout,2494464,2567.6232806000044,971.5070037132127,,,,,,,,,,,,,,,,,,,-0.010327922085222478,2.32335064659516,-0.5569108083844185,0.9764939546585083,0.009479043,0.08323567708333333
validation,2500002,,,,,,,,,,,,,,,,,,13452.296345520019,6512.962890625,11583.638799081642,,,,,,
ppo_rollout,2500608,2807.9448783000116,890.5473961846146,,,,,,,,,,,,,,,,,,,-0.012534761027200147,1.6093952104449272,-0.5785509064793587,0.9740111827850342,0.0102273375,0.09239908854166666
ppo_rollout,2506752,2811.8777561000024,891.4868345759086,,,,,,,,,,,,,,,,,,,-0.012938248336043519,1.4382017984986306,-0.542168807486693,0.9574428200721741,0.008841703,0.08416341145833334
ppo_rollout,2512896,2815.907879000006,892.3928295880147,,,,,,,,,,,,,,,,,,,-0.012271331729910647,1.7886697297294936,-0.5246617523332436,0.7355425357818604,0.00708688,0.07643229166666667
training_episode,2513664,2816.9815186000196,892.3253430676527,24982944,26254.666015625,301.2026672363281,261.546630859375,2,41,42,27,1,7,3,163,0,1,MaxDuration,,,,,,,,,
training_episode,2515302,2817.887612999999,892.6197015083018,22783635,27389.33203125,306.0774230957031,272.8932800292969,2,41,47,27,1,10,4,124,5,1,MaxDuration,,,,,,,,,
training_episode,2518206,2819.4459572000196,893.1563286642388,37445695,23034.666015625,301.3628234863281,229.84661865234375,1,40,40,23,3,8,0,138,0,1,MaxDuration,,,,,,,,,
ppo_rollout,2519040,2819.9083397000213,893.3056314404789,,,,,,,,,,,,,,,,,,,-0.012535367571399548,1.9148695295055707,-0.5547534212470054,0.6048142910003662,0.009252065,0.09288736979166666
training_episode,2520186,2821.1239051000157,893.3269451384317,73263013,26254.666015625,300.9123840332031,262.046630859375,1,57,41,27,1,5,4,148,3,1,MaxDuration,,,,,,,,,
training_episode,2521116,2821.6220388000074,893.498833412923,67712376,1432.1148681640625,62.05559158325195,12.821148872375488,3,3,12,2,0,0,1,59,0,1,LivesExhausted,,,,,,,,,
training_episode,2521644,2821.897271499998,893.5987944946003,28648459,27389.33203125,305.8572082519531,272.8932800292969,2,53,42,27,4,6,5,169,1,1,MaxDuration,,,,,,,,,
training_episode,2524650,2823.502762100019,894.1553144160047,59752972,1204.310791015625,53.66699981689453,10.543107986450195,3,5,7,2,0,1,0,21,0,0,LivesExhausted,,,,,,,,,
training_episode,2524674,2823.519356100005,894.1585594395265,57763121,1868.2242431640625,78.0782699584961,16.682241439819336,4,9,14,2,1,3,0,40,0,0,LivesExhausted,,,,,,,,,
ppo_rollout,2525184,2823.795787900017,894.2516349165296,,,,,,,,,,,,,,,,,,,-0.014499982910153145,1.9865485886732737,-0.5663022155563037,0.9901720285415649,0.010395169,0.0986328125
training_episode,2528898,2826.346448199998,894.7586739094096,70330601,29750.666015625,303.7251281738281,297.5066223144531,0,51,45,30,2,7,3,165,6,1,MaxDuration,,,,,,,,,
training_episode,2528940,2826.3728520000004,894.7651751645113,48651698,1399.393798828125,60.76580810546875,12.493937492370605,3,4,13,2,0,2,0,22,0,0,LivesExhausted,,,,,,,,,
training_episode,2529696,2826.7727651000023,894.9060325018758,30009936,1686.267822265625,71.49686431884766,15.362678527832031,3,8,12,2,0,3,0,16,3,0,LivesExhausted,,,,,,,,,
ppo_rollout,2531328,2827.631121000013,895.2115363282524,,,,,,,,,,,,,,,,,,,-0.008304901677183807,6.283854551116625,-0.5815430720647176,0.9633620977401733,0.0060442616,0.05703125
training_episode,2535816,2830.5630275000003,895.8698235522684,33989638,1304.5936279296875,57.616336822509766,11.545936584472656,3,4,13,2,0,2,0,17,1,0,LivesExhausted,,,,,,,,,
ppo_rollout,2537472,2831.47274550001,896.1668460460168,,,,,,,,,,,,,,,,,,,-0.008338967074329654,3.7934487919012705,-0.5999497001369795,0.9557986259460449,0.006385386,0.048990885416666664
ppo_rollout,2543616,2835.378336199996,897.0993279891463,,,,,,,,,,,,,,,,,,,-0.009162039251532406,1.7519995873173078,-0.5759536653757096,0.977013885974884,0.009162699,0.09072265625
ppo_rollout,2549760,2839.2584029000136,898.0373175599937,,,,,,,,,,,,,,,,,,,-0.015919610865724583,1.219187003870805,-0.5497935508688291,0.9853573441505432,0.0108242845,0.10419921875
ppo_rollout,2555904,2843.208262,898.9506798218498,,,,,,,,,,,,,,,,,,,-0.012467799419149135,1.4078661367297172,-0.5286393615106741,0.9368142485618591,0.009854921,0.09306640625
training_episode,2556456,2844.0969052000146,898.8638872767995,31371413,26254.666015625,302.1936340332031,261.546630859375,2,44,45,27,4,3,8,152,2,1,MaxDuration,,,,,,,,,
training_episode,2561238,2846.6840278000163,899.726831284252,20479597,28554.666015625,304.8862609863281,284.546630859375,2,48,37,28,0,5,4,183,0,1,MaxDuration,,,,,,,,,
training_episode,2561280,2846.713775900018,899.7321830116991,40587565,29750.666015625,305.0163879394531,296.5066223144531,2,55,41,30,5,4,5,174,5,1,MaxDuration,,,,,,,,,
ppo_rollout,2562048,2847.180804500007,899.8543387025682,,,,,,,,,,,,,,,,,,,-0.011318482818508831,1.8874593238035837,-0.5287085101008415,0.849201500415802,0.008592152,0.07389322916666667
training_episode,2565252,2849.4464999000193,900.2632616860885,35246386,27389.33203125,302.5639953613281,273.3932800292969,1,54,41,27,2,4,3,123,2,1,MaxDuration,,,,,,,,,
training_episode,2566122,2849.918361000018,900.4194769633907,71901536,24077.33203125,303.5049133300781,240.77330017089844,0,36,42,24,2,3,2,167,0,1,MaxDuration,,,,,,,,,
ppo_rollout,2568192,2851.0277322000184,900.7951662463255,,,,,,,,,,,,,,,,,,,-0.012061958203169828,1.896881964802742,-0.5318457153936227,0.9907618761062622,0.008071643,0.08028971354166667
training_episode,2572014,2853.6759919000033,901.298538201434,45090912,26254.666015625,301.5930480957031,262.046630859375,1,48,45,27,2,3,6,172,4,1,MaxDuration,,,,,,,,,
ppo_rollout,2574336,2854.9024220000138,901.7246894892254,,,,,,,,,,,,,,,,,,,-0.01404230648089045,1.6378989413380622,-0.5920535152157148,0.9917959570884705,0.010741509,0.10558268229166666
ppo_rollout,2580480,2858.757957199996,902.65774110077,,,,,,,,,,,,,,,,,,,-0.0143639774081142,1.2806475030879179,-0.5915980075796445,0.987321674823761,0.012636463,0.11437174479166666
ppo_rollout,2586624,2862.6642977000156,903.5722428502015,,,,,,,,,,,,,,,,,,,-0.014228737628824699,1.1875345714390277,-0.5666895270347595,0.9653915166854858,0.012261912,0.10470377604166667
training_episode,2592708,2866.498404700018,904.486113004249,44671996,26254.666015625,302.0835266113281,261.546630859375,2,46,44,27,2,6,2,140,3,1,MaxDuration,,,,,,,,,
ppo_rollout,2592768,2866.535701100016,904.49527595454,,,,,,,,,,,,,,,,,,,-0.013155954001316179,1.703168616692225,-0.5597785959641138,0.8900301456451416,0.008447031,0.09469401041666667
training_episode,2597406,2869.692664500006,905.1164370776105,16814082,26254.666015625,300.9924621582031,262.546630859375,0,47,37,27,3,2,4,189,4,1,MaxDuration,,,,,,,,,
training_episode,2597562,2869.7815925000177,905.1427491167113,73472471,26254.666015625,302.6841125488281,262.546630859375,0,54,39,27,1,7,1,113,0,1,MaxDuration,,,,,,,,,
ppo_rollout,2598912,2870.575777899998,905.3626174959448,,,,,,,,,,,,,,,,,,,-0.01603769343540383,1.9119205564260482,-0.5603636513153712,0.8783552050590515,0.0080761025,0.08251953125
training_episode,2601420,2872.5285309000174,905.6202478117515,69806956,26254.666015625,301.3628234863281,261.546630859375,2,39,43,27,0,12,1,181,1,1,MaxDuration,,,,,,,,,
training_episode,2602272,2872.989288700017,905.7715635192944,28857917,26254.666015625,301.2126770019531,262.046630859375,1,37,42,27,2,4,1,153,5,1,MaxDuration,,,,,,,,,
training_episode,2603454,2873.6611227999965,905.9711248984306,41530126,1072.510986328125,49.05777359008789,9.225109100341797,3,4,8,2,0,1,1,20,0,0,LivesExhausted,,,,,,,,,
ppo_rollout,2605056,2874.5261265000154,906.2558089085387,,,,,,,,,,,,,,,,,,,-0.014149510969097416,1.6836468632022539,-0.5753670771916707,0.992933452129364,0.008841601,0.08680013020833334
training_episode,2606136,2875.662298100011,906.2733137065188,55877999,825.1196899414062,39.279415130615234,6.751196384429932,3,3,10,1,0,0,1,32,0,0,LivesExhausted,,,,,,,,,
training_episode,2608344,2876.822422099998,906.6753581877269,27391711,28554.666015625,302.7241516113281,284.546630859375,2,55,44,28,4,6,4,137,3,1,MaxDuration,,,,,,,,,
ppo_rollout,2611200,2878.4168612000067,907.1653363340137,,,,,,,,,,,,,,,,,,,-0.008665969816502184,2.8529031003514924,-0.5709694882233938,0.9752040505409241,0.0070255194,0.06717122395833333
training_episode,2613216,2880.1384811000025,907.3230392039839,12624922,858.0794677734375,40.57919692993164,7.080794811248779,3,3,10,1,0,0,0,11,0,0,LivesExhausted,,,,,,,,,
ppo_rollout,2617344,2882.462461599993,908.0236203829585,,,,,,,,,,,,,,,,,,,-0.013596323666085179,2.0453112915158274,-0.5815279801686605,0.983564555644989,0.0070830677,0.06466471354166667
ppo_rollout,2623488,2886.3556951000064,908.927477113697,,,,,,,,,,,,,,,,,,,-0.011320066690677777,1.8943684568007788,-0.5675862252712249,0.9854410886764526,0.010030023,0.079150390625
training_episode,2628786,2889.766633399995,909.6879898938639,57030018,23034.666015625,300.6321105957031,228.3466339111328,4,53,37,23,5,9,1,162,1,1,MaxDuration,,,,,,,,,
ppo_rollout,2629632,2890.1983865000075,909.8448093677231,,,,,,,,,,,,,,,,,,,-0.015199198403085272,1.6014851460854211,-0.5414641082286835,0.9827876091003418,0.0102284765,0.08878580729166667
training_episode,2633730,2893.023997500015,910.372676575071,44148351,27389.33203125,302.6540832519531,273.3932800292969,1,44,42,27,2,10,5,136,2,1,MaxDuration,,,,,,,,,
ppo_rollout,2635776,2894.101596399996,910.740660686781,,,,,,,,,,,,,,,,,,,-0.014513760471406083,1.600327346722285,-0.5691583847006162,0.9706428050994873,0.009068983,0.085791015625
training_episode,2638974,2896.3766262000136,911.1294353532605,65094151,27389.33203125,305.8071594238281,273.3932800292969,1,42,41,27,0,4,4,171,4,1,MaxDuration,,,,,,,,,
training_episode,2639574,2896.7331296000048,911.2244317668592,72948826,23034.666015625,300.9724426269531,229.3466339111328,2,39,40,23,2,9,1,127,1,1,MaxDuration,,,,,,,,,
ppo_rollout,2641920,2897.987555800006,911.639525405306,,,,,,,,,,,,,,,,,,,-0.015437749909081807,2.2265068461497624,-0.5574449876944224,0.9845719933509827,0.00943423,0.09334309895833333
training_episode,2642790,2899.0485045000096,911.6059962079848,73996116,27389.33203125,305.3967590332031,272.8932800292969,2,54,45,27,3,5,7,183,2,1,MaxDuration,,,,,,,,,
training_episode,2646222,2900.8737770000007,912.2154920979174,25297131,2633.044677734375,104.08382415771484,23.830446243286133,5,7,17,3,2,2,0,36,0,1,LivesExhausted,,,,,,,,,
ppo_rollout,2648064,2901.9336718000122,912.5170660284107,,,,,,,,,,,,,,,,,,,-0.015624622439887995,1.381123311817646,-0.5831863497694333,0.9931454062461853,0.0117231,0.09850260416666666
training_episode,2649330,2903.1544530999963,912.5694284611824,52421942,24077.33203125,300.8923645019531,239.27330017089844,3,48,41,24,4,6,4,124,4,1,MaxDuration,,,,,,,,,
ppo_rollout,2654208,2905.781793400005,913.4230264738349,,,,,,,,,,,,,,,,,,,-0.00853097628763256,3.067090652883053,-0.5536285728216171,0.9655295610427856,0.008240237,0.06015625
ppo_rollout,2660352,2909.6813514000096,914.3104274012536,,,,,,,,,,,,,,,,,,,-0.013250628007032599,1.8030136505762735,-0.5644689271847407,0.9886538982391357,0.009781725,0.07742513020833333
training_episode,2664942,2912.74374190002,914.9249766344444,7807388,26254.666015625,301.2527160644531,261.546630859375,2,54,34,27,5,11,3,173,1,1,MaxDuration,,,,,,,,,
ppo_rollout,2666496,2913.564050999994,915.2007484046231,,,,,,,,,,,,,,,,,,,-0.01708471454718771,1.2292631976306438,-0.568011924624443,0.9708136320114136,0.010170102,0.10185546875
training_episode,2671374,2916.7914381000155,915.8604777515806,60590804,1201.6995849609375,53.5570182800293,10.516996383666992,3,4,11,2,1,1,0,27,1,0,LivesExhausted,,,,,,,,,
ppo_rollout,2672640,2917.501973300008,916.0713598342342,,,,,,,,,,,,,,,,,,,-0.012537112929082165,1.7247043967247009,-0.5611441910266877,0.9737216234207153,0.0066131297,0.06920572916666666
training_episode,2675310,2919.6859148000076,916.3006152267078,61114449,26254.666015625,302.7441711425781,262.046630859375,1,60,35,27,2,9,4,121,2,1,MaxDuration,,,,,,,,,
training_episode,2675880,2920.0206342000165,916.3907845922115,18908662,26254.666015625,302.4939270019531,262.546630859375,0,54,43,27,1,7,1,179,4,1,MaxDuration,,,,,,,,,
ppo_rollout,2678784,2921.5932553000166,916.8914923870597,,,,,,,,,,,,,,,,,,,-0.011257479954898978,2.3498851378758747,-0.5693990841507912,0.984670877456665,0.008502989,0.06962890625
training_episode,2678952,2922.2728973000194,916.7357376086158,8226304,26254.666015625,301.3327941894531,262.046630859375,1,60,37,27,1,13,2,158,1,1,MaxDuration,,,,,,,,,
training_episode,2682246,2924.054332700005,917.3037484304456,46033473,2230.72021484375,90.60094451904297,20.807201385498047,3,4,15,3,0,1,0,39,2,0,LivesExhausted,,,,,,,,,
training_episode,2682510,2924.198467200011,917.3488154408914,57344205,27389.33203125,302.3537902832031,273.8932800292969,0,53,40,27,1,7,2,158,2,1,MaxDuration,,,,,,,,,
training_episode,2683290,2924.6141761000035,917.4851239961466,8540491,745.0838012695312,36.11994552612305,5.950838088989258,3,3,10,1,0,0,0,3,0,0,LivesExhausted,,,,,,,,,
ppo_rollout,2684928,2925.490329799999,917.7702529557002,,,,,,,,,,,,,,,,,,,-0.014776741794776171,1.682750474413236,-0.579909244676431,0.9943942427635193,0.011999369,0.101416015625
training_episode,2686086,2926.6980836000002,917.7871865402549,43834164,27389.33203125,306.2676086425781,272.3932800292969,3,61,40,27,4,5,5,142,2,1,MaxDuration,,,,,,,,,
training_episode,2686212,2926.7684976000164,917.8081567444519,37026779,2085.83154296875,86.0799789428711,18.85831642150879,4,5,15,3,1,1,0,43,0,0,LivesExhausted,,,,,,,,,
training_episode,2690676,2929.095244600001,918.6031095985888,67293460,1598.089111328125,68.00611877441406,13.980891227722168,4,4,13,2,1,0,0,19,2,0,LivesExhausted,,,,,,,,,
training_episode,2690910,2929.22206,918.6432250206391,46766576,1467.4906005859375,63.45535659790039,13.174906730651855,3,4,13,2,0,1,1,19,0,1,LivesExhausted,,,,,,,,,
ppo_rollout,2691072,2929.3156987999973,918.6691625973962,,,,,,,,,,,,,,,,,,,-0.010779801874499147,3.0381774956981342,-0.6161280110478401,0.9803220629692078,0.009049739,0.06949869791666667
training_episode,2695164,2932.1087842000125,919.1896339328148,35141657,777.438232421875,37.39973068237305,6.274382591247559,3,5,6,1,0,1,0,6,0,0,LivesExhausted,,,,,,,,,
training_episode,2696718,2932.9622346000106,919.452002547783,71587349,1054.9815673828125,48.35789108276367,9.049816131591797,3,4,7,2,0,0,1,33,0,0,LivesExhausted,,,,,,,,,
ppo_rollout,2697216,2933.2319019999995,919.537251098669,,,,,,,,,,,,,,,,,,,-0.00888592796982266,4.400090922911962,-0.6237916032473246,0.9499447345733643,0.0060277185,0.044840494791666664
ppo_rollout,2703360,2937.205033200007,920.3851857269769,,,,,,,,,,,,,,,,,,,-0.010910750120334949,4.5077867339054745,-0.6165880640347798,0.9751735925674438,0.007372661,0.062158203125
training_episode,2704506,2938.4158126999973,920.3959454311994,71482620,1503.12255859375,64.86544799804688,13.03122615814209,4,5,11,2,1,1,1,28,0,1,LivesExhausted,,,,,,,,,
ppo_rollout,2709504,2941.1610432000016,921.2361921712532,,,,,,,,,,,,,,,,,,,-0.01458387778160007,1.5746124332149825,-0.5812232221166292,0.9885476231575012,0.009376682,0.09298502604166667
training_episode,2711868,2943.0232550000073,921.4565312702543,48023324,24077.33203125,304.6360168457031,239.77330017089844,2,46,40,24,7,7,2,201,3,1,MaxDuration,,,,,,,,,
ppo_rollout,2715648,2945.1070777999994,922.0880355999125,,,,,,,,,,,,,,,,,,,-0.013820289317906524,2.3760380655527116,-0.5992071871956189,0.9852809309959412,0.008949419,0.07517903645833333
training_episode,2716854,2946.348537300015,922.1088291508377,54516522,881.8368530273438,41.52903747558594,7.318368434906006,3,3,10,1,0,0,0,22,1,0,LivesExhausted,,,,,,,,,
training_episode,2719032,2947.5617620999983,922.4682023500055,66874544,27389.33203125,306.5278625488281,273.3932800292969,1,51,42,27,1,11,2,174,2,1,MaxDuration,,,,,,,,,
ppo_rollout,2721792,2949.0997702000022,922.9229975544074,,,,,,,,,,,,,,,,,,,-0.016698505533471082,1.830815348525842,-0.6191521177689234,0.9884299039840698,0.011330615,0.09715169270833333
training_episode,2722686,2950.150807500002,922.8972271784443,72006265,26254.666015625,304.9663391113281,261.546630859375,2,57,42,27,2,6,4,158,2,1,MaxDuration,,,,,,,,,
training_episode,2722752,2950.192177799996,922.9066568912125,68864395,27389.33203125,304.4858703613281,272.3932800292969,3,48,40,27,9,5,3,134,1,1,MaxDuration,,,,,,,,,
training_episode,2726010,2951.9241313000093,923.4688558203161,43729435,546.488525390625,27.130525588989258,3.9648852348327637,3,3,8,1,0,0,0,5,0,0,LivesExhausted,,,,,,,,,
ppo_rollout,2727936,2952.93583870001,923.8046977684882,,,,,,,,,,,,,,,,,,,-0.011366187924674401,2.763930754860242,-0.5935958797732989,0.9879969954490662,0.008670039,0.09842122395833333
training_episode,2729970,2954.7081135000044,923.9389798020386,72634639,1397.746337890625,60.69581985473633,12.477463722229004,3,6,12,2,0,2,1,39,0,1,LivesExhausted,,,,,,,,,
training_episode,2731302,2955.451792000007,924.1571821246589,5608079,26254.666015625,301.1225891113281,262.546630859375,0,53,41,27,3,4,2,132,3,1,MaxDuration,,,,,,,,,
ppo_rollout,2734080,2956.9380238000012,924.6321627283877,,,,,,,,,,,,,,,,,,,-0.013511120820961271,2.3339825545748076,-0.6446938127279281,0.9891058802604675,0.009232069,0.08946940104166666
training_episode,2736930,2959.0095427000197,924.9480140245246,45719286,1313.4710693359375,57.966278076171875,11.134710311889648,4,5,11,2,1,0,1,23,1,0,LivesExhausted,,,,,,,,,
ppo_rollout,2740224,2960.7744524000154,925.509201749145,,,,,,,,,,,,,,,,,,,-0.012955566600430757,2.186423523724079,-0.616335067152977,0.9873691201210022,0.008054546,0.07823893229166666
training_episode,2740608,2961.5686999000027,925.3906553282173,58391495,26254.666015625,300.8022766113281,261.546630859375,2,61,33,27,5,8,3,173,1,1,MaxDuration,,,,,,,,,
ppo_rollout,2746368,2964.642932000017,926.3739556477502,,,,,,,,,,,,,,,,,,,-0.012200218011275864,3.108455430964629,-0.6085913931330045,0.9795345067977905,0.010327264,0.08243815104166667
ppo_rollout,2752512,2968.802813300019,927.1454431627955,,,,,,,,,,,,,,,,,,,-0.010879054766458769,3.400997468829155,-0.6195709978540739,0.9830483198165894,0.008549673,0.08580729166666666
training_episode,2753448,2969.943346600019,927.1045534091206,36188947,27389.33203125,304.9062805175781,272.3932800292969,3,55,35,27,3,8,3,155,4,1,MaxDuration,,,,,,,,,
training_episode,2755050,2970.787932700012,927.3802312425789,30114665,27389.33203125,300.1216125488281,273.3932800292969,1,52,38,27,1,4,7,126,0,1,MaxDuration,,,,,,,,,
ppo_rollout,2758656,2972.7544414000004,927.9797757869392,,,,,,,,,,,,,,,,,,,-0.01341257663249659,2.5091549078623454,-0.6111573656400044,0.9782494902610779,0.009527846,0.07177734375
training_episode,2760540,2974.3194652000093,928.1249147237673,19327578,1341.5635986328125,59.07609176635742,11.915635108947754,3,3,13,2,0,0,0,31,0,0,LivesExhausted,,,,,,,,,
training_episode,2762694,2975.467177000013,928.4908337605863,50641549,27389.33203125,305.6470031738281,273.3932800292969,1,46,45,27,1,5,7,147,2,1,MaxDuration,,,,,,,,,
ppo_rollout,2764800,2976.5858138000185,928.8494177395662,,,,,,,,,,,,,,,,,,,-0.01503896529126602,1.9391222993532817,-0.6145351092020671,0.9930473566055298,0.009963877,0.09318033854166667
training_episode,2768040,2978.9338725999987,929.2049163830778,31685600,29750.666015625,306.1174621582031,297.0066223144531,1,40,44,30,5,5,8,106,3,1,MaxDuration,,,,,,,,,
training_episode,2770506,2980.2723329,929.6150453821501,2675667,2008.0284423828125,83.00932312011719,18.580284118652344,3,5,15,3,0,1,0,32,0,0,LivesExhausted,,,,,,,,,
ppo_rollout,2770944,2980.5083027000073,929.688401636001,,,,,,,,,,,,,,,,,,,-0.012844261007073025,2.5321107765038806,-0.625594274699688,0.9871811270713806,0.010392085,0.08837890625
training_episode,2773020,2982.1762264000135,929.8645651627033,65827254,26254.666015625,300.7221984863281,261.046630859375,3,59,43,27,6,2,7,144,3,1,MaxDuration,,,,,,,,,
training_episode,2776728,2984.153567000001,930.4909876978858,69597498,1708.714599609375,72.38705444335938,15.58714485168457,3,3,14,2,0,0,0,17,0,0,LivesExhausted,,,,,,,,,
ppo_rollout,2777088,2984.3492160000023,930.5506155617405,,,,,,,,,,,,,,,,,,,-0.014011785108596086,2.9344354877869288,-0.6241151968638102,0.988082766532898,0.009291487,0.101708984375
training_episode,2777154,2985.0146532000217,930.3652821344816,19537036,27389.33203125,304.5058898925781,272.8932800292969,2,47,44,27,3,6,4,134,3,1,MaxDuration,,,,,,,,,
training_episode,2780664,2986.8534224000177,930.9676796143752,15766792,586.6179809570312,29.22057342529297,4.366179466247559,3,3,9,1,0,0,0,8,0,0,LivesExhausted,,,,,,,,,
ppo_rollout,2783232,2988.220180700009,931.4012461250464,,,,,,,,,,,,,,,,,,,-0.0158293372602202,2.137118224799633,-0.6376323059201241,0.9924121499061584,0.010157239,0.083740234375
training_episode,2784714,2989.6053814000043,931.4654092226529,37655153,685.2635498046875,33.750343322753906,5.352635383605957,3,5,9,1,0,1,0,16,0,0,LivesExhausted,,,,,,,,,
ppo_rollout,2789376,2992.0775357999955,932.2539160918506,,,,,,,,,,,,,,,,,,,-0.014741315847883622,2.223728895187378,-0.6198126609126727,0.9885978698730469,0.010575435,0.09972330729166666
training_episode,2791734,2993.977337499993,932.4499437698254,73577200,27389.33203125,305.6870422363281,273.3932800292969,1,47,43,27,3,9,6,158,0,1,MaxDuration,,,,,,,,,
ppo_rollout,2795520,2996.001260000019,933.0837197311399,,,,,,,,,,,,,,,,,,,-0.016313371905319705,1.879257996380329,-0.6119516794880231,0.9883652925491333,0.010697131,0.090087890625
training_episode,2799240,2998.5183110999933,933.5410724815988,17442456,29750.666015625,304.4958801269531,297.5066223144531,0,59,43,30,2,8,9,157,2,1,MaxDuration,,,,,,,,,
ppo_rollout,2801664,2999.8574169000203,933.9323876583346,,,,,,,,,,,,,,,,,,,-0.016184907457015167,2.1329655145605404,-0.5874816412727039,0.9860139489173889,0.008206558,0.10260416666666666
training_episode,2807052,3003.4809039999964,934.5995828578783,8435762,27389.33203125,304.5359191894531,272.8932800292969,2,40,41,27,1,2,2,105,0,1,MaxDuration,,,,,,,,,
ppo_rollout,2807808,3003.8913661999977,934.723549457766,,,,,,,,,,,,,,,,,,,-0.015514253318542615,1.8890729069709777,-0.6037150641282399,0.9897080063819885,0.009093782,0.10011393229166667
training_episode,2809434,3005.364865700016,934.8062965877592,72425181,24077.33203125,303.4048156738281,239.77330017089844,2,45,44,24,3,5,5,146,1,1,MaxDuration,,,,,,,,,
training_episode,2813184,3007.3825063999975,935.4260703496398,46976034,27389.33203125,303.7551574707031,273.3932800292969,1,46,41,27,5,6,6,158,0,1,MaxDuration,,,,,,,,,
training_episode,2813616,3007.6166853000177,935.4968715766831,57658392,1230.5245361328125,54.68682861328125,10.805245399475098,3,4,8,2,0,1,0,20,0,0,LivesExhausted,,,,,,,,,
ppo_rollout,2813952,3007.8030886000197,935.5506052458217,,,,,,,,,,,,,,,,,,,-0.013556516249082051,1.9308475792407989,-0.5748366430401802,0.9836860299110413,0.008903703,0.08040364583333333
ppo_rollout,2820096,3011.831215000013,936.3393227199779,,,,,,,,,,,,,,,,,,,-0.013693846478903045,2.2134021004041036,-0.5834378903110822,0.9915066361427307,0.008351351,0.08009440104166667
training_episode,2820780,3012.7787247000088,936.2718798012202,49908446,26254.666015625,300.4919738769531,262.546630859375,0,36,46,27,3,9,6,163,3,1,MaxDuration,,,,,,,,,
training_episode,2824500,3014.793971100007,936.8799417392444,72215723,2339.564208984375,94.29173278808594,21.89564323425293,3,6,15,3,0,4,0,60,0,0,LivesExhausted,,,,,,,,,
ppo_rollout,2826240,3015.796587699995,937.1454333249442,,,,,,,,,,,,,,,,,,,-0.015826879283122253,1.9950804149111112,-0.6109348098436992,0.9918618202209473,0.01479625,0.10201822916666667
training_episode,2827656,3017.177364800009,937.1858721296713,40168649,1296.1854248046875,57.28639221191406,11.461853981018066,3,5,11,2,0,1,1,10,0,0,LivesExhausted,,,,,,,,,
training_episode,2828064,3017.4077573000104,937.2495292219186,57553663,25150.666015625,302.7341613769531,251.5066375732422,0,47,41,26,4,5,1,145,2,1,MaxDuration,,,,,,,,,
training_episode,2831778,3019.384434700012,937.8659992599943,8016846,614.44140625,30.950613021850586,4.644413948059082,3,3,9,1,0,0,1,19,0,0,LivesExhausted,,,,,,,,,
ppo_rollout,2832384,3019.708485400013,937.9660366867503,,,,,,,,,,,,,,,,,,,-0.014142312342301011,2.3239037280281383,-0.6093900615970294,0.9872819781303406,0.00855223,0.07555338541666666
training_episode,2836008,3022.21068020002,938.3885837542946,54202335,27389.33203125,306.3877258300781,272.8932800292969,2,42,41,27,1,8,6,169,1,1,MaxDuration,,,,,,,,,
ppo_rollout,2838528,3023.5443861999956,938.808113072709,,,,,,,,,,,,,,,,,,,-0.012400679334920521,3.2486074765523276,-0.6205791473388672,0.988606870174408,0.01091323,0.08854166666666667
training_episode,2840532,3025.226799600001,938.9484452456849,56820560,1738.005126953125,72.93717193603516,15.380051612854004,4,8,9,2,1,3,0,24,0,0,LivesExhausted,,,,,,,,,
ppo_rollout,2844672,3027.4709288000013,939.6199226684375,,,,,,,,,,,,,,,,,,,-0.014593137556221335,1.6510222310821214,-0.5980876917640369,0.9917863607406616,0.008820451,0.087451171875
training_episode,2845620,3028.6500442000106,939.5671201595177,28962646,28554.666015625,301.5129699707031,285.546630859375,0,54,40,28,1,4,6,149,2,1,MaxDuration,,,,,,,,,
training_episode,2849958,3031.135064800008,940.2279803021704,28543730,27389.33203125,302.8042297363281,272.8932800292969,2,34,36,27,4,7,4,141,4,1,MaxDuration,,,,,,,,,
ppo_rollout,2850816,3031.635635500017,940.3557494236295,,,,,,,,,,,,,,,,,,,-0.013568457836906115,2.586613953113556,-0.5951971367001534,0.983887255191803,0.00841756,0.0798828125
ppo_rollout,2856960,3035.5206147000135,941.176279997802,,,,,,,,,,,,,,,,,,,-0.017277519195340575,1.8298063407341638,-0.5730669736862183,0.9895318746566772,0.00922561,0.10896809895833333
training_episode,2860818,3038.143781699997,941.6335122886205,70644788,26254.666015625,302.6040344238281,262.046630859375,1,35,42,27,1,10,4,104,1,1,MaxDuration,,,,,,,,,
ppo_rollout,2863104,3039.378920200019,942.002979941567,,,,,,,,,,,,,,,,,,,-0.015184678292522827,1.9803930044174194,-0.5881171450018883,0.9904484748840332,0.010934223,0.09109700520833333
training_episode,2863914,3040.3839645000116,941.9580005155592,8331033,28554.666015625,302.0935363769531,285.046630859375,1,34,46,28,1,12,7,126,2,1,MaxDuration,,,,,,,,,
ppo_rollout,2869248,3043.215231900016,942.8343976211631,,,,,,,,,,,,,,,,,,,-0.014760547490247215,1.9675518934925398,-0.5778069396813711,0.9859471321105957,0.011090424,0.087109375
training_episode,2872494,3045.556552299997,943.175393617531,17128269,27389.33203125,304.0054016113281,273.8932800292969,0,37,44,27,2,7,2,170,1,1,MaxDuration,,,,,,,,,
ppo_rollout,2875392,3047.1565254000016,943.6312102879408,,,,,,,,,,,,,,,,,,,-0.01980116291088052,1.5254144112269084,-0.6017143468062083,0.9937676787376404,0.012002778,0.11595052083333333
training_episode,2876862,3048.5328372000076,943.6873911590592,70540059,29750.666015625,302.6941223144531,297.5066223144531,0,45,43,30,4,9,7,121,2,1,MaxDuration,,,,,,,,,
ppo_rollout,2881536,3051.02590160002,944.4482259193093,,,,,,,,,,,,,,,,,,,-0.013662185552918042,2.0157639652490618,-0.6099107389648756,0.989912748336792,0.010124721,0.09357096354166666
training_episode,2882052,3051.866615600011,944.3571305731444,46452389,24077.33203125,303.5849914550781,240.77330017089844,0,36,41,24,8,4,2,176,2,1,MaxDuration,,,,,,,,,
training_episode,2886168,3054.090844899998,945.0170759719177,71063704,26254.666015625,301.7331848144531,261.546630859375,2,25,44,27,0,6,5,132,1,1,MaxDuration,,,,,,,,,
ppo_rollout,2887680,3054.9119505000126,945.258012928117,,,,,,,,,,,,,,,,,,,-0.01496135124665064,1.4982385476430258,-0.6256749043862025,0.993826150894165,0.011472783,0.099365234375
ppo_rollout,2893824,3058.7195033000025,946.0900212909031,,,,,,,,,,,,,,,,,,,-0.016441492455972668,1.6290141900380453,-0.6462596302231153,0.9906895160675049,0.010460374,0.10279947916666667
training_episode,2897184,3061.1562191999983,946.4345471258404,17966101,24077.33203125,302.9944152832031,240.77330017089844,0,27,47,24,4,11,0,175,1,1,MaxDuration,,,,,,,,,
ppo_rollout,2899968,3062.7000775000197,946.8664663916904,,,,,,,,,,,,,,,,,,,-0.013132485058061623,1.9430604045589766,-0.5982594400644302,0.9793675541877747,0.009926436,0.09488932291666667
training_episode,2900262,3063.4503333000175,946.7305438165118,50117904,25150.666015625,302.8542785644531,250.5066375732422,2,35,45,26,2,6,4,142,4,1,MaxDuration,,,,,,,,,
ppo_rollout,2906112,3066.6474219000083,947.6511643452819,,,,,,,,,,,,,,,,,,,-0.0162883385278595,1.3952577903866767,-0.5963097840547562,0.9855886101722717,0.010403787,0.10167643229166666
training_episode,2909148,3068.9189891999995,947.9390007483878,21945803,24077.33203125,305.4067687988281,239.77330017089844,2,49,42,24,2,3,2,146,2,1,MaxDuration,,,,,,,,,
ppo_rollout,2912256,3070.638647600019,948.4202910935778,,,,,,,,,,,,,,,,,,,-0.01664960734002913,1.5394439344604811,-0.620281279583772,0.9926808476448059,0.010555199,0.10831705729166667
training_episode,2913648,3071.973779699998,948.4612203573366,45824015,24077.33203125,306.5378723144531,240.27330017089844,1,39,44,24,0,6,1,150,2,1,MaxDuration,,,,,,,,,
training_episode,2914296,3072.3159231000172,948.5665123459788,6550640,916.7267456054688,42.898807525634766,7.167267799377441,4,5,10,1,1,0,0,30,0,0,LivesExhausted,,,,,,,,,
ppo_rollout,2918400,3074.5023446000123,949.2267927932509,,,,,,,,,,,,,,,,,,,-0.015751427239350354,1.8123291313648224,-0.6116862321893374,0.9891133308410645,0.009432121,0.08914388020833333
training_episode,2918736,3075.3353560999967,949.0789335252891,16709353,30977.33203125,305.6570129394531,308.7732849121094,2,43,44,31,4,8,4,135,2,1,MaxDuration,,,,,,,,,
training_episode,2922288,3077.4301275000034,949.5871161740931,28124814,28554.666015625,300.9724426269531,285.046630859375,1,52,42,28,3,9,9,198,2,1,MaxDuration,,,,,,,,,
ppo_rollout,2924544,3078.708406699996,949.9256225875442,,,,,,,,,,,,,,,,,,,-0.012264753374620341,2.1752636010448136,-0.6156805579861006,0.9930689930915833,0.008083881,0.083349609375
ppo_rollout,2930688,3082.5489248000085,950.7352750906099,,,,,,,,,,,,,,,,,,,-0.01604392831698836,2.029075107971827,-0.6275302534302075,0.9920783042907715,0.011116672,0.102978515625
training_episode,2933586,3084.6980909999984,951.0123563012902,59019869,26254.666015625,303.3347473144531,262.546630859375,0,41,38,27,4,8,4,189,2,1,MaxDuration,,,,,,,,,
training_episode,2936772,3086.4835292000207,951.4944668313768,17861372,27389.33203125,304.2055969238281,272.8932800292969,2,50,44,27,5,5,3,179,4,1,MaxDuration,,,,,,,,,
ppo_rollout,2936832,3086.5227007000067,951.501830630937,,,,,,,,,,,,,,,,,,,-0.014164314878871664,2.697592010597388,-0.5958906844258308,0.9828897714614868,0.008771938,0.08113606770833333
ppo_rollout,2942976,3090.4049587000045,952.2946148902048,,,,,,,,,,,,,,,,,,,-0.013938443587782482,1.788974547882875,-0.5916607866684596,0.9878368973731995,0.008612645,0.07224934895833333
ppo_rollout,2949120,3094.3146846000163,953.076949373433,,,,,,,,,,,,,,,,,,,-0.015058720798697323,1.8663993353645008,-0.581969553232193,0.9926851987838745,0.008927673,0.09010416666666667
training_episode,2950140,3095.4629243999952,953.0529268322076,16499895,26254.666015625,304.0754699707031,261.546630859375,2,41,43,27,2,8,6,164,2,1,MaxDuration,,,,,,,,,
training_episode,2950626,3095.7279629000113,953.1283224369356,53888148,24077.33203125,302.7241516113281,239.77330017089844,2,49,46,24,8,11,6,137,3,1,MaxDuration,,,,,,,,,
ppo_rollout,2955264,3098.2006556999986,953.8646228619741,,,,,,,,,,,,,,,,,,,-0.01492378397185045,1.8712122410535812,-0.5782213509082794,0.9789187908172607,0.009262132,0.08307291666666666
training_episode,2955288,3098.7937550000206,953.6898011465046,32628161,27389.33203125,304.5659484863281,272.8932800292969,2,43,45,27,4,4,4,191,3,1,MaxDuration,,,,,,,,,
training_episode,2958462,3100.544445800013,954.1750011058615,66560357,26254.666015625,301.4328918457031,261.546630859375,2,43,41,27,3,10,5,160,2,1,MaxDuration,,,,,,,,,
ppo_rollout,2961408,3102.1247295000067,954.638597164761,,,,,,,,,,,,,,,,,,,-0.01664222780770312,1.5610345885157586,-0.623127760986487,0.9948318004608154,0.010596414,0.09921875
ppo_rollout,2967552,3105.983881799999,955.4305859051098,,,,,,,,,,,,,,,,,,,-0.01591354115322853,1.9462845688064894,-0.6300891896088918,0.9923966526985168,0.010560854,0.10263671875
training_episode,2970240,3108.0845644999936,955.6496737333242,68550208,27389.33203125,305.3967590332031,273.3932800292969,1,39,42,27,3,13,1,173,0,1,MaxDuration,,,,,,,,,
training_episode,2972856,3109.5141072999977,956.0516200974375,9797239,25150.666015625,300.6721496582031,251.0066375732422,1,40,37,26,2,8,3,183,2,1,MaxDuration,,,,,,,,,
ppo_rollout,2973696,3109.968735000002,956.1819598163896,,,,,,,,,,,,,,,,,,,-0.01580449581767122,1.9503226101398468,-0.5844480077425639,0.9818490147590637,0.010110962,0.08583984375
training_episode,2975352,3111.4427198000194,956.2612164016421,2047293,356.79754638671875,20.760379791259766,2.0679755210876465,3,5,3,1,0,0,0,10,0,0,LivesExhausted,,,,,,,,,
ppo_rollout,2979840,3113.8423473000003,956.9655967277236,,,,,,,,,,,,,,,,,,,-0.01958438747872909,1.5470989440878233,-0.600305495162805,0.988565981388092,0.009781664,0.10403645833333333
ppo_rollout,2985984,3117.758677500009,957.7341638238424,,,,,,,,,,,,,,,,,,,-0.012457854106711845,2.157948888341586,-0.6293912743528683,0.9904988408088684,0.012802233,0.09055989583333333
training_episode,2986806,3118.7982205000008,957.6784994834196,31266684,27389.33203125,305.5268859863281,272.8932800292969,2,44,44,27,2,5,6,159,3,1,MaxDuration,,,,,,,,,
training_episode,2987328,3119.076638700004,957.7603714300154,72320452,24077.33203125,305.8071594238281,239.27330017089844,3,47,43,24,4,7,2,151,5,1,MaxDuration,,,,,,,,,
training_episode,2992038,3121.6088934,958.4922718300967,11472903,29750.666015625,306.2075500488281,297.5066223144531,0,32,43,30,3,3,6,134,2,1,MaxDuration,,,,,,,,,
ppo_rollout,2992128,3121.66224960002,958.5047198438533,,,,,,,,,,,,,,,,,,,-0.014754714793525636,1.9180991247296333,-0.5821839769681295,0.9877325892448425,0.008493751,0.0896484375
training_episode,2994912,3123.788556100015,958.7435084719964,60904991,27389.33203125,303.6950988769531,273.3932800292969,1,41,43,27,0,3,4,171,1,1,MaxDuration,,,,,,,,,
ppo_rollout,2998272,3125.5961069000186,959.2640563446633,,,,,,,,,,,,,,,,,,,-0.013091191727047166,1.8526150013009708,-0.5938484067718188,0.9940172433853149,0.00944254,0.082177734375
validation,3000000,,,,,,,,,,,,,,,,,,10963.688389892579,2468.133544921875,11566.323919085235,,,,,,
ppo_rollout,3004416,3329.5586994000187,902.3466084383468,,,,,,,,,,,,,,,,,,,-0.014823857747251168,1.9219351425766944,-0.6173008372386296,0.9911699891090393,0.008987131,0.08875325520833334
training_episode,3006504,3331.3431442000146,902.4900377598234,6236453,26254.666015625,302.1736145019531,262.046630859375,1,41,44,27,3,6,2,158,2,1,MaxDuration,,,,,,,,,
ppo_rollout,3010560,3333.5577591000183,903.1071958425523,,,,,,,,,,,,,,,,,,,-0.017182277581499268,1.6246422469615935,-0.5640143478910128,0.9739477634429932,0.010257064,0.10188802083333333
training_episode,3011820,3334.8569385000155,903.1331944796066,34094367,26254.666015625,303.8752746582031,261.546630859375,2,42,45,27,4,14,3,123,3,1,MaxDuration,,,,,,,,,
ppo_rollout,3016704,3337.53004350001,903.873211830757,,,,,,,,,,,,,,,,,,,-0.016636211822818343,1.4527355208992958,-0.5670169095198313,0.9909822344779968,0.011518821,0.11095377604166666
ppo_rollout,3022848,3341.540154300019,904.627166042008,,,,,,,,,,,,,,,,,,,-0.013056409872175816,1.8203460658589998,-0.5942264656225841,0.9892182946205139,0.0114241345,0.104248046875
training_episode,3023604,3342.563378199993,904.576415729249,48546969,24077.33203125,306.6079406738281,239.27330017089844,3,37,43,24,4,4,5,143,3,1,MaxDuration,,,,,,,,,
training_episode,3023652,3342.594731499994,904.5822909686487,59648243,26254.666015625,302.6540832519531,262.546630859375,0,48,44,27,1,12,4,135,3,1,MaxDuration,,,,,,,,,
training_episode,3028140,3345.0148614000063,905.2695206061408,56401644,27389.33203125,300.8122863769531,273.8932800292969,0,52,36,27,4,11,6,167,3,1,MaxDuration,,,,,,,,,
ppo_rollout,3028992,3345.490108500002,905.3955928024225,,,,,,,,,,,,,,,,,,,-0.015943000791594386,1.831331373254458,-0.5621500134468078,0.968754768371582,0.009578738,0.09998372395833334
training_episode,3031050,3347.1961587000114,905.5489598724932,32104516,27389.33203125,301.1025695800781,273.8932800292969,0,55,41,27,6,4,6,182,0,1,MaxDuration,,,,,,,,,
ppo_rollout,3035136,3349.3753548999957,906.1797136471203,,,,,,,,,,,,,,,,,,,-0.015455659705912695,1.717812136809031,-0.5808616638183594,0.9934900999069214,0.00878179,0.08963216145833333
ppo_rollout,3041280,3353.274535000004,906.9582487972451,,,,,,,,,,,,,,,,,,,-0.015547757939202711,1.890321963528792,-0.5924605558315913,0.9909617900848389,0.009279826,0.083642578125
training_episode,3042918,3354.7632912000117,907.0440254255723,15452605,27389.33203125,303.4248352050781,273.3932800292969,1,56,39,27,3,8,7,204,2,1,MaxDuration,,,,,,,,,
ppo_rollout,3047424,3357.1412360999966,907.7437574655643,,,,,,,,,,,,,,,,,,,-0.014010134367466284,1.5758812561631204,-0.5505455628037452,0.9684450030326843,0.012516745,0.11311848958333333
training_episode,3048432,3358.271172000008,907.7384892014292,53469232,27389.33203125,305.0864562988281,273.3932800292969,1,48,42,27,2,8,3,110,2,1,MaxDuration,,,,,,,,,
ppo_rollout,3053568,3361.021925100009,908.5236776338909,,,,,,,,,,,,,,,,,,,-0.01695547977772852,1.4427964488665264,-0.6009343966841698,0.9916269183158875,0.010706294,0.11497395833333333
ppo_rollout,3059712,3364.8816869000148,909.3074540813468,,,,,,,,,,,,,,,,,,,-0.018439035641495138,1.7847970604896546,-0.5832746605078379,0.9939598441123962,0.00980219,0.10187174479166666
training_episode,3060276,3365.7555178000184,909.2389461490978,71273162,24077.33203125,305.1465148925781,240.27330017089844,1,30,45,24,3,7,2,176,5,1,MaxDuration,,,,,,,,,
training_episode,3060342,3365.796577000001,909.2474634125814,51269923,29750.666015625,306.1374816894531,297.5066223144531,0,54,45,30,2,11,4,181,1,1,MaxDuration,,,,,,,,,
training_episode,3064056,3367.836258800002,909.7995759128022,21526887,613.7662963867188,30.930612564086914,4.637662887573242,3,3,9,1,0,0,1,6,0,0,LivesExhausted,,,,,,,,,
training_episode,3064392,3368.053217400011,909.8407305943865,22259990,26254.666015625,302.0434875488281,262.046630859375,1,38,41,27,2,11,1,123,2,1,MaxDuration,,,,,,,,,
ppo_rollout,3065856,3368.841947500012,910.0622848380124,,,,,,,,,,,,,,,,,,,-0.014829250456144413,2.0178813368082045,-0.5665922105312348,0.9855819940567017,0.00998277,0.09254557291666667
training_episode,3066348,3369.6996825000097,909.9766415163293,57972579,1110.560546875,50.55752182006836,9.605606079101562,3,6,12,2,0,2,0,26,2,0,LivesExhausted,,,,,,,,,
training_episode,3067788,3370.4695654000097,910.1960247595093,68236021,27389.33203125,306.1074523925781,273.8932800292969,0,55,41,27,3,9,5,136,2,1,MaxDuration,,,,,,,,,
training_episode,3067824,3370.492246300011,910.2005807512929,58705682,554.02685546875,28.560558319091797,4.040268421173096,3,3,7,1,0,0,0,14,1,0,LivesExhausted,,,,,,,,,
ppo_rollout,3072000,3372.743642000016,910.8311588657605,,,,,,,,,,,,,,,,,,,-0.013071680307621136,2.1755484993259113,-0.6118655969699224,0.9908946752548218,0.010936174,0.07994791666666666
training_episode,3073056,3373.873707999999,910.839072818075,59334056,1260.645263671875,55.886627197265625,11.106451988220215,3,5,12,2,0,2,0,19,1,0,LivesExhausted,,,,,,,,,
ppo_rollout,3078144,3376.5980417999963,911.6110244378107,,,,,,,,,,,,,,,,,,,-0.012905842292821035,2.874631697932879,-0.6518269220987956,0.9856777191162109,0.010438661,0.09384765625
training_episode,3079458,3377.8841391000024,911.652938108317,54935438,25150.666015625,304.4658508300781,250.0066375732422,3,62,39,26,1,7,1,180,2,1,MaxDuration,,,,,,,,,
ppo_rollout,3084288,3380.428333500022,912.3956184589766,,,,,,,,,,,,,,,,,,,-0.014731643308186904,2.4120323687791823,-0.6060824106136958,0.9834465980529785,0.012434849,0.10672200520833333
training_episode,3084462,3381.116632899997,912.2613428908676,36293676,23034.666015625,300.1916809082031,228.8466339111328,3,50,42,23,3,7,3,150,2,1,MaxDuration,,,,,,,,,
ppo_rollout,3090432,3384.3551544999937,913.1523906085388,,,,,,,,,,,,,,,,,,,-0.01611095074719439,1.8191525682806968,-0.5897670139869055,0.9741560220718384,0.009067505,0.08478190104166666
ppo_rollout,3096576,3388.235869700002,913.9198447462792,,,,,,,,,,,,,,,,,,,-0.017462181220374382,1.581385217110316,-0.6285911276936531,0.9906514286994934,0.010926886,0.09879557291666667
training_episode,3100488,3390.9304113000107,914.3472805186051,32732890,27389.33203125,303.5849914550781,272.8932800292969,2,48,41,27,3,6,5,142,1,1,MaxDuration,,,,,,,,,
ppo_rollout,3102720,3392.1453478000185,914.677787027102,,,,,,,,,,,,,,,,,,,-0.016134455617672454,1.8185152793924013,-0.6077412019173304,0.9271454811096191,0.0088773025,0.08829752604166667
training_episode,3104334,3393.6065778000047,914.7595423428447,57448934,27389.33203125,304.2256164550781,273.3932800292969,1,39,46,27,5,6,4,168,0,1,MaxDuration,,,,,,,,,
training_episode,3104568,3393.737221200019,914.7932788096748,12939109,24077.33203125,306.4477844238281,240.27330017089844,1,35,44,24,2,9,1,128,3,1,MaxDuration,,,,,,,,,
training_episode,3105162,3394.054696600011,914.8827221643161,26972795,815.6923217773438,38.90947723388672,6.656923294067383,3,4,8,1,0,1,1,5,0,0,LivesExhausted,,,,,,,,,
training_episode,3107688,3395.415638300008,915.2599655092401,10425613,514.5869140625,25.97049903869629,3.6458687782287598,3,3,7,1,0,0,1,25,0,0,LivesExhausted,,,,,,,,,
training_episode,3108420,3395.8242572000017,915.3653913065046,10111426,531.8092041015625,27.15052604675293,3.818091869354248,3,4,6,1,0,0,0,5,2,0,LivesExhausted,,,,,,,,,
ppo_rollout,3108864,3396.0703438000055,915.4298012924437,,,,,,,,,,,,,,,,,,,-0.014924200652361226,1.9864561259746552,-0.5854934677481651,0.9792155027389526,0.009291469,0.08162434895833333
training_episode,3108900,3396.7175565000216,915.2659731895434,29067375,792.8872680664062,38.00962829589844,6.428872585296631,3,4,10,1,0,0,0,34,0,0,LivesExhausted,,,,,,,,,
training_episode,3109128,3396.8438522000215,915.2990644495839,66665086,28554.666015625,300.5420227050781,284.546630859375,2,51,39,28,4,5,5,107,2,1,MaxDuration,,,,,,,,,
training_episode,3114468,3399.801449999999,916.0734959978328,22469448,1106.518310546875,50.39754867553711,9.565183639526367,3,5,8,2,0,1,0,10,0,0,LivesExhausted,,,,,,,,,
training_episode,3114990,3400.089686099993,916.1493629813598,18070830,1114.732177734375,50.72749328613281,9.647321701049805,3,3,11,2,0,0,1,43,0,0,LivesExhausted,,,,,,,,,
ppo_rollout,3115008,3400.105819300021,916.15030988691,,,,,,,,,,,,,,,,,,,-0.012921552995491463,3.6141692896684012,-0.6515640839934349,0.9888562560081482,0.009188852,0.07900390625
training_episode,3115302,3400.8518238000106,916.0357937968183,22678906,1131.9930419921875,51.407379150390625,9.319930076599121,4,6,11,2,1,1,1,33,0,0,LivesExhausted,,,,,,,,,
training_episode,3115932,3401.1924019000144,916.1292957903062,64046861,30977.33203125,303.9053039550781,309.2732849121094,1,59,39,31,2,8,5,140,4,1,MaxDuration,,,,,,,,,
training_episode,3120534,3403.596458999993,916.8343067664492,38178798,27389.33203125,300.5420227050781,273.8932800292969,0,50,43,27,1,11,8,99,3,1,MaxDuration,,,,,,,,,
ppo_rollout,3121152,3403.9260028999997,916.927100454273,,,,,,,,,,,,,,,,,,,-0.00999074096713836,6.570469552278519,-0.6825541749596595,0.9812837243080139,0.0061104125,0.052083333333333336
training_episode,3121440,3404.687929000007,916.8064930158812,64256319,1316.1278076171875,58.07625961303711,11.66127872467041,3,3,7,2,0,0,0,22,1,0,LivesExhausted,,,,,,,,,
ppo_rollout,3127296,3407.9865275000047,917.6374304196822,,,,,,,,,,,,,,,,,,,-0.01522715853061527,2.1744100814064344,-0.6960916638374328,0.9909090995788574,0.012987986,0.10100911458333334
ppo_rollout,3133440,3411.828931600001,918.4047801982122,,,,,,,,,,,,,,,,,,,-0.013601338871133824,2.937285650273164,-0.6647113054990769,0.970518946647644,0.010429432,0.10167643229166666
ppo_rollout,3139584,3415.8971865000203,919.1096302335917,,,,,,,,,,,,,,,,,,,-0.016053255919056635,1.693165090183417,-0.5982979446649551,0.9379898309707642,0.0111421645,0.09939778645833333
training_episode,3144138,3418.948163699999,919.621430176175,27182253,27389.33203125,303.6950988769531,273.3932800292969,1,50,41,27,2,15,5,164,1,1,MaxDuration,,,,,,,,,
ppo_rollout,3145728,3419.8032989000203,919.8564142597977,,,,,,,,,,,,,,,,,,,-0.016050101732253096,1.3638746192057927,-0.6193115214506785,0.9418371915817261,0.012798142,0.11907552083333334
training_episode,3150594,3423.033424299996,920.409943307606,31161955,1206.9581298828125,53.76698303222656,10.569580078125,3,3,10,2,0,0,0,26,0,0,LivesExhausted,,,,,,,,,
training_episode,3151020,3423.262545900012,920.4727822509341,28229543,23034.666015625,300.1916809082031,229.8466339111328,1,48,41,23,4,9,1,123,2,1,MaxDuration,,,,,,,,,
training_episode,3151428,3423.4761735000066,920.5345211379471,14614773,26254.666015625,301.0224914550781,261.546630859375,2,37,42,27,4,8,4,138,1,1,MaxDuration,,,,,,,,,
ppo_rollout,3151872,3423.7169039,920.5994795918033,,,,,,,,,,,,,,,,,,,-0.01789530518775185,1.9762981474399566,-0.6275214826067289,0.9784238338470459,0.009806727,0.101953125
training_episode,3152478,3424.6185775000195,920.5340474153817,5817537,26254.666015625,304.4958801269531,261.546630859375,2,50,44,27,2,8,2,123,3,1,MaxDuration,,,,,,,,,
training_episode,3157284,3427.176084800012,921.2494257307,33256535,27389.33203125,306.2175598144531,272.8932800292969,2,49,44,27,2,6,5,161,3,1,MaxDuration,,,,,,,,,
training_episode,3157776,3427.435659800016,921.3232029523349,14824231,27389.33203125,302.7742004394531,273.8932800292969,0,43,43,27,2,8,4,129,1,1,MaxDuration,,,,,,,,,
ppo_rollout,3158016,3427.5733066000103,921.3562242181778,,,,,,,,,,,,,,,,,,,-0.01714703540201299,2.705038406451543,-0.6329819560050964,0.9905179738998413,0.011313419,0.10572916666666667
training_episode,3162528,3430.5858642999956,921.8623655249357,60171888,2025.7354736328125,83.70947265625,18.757354736328125,3,4,16,3,0,3,0,27,0,0,LivesExhausted,,,,,,,,,
ppo_rollout,3164160,3431.456600000005,922.1040417646534,,,,,,,,,,,,,,,,,,,-0.015150309823608647,2.283664613465468,-0.6787287081281345,0.9923429489135742,0.011243604,0.09871419270833333
ppo_rollout,3170304,3435.267097700009,922.8697244888446,,,,,,,,,,,,,,,,,,,-0.010676553051841136,2.7301428695519765,-0.655582532286644,0.9775770306587219,0.009225269,0.08582356770833334
ppo_rollout,3176448,3439.228311600018,923.5932343561786,,,,,,,,,,,,,,,,,,,-0.01305316539364867,2.4285173058509826,-0.6315748343865076,0.9779574275016785,0.0109714335,0.08328450520833333
ppo_rollout,3182592,3443.089628400019,924.3418973902603,,,,,,,,,,,,,,,,,,,-0.017234158420857664,1.4892580837011338,-0.6206401412685713,0.929455041885376,0.010537598,0.10382486979166666
training_episode,3187134,3446.165345300018,924.8349050769451,52107755,30977.33203125,304.4858703613281,308.7732849121094,2,65,38,31,3,4,6,189,0,1,MaxDuration,,,,,,,,,
training_episode,3187230,3446.2237899000174,924.8470773549121,47813866,26254.666015625,301.6931457519531,261.546630859375,2,45,41,27,7,7,9,156,1,1,MaxDuration,,,,,,,,,
training_episode,3187956,3446.627282200003,924.9494473812407,36503134,26254.666015625,304.3757629394531,262.046630859375,1,47,40,27,3,7,6,187,1,1,MaxDuration,,,,,,,,,
ppo_rollout,3188736,3447.0399820000166,925.0649881205773,,,,,,,,,,,,,,,,,,,-0.013949519150385944,1.9770131508509319,-0.6027207642793655,0.8131267428398132,0.009106625,0.08714192708333333
training_episode,3190362,3448.4854380000033,925.1487522157827,61533365,490.8342590332031,26.07050132751465,3.4083423614501953,3,5,5,1,0,0,0,9,0,0,LivesExhausted,,,,,,,,,
training_episode,3193422,3450.108509200014,925.6004532855889,13986399,29750.666015625,301.1025695800781,297.5066223144531,0,54,36,30,4,6,6,171,1,1,MaxDuration,,,,,,,,,
training_episode,3194040,3450.444910100021,925.6893192673555,3513499,26254.666015625,302.1836242675781,262.546630859375,0,39,39,27,1,7,4,164,0,1,MaxDuration,,,,,,,,,
ppo_rollout,3194880,3450.8791828000103,925.8162429806381,,,,,,,,,,,,,,,,,,,-0.018034207415378964,2.401463250319163,-0.6521924838423729,0.9882793426513672,0.01205137,0.11884765625
training_episode,3198708,3453.5555236999935,926.2072024175941,6760098,26254.666015625,301.4529113769531,261.046630859375,3,43,40,27,3,6,1,191,5,1,MaxDuration,,,,,,,,,
training_episode,3199242,3453.84298690001,926.2847246195963,7702659,2332.73681640625,94.02167510986328,21.327367782592773,4,5,14,3,1,2,0,32,0,0,LivesExhausted,,,,,,,,,
ppo_rollout,3201024,3454.7723293000017,926.5513599411584,,,,,,,,,,,,,,,,,,,-0.01593898803112097,2.5156318296988807,-0.7211072613795598,0.9916185140609741,0.011501308,0.10499674479166667
training_episode,3204726,3457.303210800019,926.943864798722,19746494,2336.765380859375,94.18170928955078,20.86765480041504,5,8,16,3,2,3,0,29,1,0,LivesExhausted,,,,,,,,,
ppo_rollout,3207168,3458.6015921999933,927.3019497917775,,,,,,,,,,,,,,,,,,,-0.014157343806194453,4.6052689810593925,-0.71441194464763,0.9778048396110535,0.0094255665,0.09490559895833334
ppo_rollout,3213312,3462.5362977000186,928.0226180255308,,,,,,,,,,,,,,,,,,,-0.013586151543616627,2.712377108633518,-0.685624020298322,0.9786041975021362,0.010122397,0.08253580729166667
ppo_rollout,3219456,3466.5611191000207,928.7175068864289,,,,,,,,,,,,,,,,,,,-0.015264859946910292,1.689360790948073,-0.6232564459244411,0.963661253452301,0.00938117,0.092138671875
training_episode,3223338,3469.265431800013,929.1125350208748,4665518,26254.666015625,301.6831359863281,261.046630859375,3,64,37,27,3,9,4,151,2,1,MaxDuration,,,,,,,,,
ppo_rollout,3225600,3470.5115753000136,929.430699196316,,,,,,,,,,,,,,,,,,,-0.01594041414015616,1.777755362788836,-0.6347222586472829,0.803601861000061,0.0130545525,0.101806640625
training_episode,3226656,3471.6657297000056,929.4258869441392,34408554,25150.666015625,302.4238586425781,250.0066375732422,3,45,44,26,4,12,5,180,1,1,MaxDuration,,,,,,,,,
training_episode,3230172,3473.5987692000053,929.9208730270053,30743039,27389.33203125,301.0625305175781,272.3932800292969,3,48,37,27,5,8,4,141,2,1,MaxDuration,,,,,,,,,
ppo_rollout,3231744,3474.5294948999945,930.1242095494192,,,,,,,,,,,,,,,,,,,-0.017737173886659244,2.1429858207702637,-0.6035215238730113,0.9602112770080566,0.009815048,0.10091145833333333
training_episode,3233250,3475.9565579000046,930.1756066690789,4874976,1236.48583984375,54.93678665161133,10.864858627319336,3,6,9,2,0,2,0,17,0,0,LivesExhausted,,,,,,,,,
training_episode,3234894,3476.8472509999992,930.4101579583603,21736345,26254.666015625,301.5329895019531,262.046630859375,1,44,43,27,1,5,7,182,2,1,MaxDuration,,,,,,,,,
training_episode,3235692,3477.279250899999,930.5240581878861,67502918,28554.666015625,303.7251281738281,285.046630859375,1,50,42,28,7,10,7,189,0,1,MaxDuration,,,,,,,,,
ppo_rollout,3237888,3478.430832700018,930.847314703307,,,,,,,,,,,,,,,,,,,-0.015263134074242164,2.082657251258691,-0.645777874191602,0.9916382431983948,0.012136195,0.10078125
training_episode,3238770,3479.464602000022,930.8242417923525,49803717,994.2352294921875,45.95829391479492,7.942352294921875,4,7,9,1,1,2,2,34,1,1,LivesExhausted,,,,,,,,,
training_episode,3239496,3479.845315500017,930.9310346556363,62685384,800.828369140625,38.319576263427734,6.508283615112305,3,5,7,1,0,1,0,20,0,0,LivesExhausted,,,,,,,,,
training_episode,3241032,3480.6593945000204,931.1545982124339,7912117,26254.666015625,302.4939270019531,262.546630859375,0,41,45,27,2,6,3,156,4,1,MaxDuration,,,,,,,,,
ppo_rollout,3244032,3482.2582287999976,931.5885804132075,,,,,,,,,,,,,,,,,,,-0.014195596830298503,2.5906035443147024,-0.6684529726703962,0.9929913878440857,0.009119973,0.0833984375
ppo_rollout,3250176,3486.1950131000194,932.2989642825102,,,,,,,,,,,,,,,,,,,-0.017081062860476472,2.6453943744301798,-0.6853536441922188,0.9889386892318726,0.010591894,0.09278971354166667
ppo_rollout,3256320,3490.1601198000135,933.0001742689637,,,,,,,,,,,,,,,,,,,-0.013878838816890494,3.7891312589248023,-0.6470020314057668,0.9717164635658264,0.009546671,0.086181640625
training_episode,3259578,3492.528563800006,933.3003124972164,14719502,29750.666015625,301.9533996582031,297.5066223144531,0,48,42,30,3,5,7,171,2,1,MaxDuration,,,,,,,,,
ppo_rollout,3262464,3494.079880400008,933.7119103374671,,,,,,,,,,,,,,,,,,,-0.014536287538552036,2.1668212175369264,-0.6270374521613121,0.960353434085846,0.00859847,0.07146809895833334
training_episode,3266400,3496.7785047999932,934.116929487025,42577416,26254.666015625,301.8533020019531,262.046630859375,1,51,40,27,5,9,5,123,0,1,MaxDuration,,,,,,,,,
ppo_rollout,3268608,3497.971266800014,934.4296309758319,,,,,,,,,,,,,,,,,,,-0.01754078413747872,1.8839574431379635,-0.6320895900328954,0.9852970838546753,0.010005453,0.09786783854166667
training_episode,3271740,3500.2256887000112,934.7225839071905,55040167,26254.666015625,300.3618469238281,261.546630859375,2,48,45,27,1,4,5,118,3,1,MaxDuration,,,,,,,,,
ppo_rollout,3274752,3501.874636499997,935.1425564659852,,,,,,,,,,,,,,,,,,,-0.016495105783299855,2.3292525221904117,-0.6549299294749896,0.9878631234169006,0.008549668,0.09150390625
training_episode,3275010,3502.607778500009,935.0204781999663,46138202,26254.666015625,301.9634094238281,262.046630859375,1,60,41,27,4,14,2,166,0,1,MaxDuration,,,,,,,,,
training_episode,3275562,3502.8959955000028,935.1011289538577,27810627,25150.666015625,300.4919738769531,250.0066375732422,3,43,42,26,3,5,4,160,0,1,MaxDuration,,,,,,,,,
training_episode,3276036,3503.151474000013,935.168240458445,47185492,1939.4749755859375,80.29874420166016,17.394750595092773,4,5,15,2,1,1,0,25,0,0,LivesExhausted,,,,,,,,,
training_episode,3277230,3503.794895800005,935.3372835631479,47604408,26254.666015625,301.5930480957031,262.046630859375,1,55,43,27,4,9,6,130,0,1,MaxDuration,,,,,,,,,
training_episode,3278172,3504.292769099993,935.4732084334187,51479381,1202.3604736328125,53.5770149230957,10.523604393005371,3,5,12,2,0,2,1,20,1,0,LivesExhausted,,,,,,,,,
ppo_rollout,3280896,3505.75551670001,935.8598979224679,,,,,,,,,,,,,,,,,,,-0.01645039453578647,2.025319633384546,-0.6556374594569206,0.9928750395774841,0.009171777,0.08611653645833334
training_episode,3281904,3506.9006500999967,935.8417381759642,15662063,617.716064453125,31.09061622619629,4.677160739898682,3,4,8,1,0,1,0,7,1,0,LivesExhausted,,,,,,,,,
training_episode,3282204,3507.062911100016,935.8839813257049,17232998,1378.6121826171875,59.945945739746094,12.286121368408203,3,5,11,2,0,1,0,18,0,0,LivesExhausted,,,,,,,,,
ppo_rollout,3287040,3509.632477700012,936.5766988098183,,,,,,,,,,,,,,,,,,,-0.016236925746003786,3.027958505352338,-0.6846328486998876,0.9844589829444885,0.010053548,0.095849609375
training_episode,3288156,3510.7975118000177,936.5837787420935,15138418,1148.50048828125,52.05727005004883,9.985003471374512,3,4,11,2,0,0,1,19,1,0,LivesExhausted,,,,,,,,,
training_episode,3292752,3513.2661575000093,937.2338594304156,65513067,2146.94189453125,87.89036560058594,19.469419479370117,4,6,16,3,1,3,0,64,1,0,LivesExhausted,,,,,,,,,
ppo_rollout,3293184,3513.5066745000076,937.2926551985671,,,,,,,,,,,,,,,,,,,-0.012626641164145743,3.091532160838445,-0.6712139581640562,0.9838170409202576,0.009692603,0.08470052083333333
training_episode,3293838,3514.4513256000064,937.2268086363831,38492985,1028.5948486328125,47.31806564331055,8.785947799682617,3,4,10,2,1,1,0,17,0,0,LivesExhausted,,,,,,,,,
training_episode,3296148,3515.682240199996,937.5557217060926,30952497,27389.33203125,304.7160949707031,273.3932800292969,1,48,44,27,7,9,3,194,2,1,MaxDuration,,,,,,,,,
training_episode,3298836,3517.1115499000007,937.9389744103491,30847768,1113.452392578125,50.667503356933594,9.63452434539795,3,5,8,2,0,1,1,25,1,0,LivesExhausted,,,,,,,,,
ppo_rollout,3299328,3517.3755112000217,938.0084638373937,,,,,,,,,,,,,,,,,,,-0.011647743198166912,5.049010409911474,-0.643385162949562,0.9771647453308105,0.010939269,0.07615559895833333
ppo_rollout,3305472,3521.255968600017,938.7196016068641,,,,,,,,,,,,,,,,,,,-0.014598361817964664,3.0435364161928495,-0.627208196123441,0.9877402782440186,0.008410324,0.09142252604166666
training_episode,3311430,3525.0329035000177,939.4039972540595,56611102,2655.016845703125,104.95401000976562,25.050167083740234,3,5,16,3,0,3,0,56,0,1,LivesExhausted,,,,,,,,,
ppo_rollout,3311616,3525.140264899994,939.4281506962813,,,,,,,,,,,,,,,,,,,-0.017661022284300998,2.0435400356849036,-0.63051661302646,0.9935315251350403,0.011887965,0.11072591145833334
training_episode,3312300,3526.096611100016,939.3673416584808,33780180,28554.666015625,306.1174621582031,284.546630859375,2,42,43,28,4,7,5,229,6,1,MaxDuration,,,,,,,,,
training_episode,3312588,3526.262028099998,939.4049488105883,47290221,27389.33203125,304.5559387207031,272.3932800292969,3,48,42,27,5,6,4,123,0,1,MaxDuration,,,,,,,,,
training_episode,3313758,3526.8666854000185,939.5756334419407,53364503,28554.666015625,304.3557434082031,285.546630859375,0,57,41,28,3,10,2,143,0,1,MaxDuration,,,,,,,,,
ppo_rollout,3317760,3529.0717074999993,940.1225803797303,,,,,,,,,,,,,,,,,,,-0.015804426754281547,2.608456884324551,-0.6108101715644201,0.9806936979293823,0.008908418,0.08974609375
ppo_rollout,3323904,3533.0163323000015,940.8119542533026,,,,,,,,,,,,,,,,,,,-0.012443684398507078,2.5245585054159165,-0.6448665405313174,0.9890909790992737,0.011152166,0.09978841145833334
ppo_rollout,3330048,3537.065415399993,941.4719856470107,,,,,,,,,,,,,,,,,,,-0.017870515474351124,1.790653870999813,-0.6241556654373804,0.9723120331764221,0.013026681,0.10960286458333333
training_episode,3330588,3537.9709970999975,941.383635629013,6341182,30977.33203125,306.2275695800781,309.2732849121094,1,61,33,31,5,7,6,152,2,1,MaxDuration,,,,,,,,,
training_episode,3332424,3539.031549600011,941.6203142853128,39540275,26254.666015625,302.2637023925781,261.546630859375,2,49,40,27,4,8,3,124,0,1,MaxDuration,,,,,,,,,
training_episode,3335328,3540.662347400008,942.0067978097968,55982728,830.1741333007812,39.4793815612793,6.801741123199463,3,5,7,1,0,2,0,19,0,0,LivesExhausted,,,,,,,,,
ppo_rollout,3336192,3541.126866400009,942.1272170888499,,,,,,,,,,,,,,,,,,,-0.017447425262071194,1.815264949699243,-0.6054454823335012,0.9133552312850952,0.009104474,0.091748046875
ppo_rollout,3342336,3545.011239500018,942.8280403622633,,,,,,,,,,,,,,,,,,,-0.0175581513515984,2.371806560953458,-0.6180364827315012,0.9921011924743652,0.011613275,0.096337890625
training_episode,3347646,3548.4752803000156,943.404063876405,27705898,26254.666015625,301.7632141113281,262.046630859375,1,48,39,27,3,8,3,150,3,1,MaxDuration,,,,,,,,,
ppo_rollout,3348480,3548.9166158000007,943.5217455074475,,,,,,,,,,,,,,,,,,,-0.017688015623328588,1.8331304987271626,-0.6344466184576353,0.9925877451896667,0.0109737655,0.10738932291666667
training_episode,3348714,3549.6308481000015,943.3978189006483,39645004,29750.666015625,301.0024719238281,297.5066223144531,0,50,39,30,4,5,6,145,1,1,MaxDuration,,,,,,,,,
training_episode,3348780,3549.670658999996,943.4058316112655,58915140,28554.666015625,303.9653625488281,284.546630859375,2,53,37,28,4,7,3,159,2,1,MaxDuration,,,,,,,,,
training_episode,3349860,3550.244766400021,943.5574785444405,61009720,26254.666015625,300.7922668457031,262.046630859375,1,49,45,27,3,8,4,117,1,1,MaxDuration,,,,,,,,,
ppo_rollout,3354624,3552.7897823000094,944.222485865257,,,,,,,,,,,,,,,,,,,-0.015852957857229438,2.6562253306309382,-0.6295682097474734,0.972714900970459,0.007373025,0.072509765625
training_episode,3355032,3553.632245899993,944.1134500822002,1942564,921.6089477539062,43.09877395629883,7.716089248657227,3,4,11,1,0,0,1,25,1,0,LivesExhausted,,,,,,,,,
training_episode,3356202,3554.3174956000003,944.2606081630993,20374868,1440.16162109375,62.37553787231445,12.901616096496582,3,3,14,2,1,0,0,30,1,0,LivesExhausted,,,,,,,,,
training_episode,3358950,3555.8062143000134,944.6380926192386,2361480,2336.47412109375,94.17170715332031,21.8647403717041,3,6,16,3,0,2,0,40,1,0,LivesExhausted,,,,,,,,,
ppo_rollout,3360768,3556.7729710999993,944.8924705926954,,,,,,,,,,,,,,,,,,,-0.017861644739362723,1.8390410015980403,-0.6776977732777596,0.9921935200691223,0.012605348,0.10987955729166667
training_episode,3361974,3558.0081890000147,944.903390159113,57239476,468.8699645996094,25.200481414794922,3.188699722290039,3,3,7,1,2,0,3,13,0,1,LivesExhausted,,,,,,,,,
training_episode,3364128,3559.1975970000203,945.1928161660817,68445479,1532.382568359375,66.01569366455078,13.823824882507324,3,4,14,2,1,0,1,30,1,1,LivesExhausted,,,,,,,,,
ppo_rollout,3366912,3560.6944258000003,945.5773501944183,,,,,,,,,,,,,,,,,,,-0.012238864465810668,3.297864097356796,-0.6690682753920555,0.9891900420188904,0.011056957,0.07311197916666666
training_episode,3368712,3562.2737262000155,945.6634326620111,66141441,24077.33203125,302.3838195800781,240.27330017089844,1,42,44,24,1,10,7,191,2,1,MaxDuration,,,,,,,,,
training_episode,3369564,3562.7263898999954,945.7824236945073,50536820,976.5341186523438,45.2584114074707,8.265340805053711,3,3,8,1,0,0,0,14,0,0,LivesExhausted,,,,,,,,,
training_episode,3371418,3563.6845661000116,946.0483770283793,57134747,26254.666015625,300.7221984863281,262.046630859375,1,50,40,27,7,8,4,107,1,1,MaxDuration,,,,,,,,,
ppo_rollout,3373056,3564.559097200021,946.2757968158116,,,,,,,,,,,,,,,,,,,-0.010514634281086425,3.456128513813019,-0.6530620137850444,0.9864838123321533,0.011188501,0.08919270833333333
training_episode,3374856,3566.121400300006,946.3659873486316,9273594,946.9359741210938,44.09860610961914,7.969359397888184,3,5,11,1,0,1,0,14,0,0,LivesExhausted,,,,,,,,,
training_episode,3377964,3567.8487994000025,946.7789107453391,5293892,485.504150390625,25.860496520996094,3.35504150390625,3,3,7,1,0,0,0,14,0,0,LivesExhausted,,,,,,,,,
ppo_rollout,3379200,3568.5070897999976,946.950619674793,,,,,,,,,,,,,,,,,,,-0.015202351956395433,2.0191054344177246,-0.6490151757995287,0.9927274584770203,0.01038082,0.095166015625
ppo_rollout,3385344,3572.3403585000196,947.6543834757847,,,,,,,,,,,,,,,,,,,-0.016544332374663403,2.309982710580031,-0.6540139098962148,0.9929273724555969,0.010536727,0.09931640625
training_episode,3385572,3573.067444800021,947.5253552594178,41320668,29750.666015625,306.5879211425781,297.0066223144531,1,50,42,30,3,10,3,140,2,1,MaxDuration,,,,,,,,,
training_episode,3390480,3575.70722370001,948.19843680928,63418487,865.8656005859375,40.88914489746094,7.158655643463135,3,3,11,1,0,0,1,8,0,0,LivesExhausted,,,,,,,,,
training_episode,3391308,3576.162225500011,948.3093288716327,49594259,26254.666015625,302.2737121582031,262.546630859375,0,38,42,27,1,9,7,174,0,1,MaxDuration,,,,,,,,,
ppo_rollout,3391488,3576.2629495,948.332951992293,,,,,,,,,,,,,,,,,,,-0.01748426800671344,2.0582825630903243,-0.6100257004300753,0.9894533157348633,0.012659464,0.10787760416666667
training_episode,3397134,3579.8681253000104,948.9550679231525,41425397,1249.4114990234375,55.436702728271484,10.994114875793457,3,3,9,2,0,0,0,39,0,0,LivesExhausted,,,,,,,,,
ppo_rollout,3397632,3580.1486196000187,949.0198204061121,,,,,,,,,,,,,,,,,,,-0.01380042356516545,2.323221178849538,-0.6158337980508805,0.9884884357452393,0.011009612,0.09500325520833333
training_episode,3398724,3581.3217447000206,949.0138675838757,4456060,27389.33203125,306.2075500488281,272.8932800292969,2,59,36,27,4,9,4,158,4,1,MaxDuration,,,,,,,,,
ppo_rollout,3403776,3584.0458527000155,949.7021354890841,,,,,,,,,,,,,,,,,,,-0.01566087556614851,2.1422962019840877,-0.65666547169288,0.9921050071716309,0.010621552,0.09549153645833333
training_episode,3404880,3585.206249300012,949.7026846544129,34199096,26254.666015625,301.3428039550781,261.546630859375,2,42,44,27,5,7,3,149,4,1,MaxDuration,,,,,,,,,
training_episode,3405156,3585.364808000013,949.7376647425351,2885125,1202.3416748046875,53.587013244628906,10.523416519165039,3,3,11,2,0,0,0,30,0,0,LivesExhausted,,,,,,,,,
training_episode,3407508,3586.620625200012,950.0608946645915,61847552,23034.666015625,300.7121887207031,229.3466339111328,2,34,46,23,2,9,4,162,3,1,MaxDuration,,,,,,,,,
ppo_rollout,3409920,3587.8785142000124,950.4000724952941,,,,,,,,,,,,,,,,,,,-0.015625764945677172,1.8498584628105164,-0.6350260481238366,0.9936284422874451,0.012103665,0.11025390625
training_episode,3414402,3590.866042700014,950.8575255658023,45300370,27389.33203125,303.6350402832031,273.8932800292969,0,43,44,27,3,11,6,179,2,1,MaxDuration,,,,,,,,,
ppo_rollout,3416064,3591.771049200004,951.0806655565813,,,,,,,,,,,,,,,,,,,-0.01746775735518895,2.1903754686315855,-0.6510140568017959,0.992516040802002,0.010848775,0.10402018229166667
ppo_rollout,3422208,3595.7633486000123,951.7333784862163,,,,,,,,,,,,,,,,,,,-0.016080470842522725,2.3207679629325866,-0.6640990724166235,0.9897129535675049,0.010999459,0.086572265625
training_episode,3427530,3599.3212528000004,952.2712087268233,47709137,26254.666015625,301.8032531738281,262.046630859375,1,47,38,27,8,7,6,134,1,1,MaxDuration,,,,,,,,,
ppo_rollout,3428352,3599.7967442999943,952.3737709437445,,,,,,,,,,,,,,,,,,,-0.018194531930688148,1.7518364960948627,-0.6318633606036504,0.9768728613853455,0.010089447,0.10354817708333333
training_episode,3433410,3603.168975000008,952.8862020688309,27077524,1071.1463623046875,48.99778366088867,9.21146297454834,3,3,9,2,0,0,0,31,0,0,LivesExhausted,,,,,,,,,
training_episode,3433770,3603.3835575999983,952.9293635027385,69178582,27389.33203125,305.2666320800781,273.3932800292969,1,33,40,27,4,9,1,163,2,1,MaxDuration,,,,,,,,,
ppo_rollout,3434496,3603.8160867000115,953.0164462817921,,,,,,,,,,,,,,,,,,,-0.018148110962162414,1.8173834810654321,-0.629947214325269,0.970218300819397,0.010923787,0.10582682291666666
training_episode,3437088,3605.832666000002,953.2023025940377,19222849,606.4078369140625,30.640605926513672,4.564078330993652,3,3,6,1,1,0,0,34,0,0,LivesExhausted,,,,,,,,,
ppo_rollout,3440640,3607.8046704000153,953.6658201671763,,,,,,,,,,,,,,,,,,,-0.015820448262578186,1.873706655204296,-0.643881793320179,0.9932390451431274,0.011510391,0.11009114583333333
training_episode,3441030,3608.5942699000007,953.5652230848762,35036928,25150.666015625,301.2326965332031,250.5066375732422,2,41,47,26,3,8,4,150,4,1,MaxDuration,,,,,,,,,
training_episode,3441678,3608.947054999997,953.6515630595758,39749733,27389.33203125,304.3357238769531,272.3932800292969,3,48,41,27,2,11,11,137,4,1,MaxDuration,,,,,,,,,
training_episode,3443346,3609.830669000017,953.8801998582011,7074285,1926.0546875,79.75862884521484,17.760547637939453,3,6,12,2,0,5,0,31,2,0,LivesExhausted,,,,,,,,,
training_episode,3444036,3610.197413600021,953.97442450818,54307064,24077.33203125,304.3657531738281,240.27330017089844,1,32,43,24,3,11,2,191,6,1,MaxDuration,,,,,,,,,
training_episode,3445152,3610.790090399998,954.1269123230454,34932199,700.6224365234375,34.350242614746094,5.506224155426025,3,3,9,1,0,0,0,9,0,0,LivesExhausted,,,,,,,,,
ppo_rollout,3446784,3611.6477243000118,954.3522134811848,,,,,,,,,,,,,,,,,,,-0.015574745139262328,2.2151631847023965,-0.6667311136921247,0.9937307834625244,0.020914385,0.11809895833333334
training_episode,3450756,3614.368225300015,954.7328287818725,9587781,29750.666015625,302.8943176269531,297.5066223144531,0,40,44,30,2,5,7,159,2,1,MaxDuration,,,,,,,,,
training_episode,3452664,3615.4502785000077,954.9748258279062,35770031,1444.5968017578125,62.55550765991211,12.945967674255371,3,4,13,2,0,1,0,33,0,0,LivesExhausted,,,,,,,,,
ppo_rollout,3452928,3615.599126200017,955.0085281796757,,,,,,,,,,,,,,,,,,,-0.013479315879521891,3.504776166876157,-0.7006115277608236,0.9893813133239746,0.008465613,0.071240234375
ppo_rollout,3459072,3619.4573362999945,955.6880157996422,,,,,,,,,,,,,,,,,,,-0.018881421419306814,2.1802673175930978,-0.6868484397729238,0.9882771372795105,0.012599413,0.11427408854166667
training_episode,3459078,3620.0378918000206,955.5364069076124,26553879,1631.0050048828125,69.306396484375,14.810050010681152,3,4,13,2,0,1,0,39,0,0,LivesExhausted,,,,,,,,,
ppo_rollout,3465216,3623.3888633000024,956.3467049032251,,,,,,,,,,,,,,,,,,,-0.016862308680235097,2.3264489407340685,-0.6594084516167641,0.9881553053855896,0.012741364,0.104248046875
ppo_rollout,3471360,3627.3328722000006,957.0006730302085,,,,,,,,,,,,,,,,,,,-0.017752288988170526,1.5703343033790589,-0.6394232173760732,0.9903797507286072,0.012269191,0.12037760416666667
training_episode,3473424,3629.198727500014,957.0773773506419,28020085,27389.33203125,302.7842102050781,272.8932800292969,2,44,41,27,2,7,5,193,2,1,MaxDuration,,,,,,,,,
ppo_rollout,3477504,3631.573635900015,957.5749657457154,,,,,,,,,,,,,,,,,,,-0.01792288477687786,2.056230443716049,-0.6240103408694267,0.949218213558197,0.009869423,0.10084635416666667
training_episode,3477894,3632.3907451000123,957.4669257957934,67607647,26254.666015625,301.7832336425781,262.546630859375,0,35,46,27,8,6,9,166,0,1,MaxDuration,,,,,,,,,
training_episode,3480090,3633.5424307000067,957.7678164967944,72110994,27389.33203125,306.1875305175781,272.3932800292969,3,34,46,27,4,5,3,201,0,1,MaxDuration,,,,,,,,,
training_episode,3480738,3633.8985306000104,957.8522819747745,43519977,27389.33203125,305.8171691894531,272.3932800292969,3,42,41,27,4,5,4,164,2,1,MaxDuration,,,,,,,,,
training_episode,3481398,3634.260686399997,957.9384365650943,70016414,1557.4415283203125,66.40577697753906,13.57441520690918,4,6,12,2,1,0,1,26,1,1,LivesExhausted,,,,,,,,,
training_episode,3483294,3635.2405331000045,958.2017938795291,60067159,969.1529541015625,44.96846008300781,8.191529273986816,3,6,10,1,1,1,0,16,0,0,LivesExhausted,,,,,,,,,
ppo_rollout,3483648,3635.4397503999935,958.2466604258007,,,,,,,,,,,,,,,,,,,-0.018901420823143174,2.1032619496186573,-0.616301129758358,0.9910730123519897,0.009651707,0.10706380208333334
training_episode,3486354,3637.4721647000115,958.4551694535168,29172104,875.5451049804688,41.269081115722656,7.25545072555542,3,4,10,1,0,0,1,5,0,0,LivesExhausted,,,,,,,,,
training_episode,3488940,3638.8623724000063,958.7996585039501,56715831,28554.666015625,302.2436828613281,285.046630859375,1,43,41,28,7,11,9,164,2,1,MaxDuration,,,,,,,,,
ppo_rollout,3489792,3639.3233222000126,958.9123282100643,,,,,,,,,,,,,,,,,,,-0.015035107844353964,3.16420585612456,-0.6680686801671982,0.9908447265625,0.010059887,0.08463541666666667
training_episode,3493176,3641.6564603000006,959.2272192836749,28334272,723.2544555664062,35.26008987426758,5.732544898986816,3,5,6,1,0,0,0,19,0,0,LivesExhausted,,,,,,,,,
training_episode,3495600,3642.9465350999963,959.552924073877,51898297,27389.33203125,304.3357238769531,273.3932800292969,1,49,42,27,5,7,6,179,2,1,MaxDuration,,,,,,,,,
ppo_rollout,3495936,3643.160281699995,959.5888540947487,,,,,,,,,,,,,,,,,,,-0.015283037423311422,3.521276662747065,-0.6699672892689705,0.9884485006332397,0.01040298,0.092578125
training_episode,3500004,3645.9627320000145,959.9670257956949,44043622,759.1947021484375,36.67985153198242,6.091947078704834,3,4,4,1,0,0,1,13,0,0,LivesExhausted,,,,,,,,,
validation,3500004,,,,,,,,,,,,,,,,,,16414.60386413574,23389.408203125,11435.663355046443,,,,,,
ppo_rollout,3502080,3920.5903506000177,893.2532314843943,,,,,,,,,,,,,,,,,,,-0.016355543897952886,2.3327395444115004,-0.6712448765834172,0.9883121252059937,0.011293105,0.08544921875
ppo_rollout,3508224,3924.5670275000157,893.9136407703986,,,,,,,,,,,,,,,,,,,-0.01858870532208433,2.2685508747895557,-0.6672526727120082,0.9900323152542114,0.014923929,0.12272135416666667
ppo_rollout,3514368,3928.5326338000013,894.575233959712,,,,,,,,,,,,,,,,,,,-0.01738643612479791,1.8180369570851327,-0.6251092160741488,0.9894808530807495,0.012791543,0.10242513020833334
training_episode,3516780,3930.4648761000135,894.7491227779421,56087457,26254.666015625,300.3218078613281,261.546630859375,2,40,44,27,2,8,2,162,1,1,MaxDuration,,,,,,,,,
training_episode,3516798,3930.4818933000206,894.7498285120727,23097822,26254.666015625,305.8772277832031,262.046630859375,1,37,45,27,4,7,5,141,2,1,MaxDuration,,,,,,,,,
training_episode,3519660,3932.075478600018,895.1150656073228,64570506,27389.33203125,303.0344543457031,273.8932800292969,0,46,39,27,5,11,3,119,1,1,MaxDuration,,,,,,,,,
ppo_rollout,3520512,3932.5528366999933,895.2230640476891,,,,,,,,,,,,,,,,,,,-0.01646201346302405,1.7652244160572688,-0.6106246838967005,0.898546040058136,0.009350432,0.10081380208333333
training_episode,3522966,3934.496553600009,895.4045205037822,27286982,27389.33203125,305.0764465332031,272.8932800292969,2,39,40,27,3,7,1,161,2,1,MaxDuration,,,,,,,,,
ppo_rollout,3526656,3936.501952199993,895.8857490287938,,,,,,,,,,,,,,,,,,,-0.01794313262992849,2.005952065686385,-0.6435802613695463,0.9943211078643799,0.010998222,0.10598958333333333
training_episode,3529272,3938.421424500004,896.1133458306974,69911685,25150.666015625,300.7722473144531,251.0066375732422,1,33,43,26,3,11,4,160,2,1,MaxDuration,,,,,,,,,
training_episode,3530574,3939.1163124000013,896.285796102556,65303609,1465.1865234375,63.36537170410156,13.15186595916748,3,4,11,2,0,2,1,28,1,1,LivesExhausted,,,,,,,,,
ppo_rollout,3532800,3940.3237993000075,896.5760632736824,,,,,,,,,,,,,,,,,,,-0.016780931902273248,2.806643325090408,-0.6638393466671307,0.9857923984527588,0.01224796,0.09889322916666667
training_episode,3536808,3943.044333500002,896.9739371052391,40063920,27389.33203125,306.6679992675781,272.8932800292969,2,45,42,27,3,12,4,110,1,1,MaxDuration,,,,,,,,,
ppo_rollout,3538944,3944.200028899999,897.2526682392878,,,,,,,,,,,,,,,,,,,-0.015231268433853983,2.2613530402382214,-0.6582432970404625,0.9894436597824097,0.01223809,0.113623046875
ppo_rollout,3545088,3948.0974427000037,897.9231266327622,,,,,,,,,,,,,,,,,,,-0.01829033767959724,2.291387324035168,-0.6669384693106015,0.9912356734275818,0.01086495,0.10861002604166667
ppo_rollout,3551232,3952.0369049000146,898.5827018965667,,,,,,,,,,,,,,,,,,,-0.018063959044714768,1.7109625269969304,-0.6586776122450828,0.9876552820205688,0.01446841,0.110595703125
training_episode,3552912,3953.5313524999947,898.6679712944061,20689055,26254.666015625,301.0825500488281,261.546630859375,2,34,41,27,1,8,1,175,2,1,MaxDuration,,,,,,,,,
training_episode,3553050,3953.6086022999953,898.6853169868732,26658608,26254.666015625,302.0735168457031,262.546630859375,0,27,45,27,4,12,3,163,2,1,MaxDuration,,,,,,,,,
training_episode,3555114,3954.721785300004,898.9542610088589,7493201,355.8572692871094,18.350324630737305,2.058572769165039,3,4,5,1,0,0,0,6,0,0,LivesExhausted,,,,,,,,,
training_episode,3555726,3955.0484183999943,899.0347585778636,26134963,29750.666015625,300.5019836425781,297.0066223144531,1,44,38,30,3,9,4,139,4,1,MaxDuration,,,,,,,,,
ppo_rollout,3557376,3955.9467575000017,899.2476941848727,,,,,,,,,,,,,,,,,,,-0.01862895259206804,2.0218808790047964,-0.6591926912466685,0.9248700737953186,0.011504528,0.10916341145833333
training_episode,3560094,3957.976006800018,899.4733656504145,50013175,1330.634765625,58.65616226196289,11.806346893310547,3,4,13,2,0,1,1,30,0,0,LivesExhausted,,,,,,,,,
ppo_rollout,3563520,3959.8054790000024,899.9229934142929,,,,,,,,,,,,,,,,,,,-0.014134742570846962,2.411451338728269,-0.6844931736588478,0.9932582378387451,0.0111360485,0.10003255208333334
training_episode,3565572,3961.478691600001,900.0608806909678,21841074,26254.666015625,302.4638977050781,261.546630859375,2,33,46,27,3,11,3,141,3,1,MaxDuration,,,,,,,,,
training_episode,3566910,3962.194048400008,900.2360703258263,26763337,26254.666015625,302.7742004394531,261.546630859375,2,26,44,27,4,6,6,139,3,1,MaxDuration,,,,,,,,,
ppo_rollout,3569664,3963.641385099996,900.6021617947011,,,,,,,,,,,,,,,,,,,-0.014568804716691374,3.008143817385038,-0.6719930137197176,0.9898541569709778,0.008181266,0.07991536458333333
training_episode,3573432,3966.3179320000054,900.9444177860211,59543514,27389.33203125,305.1865539550781,273.3932800292969,1,35,44,27,5,12,3,165,4,1,MaxDuration,,,,,,,,,
ppo_rollout,3575808,3967.6364771999943,901.243856524751,,,,,,,,,,,,,,,,,,,-0.017851872237709662,1.935927565395832,-0.6505951777100563,0.9925262928009033,0.011946925,0.110498046875
ppo_rollout,3581952,3971.530572699994,901.9071953322157,,,,,,,,,,,,,,,,,,,-0.018167629205466558,1.7758180171251297,-0.6575192704796791,0.9883296489715576,0.013699043,0.112158203125
ppo_rollout,3588096,3975.4268162999942,902.5687469048945,,,,,,,,,,,,,,,,,,,-0.02092206379553924,1.28486275523901,-0.652959036330382,0.993059515953064,0.012852404,0.11866861979166667
training_episode,3591846,3978.0012523000187,902.9273175626203,10216155,28554.666015625,306.0774230957031,284.546630859375,2,45,40,28,4,9,9,158,5,1,MaxDuration,,,,,,,,,
training_episode,3591894,3978.0308154000086,902.9326736471796,44357809,25150.666015625,301.3728332519531,251.0066375732422,1,32,43,26,5,6,5,179,1,1,MaxDuration,,,,,,,,,
ppo_rollout,3594240,3979.2680101000005,903.241498405551,,,,,,,,,,,,,,,,,,,-0.020687967903601626,1.783823565642039,-0.6760819082458814,0.9792857766151428,0.015524485,0.12796223958333333
training_episode,3596778,3981.2365010000067,903.432388178035,62266468,27389.33203125,305.6570129394531,273.8932800292969,0,41,42,27,2,11,4,119,2,1,MaxDuration,,,,,,,,,
ppo_rollout,3600384,3983.137345299998,903.9065660762019,,,,,,,,,,,,,,,,,,,-0.021328488384218264,1.7948062588771185,-0.6696780155102412,0.9916574954986572,0.011706639,0.11653645833333333
training_episode,3602166,3984.67906330002,904.0040471959036,52945587,27389.33203125,304.9363098144531,273.3932800292969,1,50,38,27,3,10,4,119,8,1,MaxDuration,,,,,,,,,
training_episode,3603690,3985.4795900000026,904.2048563094003,39016630,28554.666015625,306.4678039550781,285.046630859375,1,48,43,28,3,9,5,152,4,1,MaxDuration,,,,,,,,,
ppo_rollout,3606528,3987.0282802,904.5654423647798,,,,,,,,,,,,,,,,,,,-0.019061874699157974,2.1497753644982973,-0.6588112895687421,0.9915745258331299,0.011287107,0.1068359375
training_episode,3609984,3989.4892742999946,904.8737198656629,63627945,24077.33203125,304.5759582519531,239.27330017089844,3,44,39,24,6,4,5,100,1,1,MaxDuration,,,,,,,,,
ppo_rollout,3612672,3990.996314100019,905.2055466041361,,,,,,,,,,,,,,,,,,,-0.019873159103250753,1.7201168561975162,-0.6769850303729376,0.9905708432197571,0.011259824,0.10125325520833334
training_episode,3614322,3992.517606600013,905.273903870876,63942132,2164.32421875,88.58051300048828,20.14324378967285,3,4,18,3,1,1,0,54,1,0,LivesExhausted,,,,,,,,,
ppo_rollout,3618816,3994.984243300016,905.83986809688,,,,,,,,,,,,,,,,,,,-0.019537164303862178,1.2452629568676155,-0.6596608052651087,0.9928260445594788,0.015857778,0.13606770833333334
ppo_rollout,3624960,3999.0470650000207,906.4559483997924,,,,,,,,,,,,,,,,,,,-0.012743196316296234,2.552753312389056,-0.6657605464259784,0.9846873879432678,0.010294555,0.09099934895833334
training_episode,3628074,4001.3252447000123,906.7180941628263,30638310,26254.666015625,301.8432922363281,261.546630859375,2,43,43,27,2,11,5,144,2,1,MaxDuration,,,,,,,,,
training_episode,3628644,4001.6440188999986,906.7883057217739,41634855,27389.33203125,306.2275695800781,273.8932800292969,0,49,48,27,3,12,7,157,3,1,MaxDuration,,,,,,,,,
ppo_rollout,3631104,4002.9689710999955,907.1027095676415,,,,,,,,,,,,,,,,,,,-0.02006307432699638,1.7594126765926679,-0.6484271466732026,0.9570412635803223,0.011293729,0.09777018229166666
training_episode,3633144,4004.6573933000036,907.2296686549105,5712808,28554.666015625,303.0144348144531,284.546630859375,2,40,40,28,3,1,6,133,2,1,MaxDuration,,,,,,,,,
ppo_rollout,3637248,4006.840858600015,907.7595363422669,,,,,,,,,,,,,,,,,,,-0.019221466624488433,1.7169155185421308,-0.6264218290646871,0.9934308528900146,0.011831545,0.11770833333333333
training_episode,3638946,4008.3398552,907.8436787936564,52212484,27389.33203125,306.4878234863281,272.8932800292969,2,49,44,27,3,7,6,151,3,1,MaxDuration,,,,,,,,,
training_episode,3640734,4009.2644866000046,908.080275613712,15243147,2669.30517578125,105.5041275024414,25.193050384521484,3,5,18,3,0,5,0,42,0,1,LivesExhausted,,,,,,,,,
ppo_rollout,3643392,4010.6635176000127,908.426245186535,,,,,,,,,,,,,,,,,,,-0.018773597800948966,1.634665568669637,-0.6251754924654961,0.9954996705055237,0.011016339,0.10740559895833333
training_episode,3646596,4012.988814000011,908.6982717913925,1628377,27389.33203125,305.0764465332031,272.3932800292969,3,55,35,27,5,7,3,132,6,1,MaxDuration,,,,,,,,,
ppo_rollout,3649536,4014.5282163000084,909.0821644202059,,,,,,,,,,,,,,,,,,,-0.014264470327179878,3.1345924283067386,-0.6443275580803554,0.9836989641189575,0.01033821,0.08190104166666666
training_episode,3650706,4015.7223437000066,909.1031917899762,15976250,27389.33203125,303.1745910644531,273.3932800292969,1,45,38,27,10,10,5,174,0,1,MaxDuration,,,,,,,,,
ppo_rollout,3655680,4018.3902927000017,909.7374156614607,,,,,,,,,,,,,,,,,,,-0.018387613265076652,1.7201179623603822,-0.6201943427324295,0.9930121898651123,0.0127052935,0.10807291666666667
ppo_rollout,3661824,4022.3834273999964,910.3617459877373,,,,,,,,,,,,,,,,,,,-0.016680741385789587,1.875632996360461,-0.619962045053641,0.988376796245575,0.010712153,0.09970703125
training_episode,3665058,4024.7194806000043,910.6368823135008,12206006,26254.666015625,303.3948059082031,261.046630859375,3,62,43,27,3,6,2,144,2,1,MaxDuration,,,,,,,,,
ppo_rollout,3667968,4026.28190490001,911.0062550602978,,,,,,,,,,,,,,,,,,,-0.019834904316424703,1.8090970198313394,-0.636186329027017,0.9723542332649231,0.0102095585,0.10377604166666667
training_episode,3668724,4027.300941900001,910.963459877217,33675451,603.4475708007812,30.510602951049805,4.534475326538086,3,3,8,1,0,0,0,15,0,0,LivesExhausted,,,,,,,,,
training_episode,3669288,4027.599519500014,911.0359613051859,51688839,23034.666015625,301.1726379394531,228.8466339111328,3,45,43,23,9,5,1,141,1,1,MaxDuration,,,,,,,,,
training_episode,3673224,4029.719313800015,911.5334627453641,66246170,660.7797241210938,32.7805061340332,5.107797622680664,3,4,7,1,0,0,0,5,0,0,LivesExhausted,,,,,,,,,
ppo_rollout,3674112,4030.189921000012,911.6473595587629,,,,,,,,,,,,,,,,,,,-0.02081044020402866,1.7732879171768825,-0.6220092460513115,0.9896655082702637,0.0114492355,0.10784505208333334
training_episode,3675690,4031.633491800021,911.712338801635,25611318,28554.666015625,306.1675109863281,284.546630859375,2,66,41,28,5,9,6,170,0,1,MaxDuration,,,,,,,,,
training_episode,3676740,4032.1957082000154,911.8456211147817,39435546,571.475830078125,29.260574340820312,4.214758396148682,3,3,6,1,0,0,0,14,0,0,LivesExhausted,,,,,,,,,
training_episode,3677340,4032.5109089000034,911.9231374883279,20898513,24077.33203125,305.0263977050781,239.77330017089844,2,45,45,24,2,14,0,169,1,1,MaxDuration,,,,,,,,,
training_episode,3678294,4033.023915400001,912.0436866130465,29905207,430.6974182128906,21.670400619506836,2.806973934173584,3,4,6,1,0,1,0,10,0,0,LivesExhausted,,,,,,,,,
training_episode,3679602,4033.73204100001,912.2078419189646,25087673,465.8872375488281,23.840450286865234,3.158872127532959,3,3,7,1,0,0,0,15,0,0,LivesExhausted,,,,,,,,,
ppo_rollout,3680256,4034.0709357000014,912.2933281691026,,,,,,,,,,,,,,,,,,,-0.017065563262440263,2.390411339700222,-0.6330713768800099,0.9934166073799133,0.010211344,0.093505859375
training_episode,3683298,4036.324720900011,912.5375817579677,3932415,28554.666015625,305.8171691894531,285.546630859375,0,55,44,28,4,12,4,217,2,1,MaxDuration,,,,,,,,,
training_episode,3684312,4036.8912490000075,912.6607017002635,32837619,1316.53759765625,58.096256256103516,11.665376663208008,3,4,12,2,1,0,0,28,0,0,LivesExhausted,,,,,,,,,
training_episode,3685860,4037.713200099999,912.8582980853407,9168865,1150.6058349609375,52.13725662231445,10.006058692932129,3,5,9,2,0,1,0,15,0,0,LivesExhausted,,,,,,,,,
ppo_rollout,3686400,4038.0130849000125,912.9242334021018,,,,,,,,,,,,,,,,,,,-0.017007104468454295,2.5831468224525453,-0.6658490474025408,0.9916297197341919,0.0144970445,0.1025390625
training_episode,3686994,4038.9337600000144,912.8632008067364,23516738,26254.666015625,302.3838195800781,261.046630859375,3,49,39,27,3,3,6,162,4,1,MaxDuration,,,,,,,,,
training_episode,3688812,4039.8932983000122,913.0963933013411,64779964,779.0791015625,37.459720611572266,6.290791034698486,3,4,10,1,0,0,0,11,0,0,LivesExhausted,,,,,,,,,
training_episode,3692322,4041.8148311999976,913.5307168200393,16290437,954.2437744140625,44.37855911254883,8.042437553405762,3,5,9,1,0,1,1,21,0,0,LivesExhausted,,,,,,,,,
ppo_rollout,3692544,4041.9627663000138,913.5522055736626,,,,,,,,,,,,,,,,,,,-0.011816263350192457,2.700658149520556,-0.682499785721302,0.9870889186859131,0.011159975,0.10476888020833333
training_episode,3696666,4044.7109520999948,913.9505996295504,66769815,747.0967407226562,36.19993209838867,5.970967769622803,3,6,4,1,0,2,1,14,0,0,LivesExhausted,,,,,,,,,
ppo_rollout,3698688,4045.8278309000016,914.1980713443311,,,,,,,,,,,,,,,,,,,-0.011218646221095696,3.2101955289642015,-0.6648770267764728,0.9794032573699951,0.007731442,0.06692708333333333
training_episode,3701982,4048.1689573000185,914.4830759408538,64151590,951.3657836914062,44.268577575683594,8.013657569885254,3,4,8,1,0,1,0,10,0,0,LivesExhausted,,,,,,,,,
training_episode,3704826,4049.685377899994,914.842920938509,68759666,25150.666015625,300.8122863769531,250.5066375732422,2,57,38,26,3,9,4,161,0,1,MaxDuration,,,,,,,,,
ppo_rollout,3704832,4049.6940895000007,914.8424345448326,,,,,,,,,,,,,,,,,,,-0.0166770325624384,2.1122449825207394,-0.6356691539287567,0.9869436621665955,0.012094484,0.096533203125
training_episode,3707172,4051.58290400001,914.9934946018301,53259774,925.37255859375,43.23875045776367,7.253725528717041,4,6,9,1,2,0,1,16,0,0,LivesExhausted,,,,,,,,,
ppo_rollout,3710976,4053.613820700004,915.4734920849379,,,,,,,,,,,,,,,,,,,-0.01857655147711436,1.8199934497475625,-0.6526491969823838,0.9922568202018738,0.01157007,0.11793619791666667
training_episode,3714684,4056.2115511000156,915.8013464540833,62475926,29750.666015625,303.2046203613281,296.5066223144531,2,56,33,30,4,8,4,181,2,1,MaxDuration,,,,,,,,,
ppo_rollout,3717120,4057.590693300008,916.0904292633061,,,,,,,,,,,,,,,,,,,-0.014456811017589643,2.680476958552996,-0.6407441178957621,0.9895555377006531,0.010772324,0.08515625
training_episode,3717738,4058.537563699996,916.0289738973603,50327362,477.7531433105469,25.43048667907715,3.277531147003174,3,3,6,1,0,0,1,12,0,0,LivesExhausted,,,,,,,,,
training_episode,3719316,4059.3842403000162,916.2266441979183,58077308,25150.666015625,300.1216125488281,250.5066375732422,2,45,45,26,5,6,5,140,3,1,MaxDuration,,,,,,,,,
training_episode,3722418,4061.0760097000166,916.6087980399479,59438785,28554.666015625,304.6159973144531,284.546630859375,2,55,37,28,2,10,6,142,1,1,MaxDuration,,,,,,,,,
ppo_rollout,3723264,4061.5623415000155,916.7073374589456,,,,,,,,,,,,,,,,,,,-0.019750714959809557,1.8781396180391312,-0.6121945366263389,0.9897584319114685,0.011229989,0.11136067708333333
training_episode,3725214,4063.2151169000135,916.8143681356729,3618228,29750.666015625,303.2947082519531,296.5066223144531,2,65,39,30,7,4,8,115,1,1,MaxDuration,,,,,,,,,
training_episode,3727800,4064.6720729999943,917.1219554862244,1733106,1665.0467529296875,70.65668487548828,15.150467872619629,3,5,12,2,0,2,0,36,1,0,LivesExhausted,,,,,,,,,
ppo_rollout,3729408,4065.5737111000053,917.314077916681,,,,,,,,,,,,,,,,,,,-0.0157906627554136,2.2029562065998713,-0.6606559514999389,0.9922749400138855,0.011643113,0.09918619791666666
training_episode,3729888,4066.414287099993,917.2424983436721,60695533,1436.468017578125,62.225563049316406,12.864680290222168,3,4,10,2,1,1,0,19,0,0,LivesExhausted,,,,,,,,,
training_episode,3731760,4067.4156762000057,917.4769182889139,3408770,1225.76171875,54.506858825683594,10.757616996765137,3,3,11,2,0,0,0,21,1,0,LivesExhausted,,,,,,,,,
ppo_rollout,3735552,4069.4252975000127,917.955663738287,,,,,,,,,,,,,,,,,,,-0.01749402577794778,2.753267042338848,-0.6694328745206197,0.9910386204719543,0.011363992,0.10885416666666667
training_episode,3735696,4070.07520370002,917.8444655282922,37550424,660.9517822265625,32.80050277709961,5.109517574310303,3,4,7,1,0,1,0,14,2,0,LivesExhausted,,,,,,,,,
training_episode,3740838,4072.842738300009,918.4832905091281,3722957,28554.666015625,300.0615539550781,285.046630859375,1,56,38,28,2,9,2,151,2,1,MaxDuration,,,,,,,,,
ppo_rollout,3741696,4073.3063248000108,918.5893968295419,,,,,,,,,,,,,,,,,,,-0.01655455955769867,2.853617478410403,-0.660335297882557,0.9911895394325256,0.009769992,0.09161783854166666
training_episode,3743790,4075.044418400008,918.7114582348358,20270139,27389.33203125,305.1064758300781,273.3932800292969,1,58,40,27,4,3,5,171,2,1,MaxDuration,,,,,,,,,
ppo_rollout,3747840,4077.1895784999942,919.2214214819114,,,,,,,,,,,,,,,,,,,-0.016917298584788416,1.7119857514897983,-0.6336482132474581,0.9921678900718689,0.011826727,0.11212565104166666
training_episode,3753792,4081.0335062000086,919.814060408263,40692294,26254.666015625,300.4118957519531,261.546630859375,2,46,45,27,6,8,5,104,3,1,MaxDuration,,,,,,,,,
ppo_rollout,3753984,4081.146676000004,919.835599655374,,,,,,,,,,,,,,,,,,,-0.01809840787900612,2.0413293664654097,-0.6447176148494085,0.9911482930183411,0.011952496,0.10120442708333334
training_episode,3756420,4083.048207100015,920.0038327904037,47918595,2662.75146484375,105.25407409667969,24.627511978149414,4,7,20,3,2,3,0,47,1,1,LivesExhausted,,,,,,,,,
ppo_rollout,3760128,4085.040156800009,920.4629221920485,,,,,,,,,,,,,,,,,,,-0.015046873067816099,1.9183656444152197,-0.6415237933397293,0.9914628267288208,0.008893664,0.07918294270833333
training_episode,3761202,4086.176719500014,920.4697344710588,34618012,1423.492431640625,61.71564865112305,12.734925270080566,3,3,9,2,0,0,2,17,0,1,LivesExhausted,,,,,,,,,
training_episode,3764226,4087.8299111000088,920.8372368377409,36084218,27389.33203125,303.5049133300781,272.8932800292969,2,50,39,27,7,7,4,197,1,1,MaxDuration,,,,,,,,,
ppo_rollout,3766272,4088.9884164000105,921.0767105366042,,,,,,,,,,,,,,,,,,,-0.011995323258452118,2.454571654399236,-0.6580266411105792,0.9890543222427368,0.009201839,0.082763671875
training_episode,3766668,4089.796540500014,920.9915365470702,67817105,28554.666015625,306.4477844238281,285.046630859375,1,61,39,28,1,11,7,160,3,1,MaxDuration,,,,,,,,,
training_episode,3768828,4090.917643099994,921.2671407249542,45928744,1469.0406494140625,63.51534652709961,12.690406799316406,4,7,12,2,1,2,1,23,1,1,LivesExhausted,,,,,,,,,
training_episode,3771942,4092.54644190002,921.6613796687485,71168433,26254.666015625,302.0134582519531,261.046630859375,3,49,39,27,3,3,4,156,6,1,MaxDuration,,,,,,,,,
ppo_rollout,3772416,4092.7984308000014,921.7204472155308,,,,,,,,,,,,,,,,,,,-0.013973812006103497,2.745582625766595,-0.6626775562763214,0.990602433681488,0.009176871,0.082373046875
training_episode,3777006,4095.79492700001,922.1667752702871,40482836,26254.666015625,301.3428039550781,262.046630859375,1,63,36,27,5,14,6,101,4,1,MaxDuration,,,,,,,,,
ppo_rollout,3778560,4096.648770600004,922.3539072026874,,,,,,,,,,,,,,,,,,,-0.015593517998543879,3.15543602903684,-0.6686954721808434,0.9899947643280029,0.010038819,0.08216145833333334
ppo_rollout,3784704,4100.5405229000025,922.9768560666155,,,,,,,,,,,,,,,,,,,-0.015931812499184163,2.098649347325166,-0.6615299999713897,0.9912367463111877,0.010724529,0.09166666666666666
ppo_rollout,3790848,4104.5470721000165,923.5727921766729,,,,,,,,,,,,,,,,,,,-0.01814312607748434,1.8206055695811907,-0.6724850118160248,0.9856559038162231,0.013808288,0.11328125
training_episode,3792696,4106.1056988000055,923.6722768993505,51165194,27389.33203125,302.2436828613281,273.8932800292969,0,49,41,27,2,4,7,161,3,1,MaxDuration,,,,,,,,,
ppo_rollout,3796992,4108.386147500016,924.2052386702984,,,,,,,,,,,,,,,,,,,-0.018738798611836197,1.803535699347655,-0.6497539336482684,0.9529218077659607,0.011756964,0.11383463541666666
training_episode,3800016,4110.58018780002,924.4476026226765,38702443,1405.1265869140625,60.99576950073242,12.551265716552734,3,4,12,2,0,1,1,10,0,1,LivesExhausted,,,,,,,,,
training_episode,3800970,4111.122482200008,924.557712998608,4351331,28554.666015625,306.1675109863281,285.046630859375,1,45,43,28,6,5,6,180,2,1,MaxDuration,,,,,,,,,
training_episode,3802812,4112.156017000001,924.7732781243838,10739800,26254.666015625,301.1526184082031,262.046630859375,1,56,46,27,9,7,5,148,1,1,MaxDuration,,,,,,,,,
ppo_rollout,3803136,4112.328855700005,924.8131979349268,,,,,,,,,,,,,,,,,,,-0.017016420957709975,1.870964883764585,-0.6585371315479278,0.9932641983032227,0.009981163,0.09244791666666667
training_episode,3805200,4114.030175199994,924.932447734178,6026995,27389.33203125,303.0744934082031,273.3932800292969,1,57,42,27,4,3,6,142,2,1,MaxDuration,,,,,,,,,
training_episode,3805884,4114.403479900007,925.0147727593538,16080979,1068.52880859375,48.89780044555664,9.185288429260254,3,5,10,2,0,1,0,23,0,0,LivesExhausted,,,,,,,,,
training_episode,3808482,4115.813330600009,925.3291376664048,25401860,27389.33203125,304.4458312988281,272.8932800292969,2,60,38,27,5,6,4,122,3,1,MaxDuration,,,,,,,,,
ppo_rollout,3809280,4116.247740699997,925.4253485122363,,,,,,,,,,,,,,,,,,,-0.01544422257769232,2.9485909511645634,-0.6606284201145172,0.9885268211364746,0.012247943,0.08439127604166667
training_episode,3813018,4118.859800500009,925.7460036724528,53992877,27389.33203125,300.0515441894531,272.8932800292969,2,53,41,27,4,5,8,147,5,1,MaxDuration,,,,,,,,,
ppo_rollout,3815424,4120.1556614,926.038798908764,,,,,,,,,,,,,,,,,,,-0.015845407240946466,2.8587749034166334,-0.6920140713453293,0.992817759513855,0.011465474,0.10597330729166667
ppo_rollout,3821568,4124.057297799998,926.6524987513236,,,,,,,,,,,,,,,,,,,-0.017914076698555922,2.023003648718198,-0.6722316741943359,0.9886559247970581,0.014802583,0.10880533854166667
ppo_rollout,3827712,4128.172211700003,927.2171323549819,,,,,,,,,,,,,,,,,,,-0.01925405001966283,1.5107307811578115,-0.6635160490870475,0.9851542711257935,0.010459177,0.112109375
ppo_rollout,3833856,4132.21780860002,927.7962047452904,,,,,,,,,,,,,,,,,,,-0.01773094409533466,1.7357293665409088,-0.6646586621801058,0.6967006921768188,0.013138891,0.10685221354166667
training_episode,3837186,4134.617563900014,928.0631015315818,13672212,29750.666015625,301.7732238769531,297.0066223144531,1,63,37,30,3,8,4,134,2,1,MaxDuration,,,,,,,,,
training_episode,3839220,4135.715017300012,928.3086440773238,18175559,24077.33203125,303.3547668457031,238.77330017089844,4,49,35,24,7,9,1,148,3,1,MaxDuration,,,,,,,,,
ppo_rollout,3840000,4136.137429199996,928.4024203090189,,,,,,,,,,,,,,,,,,,-0.01977815990879511,1.8735578472415606,-0.6538609147071839,0.4534827470779419,0.0112159625,0.10441080729166667
training_episode,3840036,4136.731303000008,928.2778403361996,63732674,464.2494201660156,23.710447311401367,3.1424942016601562,3,4,6,1,0,0,2,0,0,1,LivesExhausted,,,,,,,,,
training_episode,3841326,4137.412385800009,928.4368203623584,59229327,26254.666015625,301.0224914550781,262.546630859375,0,50,37,27,3,8,9,172,4,1,MaxDuration,,,,,,,,,
training_episode,3841926,4137.729251100012,928.5107281919489,24249841,29750.666015625,300.2917785644531,296.5066223144531,2,60,39,30,2,8,8,134,0,1,MaxDuration,,,,,,,,,
training_episode,3844488,4139.129732900008,928.8155356528116,13776941,27389.33203125,300.0315246582031,272.3932800292969,3,59,40,27,6,7,4,166,2,1,MaxDuration,,,,,,,,,
ppo_rollout,3846144,4139.990098900016,929.0225116774819,,,,,,,,,,,,,,,,,,,-0.012462900875834747,3.1610432138045628,-0.6654268835981687,0.9808571934700012,0.007986691,0.05974934895833333
training_episode,3849624,4142.449186300015,929.3110975824516,23307280,27389.33203125,304.9963684082031,273.8932800292969,0,56,39,27,6,7,3,161,1,1,MaxDuration,,,,,,,,,
ppo_rollout,3852288,4143.91016900001,929.626329455307,,,,,,,,,,,,,,,,,,,-0.0178075273327219,2.2004285608728726,-0.6761450161536534,0.9939728379249573,0.012623496,0.10211588541666666
ppo_rollout,3858432,4147.743514900008,930.2484558505824,,,,,,,,,,,,,,,,,,,-0.016988336075640594,3.3837475617726644,-0.6775610029697419,0.9804760217666626,0.011660397,0.09563802083333334
ppo_rollout,3864576,4151.684091200004,930.8453907154052,,,,,,,,,,,,,,,,,,,-0.020463024023532245,1.602096424003442,-0.6658779864509901,0.9746229648590088,0.014875927,0.12872721354166666
ppo_rollout,3870720,4155.697025700007,931.4249754162471,,,,,,,,,,,,,,,,,,,-0.018518123294537267,1.5761231556534767,-0.6534314195315043,0.9375807046890259,0.01016289,0.10919596354166666
training_episode,3875406,4158.819752800016,931.8523596486234,73891387,25150.666015625,301.5229797363281,250.0066375732422,3,57,39,26,3,5,3,169,3,1,MaxDuration,,,,,,,,,
training_episode,3876684,4159.502647400019,932.0066192104,34827470,30977.33203125,305.3567199707031,309.7732849121094,0,53,38,31,4,6,7,133,4,1,MaxDuration,,,,,,,,,
ppo_rollout,3876864,4159.607251900015,932.02645471616,,,,,,,,,,,,,,,,,,,-0.019519954655940332,2.036895278096199,-0.6600698192914327,0.8502731323242188,0.011732127,0.11844075520833333
training_episode,3877806,4160.745293300017,931.9979298527046,21631616,25150.666015625,303.9753723144531,250.5066375732422,2,50,41,26,4,6,4,140,3,1,MaxDuration,,,,,,,,,
training_episode,3878436,4161.091051099997,932.0718898892453,61428636,27389.33203125,304.2256164550781,273.3932800292969,1,57,40,27,7,5,5,126,2,1,MaxDuration,,,,,,,,,
training_episode,3879384,4161.603442399995,932.1849267220811,1523648,669.2561645507812,33.12044906616211,5.192561626434326,3,4,8,1,0,0,0,23,1,0,LivesExhausted,,,,,,,,,
training_episode,3880842,4162.382759700005,932.3606751339954,48232782,29750.666015625,302.9143371582031,297.5066223144531,0,60,42,30,6,8,8,174,0,1,MaxDuration,,,,,,,,,
training_episode,3881406,4162.683813700016,932.4287343722124,46557118,484.7027587890625,24.71047019958496,3.347027540206909,3,5,6,1,0,1,0,6,1,0,LivesExhausted,,,,,,,,,
ppo_rollout,3883008,4163.53141320002,932.6236827922922,,,,,,,,,,,,,,,,,,,-0.017006024004270634,2.4777600785096485,-0.6636591692765553,0.9778980016708374,0.009178721,0.08582356770833334
training_episode,3886002,4165.767481000017,932.8417915123631,5189163,27389.33203125,303.1345520019531,272.8932800292969,2,63,38,27,2,7,3,166,1,1,MaxDuration,,,,,,,,,
ppo_rollout,3889152,4167.453675500001,933.220211388046,,,,,,,,,,,,,,,,,,,-0.019676809237959485,2.4887798955043157,-0.701798984905084,0.9924295544624329,0.016411953,0.129638671875
ppo_rollout,3895296,4171.340441000008,933.8235646539963,,,,,,,,,,,,,,,,,,,-0.01955868573859334,1.9554242312908172,-0.6897798851132393,0.989287257194519,0.015462098,0.12517903645833334
ppo_rollout,3901440,4175.293715300009,934.4109099926322,,,,,,,,,,,,,,,,,,,-0.01846078282299762,1.5149780467152596,-0.664210444688797,0.9754399657249451,0.013217065,0.13382161458333333
ppo_rollout,3907584,4179.180733800022,935.0119673926938,,,,,,,,,,,,,,,,,,,-0.020832055046533546,1.571783081193765,-0.6661342506607374,0.7908167839050293,0.011169369,0.11150716145833334
training_episode,3912894,4182.738503500004,935.4861645608001,58496224,28554.666015625,301.7131652832031,285.046630859375,1,65,38,28,5,7,6,190,1,1,MaxDuration,,,,,,,,,
ppo_rollout,3913728,4183.201669100003,935.5819560193523,,,,,,,,,,,,,,,,,,,-0.02056074336481591,1.6728767991065978,-0.6468409210443496,0.45452356338500977,0.014794352,0.13592122395833334
training_episode,3913818,4183.851346500014,935.4581881294828,11682361,28554.666015625,300.0815734863281,284.046630859375,3,64,43,28,3,7,6,146,2,1,MaxDuration,,,,,,,,,
training_episode,3915558,4184.791886299994,935.6637334388357,15871521,27389.33203125,301.4128723144531,272.8932800292969,2,62,40,27,7,4,8,177,2,1,MaxDuration,,,,,,,,,
training_episode,3916908,4185.525199099997,935.8223433566337,24773486,23034.666015625,300.5220031738281,228.8466339111328,3,48,39,23,4,9,1,220,3,1,MaxDuration,,,,,,,,,
training_episode,3917472,4185.828245400015,935.8893318915026,12415464,29750.666015625,300.4919738769531,297.5066223144531,0,63,39,30,1,7,7,190,2,1,MaxDuration,,,,,,,,,
ppo_rollout,3919872,4187.113535300014,936.1752355060357,,,,,,,,,,,,,,,,,,,-0.017447780852671714,2.570487688978513,-0.6731225838263829,0.9554942846298218,0.011448017,0.116162109375
training_episode,3920640,4188.097918900021,936.1385707595234,50746278,1284.882080078125,56.846466064453125,11.348819732666016,3,7,12,2,1,3,1,45,0,0,LivesExhausted,,,,,,,,,
training_episode,3921012,4188.304160700005,936.1812918918163,53155045,1588.6029052734375,67.63603973388672,14.386029243469238,3,4,12,2,0,1,0,45,0,0,LivesExhausted,,,,,,,,,
training_episode,3922518,4189.1385834999965,936.3543176752016,30219394,28554.666015625,304.2656555175781,285.046630859375,1,60,42,28,3,7,7,181,1,1,MaxDuration,,,,,,,,,
training_episode,3925782,4190.918452100013,936.7354781224252,29276833,519.5416870117188,27.1705265045166,3.6954169273376465,3,4,6,1,0,0,1,10,1,0,LivesExhausted,,,,,,,,,
ppo_rollout,3926016,4191.061720099999,936.7592896976772,,,,,,,,,,,,,,,,,,,-0.021228452077290665,1.8983954926331839,-0.7066053301095963,0.9950444102287292,0.014672154,0.1271484375
training_episode,3928740,4193.154036699998,936.9414921594221,23202551,1490.559814453125,64.36534118652344,13.405598640441895,3,5,11,2,0,2,1,43,0,1,LivesExhausted,,,,,,,,,
ppo_rollout,3932160,4195.068628800014,937.3291232960786,,,,,,,,,,,,,,,,,,,-0.014668156841071322,4.266554513573647,-0.7287286698818207,0.967887818813324,0.009256968,0.110693359375
training_episode,3933300,4196.342133900005,937.3163280050431,18803933,1446.19482421875,62.605499267578125,12.46194839477539,4,6,7,2,1,1,0,33,1,0,LivesExhausted,,,,,,,,,
ppo_rollout,3938304,4199.005051500018,937.9136132720565,,,,,,,,,,,,,,,,,,,-0.014597350937159111,3.215876238544782,-0.6882676134506861,0.979747474193573,0.012173635,0.10960286458333333
ppo_rollout,3944448,4202.881582600006,938.5103820983381,,,,,,,,,,,,,,,,,,,-0.02054981720284559,2.059439388414224,-0.685181642572085,0.9876105785369873,0.015111881,0.12540690104166666
ppo_rollout,3950592,4206.799906200002,939.0967215192713,,,,,,,,,,,,,,,,,,,-0.018913100101053716,1.608944275478522,-0.6588435366749763,0.9775543808937073,0.011944174,0.10771484375
training_episode,3951822,4208.042664600012,939.111676134974,60276617,26254.666015625,302.1736145019531,261.546630859375,2,47,39,27,6,5,5,147,4,1,MaxDuration,,,,,,,,,
training_episode,3953310,4208.843704900006,939.2864827452468,47394950,24077.33203125,303.3047180175781,240.77330017089844,0,33,44,24,3,10,1,128,2,1,MaxDuration,,,,,,,,,
training_episode,3953946,4209.192425999994,939.359763069194,14405315,27389.33203125,303.8952941894531,272.8932800292969,2,55,40,27,7,9,6,144,2,1,MaxDuration,,,,,,,,,
training_episode,3956154,4210.369549299998,939.6215590286456,56192186,468.2900695800781,23.690446853637695,3.1829004287719727,3,3,6,1,0,0,2,4,0,1,LivesExhausted,,,,,,,,,
ppo_rollout,3956736,4210.747106499999,939.6755254886027,,,,,,,,,,,,,,,,,,,-0.022065728495363146,1.962280586361885,-0.6702585607767105,0.9140406250953674,0.011161589,0.11027018229166667
training_episode,3956964,4211.464051999996,939.5696962249659,73367742,26254.666015625,302.6741027832031,261.546630859375,2,37,44,27,3,5,7,92,5,1,MaxDuration,,,,,,,,,
ppo_rollout,3962880,4214.584063000017,940.277840176511,,,,,,,,,,,,,,,,,,,-0.015365693621182194,2.92797614634037,-0.7009062021970749,0.985682487487793,0.01086864,0.095849609375
training_episode,3964818,4216.264570200001,940.3627153814797,27496440,28554.666015625,300.6120910644531,284.546630859375,2,56,40,28,3,4,11,124,2,1,MaxDuration,,,,,,,,,
ppo_rollout,3969024,4218.544025600015,940.851624616025,,,,,,,,,,,,,,,,,,,-0.018397660920163615,2.3725326831142106,-0.6850190257032712,0.9882999658584595,0.020299947,0.11905924479166667
training_episode,3969072,4219.177714899997,940.7216922821832,49070614,727.1837158203125,35.410064697265625,5.771836757659912,3,3,7,1,0,0,2,34,0,1,LivesExhausted,,,,,,,,,
training_episode,3969780,4219.578954500001,940.8000283455768,58810411,27389.33203125,303.9753723144531,272.8932800292969,2,61,39,27,4,8,5,136,4,1,MaxDuration,,,,,,,,,
training_episode,3973062,4221.341148800013,941.1847704205119,50955736,672.4486083984375,33.25042724609375,5.224485874176025,3,5,7,1,0,1,0,18,0,0,LivesExhausted,,,,,,,,,
ppo_rollout,3975168,4222.477559100022,941.430225350272,,,,,,,,,,,,,,,,,,,-0.01324838149982194,3.825320708254973,-0.697080593307813,0.9696221351623535,0.00838705,0.07594401041666667
ppo_rollout,3981312,4226.501014600013,941.9877071475831,,,,,,,,,,,,,,,,,,,-0.020528556485078297,1.925894485414028,-0.7039864475528399,0.9910276532173157,0.011677708,0.10901692708333334
ppo_rollout,3987456,4230.604806000018,942.526230373687,,,,,,,,,,,,,,,,,,,-0.021720361860934644,1.6691608185569444,-0.7003464703758557,0.9872914552688599,0.011363895,0.1275390625
training_episode,3988224,4231.603144399996,942.4853569451383,48442240,29750.666015625,303.3347473144531,297.5066223144531,0,45,43,30,2,4,9,175,1,1,MaxDuration,,,,,,,,,
training_episode,3990696,4232.988492900011,942.7608902536806,23621467,24077.33203125,306.1975402832031,239.27330017089844,3,41,44,24,8,9,1,169,1,1,MaxDuration,,,,,,,,,
training_episode,3992166,4233.762592600018,942.9357250634948,9901968,29750.666015625,300.0515441894531,297.5066223144531,0,49,33,30,1,8,7,178,3,1,MaxDuration,,,,,,,,,
training_episode,3993558,4234.541838300007,943.0909299040597,22155261,27389.33203125,304.9363098144531,272.3932800292969,3,46,45,27,3,9,5,155,2,1,MaxDuration,,,,,,,,,
ppo_rollout,3993600,4234.56962710002,943.0946593585605,,,,,,,,,,,,,,,,,,,-0.018446628792056195,2.4901980151732763,-0.6743302841981252,0.8918943405151367,0.008832653,0.09259440104166666
training_episode,3998742,4237.920822999993,943.5622247348452,69388040,1232.7216796875,54.77681350708008,10.327217102050781,4,4,10,2,1,0,1,13,0,0,LivesExhausted,,,,,,,,,
ppo_rollout,3999744,4238.4525541000185,943.6802580533533,,,,,,,,,,,,,,,,,,,-0.020627110401013244,2.0789146810770034,-0.7017830674846967,0.9941735863685608,0.012290063,0.12154947916666667
validation,4000002,,,,,,,,,,,,,,,,,,16988.893792114257,24196.6064453125,11461.375000508438,,,,,,
ppo_rollout,4005888,4520.596959100018,886.1413738590647,,,,,,,,,,,,,,,,,,,-0.011033553362358362,4.048562254508337,-0.709500660498937,0.9783143401145935,0.008165407,0.07937825520833333
training_episode,4006134,4521.38515300001,886.0413046966077,70958975,28554.666015625,302.9243469238281,284.546630859375,2,56,40,28,8,8,5,135,7,1,MaxDuration,,,,,,,,,
training_episode,4009332,4523.220870799996,886.3887292974248,26344421,26254.666015625,302.2336730957031,261.546630859375,2,47,44,27,3,5,6,143,5,1,MaxDuration,,,,,,,,,
ppo_rollout,4012032,4524.731786100019,886.6894635224493,,,,,,,,,,,,,,,,,,,-0.02132670112963145,1.9574014614025752,-0.7011401206254959,0.9858792424201965,0.013192893,0.119189453125
ppo_rollout,4018176,4528.70282570002,887.2686406352782,,,,,,,,,,,,,,,,,,,-0.021873244266801824,1.4846490263938903,-0.7110186457633972,0.9938710927963257,0.01298358,0.1189453125
ppo_rollout,4024320,4532.607384200004,887.8598252361724,,,,,,,,,,,,,,,,,,,-0.020476021606009455,1.7302665626009306,-0.689514305194219,0.9751813411712646,0.010958612,0.10255533854166667
training_episode,4024614,4533.325275600015,887.7840779839731,41739584,27389.33203125,303.2146301269531,273.3932800292969,1,37,44,27,6,11,5,106,1,1,MaxDuration,,,,,,,,,
training_episode,4027218,4534.715257600008,888.0861909136495,44881454,24077.33203125,304.3257141113281,240.27330017089844,1,50,40,24,3,7,7,161,3,1,MaxDuration,,,,,,,,,
training_episode,4029606,4535.988518400001,888.3633597514881,64884693,26254.666015625,300.3818664550781,261.546630859375,2,47,38,27,6,8,3,133,7,1,MaxDuration,,,,,,,,,
ppo_rollout,4030464,4536.44877040002,888.4623642833725,,,,,,,,,,,,,,,,,,,-0.020249233639333397,1.788635210196177,-0.683455569545428,0.9214458465576172,0.010932016,0.12599283854166668
training_episode,4035048,4539.430058800004,888.8886815598746,16185708,26254.666015625,302.5139465332031,261.546630859375,2,53,41,27,2,5,4,108,1,1,MaxDuration,,,,,,,,,
training_episode,4035318,4539.57439590001,888.919896024738,31895058,1034.8880615234375,47.568023681640625,8.348880767822266,4,7,7,2,1,1,1,9,0,0,LivesExhausted,,,,,,,,,
ppo_rollout,4036608,4540.27299550001,889.0672441945217,,,,,,,,,,,,,,,,,,,-0.020907841502533605,2.236819155017535,-0.6846138591567675,0.9885640740394592,0.010909588,0.10979817708333334
training_episode,4042548,4544.052678000007,889.634933056996,29381562,27389.33203125,303.4248352050781,273.3932800292969,1,46,41,27,7,7,4,171,2,1,MaxDuration,,,,,,,,,
ppo_rollout,4042752,4544.163505400007,889.6581285413343,,,,,,,,,,,,,,,,,,,-0.01777010159372973,2.054953535894553,-0.6837874094645182,0.9900625944137573,0.013891508,0.109130859375
training_episode,4045548,4546.246230000019,889.8655715794749,17337727,27389.33203125,301.7632141113281,272.8932800292969,2,53,38,27,4,7,6,158,3,1,MaxDuration,,,,,,,,,
training_episode,4047438,4547.316654299997,890.0717297029875,61219178,2611.67333984375,103.233642578125,24.116731643676758,4,4,18,3,5,0,0,73,0,1,LivesExhausted,,,,,,,,,
ppo_rollout,4048896,4548.109464900015,890.237148258482,,,,,,,,,,,,,,,,,,,-0.017550589846602332,2.2060333574811617,-0.6815381149450938,0.990159273147583,0.01010586,0.09716796875
ppo_rollout,4055040,4551.916335999995,890.8423838833941,,,,,,,,,,,,,,,,,,,-0.013937089168272602,3.167300254603227,-0.7015520845850308,0.9845706820487976,0.0093155755,0.07578125
training_episode,4060818,4555.635957199993,891.3833410200493,38911901,27389.33203125,301.6531066894531,273.8932800292969,0,44,43,27,3,7,7,139,2,1,MaxDuration,,,,,,,,,
ppo_rollout,4061184,4555.843679100013,891.4230351297455,,,,,,,,,,,,,,,,,,,-0.024646787219292796,1.435906653602918,-0.6946238170067469,0.990490198135376,0.017599776,0.1509765625
training_episode,4063254,4557.508767499996,891.5515487266704,13253296,28554.666015625,300.2717590332031,285.546630859375,0,49,39,28,3,6,9,167,4,1,MaxDuration,,,,,,,,,
ppo_rollout,4067328,4559.683893700014,892.0197309334781,,,,,,,,,,,,,,,,,,,-0.01859756657310451,1.896830074985822,-0.6756119181712469,0.9598352313041687,0.010596659,0.09542643229166667
training_episode,4071936,4562.797367000021,892.420958565873,9378323,27389.33203125,305.1365051269531,273.3932800292969,1,41,38,27,2,4,5,161,3,1,MaxDuration,,,,,,,,,
ppo_rollout,4073472,4563.642329599999,892.5922992648369,,,,,,,,,,,,,,,,,,,-0.018367712259835873,1.7338890651861827,-0.6851804440220197,0.9894149899482727,0.012043171,0.105810546875
training_episode,4078506,4566.949331800017,893.0482262198644,41844313,1231.666015625,54.736820220947266,10.816659927368164,3,3,12,2,0,0,0,33,1,0,LivesExhausted,,,,,,,,,
training_episode,4078794,4567.124951500009,893.0769451929219,21107971,26254.666015625,301.9934387207031,261.546630859375,2,38,44,27,1,3,5,143,3,1,MaxDuration,,,,,,,,,
ppo_rollout,4079616,4567.5759712000145,893.1687235687477,,,,,,,,,,,,,,,,,,,-0.019678487700487798,1.8644987200697263,-0.6762697378794352,0.9796406626701355,0.012406543,0.1234375
training_episode,4082220,4569.532182199997,893.356220556175,51060465,27389.33203125,305.5869445800781,273.3932800292969,1,46,40,27,9,5,8,129,4,1,MaxDuration,,,,,,,,,
training_episode,4083558,4570.246673100017,893.5093206315067,20793784,25150.666015625,300.9624328613281,250.5066375732422,2,51,43,26,4,8,4,157,2,1,MaxDuration,,,,,,,,,
ppo_rollout,4085760,4571.474708499998,893.7509798322013,,,,,,,,,,,,,,,,,,,-0.016964369046036154,2.45189224978288,-0.700603790084521,0.9860050678253174,0.010119851,0.09484049479166666
ppo_rollout,4091904,4575.313229899999,894.3440141451114,,,,,,,,,,,,,,,,,,,-0.017431304196361453,2.1993443494041762,-0.6809657966097196,0.9905752539634705,0.012495111,0.09952799479166667
training_episode,4097208,4578.828545199998,894.8157721029143,62161739,27389.33203125,303.2246398925781,272.8932800292969,2,55,37,27,2,7,6,160,3,1,MaxDuration,,,,,,,,,
ppo_rollout,4098048,4579.276897100004,894.9115967621963,,,,,,,,,,,,,,,,,,,-0.018165918113663793,1.70270171413819,-0.6983206599950791,0.9771747589111328,0.012352589,0.114892578125
training_episode,4099542,4580.682714299997,894.963099540169,7283743,28554.666015625,302.3838195800781,285.046630859375,1,57,37,28,3,6,10,185,1,1,MaxDuration,,,,,,,,,
ppo_rollout,4104192,4583.182828899997,895.489478211595,,,,,,,,,,,,,,,,,,,-0.021966590990390007,1.9508646617333094,-0.6959064915776253,0.9652096033096313,0.009232809,0.11388346354166666
training_episode,4104630,4584.050529,895.4155225892363,42263229,1426.054443359375,61.81563186645508,12.760544776916504,3,7,10,2,0,2,2,9,0,1,LivesExhausted,,,,,,,,,
training_episode,4106940,4585.317892100022,895.6718152684218,2989854,1420.8511962890625,61.615665435791016,12.708511352539062,3,3,14,2,1,0,1,20,1,1,LivesExhausted,,,,,,,,,
ppo_rollout,4110336,4587.299781300011,896.0251555295472,,,,,,,,,,,,,,,,,,,-0.014124965097289532,2.5930347472429274,-0.6839962596694629,0.9889190793037415,0.009425449,0.08347981770833333
training_episode,4111866,4588.789025800012,896.067781037969,18489746,869.5162963867188,41.02912139892578,6.695163249969482,4,5,8,1,2,0,0,0,0,0,LivesExhausted,,,,,,,,,
training_episode,4114824,4590.427770400012,896.3922766704228,8121575,26254.666015625,300.2117004394531,261.546630859375,2,41,38,27,6,4,4,184,1,1,MaxDuration,,,,,,,,,
training_episode,4115130,4590.598428600002,896.4256107356779,72844097,27389.33203125,305.1665344238281,273.3932800292969,1,46,42,27,5,5,5,138,7,1,MaxDuration,,,,,,,,,
ppo_rollout,4116480,4591.313626000017,896.5800063600326,,,,,,,,,,,,,,,,,,,-0.013388016338770589,3.1413704345623654,-0.7127103159825007,0.9839239120483398,0.009623398,0.07537434895833334
training_episode,4118934,4593.233897800004,896.7394414581898,34303825,28554.666015625,305.9272766113281,284.546630859375,2,46,44,28,5,6,5,182,1,1,MaxDuration,,,,,,,,,
training_episode,4120044,4593.867428600002,896.8574004443133,2152022,29750.666015625,303.9953918457031,297.5066223144531,0,42,40,30,6,5,8,159,5,1,MaxDuration,,,,,,,,,
ppo_rollout,4122624,4595.242537300015,897.1504695424178,,,,,,,,,,,,,,,,,,,-0.019412551579686504,2.787101216117541,-0.6957290261983872,0.9867231249809265,0.012944784,0.11442057291666667
ppo_rollout,4128768,4599.148158299999,897.7245041669049,,,,,,,,,,,,,,,,,,,-0.020427604456199334,2.02537323286136,-0.6869349042574565,0.986685037612915,0.011054729,0.11134440104166667
ppo_rollout,4134912,4603.079057700001,898.2926315556423,,,,,,,,,,,,,,,,,,,-0.02077918212938433,1.344947134455045,-0.6842795103788376,0.9779161214828491,0.013800521,0.128271484375
ppo_rollout,4141056,4606.941723199998,898.873102550038,,,,,,,,,,,,,,,,,,,-0.022125168711257477,1.4392441630363464,-0.680043510099252,0.9340767860412598,0.013968546,0.13427734375
training_episode,4141434,4607.739792100008,898.7994519787138,29591020,28554.666015625,306.6579895019531,285.046630859375,1,57,45,28,3,10,8,176,0,1,MaxDuration,,,,,,,,,
training_episode,4146480,4610.498285700014,899.3561526442338,72739368,894.1868896484375,42.00895690917969,7.441868782043457,3,3,8,1,0,0,0,29,0,0,LivesExhausted,,,,,,,,,
ppo_rollout,4147200,4610.889543800004,899.4359896511726,,,,,,,,,,,,,,,,,,,-0.020238628411122287,2.1437594602505365,-0.6830281262596448,0.8724091649055481,0.010536519,0.10636393229166667
training_episode,4148208,4612.003564100014,899.4372927830728,56296915,28554.666015625,302.8342590332031,285.546630859375,0,39,39,28,4,7,11,180,0,1,MaxDuration,,,,,,,,,
training_episode,4151214,4613.607675900013,899.7761170037479,3094583,28554.666015625,303.2346496582031,285.546630859375,0,46,42,28,6,6,8,212,4,1,MaxDuration,,,,,,,,,
training_episode,4151904,4613.9923328,899.8506500509111,20584326,29750.666015625,306.4277648925781,297.5066223144531,0,43,43,30,4,7,7,151,1,1,MaxDuration,,,,,,,,,
training_episode,4152366,4614.248885500012,899.9007429028266,10844529,707.3729858398438,34.62019729614258,5.573729515075684,3,5,10,1,0,1,1,2,0,0,LivesExhausted,,,,,,,,,
ppo_rollout,4153344,4614.772523899999,900.0105592398646,,,,,,,,,,,,,,,,,,,-0.017086480284342544,2.4114871263504027,-0.7051823705434799,0.9873790740966797,0.009582898,0.08785807291666667
training_episode,4155492,4616.433664400014,900.1520008931134,29695749,27389.33203125,304.6059875488281,273.3932800292969,1,45,40,27,3,10,6,155,2,1,MaxDuration,,,,,,,,,
training_episode,4156230,4616.811468100001,900.2381900836968,37236237,28554.666015625,301.5029602050781,285.046630859375,1,58,40,28,2,5,7,130,0,1,MaxDuration,,,,,,,,,
ppo_rollout,4159488,4618.553189099999,900.604113386977,,,,,,,,,,,,,,,,,,,-0.019226909554951512,2.9565074096123376,-0.7005573863784472,0.9866806864738464,0.011432543,0.10291341145833334
ppo_rollout,4165632,4622.404936900013,901.1828381253104,,,,,,,,,,,,,,,,,,,-0.018512636190280318,2.0863603735963503,-0.688701969385147,0.9851816892623901,0.014389344,0.12978515625
ppo_rollout,4171776,4626.306523900013,901.7508845227055,,,,,,,,,,,,,,,,,,,-0.024392498911280806,1.4440557340780893,-0.6434206535418828,0.978782057762146,0.010734852,0.11453450520833333
ppo_rollout,4177920,4630.147410400008,902.3298028515815,,,,,,,,,,,,,,,,,,,-0.022594988392665983,1.438678299387296,-0.6743444050351779,0.904985785484314,0.01387678,0.12003580729166667
training_episode,4183218,4633.5984641000105,902.8011452460872,24564028,30977.33203125,306.0974426269531,309.2732849121094,1,44,40,31,3,10,5,122,2,1,MaxDuration,,,,,,,,,
ppo_rollout,4184064,4634.058380800008,902.8941062407757,,,,,,,,,,,,,,,,,,,-0.019453318710050856,1.8211303899685543,-0.6945846950014433,0.8266518712043762,0.011608899,0.11985677083333333
training_episode,4187508,4636.467340100004,903.167798419061,6655369,735.7781372070312,35.75000762939453,5.857781410217285,3,4,7,1,0,0,1,9,0,0,LivesExhausted,,,,,,,,,
training_episode,4187802,4636.624854900001,903.2005243155086,18699204,30977.33203125,304.8562316894531,309.7732849121094,0,51,39,31,4,5,4,168,2,1,MaxDuration,,,,,,,,,
training_episode,4188570,4637.026317300013,903.2879508087126,44462538,30977.33203125,305.5068664550781,308.2732849121094,3,62,38,31,8,5,11,134,2,1,MaxDuration,,,,,,,,,
training_episode,4188630,4637.063228200015,903.2936998846822,73786658,29750.666015625,302.1636047363281,297.0066223144531,1,68,37,30,6,11,6,105,2,1,MaxDuration,,,,,,,,,
ppo_rollout,4190208,4637.923150799994,903.4664576702252,,,,,,,,,,,,,,,,,,,-0.019449147931300103,2.434820951024691,-0.6976646686593692,0.9548795223236084,0.01006315,0.095947265625
training_episode,4191804,4639.432006899995,903.5166360377175,5398621,27389.33203125,302.5639953613281,272.8932800292969,2,49,39,27,6,5,7,164,2,1,MaxDuration,,,,,,,,,
training_episode,4192344,4639.740866500011,903.5728762935191,45509828,26254.666015625,300.9123840332031,262.046630859375,1,44,42,27,1,11,3,165,0,1,MaxDuration,,,,,,,,,
training_episode,4195482,4641.445995700022,903.9170129065002,70749517,606.78515625,30.650606155395508,4.567852020263672,3,3,8,1,0,0,0,13,0,0,LivesExhausted,,,,,,,,,
training_episode,4196058,4641.751283799997,903.9816533566773,73158284,1427.517333984375,61.865623474121094,12.275174140930176,4,5,12,2,1,1,0,30,0,0,LivesExhausted,,,,,,,,,
ppo_rollout,4196352,4641.908745499997,904.0143247253766,,,,,,,,,,,,,,,,,,,-0.021426972132758237,2.8405728459358217,-0.7084884549180667,0.9909401535987854,0.009742108,0.103369140625
training_episode,4200744,4644.793142900016,904.3985104958258,49280072,1647.6541748046875,69.96653747558594,13.976542472839355,5,7,11,2,2,1,1,20,0,1,LivesExhausted,,,,,,,,,
ppo_rollout,4202496,4645.747120800021,904.5899164817885,,,,,,,,,,,,,,,,,,,-0.01757907909147131,3.3476201941569648,-0.7017710958917935,0.980094313621521,0.0137633355,0.10808919270833334
training_episode,4203750,4647.027166400017,904.6105928527597,69283311,464.6550598144531,25.040477752685547,3.146550178527832,3,4,6,1,0,0,0,17,0,0,LivesExhausted,,,,,,,,,
ppo_rollout,4208640,4649.70166630001,905.1419428698564,,,,,,,,,,,,,,,,,,,-0.013809244837223863,2.6526199474930765,-0.7169024720788002,0.9785559773445129,0.0126509415,0.11380208333333333
ppo_rollout,4214784,4653.754586299998,905.6738858571817,,,,,,,,,,,,,,,,,,,-0.02058461430327346,1.5065092250704766,-0.6725672324498494,0.9895597100257874,0.012427849,0.13312174479166666
ppo_rollout,4220928,4657.797719199996,906.2068072644788,,,,,,,,,,,,,,,,,,,-0.020475769380573182,2.1259311601519584,-0.6679501409331957,0.9861605167388916,0.011292587,0.10205078125
training_episode,4223928,4659.988156600011,906.4246212766844,1104732,25150.666015625,301.0024719238281,250.5066375732422,2,61,43,26,5,7,8,164,1,1,MaxDuration,,,,,,,,,
training_episode,4224234,4660.164966000011,906.4558939049348,26868066,28554.666015625,306.0173645019531,285.046630859375,1,54,42,28,3,7,9,160,2,1,MaxDuration,,,,,,,,,
training_episode,4224972,4660.575684400013,906.5343610107918,32523432,27389.33203125,303.3147277832031,272.8932800292969,2,48,41,27,5,8,4,141,1,1,MaxDuration,,,,,,,,,
ppo_rollout,4227072,4661.6814675000205,906.7698060174209,,,,,,,,,,,,,,,,,,,-0.01900582562763399,1.7666134595870973,-0.6698100666205088,0.9588846564292908,0.012478329,0.1185546875
training_episode,4229658,4663.64904270001,906.9417448168973,72529910,974.4772338867188,45.18842315673828,7.744771957397461,4,5,9,1,1,0,1,15,1,0,LivesExhausted,,,,,,,,,
training_episode,4230348,4664.038422300015,907.0139687901316,53573961,963.8753051757812,44.76849365234375,8.138752937316895,3,5,9,1,0,2,0,20,0,0,LivesExhausted,,,,,,,,,
training_episode,4231758,4664.829328599997,907.1624494502203,12520193,27389.33203125,302.2837219238281,272.8932800292969,2,48,42,27,7,4,6,182,2,1,MaxDuration,,,,,,,,,
training_episode,4232406,4665.185448700009,907.232101819102,62371197,27389.33203125,302.8642883300781,272.8932800292969,2,51,37,27,5,9,4,128,3,1,MaxDuration,,,,,,,,,
ppo_rollout,4233216,4665.644376600016,907.3164729894955,,,,,,,,,,,,,,,,,,,-0.019773101660151345,2.3886853863795596,-0.6956227441628774,0.9934907555580139,0.012528666,0.10851236979166666
training_episode,4233768,4666.524800300016,907.2635807545278,31057226,697.4244384765625,34.230262756347656,5.474244594573975,3,4,7,1,0,0,1,0,0,0,LivesExhausted,,,,,,,,,
training_episode,4234032,4666.670174700004,907.2918893978153,8854678,310.6507568359375,18.95033836364746,1.6065075397491455,3,4,4,1,0,0,1,5,0,0,LivesExhausted,,,,,,,,,
training_episode,4234206,4666.765598800004,907.31062239097,64675235,644.4432373046875,32.1406135559082,4.444431781768799,4,4,8,1,1,0,0,5,0,0,LivesExhausted,,,,,,,,,
training_episode,4237278,4668.381463500002,907.6546192999419,66455628,543.8009643554688,27.05052375793457,3.938009262084961,3,4,7,1,0,0,0,23,0,0,LivesExhausted,,,,,,,,,
ppo_rollout,4239360,4669.46286650002,907.8902908542879,,,,,,,,,,,,,,,,,,,-0.01520533305980886,3.0502941260735192,-0.706335008641084,0.9899932146072388,0.010031988,0.08828125
training_episode,4240230,4670.55639480002,907.8639976857735,67921834,26254.666015625,303.9553527832031,261.546630859375,2,45,42,27,3,10,4,181,0,1,MaxDuration,,,,,,,,,
training_episode,4240542,4670.731034900004,907.896851331065,43938893,1166.2686767578125,52.75715255737305,10.162686347961426,3,3,13,2,1,0,1,9,1,0,LivesExhausted,,,,,,,,,
training_episode,4245264,4673.219669500017,908.4238063335458,9483052,2377.5546875,95.79205322265625,20.77554702758789,6,9,17,3,3,3,0,41,1,0,LivesExhausted,,,,,,,,,
ppo_rollout,4245504,4673.353141400003,908.4492165572082,,,,,,,,,,,,,,,,,,,-0.017483123086276465,3.263076669971148,-0.7048289527495702,0.988066554069519,0.013067286,0.118310546875
ppo_rollout,4251648,4677.222168600012,909.0113419334547,,,,,,,,,,,,,,,,,,,-0.013963364734081551,4.639826832214991,-0.6938278784354528,0.9812746644020081,0.008840887,0.06822916666666666
ppo_rollout,4257792,4681.133493000001,909.5643194894889,,,,,,,,,,,,,,,,,,,-0.019825256769157324,1.6851360609134038,-0.6633254279692967,0.9797660112380981,0.016313264,0.1419921875
training_episode,4260372,4683.0887860000075,909.7354747439958,1418919,27389.33203125,303.6750793457031,273.8932800292969,0,47,41,27,5,4,9,174,5,1,MaxDuration,,,,,,,,,
ppo_rollout,4263936,4685.043993900006,910.1165337084785,,,,,,,,,,,,,,,,,,,-0.02238141247847428,1.5250560422738393,-0.6682646234830221,0.8817124366760254,0.011990295,0.12369791666666667
training_episode,4268508,4688.15829230001,910.4871751047192,65931983,28554.666015625,300.8122863769531,285.546630859375,0,55,44,28,5,8,4,152,1,1,MaxDuration,,,,,,,,,
ppo_rollout,4270080,4688.987204000005,910.6614742640692,,,,,,,,,,,,,,,,,,,-0.02177197720351008,1.7366657560070355,-0.70367584725221,0.9890766739845276,0.010757416,0.10831705729166667
training_episode,4273956,4691.634213700017,910.9738324270129,6445911,29750.666015625,305.6269836425781,296.5066223144531,2,64,40,30,10,4,10,113,5,1,MaxDuration,,,,,,,,,
training_episode,4275918,4692.669625200011,911.1909300066594,62894842,326.9066162109375,16.310277938842773,1.769066333770752,3,3,6,1,1,0,0,6,0,0,LivesExhausted,,,,,,,,,
ppo_rollout,4276224,4692.8373403000005,911.2235711384432,,,,,,,,,,,,,,,,,,,-0.022094507534833004,2.0572343558073043,-0.6430997590223948,0.9905552864074707,0.011062808,0.10651041666666666
training_episode,4276314,4693.485360999999,911.11693572831,53783419,26254.666015625,300.6421203613281,261.546630859375,2,53,47,27,5,9,7,143,2,1,MaxDuration,,,,,,,,,
training_episode,4276776,4693.7335098000185,911.1671958091665,39226088,26254.666015625,301.8933410644531,261.546630859375,2,49,38,27,4,13,2,109,3,1,MaxDuration,,,,,,,,,
training_episode,4281546,4696.2664267999935,911.691461022457,54097606,29750.666015625,302.2937316894531,297.5066223144531,0,53,35,30,4,2,8,172,3,1,MaxDuration,,,,,,,,,
training_episode,4281996,4696.506311500008,911.7407102200574,12101277,1028.281005859375,47.308067321777344,8.28281021118164,4,4,9,2,1,0,1,17,0,0,LivesExhausted,,,,,,,,,
ppo_rollout,4282368,4696.706177000015,911.7811160874726,,,,,,,,,,,,,,,,,,,-0.018898336715452994,2.7739604339003563,-0.667297921081384,0.9884434342384338,0.010244591,0.0888671875
training_episode,4284816,4698.604969900014,911.9336542333714,67084002,425.14892578125,23.470441818237305,2.7514891624450684,3,4,2,1,1,0,1,14,0,0,LivesExhausted,,,,,,,,,
ppo_rollout,4288512,4700.611515900004,912.3306585736641,,,,,,,,,,,,,,,,,,,-0.01821297550147089,3.705009836951892,-0.6998676617940267,0.9829683899879456,0.011105977,0.10489908854166667
training_episode,4293684,4704.022018000018,912.7686867897614,23412009,2542.752685546875,101.11318969726562,22.927526473999023,5,9,15,3,3,1,0,51,2,1,LivesExhausted,,,,,,,,,
ppo_rollout,4294656,4704.534027799993,912.8759563905915,,,,,,,,,,,,,,,,,,,-0.019850970057693,2.3593692650397617,-0.695449422299862,0.9867409467697144,0.012124422,0.10608723958333334
training_episode,4297128,4706.459351199999,913.0277517226124,70225872,24077.33203125,306.2876281738281,239.27330017089844,3,40,44,24,7,10,2,115,5,1,MaxDuration,,,,,,,,,
ppo_rollout,4300800,4708.4357340999995,913.4243818710806,,,,,,,,,,,,,,,,,,,-0.01622447322588414,2.8316935936609906,-0.6714879045883815,0.9770053029060364,0.008411208,0.08684895833333334
training_episode,4302078,4709.694778500008,913.4515509665723,70435330,1645.835205078125,69.90652465820312,14.958352088928223,3,5,13,2,1,1,0,47,0,0,LivesExhausted,,,,,,,,,
training_episode,4304706,4711.146265200019,913.7279459561073,60800262,27389.33203125,301.6330871582031,271.8932800292969,4,52,41,27,4,8,11,104,2,1,MaxDuration,,,,,,,,,
ppo_rollout,4306944,4712.35345580001,913.9687929603353,,,,,,,,,,,,,,,,,,,-0.02086695972442006,1.7405740256110827,-0.6737560490767162,0.9933056235313416,0.012342851,0.11240234375
training_episode,4312248,4715.79628010001,914.426269471621,3827686,27389.33203125,302.6941223144531,272.3932800292969,3,54,38,27,6,5,4,156,2,1,MaxDuration,,,,,,,,,
training_episode,4312962,4716.232055400003,914.4931694066524,10320884,26254.666015625,301.4929504394531,261.046630859375,3,48,46,27,8,5,2,154,0,1,MaxDuration,,,,,,,,,
ppo_rollout,4313088,4716.313389500021,914.5041145065284,,,,,,,,,,,,,,,,,,,-0.01775192183170778,2.8152173846960067,-0.6442382221420606,0.990328311920166,0.009854631,0.101318359375
ppo_rollout,4319232,4720.473178200016,914.9997970430127,,,,,,,,,,,,,,,,,,,-0.02040659770718776,2.288623328010241,-0.6573483054836591,0.9863404631614685,0.0097920215,0.10213216145833333
training_episode,4321386,4722.298787600012,915.1021979691875,37864611,29750.666015625,304.7160949707031,297.5066223144531,0,47,45,30,6,7,6,187,1,1,MaxDuration,,,,,,,,,
ppo_rollout,4325376,4724.403828500013,915.5390091564836,,,,,,,,,,,,,,,,,,,-0.017062640096992255,2.0785369113087655,-0.6654288883010546,0.9885247945785522,0.011851856,0.10104166666666667
ppo_rollout,4331520,4728.3035134999955,916.0833240998339,,,,,,,,,,,,,,,,,,,-0.020997762425880258,1.9582096954186758,-0.6731509591142336,0.9822874665260315,0.0107892165,0.10838216145833333
training_episode,4333794,4730.117304300016,916.2127958349511,31476142,27389.33203125,305.5068664550781,273.3932800292969,1,46,42,27,3,12,4,157,1,1,MaxDuration,,,,,,,,,
ppo_rollout,4337664,4732.2585480000125,916.6160208708843,,,,,,,,,,,,,,,,,,,-0.01958322050437952,2.093601177136103,-0.6357074722647666,0.9686436653137207,0.010796326,0.09944661458333333
training_episode,4338282,4733.168135300017,916.5704399226911,17023540,26254.666015625,301.6631164550781,261.546630859375,2,40,42,27,6,5,6,150,1,1,MaxDuration,,,,,,,,,
training_episode,4340868,4734.573912799999,916.8444890604394,65198880,26254.666015625,301.2927551269531,262.046630859375,1,55,40,27,2,8,7,174,4,1,MaxDuration,,,,,,,,,
ppo_rollout,4343808,4736.1312186,917.1637776716899,,,,,,,,,,,,,,,,,,,-0.019529536783617612,2.1518824617067973,-0.6826038082440694,0.988372266292572,0.008642298,0.08245442708333334
training_episode,4345686,4737.710383400001,917.2544643561209,9064136,846.4631958007812,40.1192741394043,6.9646315574646,3,4,10,1,1,1,1,31,1,0,LivesExhausted,,,,,,,,,
training_episode,4348656,4739.303073100018,917.5728863348482,33465993,28554.666015625,303.3547668457031,284.546630859375,2,51,42,28,4,8,5,178,3,1,MaxDuration,,,,,,,,,
training_episode,4349118,4739.59953040001,917.6129696411177,51584110,28554.666015625,301.2427062988281,284.046630859375,3,50,35,28,2,10,5,125,2,1,MaxDuration,,,,,,,,,
ppo_rollout,4349952,4740.06864490002,917.6981022585488,,,,,,,,,,,,,,,,,,,-0.02084632208958889,2.433388214806716,-0.6808087959885597,0.9896246194839478,0.0119594745,0.10592447916666667
ppo_rollout,4356096,4743.916748699994,918.2488291333799,,,,,,,,,,,,,,,,,,,-0.019703631384375815,2.9294729540745417,-0.6757409021258354,0.9870896935462952,0.010451865,0.10369466145833334
training_episode,4357572,4745.260424800013,918.2998634229116,16918811,29750.666015625,301.5029602050781,296.5066223144531,2,51,44,30,4,5,5,132,2,1,MaxDuration,,,,,,,,,
training_episode,4361190,4747.243933799997,918.6783027829424,70854246,593.550048828125,30.13059425354004,4.435500144958496,3,3,8,1,0,0,0,11,0,0,LivesExhausted,,,,,,,,,
ppo_rollout,4362240,4747.792529700004,918.7933071447068,,,,,,,,,,,,,,,,,,,-0.02121292209485546,1.9472634062170981,-0.6732683459917704,0.9880735874176025,0.0125724925,0.11695963541666667
ppo_rollout,4368384,4751.602053600014,919.349716311013,,,,,,,,,,,,,,,,,,,-0.020151098350955483,1.7118470276395479,-0.6808450693885485,0.989385187625885,0.01278956,0.11819661458333333
training_episode,4370364,4753.246322899999,919.4482471789094,24040383,27389.33203125,304.7361145019531,272.3932800292969,3,52,38,27,2,8,5,135,0,1,MaxDuration,,,,,,,,,
training_episode,4374342,4755.483701399993,919.8521695515881,45195641,26254.666015625,300.4819641113281,261.546630859375,2,60,39,27,6,10,2,143,1,1,MaxDuration,,,,,,,,,
ppo_rollout,4374528,4755.595000400004,919.8697533393924,,,,,,,,,,,,,,,,,,,-0.021974920093392334,1.6932301158706347,-0.6601839527487755,0.9917150139808655,0.012062148,0.11917317708333333
training_episode,4378014,4758.048887800018,920.1279985217354,13043838,1474.7646484375,63.73530960083008,12.74764633178711,4,5,12,2,2,2,0,20,0,0,LivesExhausted,,,,,,,,,
training_episode,4380138,4759.160948000004,920.3592918707056,64361048,1052.4366455078125,48.267906188964844,9.02436637878418,3,4,6,2,0,1,1,29,0,0,LivesExhausted,,,,,,,,,
ppo_rollout,4380672,4759.453077800019,920.414999032808,,,,,,,,,,,,,,,,,,,-0.021157187780287738,2.1510972395539283,-0.6799801314870516,0.9914869666099548,0.010413172,0.09580078125
training_episode,4382238,4760.890446600009,920.4660449873564,10530342,29750.666015625,304.5659484863281,297.0066223144531,1,36,44,30,6,10,7,148,3,1,MaxDuration,,,,,,,,,
training_episode,4384764,4762.2974435000215,920.7245141700861,69702227,28554.666015625,300.8723449707031,285.046630859375,1,48,40,28,5,7,7,166,1,1,MaxDuration,,,,,,,,,
training_episode,4385358,4762.629412700015,920.7850579988475,1837835,26254.666015625,301.9634094238281,260.546630859375,4,53,39,27,6,14,5,95,1,1,MaxDuration,,,,,,,,,
ppo_rollout,4386816,4763.409721200005,920.9403046888998,,,,,,,,,,,,,,,,,,,-0.01789939365310905,3.4768093158801396,-0.7119456842541695,0.9888246655464172,0.010641407,0.08946940104166666
training_episode,4388676,4764.983332600008,921.0265164989199,47080763,1676.82763671875,71.12678527832031,15.268277168273926,3,9,9,2,1,3,1,46,0,1,LivesExhausted,,,,,,,,,
ppo_rollout,4392960,4767.273030000011,921.4827790133911,,,,,,,,,,,,,,,,,,,-0.018685453321086242,2.3144617140293122,-0.7286411692698797,0.9920358061790466,0.015321042,0.12127278645833334
training_episode,4393776,4768.288247300021,921.4577165061103,25925505,906.7562255859375,42.49887466430664,7.567562103271484,3,6,9,1,0,2,0,20,1,0,LivesExhausted,,,,,,,,,
training_episode,4397598,4770.338326800003,921.8629159475064,24878215,24077.33203125,303.3647766113281,239.27330017089844,3,48,36,24,5,5,3,163,2,1,MaxDuration,,,,,,,,,
ppo_rollout,4399104,4771.141772700008,922.0233247251695,,,,,,,,,,,,,,,,,,,-0.014747902106804153,3.4641120677193005,-0.7184841652711232,0.9799264669418335,0.012146848,0.123828125
training_episode,4404756,4774.746890500013,922.5108892711866,23935654,1370.6766357421875,59.625999450683594,12.206766128540039,3,4,11,2,0,1,0,29,0,0,LivesExhausted,,,,,,,,,
ppo_rollout,4405248,4775.003391000006,922.5643710124006,,,,,,,,,,,,,,,,,,,-0.019863837068745244,3.092658165593942,-0.6980750784277916,0.9840043187141418,0.014924432,0.12529296875
ppo_rollout,4411392,4778.900084499997,923.0977676867566,,,,,,,,,,,,,,,,,,,-0.020213711756514385,1.9352341006199518,-0.7037061547239621,0.9893291592597961,0.013097175,0.12609049479166667
training_episode,4414134,4780.970857500011,923.2714717504402,26030234,28554.666015625,300.9824523925781,284.546630859375,2,67,42,28,3,5,4,153,1,1,MaxDuration,,,,,,,,,
ppo_rollout,4417536,4782.892403000005,923.6118289487674,,,,,,,,,,,,,,,,,,,-0.022443118718607973,1.7070023889342945,-0.709437724451224,0.9876286387443542,0.014780559,0.126171875
training_episode,4418616,4784.1471284000145,923.5953413242413,32209245,24077.33203125,303.1145324707031,239.27330017089844,3,56,36,24,2,13,6,149,0,1,MaxDuration,,,,,,,,,
training_episode,4420188,4785.03461100001,923.7525659351999,5084434,1106.766357421875,50.40754699707031,9.567663192749023,3,4,9,2,0,1,0,13,0,0,LivesExhausted,,,,,,,,,
training_episode,4421484,4785.8159176000045,923.8725592724616,46242931,30977.33203125,305.9472961425781,308.7732849121094,2,56,40,31,5,6,9,154,2,1,MaxDuration,,,,,,,,,
training_episode,4422066,4786.181365299999,923.9236172829034,50851007,24077.33203125,305.8672180175781,239.27330017089844,3,33,45,24,8,5,3,175,1,1,MaxDuration,,,,,,,,,
ppo_rollout,4423680,4787.103182699997,924.0828599614557,,,,,,,,,,,,,,,,,,,-0.0209173809698162,1.8917270049452781,-0.6998024895787239,0.989750862121582,0.01225917,0.124609375
training_episode,4425006,4788.424426000012,924.104800730124,35665302,846.6365966796875,40.1292724609375,6.466365814208984,4,6,7,1,1,0,0,21,0,0,LivesExhausted,,,,,,,,,
training_episode,4426818,4789.385261000018,924.2977456935018,62057010,955.7317504882812,44.44854736328125,7.557316780090332,4,5,7,1,1,2,3,6,0,1,LivesExhausted,,,,,,,,,
training_episode,4427778,4789.8922674000205,924.4003315346844,74100845,1034.885009765625,47.568023681640625,8.84885025024414,3,4,9,2,0,0,0,25,0,0,LivesExhausted,,,,,,,,,
training_episode,4428828,4790.451584900002,924.5115875839605,63104300,637.0423583984375,31.85063362121582,4.870423316955566,3,3,8,1,0,0,1,9,1,0,LivesExhausted,,,,,,,,,
ppo_rollout,4429824,4790.987639800005,924.616035992303,,,,,,,,,,,,,,,,,,,-0.020383368651770675,2.2647003387411435,-0.7299119551976522,0.992207944393158,0.01251695,0.12081705729166667
training_episode,4430556,4791.9573160000145,924.5816913282343,41111210,28554.666015625,306.4577941894531,284.046630859375,3,50,42,28,2,4,7,154,3,1,MaxDuration,,,,,,,,,
training_episode,4432260,4792.923788800021,924.7507774601361,53050316,554.1862182617188,28.570558547973633,4.0418620109558105,3,3,6,1,0,0,1,13,0,0,LivesExhausted,,,,,,,,,
training_episode,4432860,4793.254812800005,924.8120897229165,28439001,356.9826965332031,19.180343627929688,2.069827079772949,3,3,4,1,1,0,0,15,0,0,LivesExhausted,,,,,,,,,
ppo_rollout,4435968,4794.93295040002,925.1366068903898,,,,,,,,,,,,,,,,,,,-0.015330097967913995,3.950405883292357,-0.7226106211543083,0.9891220927238464,0.010467459,0.10948893229166666
training_episode,4440444,4797.856409500004,925.5058136395436,54830709,1460.2672119140625,63.1654052734375,13.102672576904297,3,4,13,2,1,0,0,35,2,0,LivesExhausted,,,,,,,,,
training_episode,4441326,4798.349069999997,925.5946024785569,42682145,28554.666015625,304.6960754394531,285.046630859375,1,46,41,28,5,6,6,132,1,1,MaxDuration,,,,,,,,,
ppo_rollout,4442112,4798.776335500006,925.6759826746867,,,,,,,,,,,,,,,,,,,-0.020885878739257655,2.0218652948737144,-0.7208327536781629,0.9931488037109375,0.014681925,0.117138671875
training_episode,4447110,4801.989556900022,926.097390947031,41006481,1050.4755859375,48.18791961669922,9.004755973815918,3,5,7,2,0,1,0,6,0,0,LivesExhausted,,,,,,,,,
ppo_rollout,4448256,4802.595917300001,926.2190858024113,,,,,,,,,,,,,,,,,,,-0.019474749627503722,2.829419498642286,-0.6930640106399854,0.9890102744102478,0.011337866,0.10831705729166667
ppo_rollout,4454400,4806.431552099995,926.7582304493262,,,,,,,,,,,,,,,,,,,-0.022986702900379897,1.9435765519738197,-0.6882630283633868,0.9933863878250122,0.013423135,0.119873046875
training_episode,4454622,4807.162549500004,926.6634847750942,11368174,29750.666015625,300.0115051269531,297.5066223144531,0,43,40,30,2,6,4,142,1,1,MaxDuration,,,,,,,,,
ppo_rollout,4460544,4810.367354700022,927.2772058960896,,,,,,,,,,,,,,,,,,,-0.019225095881847665,2.0380106483896574,-0.6789290259281794,0.988947868347168,0.010255792,0.09807942708333334
training_episode,4463166,4812.329596800002,927.4439562426935,64465777,28554.666015625,302.8742980957031,285.046630859375,1,38,43,28,7,5,4,130,3,1,MaxDuration,,,,,,,,,
training_episode,4463928,4812.7366814000125,927.5238384123386,15033689,26254.666015625,301.1926574707031,262.546630859375,0,41,42,27,7,10,5,127,1,1,MaxDuration,,,,,,,,,
ppo_rollout,4466688,4814.203405100008,927.8145570808533,,,,,,,,,,,,,,,,,,,-0.020426898424436027,1.799568243821462,-0.6819879457354545,0.9826160073280334,0.011637808,0.11481119791666666
training_episode,4468296,4815.657617499994,927.8682902543385,60486075,26254.666015625,300.2617492675781,261.546630859375,2,52,39,27,3,11,5,94,0,1,MaxDuration,,,,,,,,,
ppo_rollout,4472832,4818.118185500003,928.3358829720838,,,,,,,,,,,,,,,,,,,-0.020329665022048478,2.1686017021536825,-0.6839690342545509,0.9914140105247498,0.010346496,0.09314778645833334
training_episode,4477026,4820.957973900018,928.6589977008683,46871305,29750.666015625,304.8262023925781,297.5066223144531,0,39,41,30,4,7,8,145,3,1,MaxDuration,,,,,,,,,
training_episode,4478910,4821.968210799998,928.8551488100578,59962430,311.8101501464844,15.700263977050781,1.6181015968322754,3,3,3,1,0,0,0,1,0,0,LivesExhausted,,,,,,,,,
ppo_rollout,4478976,4822.009390799998,928.8609036194583,,,,,,,,,,,,,,,,,,,-0.01937758652881409,1.9045008386174838,-0.6764493227005005,0.9895404577255249,0.016251704,0.12106119791666667
training_episode,4483518,4825.0689951000095,929.2132412102575,36712592,27389.33203125,303.3547668457031,273.8932800292969,0,46,45,27,7,7,3,120,1,1,MaxDuration,,,,,,,,,
ppo_rollout,4485120,4825.95996800001,929.3736437392658,,,,,,,,,,,,,,,,,,,-0.01745187084695014,2.1146299213171007,-0.6979347417751948,0.9837521910667419,0.014558617,0.11612955729166667
training_episode,4488342,4828.347284799995,929.5814354799297,59857701,847.445068359375,40.15926742553711,6.974450588226318,3,3,8,1,0,0,1,39,1,0,LivesExhausted,,,,,,,,,
training_episode,4491012,4829.870356300002,929.8411072549803,43101061,29750.666015625,303.1946105957031,296.5066223144531,2,48,42,30,4,5,6,166,4,1,MaxDuration,,,,,,,,,
ppo_rollout,4491264,4830.025965000008,929.8633242440535,,,,,,,,,,,,,,,,,,,-0.02066841547493823,1.9298527802030245,-0.7082285831371943,0.992900013923645,0.010824975,0.09864908854166667
training_episode,4491990,4831.071307300008,929.812398590011,24459299,599.877685546875,30.380599975585938,4.498776912689209,3,4,5,1,0,0,0,19,0,0,LivesExhausted,,,,,,,,,
training_episode,4496940,4833.771186400001,930.3171016146382,31999787,1080.073486328125,49.357723236083984,9.300735473632812,3,6,6,2,0,1,1,9,0,0,LivesExhausted,,,,,,,,,
ppo_rollout,4497408,4834.025940599997,930.3648874175847,,,,,,,,,,,,,,,,,,,-0.020674128502529737,2.23598726640145,-0.7163873280088107,0.9924452304840088,0.010036903,0.10623372395833333
training_episode,4499964,4835.960103000019,930.5213244436028,56925289,28554.666015625,306.6179504394531,284.046630859375,3,56,35,28,4,5,10,198,0,1,MaxDuration,,,,,,,,,
validation,4500000,,,,,,,,,,,,,,,,,,15932.290395812988,23603.4287109375,12107.87318399439,,,,,,
training_episode,4500630,5095.985032299999,883.1717462813476,48965885,30977.33203125,305.8171691894531,309.7732849121094,0,70,45,31,7,6,9,145,1,1,MaxDuration,,,,,,,,,
training_episode,4501608,5096.502888500021,883.2739033970983,35560573,1934.9195556640625,80.10870361328125,17.34919548034668,4,6,16,2,1,2,0,52,1,0,LivesExhausted,,,,,,,,,
ppo_rollout,4503552,5097.549427599995,883.4739248659608,,,,,,,,,,,,,,,,,,,-0.0214333762434156,2.4922517319520314,-0.7327398404479026,0.9946917295455933,0.013106895,0.10771484375
training_episode,4505022,5098.970632300014,883.5159730990451,13358025,29750.666015625,305.9973449707031,296.5066223144531,2,51,42,30,4,8,6,140,3,1,MaxDuration,,,,,,,,,
training_episode,4505064,5098.998633600015,883.5193581566656,24668757,766.0270385742188,36.9398078918457,6.1602702140808105,3,3,10,1,0,0,0,21,1,0,LivesExhausted,,,,,,,,,
training_episode,4506222,5099.6132766999945,883.6399459129216,71796807,1849.076904296875,77.32810974121094,15.990768432617188,5,12,10,2,3,2,0,36,2,0,LivesExhausted,,,,,,,,,
ppo_rollout,4509696,5101.470224699995,883.999278906936,,,,,,,,,,,,,,,,,,,-0.022051313880365343,2.027838557958603,-0.7365215887626012,0.9952790141105652,0.013614469,0.12364908854166666
training_episode,4511196,5102.858757200011,884.0526878457711,34722741,1131.907470703125,51.407379150390625,9.819074630737305,3,3,10,2,0,0,0,17,0,0,LivesExhausted,,,,,,,,,
training_episode,4513206,5103.911860799999,884.2640945003682,8959407,2414.53857421875,96.65223693847656,22.1453857421875,4,7,15,3,1,4,0,64,1,0,LivesExhausted,,,,,,,,,
training_episode,4514994,5104.866222300014,884.4490341934475,22888364,27389.33203125,300.6521301269531,272.3932800292969,3,53,39,27,7,10,5,145,1,1,MaxDuration,,,,,,,,,
ppo_rollout,4515840,5105.325394400017,884.5351963174339,,,,,,,,,,,,,,,,,,,-0.018947587026438364,2.5899112607041994,-0.7480338056882222,0.9903720617294312,0.016598409,0.12892252604166668
training_episode,4518150,5107.129794000008,884.6749901105006,14928960,873.3915405273438,41.18909454345703,7.233914852142334,3,4,9,1,0,1,1,25,0,0,LivesExhausted,,,,,,,,,
ppo_rollout,4521984,5109.1923322000075,885.0682663678161,,,,,,,,,,,,,,,,,,,-0.01663357064050312,3.4441022157669066,-0.7033939614892006,0.9878239631652832,0.009403925,0.10478515625
ppo_rollout,4528128,5113.1744664,885.5805781233375,,,,,,,,,,,,,,,,,,,-0.02439671827790638,1.6430384904146194,-0.6899318908651669,0.992336094379425,0.015298267,0.14000651041666667
ppo_rollout,4534272,5117.357421099994,886.0573196048796,,,,,,,,,,,,,,,,,,,-0.02027299302474906,2.0047954261302947,-0.690813827017943,0.9684354662895203,0.01190308,0.11062825520833333
training_episode,4536006,5118.90633160001,886.1279551060248,27915356,26254.666015625,300.3017883300781,262.046630859375,1,47,37,27,6,6,4,176,2,1,MaxDuration,,,,,,,,,
ppo_rollout,4540416,5121.246536699997,886.5841485002459,,,,,,,,,,,,,,,,,,,-0.023380185304752863,1.6354530846079192,-0.6918896829088529,0.956637442111969,0.0118963495,0.12607421875
training_episode,4541628,5122.543562800012,886.596266936873,63523216,30977.33203125,304.6860656738281,308.7732849121094,2,50,39,31,7,6,7,138,3,1,MaxDuration,,,,,,,,,
training_episode,4542336,5122.926175400004,886.6682525725308,18280288,26254.666015625,300.9123840332031,261.046630859375,3,45,44,27,5,4,5,161,2,1,MaxDuration,,,,,,,,,
ppo_rollout,4546560,5125.172932899994,887.1037249912667,,,,,,,,,,,,,,,,,,,-0.021810382779221982,1.9517747471729914,-0.690729991098245,0.9925642609596252,0.011188763,0.10909830729166667
training_episode,4547376,5126.204351399996,887.0844172956323,65722525,29750.666015625,301.4829406738281,297.0066223144531,1,53,45,30,3,4,8,168,0,1,MaxDuration,,,,,,,,,
training_episode,4551192,5128.243949199998,887.4757217253642,55668541,28554.666015625,301.6330871582031,285.546630859375,0,44,36,28,6,10,2,192,3,1,MaxDuration,,,,,,,,,
ppo_rollout,4552704,5129.064370800013,887.6285557886039,,,,,,,,,,,,,,,,,,,-0.023482225901292016,2.1777819991111755,-0.7253708983461062,0.9949998259544373,0.01364204,0.12565104166666666
training_episode,4554042,5130.414154600003,887.6558232470921,49698988,2616.213623046875,103.41368103027344,24.662134170532227,3,4,19,3,1,1,0,45,0,1,LivesExhausted,,,,,,,,,
training_episode,4554354,5130.578964999993,887.6881207889188,12310735,26254.666015625,301.6831359863281,261.546630859375,2,46,40,27,1,2,6,139,1,1,MaxDuration,,,,,,,,,
ppo_rollout,4558848,5132.915240600007,888.1596103400879,,,,,,,,,,,,,,,,,,,-0.019041004800237717,2.700014790892601,-0.7150176381071408,0.9864192008972168,0.011829093,0.11013997395833333
training_episode,4559136,5133.653258900013,888.0880281690247,26239692,838.8372192382812,39.8193244934082,6.888371467590332,3,3,9,1,0,0,0,13,0,0,LivesExhausted,,,,,,,,,
ppo_rollout,4564992,5136.814811799995,888.6814431218278,,,,,,,,,,,,,,,,,,,-0.018441525254941856,2.7225756466388704,-0.7166626895467441,0.9904378056526184,0.012330663,0.10887044270833333
training_episode,4566594,5138.299678800016,888.736408045875,51374652,1433.310302734375,62.10558319091797,12.33310317993164,4,4,12,2,1,0,1,45,0,1,LivesExhausted,,,,,,,,,
training_episode,4569174,5139.678378700017,888.9999846947009,11996548,422.20928955078125,21.46039581298828,2.722092866897583,3,4,7,1,0,0,0,4,0,0,LivesExhausted,,,,,,,,,
ppo_rollout,4571136,5140.742922500009,889.1975476916084,,,,,,,,,,,,,,,,,,,-0.020908066005601238,2.2059696932633717,-0.7073016126950582,0.9911847114562988,0.013329522,0.127099609375
training_episode,4572678,5142.185189700016,889.2480203084168,62790113,24077.33203125,305.5569152832031,238.77330017089844,4,51,43,24,6,7,3,161,0,1,MaxDuration,,,,,,,,,
ppo_rollout,4577280,5144.683229799994,889.7107548792558,,,,,,,,,,,,,,,,,,,-0.01706549703376368,2.620995670557022,-0.7058616643150647,0.9876930713653564,0.01105484,0.09855143229166667
training_episode,4578840,5146.118526400009,889.7657480118611,9692510,27389.33203125,304.1855773925781,273.3932800292969,1,54,42,27,9,4,9,162,2,1,MaxDuration,,,,,,,,,
ppo_rollout,4583424,5148.555944899999,890.2348637272163,,,,,,,,,,,,,,,,,,,-0.02141534155816771,2.0038764744997026,-0.7070905506610871,0.9915674924850464,0.01302363,0.13177083333333334
training_episode,4583796,5149.341906600021,890.1712263706653,15347876,30977.33203125,303.4448547363281,309.7732849121094,0,45,41,31,8,4,7,125,5,1,MaxDuration,,,,,,,,,
training_episode,4587516,5151.328738100012,890.5500373272691,17756643,26254.666015625,302.6741027832031,262.046630859375,1,59,40,27,1,5,5,197,2,1,MaxDuration,,,,,,,,,
ppo_rollout,4589568,5152.420720399998,890.7595573141974,,,,,,,,,,,,,,,,,,,-0.021665984498880183,2.5529220730066298,-0.7172789573669434,0.9883785247802734,0.013153784,0.12099609375
training_episode,4590240,5153.378034900001,890.7244857477395,24354570,25150.666015625,301.5930480957031,249.5066375732422,4,49,46,26,3,7,4,146,1,1,MaxDuration,,,,,,,,,
training_episode,4592922,5154.823555400013,890.9949973338303,11891819,435.7652893066406,22.35041618347168,2.8576526641845703,3,4,5,1,0,0,0,13,0,0,LivesExhausted,,,,,,,,,
ppo_rollout,4595712,5156.3172579999955,891.2779741917121,,,,,,,,,,,,,,,,,,,-0.020834859103585283,2.128478507697582,-0.6988336990276972,0.9881075620651245,0.014957213,0.12745768229166668
ppo_rollout,4601856,5160.209905199998,891.7962804890285,,,,,,,,,,,,,,,,,,,-0.020497226567628483,2.79028706997633,-0.6987253844738006,0.9892414808273315,0.011128214,0.107470703125
training_episode,4605930,5162.975784800015,892.1076123502306,74205574,29750.666015625,306.2776184082031,296.5066223144531,2,56,46,30,6,5,7,145,3,1,MaxDuration,,,,,,,,,
ppo_rollout,4608000,5164.0680651,892.3197645557694,,,,,,,,,,,,,,,,,,,-0.020315562376830108,2.213823098440965,-0.6998158435026804,0.9762826561927795,0.010459253,0.09803059895833334
training_episode,4609002,5165.226642599999,892.3136038189383,19851223,23034.666015625,302.6540832519531,227.8466339111328,5,48,42,23,5,3,4,154,2,1,MaxDuration,,,,,,,,,
ppo_rollout,4614144,5167.985439000011,892.8322369446967,,,,,,,,,,,,,,,,,,,-0.020400687741736572,1.974017392595609,-0.7029751002788543,0.985897421836853,0.00996612,0.09501953125
training_episode,4615620,5169.381246800011,892.8766867131721,49175343,30977.33203125,306.4477844238281,308.7732849121094,2,58,34,31,4,9,6,141,1,1,MaxDuration,,,,,,,,,
ppo_rollout,4620288,5171.849592000013,893.3531259584217,,,,,,,,,,,,,,,,,,,-0.01796440514153801,2.3518275459607443,-0.6924557795127233,0.9903697967529297,0.011879311,0.09767252604166667
training_episode,4620318,5172.441918500001,893.2566228486302,36398405,30977.33203125,304.3056945800781,309.2732849121094,1,62,40,31,6,5,8,172,5,1,MaxDuration,,,,,,,,,
training_episode,4623594,5174.1987594999955,893.5864691148427,52631400,26254.666015625,300.6321105957031,261.546630859375,2,55,38,27,9,6,3,114,1,1,MaxDuration,,,,,,,,,
ppo_rollout,4626432,5175.780100700009,893.8617773530001,,,,,,,,,,,,,,,,,,,-0.022934800064346443,1.687356823682785,-0.716852781176567,0.9921702742576599,0.012383454,0.11544596354166667
training_episode,4629348,5177.891039000009,894.0605287233028,48128053,27389.33203125,303.5349426269531,273.3932800292969,1,55,42,27,8,9,5,175,4,1,MaxDuration,,,,,,,,,
ppo_rollout,4632576,5179.763852000004,894.360463597443,,,,,,,,,,,,,,,,,,,-0.021571413523633964,2.129080567260583,-0.7424209440747896,0.9924200177192688,0.013913459,0.122998046875
ppo_rollout,4638720,5183.896315299993,894.832712280349,,,,,,,,,,,,,,,,,,,-0.02524626032100059,1.8211932227015495,-0.7323532198866208,0.9935216307640076,0.013473206,0.12843424479166668
training_episode,4641978,5186.274643800018,895.050555324774,48756427,26254.666015625,300.3518371582031,261.546630859375,2,51,43,27,5,3,3,132,0,1,MaxDuration,,,,,,,,,
ppo_rollout,4644864,5187.811782600009,895.3416574554491,,,,,,,,,,,,,,,,,,,-0.020821484686651577,2.2769986510276796,-0.7341710835695267,0.9822492003440857,0.01061516,0.10826822916666666
training_episode,4645026,5188.478620300011,895.2578086813843,12834380,28554.666015625,300.1516418457031,285.546630859375,0,56,42,28,7,4,6,145,3,1,MaxDuration,,,,,,,,,
ppo_rollout,4651008,5191.757104000018,895.8446835689991,,,,,,,,,,,,,,,,,,,-0.02145705202613802,2.044968083500862,-0.728377469877402,0.9872271418571472,0.011974514,0.116796875
training_episode,4651770,5192.754150099994,895.8194178922226,29800478,25150.666015625,301.2226867675781,250.5066375732422,2,55,39,26,4,5,4,165,1,1,MaxDuration,,,,,,,,,
training_episode,4656594,5195.294067900017,896.3099949955741,48337511,26254.666015625,302.2637023925781,262.046630859375,1,43,45,27,7,6,4,138,5,1,MaxDuration,,,,,,,,,
ppo_rollout,4657152,5195.590979100001,896.3661725363008,,,,,,,,,,,,,,,,,,,-0.02646695658331737,1.8003843292593955,-0.7445229689280192,0.993885338306427,0.012724402,0.13541666666666666
training_episode,4659936,5197.700371000014,896.5380201597595,2256751,24077.33203125,302.8342590332031,239.27330017089844,3,46,42,24,8,4,6,163,2,1,MaxDuration,,,,,,,,,
training_episode,4660464,5197.986623000004,896.590225795969,61323907,647.3302001953125,32.25059509277344,4.973302364349365,3,4,6,1,0,1,0,30,0,0,LivesExhausted,,,,,,,,,
ppo_rollout,4663296,5199.548519700009,896.8655609870242,,,,,,,,,,,,,,,,,,,-0.023197063151746987,1.6553500548005105,-0.7488422195116679,0.9930160641670227,0.015582617,0.136083984375
training_episode,4665546,5201.346478399995,896.9881201675273,13567483,26254.666015625,301.6030578613281,261.046630859375,3,51,45,27,7,5,4,142,2,1,MaxDuration,,,,,,,,,
training_episode,4666752,5202.004504600016,897.1064895990182,55563812,1282.9951171875,56.7664794921875,10.829951286315918,4,6,12,2,1,1,0,24,1,0,LivesExhausted,,,,,,,,,
ppo_rollout,4669440,5203.401740100002,897.3821805867829,,,,,,,,,,,,,,,,,,,-0.020643907050058866,2.0419824004173277,-0.7619038706024488,0.991270899772644,0.014257568,0.11827799479166666
training_episode,4670676,5204.64325340002,897.4055996919295,31790329,657.7308349609375,32.660526275634766,5.07730770111084,3,3,9,1,0,0,1,10,0,0,LivesExhausted,,,,,,,,,
training_episode,4672152,5205.411520900001,897.5567025279488,47499679,1238.8701171875,55.026771545410156,10.888701438903809,3,6,10,2,0,2,0,24,0,0,LivesExhausted,,,,,,,,,
ppo_rollout,4675584,5207.317689999996,897.8872191683015,,,,,,,,,,,,,,,,,,,-0.022534765406938582,2.099733966588974,-0.7663004845380783,0.9903926253318787,0.012713113,0.12286783854166666
training_episode,4677996,5209.181241500017,898.0290343387901,16604624,27389.33203125,300.1015930175781,271.8932800292969,4,52,39,27,4,3,4,151,1,1,MaxDuration,,,,,,,,,
training_episode,4681188,5210.888507299998,898.3473727066057,56506373,26254.666015625,301.3027648925781,261.046630859375,3,50,39,27,5,3,8,173,0,1,MaxDuration,,,,,,,,,
ppo_rollout,4681728,5211.18491500002,898.3998987493197,,,,,,,,,,,,,,,,,,,-0.018917669091994563,2.3422289818525313,-0.7642137184739113,0.992325484752655,0.01201909,0.11336263020833333
training_episode,4687464,5214.897041899996,898.8603154267009,62580655,1154.4766845703125,52.2972297668457,10.044767379760742,3,8,7,2,0,2,0,21,0,0,LivesExhausted,,,,,,,,,
ppo_rollout,4687872,5215.1438511000015,898.8960101285055,,,,,,,,,,,,,,,,,,,-0.02254271078466748,2.483656156559785,-0.7568327561020851,0.9874660968780518,0.012898532,0.11513671875
training_episode,4688064,5215.821410100005,898.8160505116133,3304041,26254.666015625,302.4238586425781,260.046630859375,5,79,40,27,10,5,3,134,3,1,MaxDuration,,,,,,,,,
ppo_rollout,4694016,5218.995580500021,899.4098438286618,,,,,,,,,,,,,,,,,,,-0.022374641483960053,1.6530496304233868,-0.744799293577671,0.9925403594970703,0.012904701,0.12569986979166667
training_episode,4694412,5219.7985008000105,899.3473597267237,1314190,1184.705810546875,52.88713073730469,9.347058296203613,5,8,12,2,2,0,2,30,0,1,LivesExhausted,,,,,,,,,
training_episode,4697118,5221.358237600012,899.5969604565998,22050532,27389.33203125,305.4167785644531,272.8932800292969,2,55,40,27,5,9,4,179,1,1,MaxDuration,,,,,,,,,
training_episode,4698732,5222.3141519000055,899.7413528426831,5922266,741.88671875,35.989967346191406,5.918867111206055,3,5,9,1,0,1,0,35,0,0,LivesExhausted,,,,,,,,,
training_episode,4699152,5222.559510299994,899.7795028916906,57867850,2432.538330078125,97.36238861083984,21.825382232666016,5,7,14,3,2,2,0,53,0,0,LivesExhausted,,,,,,,,,
ppo_rollout,4700160,5223.111988699995,899.8773164673892,,,,,,,,,,,,,,,,,,,-0.01801904686144553,2.2819787949323653,-0.7498591641585032,0.99100261926651,0.013340983,0.112548828125
training_episode,4706154,5226.879214500019,900.3755026411435,63209029,1426.101806640625,61.81563186645508,11.761018753051758,5,8,10,2,2,1,1,30,0,1,LivesExhausted,,,,,,,,,
ppo_rollout,4706304,5226.965898800001,900.389268099198,,,,,,,,,,,,,,,,,,,-0.01600800782519703,3.5379226530591645,-0.7691505923867226,0.9881983995437622,0.010431606,0.0849609375
training_episode,4706820,5227.823522899998,900.3402619430839,68131292,26254.666015625,301.1426086425781,261.546630859375,2,45,41,27,3,4,7,146,2,1,MaxDuration,,,,,,,,,
training_episode,4708830,5228.8724581999995,900.5440537405993,25820776,27389.33203125,305.6269836425781,272.8932800292969,2,56,43,27,5,6,3,143,2,1,MaxDuration,,,,,,,,,
ppo_rollout,4712448,5230.780869300012,900.9071719402049,,,,,,,,,,,,,,,,,,,-0.021056313640049968,3.192911308010419,-0.7466351086894671,0.9899401664733887,0.010306078,0.09044596354166666
training_episode,4714344,5232.373829899996,900.99525631373,36922050,28554.666015625,302.8442687988281,284.546630859375,2,63,41,28,4,7,5,170,1,1,MaxDuration,,,,,,,,,
training_episode,4715010,5232.7586572,901.0562704840963,6131724,1133.871337890625,51.47736740112305,9.838713645935059,3,3,12,2,1,0,1,31,1,0,LivesExhausted,,,,,,,,,
ppo_rollout,4718592,5234.652178999997,901.4146190896331,,,,,,,,,,,,,,,,,,,-0.018613660056144,3.1914432853460313,-0.7396613811453183,0.9854363799095154,0.011967286,0.11002604166666667
training_episode,4719540,5235.734278499993,901.4093819429127,8645220,926.677734375,43.29874038696289,7.766777038574219,3,5,8,1,0,1,1,18,0,0,LivesExhausted,,,,,,,,,
ppo_rollout,4724736,5238.59315250002,901.9093223044453,,,,,,,,,,,,,,,,,,,-0.01765146793331951,3.2832396646340687,-0.7233305007219315,0.9851681590080261,0.01237956,0.10979817708333334
ppo_rollout,4730880,5242.500603299995,902.4090520890077,,,,,,,,,,,,,,,,,,,-0.01653739484027028,2.274215765297413,-0.7280913929144541,0.9878205060958862,0.013340682,0.123095703125
training_episode,4733130,5244.367758000008,902.516798670318,33151806,27389.33203125,300.0715637207031,272.8932800292969,2,57,39,27,4,9,7,125,2,1,MaxDuration,,,,,,,,,
training_episode,4735368,5245.735431800014,902.7081257842073,25716047,26254.666015625,301.7431945800781,261.546630859375,2,43,42,27,4,11,5,119,0,1,MaxDuration,,,,,,,,,
ppo_rollout,4737024,5246.717475600017,902.8547891190333,,,,,,,,,,,,,,,,,,,-0.025748173795000183,1.7233165055513382,-0.7195682018995285,0.9550631046295166,0.011507612,0.11842447916666667
training_episode,4742160,5250.185414600011,903.2366717588171,58182037,1796.60888671875,75.24766540527344,14.966089248657227,6,9,14,2,5,3,0,34,0,0,LivesExhausted,,,,,,,,,
training_episode,4742352,5250.295277199999,903.254340873779,19118120,26254.666015625,301.6130676269531,261.546630859375,2,56,39,27,5,5,3,127,1,1,MaxDuration,,,,,,,,,
ppo_rollout,4743168,5250.738065600017,903.3335772497699,,,,,,,,,,,,,,,,,,,-0.020226645212581693,2.1539901634057363,-0.7208720574776332,0.9933679103851318,0.011603352,0.103759765625
training_episode,4743408,5251.442278200004,903.2581429469432,66036712,30977.33203125,304.8662414550781,308.7732849121094,2,71,38,31,5,5,9,142,2,1,MaxDuration,,,,,,,,,
ppo_rollout,4749312,5254.666474700003,903.8274879798428,,,,,,,,,,,,,,,,,,,-0.020427573914639653,2.7956598942478497,-0.7501940468947093,0.9889337420463562,0.011349071,0.10992838541666666
training_episode,4751796,5256.602961700002,903.9670742915029,71692078,30977.33203125,306.5378723144531,309.2732849121094,1,59,46,31,3,7,5,153,1,1,MaxDuration,,,,,,,,,
ppo_rollout,4755456,5258.529666300019,904.3318763562307,,,,,,,,,,,,,,,,,,,-0.024327364629910638,2.606339080631733,-0.7506630510091782,0.9884265065193176,0.014142518,0.13645833333333332
training_episode,4756236,5259.5298721000145,904.308201618967,21003242,29750.666015625,305.7671203613281,297.0066223144531,1,45,44,30,6,0,5,150,4,1,MaxDuration,,,,,,,,,
ppo_rollout,4761600,5262.484049399995,904.8198446402696,,,,,,,,,,,,,,,,,,,-0.023584319612321755,1.968399907151858,-0.7257094040513039,0.9781996011734009,0.022724053,0.15895182291666668
training_episode,4762290,5263.440930200013,904.7864435364777,1000003,1107.337890625,50.43754196166992,9.573378562927246,3,5,10,2,0,2,0,17,0,0,LivesExhausted,,,,,,,,,
ppo_rollout,4767744,5266.37743990001,905.3175649504002,,,,,,,,,,,,,,,,,,,-0.024634475072768208,1.6335591981808344,-0.6972780858476957,0.9912097454071045,0.015049636,0.14493815104166666
training_episode,4771878,5269.24219010002,905.6099203345635,54621251,30977.33203125,304.2055969238281,308.7732849121094,2,60,42,31,4,9,6,139,4,1,MaxDuration,,,,,,,,,
ppo_rollout,4773888,5270.310506400012,905.8077307215239,,,,,,,,,,,,,,,,,,,-0.02051194215309806,2.035463594396909,-0.7160006582736969,0.9913914203643799,0.010701336,0.10958658854166667
training_episode,4778376,5273.285134200007,906.1478525046441,68026563,26254.666015625,300.1616516113281,260.546630859375,4,57,36,27,8,4,4,97,1,1,MaxDuration,,,,,,,,,
training_episode,4778424,5273.3153896,906.1517559567892,43624706,26254.666015625,302.1636047363281,262.046630859375,1,53,43,27,4,9,2,182,1,1,MaxDuration,,,,,,,,,
training_episode,4779522,5273.9294964,906.2544357603787,17547185,27389.33203125,300.9223937988281,272.8932800292969,2,59,37,27,3,6,5,176,3,1,MaxDuration,,,,,,,,,
ppo_rollout,4780032,5274.219314600021,906.301333880444,,,,,,,,,,,,,,,,,,,-0.021803397910359006,2.333605181177457,-0.7152649308244388,0.9855956435203552,0.008950131,0.09873046875
ppo_rollout,4786176,5278.0918370000145,906.8004399711976,,,,,,,,,,,,,,,,,,,-0.021787252090871335,2.422082503139973,-0.6913286243875821,0.9929120540618896,0.009855968,0.10196940104166667
training_episode,4787886,5279.614705900021,906.8627668321119,11577632,28554.666015625,300.7121887207031,285.046630859375,1,54,42,28,2,2,4,157,1,1,MaxDuration,,,,,,,,,
ppo_rollout,4792320,5281.957291900006,907.3000282204335,,,,,,,,,,,,,,,,,,,-0.0195957447673815,3.265086142718792,-0.7051165963212649,0.9836257100105286,0.011499234,0.10657552083333334
ppo_rollout,4798464,5285.902872600011,907.7851250111505,,,,,,,,,,,,,,,,,,,-0.024570828416229536,1.5248738045493762,-0.7082505896687508,0.9924152493476868,0.013956851,0.13173828125
training_episode,4799058,5286.827390399994,907.7387335766432,22574177,27389.33203125,306.3476867675781,273.3932800292969,1,65,40,27,4,9,2,134,2,1,MaxDuration,,,,,,,,,
ppo_rollout,4804608,5289.863034600014,908.2669945467302,,,,,,,,,,,,,,,,,,,-0.020212723160511814,2.0011861587564153,-0.6925028180082639,0.9471803903579712,0.009628319,0.11194661458333334
training_episode,4808586,5292.599510300002,908.5490014201798,5503350,27389.33203125,305.8772277832031,272.3932800292969,3,53,36,27,6,4,4,135,3,1,MaxDuration,,,,,,,,,
ppo_rollout,4810752,5293.751504100015,908.7604501786811,,,,,,,,,,,,,,,,,,,-0.022493129324478407,1.8511843462785085,-0.7238037611047426,0.9881331920623779,0.012688491,0.10714518229166667
training_episode,4814736,5296.474756300013,909.0453974642289,21422158,28554.666015625,302.9844055175781,284.546630859375,2,45,42,28,5,4,8,168,2,1,MaxDuration,,,,,,,,,
training_episode,4814850,5296.538101000013,909.0560490994924,66979273,27389.33203125,303.5249328613281,272.3932800292969,3,46,39,27,5,5,4,163,3,1,MaxDuration,,,,,,,,,
training_episode,4816176,5297.236092700012,909.1865863099912,42786874,30977.33203125,305.4167785644531,309.2732849121094,1,51,44,31,6,7,5,166,1,1,MaxDuration,,,,,,,,,
ppo_rollout,4816896,5297.639197800017,909.2533145708264,,,,,,,,,,,,,,,,,,,-0.02194455678691156,2.2232501074671744,-0.6969383036096891,0.9804198145866394,0.009782314,0.10462239583333334
training_episode,4818282,5299.007529099996,909.2800818907981,34513283,553.7672729492188,28.560558319091797,4.037672519683838,3,3,8,1,0,0,0,8,0,0,LivesExhausted,,,,,,,,,
ppo_rollout,4823040,5301.546254800021,909.7421333697162,,,,,,,,,,,,,,,,,,,-0.01997901682431499,2.750432602564494,-0.703237077097098,0.9919479489326477,0.009495529,0.102099609375
training_episode,4824000,5302.646180500014,909.7344676210547,50222633,28554.666015625,300.9123840332031,284.546630859375,2,60,41,28,13,7,6,92,1,1,MaxDuration,,,,,,,,,
ppo_rollout,4829184,5305.403721600014,910.238740237398,,,,,,,,,,,,,,,,,,,-0.023073714589312053,1.6579321697354317,-0.7008912940820058,0.992149293422699,0.016459327,0.143017578125
training_episode,4831482,5307.280976300011,910.3497669664144,13462754,1439.552490234375,62.345542907714844,12.395524978637695,4,6,13,2,2,0,0,41,0,0,LivesExhausted,,,,,,,,,
ppo_rollout,4835328,5309.375239899993,910.7150618518117,,,,,,,,,,,,,,,,,,,-0.022779790335334837,1.7460272764166196,-0.7250735471645992,0.9921597242355347,0.011882168,0.11813151041666667
training_episode,4835496,5310.05608770001,910.6299293524863,42472687,29750.666015625,303.6050109863281,297.0066223144531,1,52,40,30,7,8,9,162,0,1,MaxDuration,,,,,,,,,
training_episode,4841166,5313.402923300018,911.1234494886144,32418703,1026.484619140625,47.23807907104492,8.764845848083496,3,3,9,2,2,0,1,18,1,0,LivesExhausted,,,,,,,,,
ppo_rollout,4841472,5313.586797199998,911.1495087557844,,,,,,,,,,,,,,,,,,,-0.018316181004047395,2.4021556903918584,-0.7136678417523702,0.98687344789505,0.010742578,0.09959309895833333
training_episode,4845162,5316.226194799994,911.3912430474159,17651914,27389.33203125,304.7461242675781,272.8932800292969,2,49,40,27,4,7,5,154,1,1,MaxDuration,,,,,,,,,
ppo_rollout,4847616,5317.544123700005,911.6268501458105,,,,,,,,,,,,,,,,,,,-0.021461372504321237,2.417618654171626,-0.7142986873785655,0.988645076751709,0.012418286,0.106982421875
training_episode,4849422,5319.107518400007,911.69843497706,73053555,729.2236938476562,35.49005126953125,5.792236804962158,3,4,6,1,0,0,0,11,0,0,LivesExhausted,,,,,,,,,
training_episode,4851372,5320.1488261000195,911.8865202040485,52526671,30977.33203125,305.2666320800781,309.2732849121094,1,64,39,31,4,7,8,132,0,1,MaxDuration,,,,,,,,,
training_episode,4852290,5320.630950000021,911.9764264048385,2780396,26254.666015625,300.8923645019531,262.046630859375,1,59,38,27,4,6,4,166,1,1,MaxDuration,,,,,,,,,
ppo_rollout,4853760,5321.414539000019,912.1183783799149,,,,,,,,,,,,,,,,,,,-0.023727588704787195,2.0558483426769576,-0.7397597332795461,0.9933150410652161,0.014411944,0.13533528645833334
training_episode,4854888,5322.599966400012,912.1271616592383,13148567,24077.33203125,305.0364074707031,239.77330017089844,2,46,45,24,4,11,1,157,3,1,MaxDuration,,,,,,,,,
training_episode,4855410,5322.901051299996,912.1736348666819,16395166,1093.4256591796875,49.88763427734375,8.434256553649902,5,6,9,2,2,0,0,23,0,0,LivesExhausted,,,,,,,,,
training_episode,4855458,5322.932321100001,912.1772938485537,43205790,691.7642211914062,34.01029968261719,5.417642116546631,3,5,8,1,0,0,1,10,0,0,LivesExhausted,,,,,,,,,
ppo_rollout,4859904,5325.276312400005,912.6106731182424,,,,,,,,,,,,,,,,,,,-0.023107915271733268,2.3117123752832414,-0.7378407344222069,0.9938532114028931,0.0109019065,0.11422526041666667
ppo_rollout,4866048,5329.136396899994,913.1025437499824,,,,,,,,,,,,,,,,,,,-0.02178395517791311,2.2938381547729176,-0.7164767424265543,0.9900196194648743,0.012924002,0.12195638020833334
training_episode,4868058,5330.811007300013,913.1927568495076,71377891,27389.33203125,304.7461242675781,273.3932800292969,1,50,41,27,3,7,5,161,2,1,MaxDuration,,,,,,,,,
ppo_rollout,4872192,5333.055959999998,913.5835131945628,,,,,,,,,,,,,,,,,,,-0.025864295116237675,1.636227552096049,-0.6967661678791046,0.9626352787017822,0.016765162,0.15006510416666666
training_episode,4873038,5334.110914699995,913.5614309351257,20165410,880.2567749023438,41.459049224853516,7.302567958831787,3,3,9,1,0,0,0,20,0,0,LivesExhausted,,,,,,,,,
training_episode,4877550,5336.533179899998,913.9922559408506,11787090,27389.33203125,303.1445617675781,272.3932800292969,3,57,35,27,7,3,4,139,4,1,MaxDuration,,,,,,,,,
ppo_rollout,4878336,5336.967866299994,914.0650875572999,,,,,,,,,,,,,,,,,,,-0.020757588895503432,2.006063767770926,-0.6933022787173589,0.9913041591644287,0.010572326,0.11442057291666667
training_episode,4883352,5340.245751800016,914.4433097210906,6969556,1053.955322265625,48.32789611816406,9.03955364227295,3,5,7,2,0,2,1,6,0,0,LivesExhausted,,,,,,,,,
ppo_rollout,4884480,5340.841469800012,914.5525152954782,,,,,,,,,,,,,,,,,,,-0.022336979447087894,1.8912958244482676,-0.7396547516187032,0.9938127398490906,0.011477123,0.1173828125
training_episode,4889064,5343.8698785000015,914.8920372612697,39121359,30977.33203125,306.4077453613281,309.7732849121094,0,66,39,31,7,7,7,199,0,1,MaxDuration,,,,,,,,,
ppo_rollout,4890624,5344.73155550001,915.0364146852785,,,,,,,,,,,,,,,,,,,-0.020176130851420265,3.0959575911362966,-0.7264879713455836,0.9889845252037048,0.011770752,0.10460611979166666
training_episode,4891194,5345.611575500021,914.9924065596713,61952281,26254.666015625,302.5339660644531,262.546630859375,0,62,40,27,8,14,3,116,3,1,MaxDuration,,,,,,,,,
training_episode,4892028,5346.051050800015,915.0731920653709,68654937,29750.666015625,305.1264953613281,297.5066223144531,0,83,38,30,6,8,6,161,2,1,MaxDuration,,,,,,,,,
training_episode,4892226,5346.159825200011,915.0916096708671,33570722,28554.666015625,306.3677062988281,285.546630859375,0,70,38,28,1,7,9,136,2,1,MaxDuration,,,,,,,,,
training_episode,4894212,5347.219282500009,915.2817083857813,44567267,496.8519592285156,25.150480270385742,3.468519687652588,3,3,7,1,0,0,1,2,0,0,LivesExhausted,,,,,,,,,
training_episode,4895580,5347.933124300005,915.4153363951772,19955952,1219.635986328125,54.26689910888672,10.696359634399414,3,3,11,2,0,0,1,13,1,0,LivesExhausted,,,,,,,,,
ppo_rollout,4896768,5348.571571000008,915.5281807483535,,,,,,,,,,,,,,,,,,,-0.022673369903350248,2.455418301622073,-0.7439755966265996,0.9846119284629822,0.010515235,0.10431315104166666
training_episode,4898874,5350.280877700017,915.6293121765846,35979489,1248.188232421875,55.38671112060547,10.981882095336914,3,8,11,2,0,5,1,15,1,0,LivesExhausted,,,,,,,,,
training_episode,4900188,5350.98955530001,915.7536095630194,37131508,802.2892456054688,38.37956619262695,6.022892475128174,4,6,7,1,2,0,1,13,0,0,LivesExhausted,,,,,,,,,
training_episode,4902420,5352.1854577000195,915.9660177595385,32313974,370.5379333496094,18.590330123901367,2.2053792476654053,3,3,5,1,0,0,1,10,0,0,LivesExhausted,,,,,,,,,
ppo_rollout,4902912,5352.472051999997,916.0088931558241,,,,,,,,,,,,,,,,,,,-0.020377473606883238,3.2113699172933896,-0.7470812683304151,0.9892423152923584,0.0124101965,0.10712890625
training_episode,4905252,5354.360300200002,916.1228839637059,49489530,1191.1942138671875,53.14708709716797,10.411941528320312,3,5,10,2,0,2,0,15,0,0,LivesExhausted,,,,,,,,,
training_episode,4907736,5355.710223400005,916.355776411739,39330817,951.1968994140625,44.25857925415039,7.011969089508057,5,10,5,1,3,2,1,5,1,0,LivesExhausted,,,,,,,,,
ppo_rollout,4909056,5356.418097899994,916.4811092555706,,,,,,,,,,,,,,,,,,,-0.01974343346276631,4.724213034907977,-0.7197684248288473,0.9831845760345459,0.0112564415,0.10218098958333334
training_episode,4909770,5357.376383199997,916.4504505220822,10635071,28554.666015625,306.0874328613281,285.046630859375,1,69,40,28,6,6,8,161,4,1,MaxDuration,,,,,,,,,
ppo_rollout,4915200,5360.348365400016,916.9553291958858,,,,,,,,,,,,,,,,,,,-0.02038438997309034,3.09430701682965,-0.7286060546835263,0.9923945069313049,0.010849868,0.09934895833333333
training_episode,4919706,5363.315982400003,917.2881135745624,35455844,29750.666015625,302.9343566894531,297.5066223144531,0,68,28,30,4,4,8,147,3,1,MaxDuration,,,,,,,,,
ppo_rollout,4921344,5364.207799800002,917.4409686708046,,,,,,,,,,,,,,,,,,,-0.018701889135021094,4.37730973760287,-0.720874685049057,0.9858533143997192,0.0109878965,0.09537760416666667
training_episode,4922994,5365.697090500005,917.4938348115451,49384801,524.5130004882812,27.400531768798828,3.7451295852661133,3,3,6,1,0,0,1,4,1,0,LivesExhausted,,,,,,,,,
ppo_rollout,4927488,5368.122127500013,917.9165233140437,,,,,,,,,,,,,,,,,,,-0.025657607176496337,1.7306948552529018,-0.7365355874101321,0.9856812953948975,0.01408234,0.14044596354166666
training_episode,4928508,5369.231224799994,917.9168848671792,67188731,28554.666015625,303.9753723144531,283.546630859375,4,81,36,28,5,8,4,182,2,1,MaxDuration,,,,,,,,,
training_episode,4929312,5369.669287099998,917.9917302993119,54725980,1163.2901611328125,52.64717102050781,9.632901191711426,4,5,10,2,1,1,0,28,0,0,LivesExhausted,,,,,,,,,
training_episode,4930950,5370.512176100019,918.1526525428675,33884909,29750.666015625,306.1374816894531,296.5066223144531,2,64,42,30,9,6,8,118,1,1,MaxDuration,,,,,,,,,
ppo_rollout,4933632,5371.969359800016,918.4028555560611,,,,,,,,,,,,,,,,,,,-0.02526161708131743,2.004951000213623,-0.7230930457512538,0.9938678741455078,0.01395996,0.13082682291666667
training_episode,4935030,5373.288133299997,918.4376265653856,55354354,1221.4866943359375,54.33688735961914,10.714866638183594,3,4,13,2,1,1,0,14,0,0,LivesExhausted,,,,,,,,,
ppo_rollout,4939776,5375.870309799997,918.8793098291426,,,,,,,,,,,,,,,,,,,-0.0229811477009207,2.351403131087621,-0.7345736940701802,0.9946207404136658,0.0135233505,0.12369791666666667
training_episode,4941192,5377.294451399997,918.8992800484533,35351115,1130.4835205078125,51.347389221191406,9.804834365844727,3,4,13,2,0,2,2,18,1,1,LivesExhausted,,,,,,,,,
training_episode,4942044,5377.759160300018,918.9783054033772,42367958,27389.33203125,306.5879211425781,272.3932800292969,3,71,41,27,2,7,8,120,4,1,MaxDuration,,,,,,,,,
training_episode,4944492,5379.140244800015,919.1974507040995,37969340,29750.666015625,306.2475891113281,296.5066223144531,2,72,38,30,3,2,5,146,4,1,MaxDuration,,,,,,,,,
training_episode,4944924,5379.377028899995,919.2372970762315,36817321,617.143310546875,31.06061553955078,4.6714324951171875,3,5,5,1,0,1,1,6,1,0,LivesExhausted,,,,,,,,,
ppo_rollout,4945920,5379.974663300003,919.3203145990728,,,,,,,,,,,,,,,,,,,-0.021074298379244284,2.853595226009687,-0.7200775722662608,0.9910017848014832,0.013342415,0.11588541666666667
training_episode,4946226,5380.736879700009,919.246956427233,14195857,30977.33203125,303.7451477050781,309.7732849121094,0,76,33,31,4,6,8,151,0,1,MaxDuration,,,,,,,,,
training_episode,4947114,5381.203078699997,919.3323365887792,58286766,899.8158569335938,42.228919982910156,7.4981584548950195,3,5,7,1,1,1,0,6,0,0,LivesExhausted,,,,,,,,,
training_episode,4951584,5383.567464099993,919.7588834948851,12729651,773.5861206054688,37.2397575378418,6.235860824584961,3,3,10,1,0,0,1,24,0,0,LivesExhausted,,,,,,,,,
ppo_rollout,4952064,5383.850825100002,919.7996305753918,,,,,,,,,,,,,,,,,,,-0.021291995009717842,2.846588510274887,-0.7308429871996244,0.9933118224143982,0.012201149,0.11809895833333334
training_episode,4956432,5386.776686199999,920.1109102401686,44986183,2379.9130859375,95.89207458496094,20.799131393432617,6,9,12,3,3,1,0,46,0,0,LivesExhausted,,,,,,,,,
ppo_rollout,4958208,5387.714852200006,920.2803296049303,,,,,,,,,,,,,,,,,,,-0.016527607068807508,4.054586084187031,-0.7557286337018013,0.9861818552017212,0.021198295,0.13377278645833332
training_episode,4964070,5391.48605940002,920.7238867557076,67398189,1472.189453125,63.63532638549805,12.721894264221191,4,7,11,2,1,5,0,17,0,0,LivesExhausted,,,,,,,,,
ppo_rollout,4964352,5391.644423599995,920.7491462660862,,,,,,,,,,,,,,,,,,,-0.019279628691341106,3.1580360611279805,-0.7140808011094729,0.9868501424789429,0.013989884,0.13468424479166666
training_episode,4965606,5392.926485300006,920.7627831633173,65617796,27389.33203125,302.4038391113281,272.8932800292969,2,64,39,27,3,1,6,173,2,1,MaxDuration,,,,,,,,,
training_episode,4967514,5393.97379020002,920.9377340737494,44776725,27389.33203125,304.6660461425781,272.3932800292969,3,69,40,27,7,8,5,160,1,1,MaxDuration,,,,,,,,,
ppo_rollout,4970496,5395.606024200009,921.2118115567863,,,,,,,,,,,,,,,,,,,-0.022240697795253558,3.0375512341658273,-0.7120926380157471,0.9918310046195984,0.012296581,0.115283203125
training_episode,4974480,5398.345054300007,921.4824080275527,46661847,1314.48486328125,58.00627136230469,11.644848823547363,3,5,8,2,0,3,2,30,1,1,LivesExhausted,,,,,,,,,
ppo_rollout,4976640,5399.505234600016,921.6844476989676,,,,,,,,,,,,,,,,,,,-0.021412549850841362,3.3588144173224768,-0.7095445086558659,0.990405261516571,0.012241292,0.11871744791666666
training_episode,4980672,5402.262692799995,921.9603494361943,35874760,26254.666015625,301.4529113769531,261.546630859375,2,67,36,27,3,8,2,147,0,1,MaxDuration,,,,,,,,,
ppo_rollout,4982784,5403.393017299997,922.1583519922876,,,,,,,,,,,,,,,,,,,-0.018785779325601954,3.282586008310318,-0.7150890156626701,0.9851161241531372,0.010408463,0.10387369791666666
training_episode,4982940,5404.056944900018,922.0739253502057,13881670,30977.33203125,305.9272766113281,309.2732849121094,1,68,38,31,7,5,12,164,2,1,MaxDuration,,,,,,,,,
training_episode,4983948,5404.602373600006,922.1673780008707,7179014,521.5608520507812,27.280529022216797,3.7156081199645996,3,3,8,1,0,0,0,13,0,0,LivesExhausted,,,,,,,,,
training_episode,4985268,5405.372530099994,922.2801892449359,15557334,377.6598815917969,19.400348663330078,2.2765986919403076,3,3,6,1,0,0,0,13,0,0,LivesExhausted,,,,,,,,,
training_episode,4988106,5406.845163100021,922.5538830004268,38388256,27389.33203125,304.3257141113281,273.3932800292969,1,54,41,27,9,5,8,120,3,1,MaxDuration,,,,,,,,,
ppo_rollout,4988928,5407.329024200008,922.6233465122074,,,,,,,,,,,,,,,,,,,-0.019087295179876188,3.122859646876653,-0.711213631927967,0.9866722822189331,0.009815968,0.098193359375
ppo_rollout,4995072,5411.181692700018,923.1018811914275,,,,,,,,,,,,,,,,,,,-0.02108830844517797,2.8108153849840165,-0.7162045473853748,0.9920285940170288,0.012821161,0.121337890625
training_episode,4997046,5412.82161080002,923.1868994222095,38807172,1777.522705078125,74.49750518798828,16.275226593017578,3,7,12,2,0,3,1,32,0,1,LivesExhausted,,,,,,,,,
validation,5000004,,,,,,,,,,,,,,,,,,14221.611087646485,17549.078125,11995.377859899068,,,,,,
training_episode,5000376,5654.712943199993,884.2846754958874,29486291,28554.666015625,302.5339660644531,284.546630859375,2,72,34,28,11,5,9,154,2,1,MaxDuration,,,,,,,,,
ppo_rollout,5001216,5655.189497700019,884.3586942637392,,,,,,,,,,,,,,,,,,,-0.027710564040656513,1.7180060947934785,-0.7041852782169978,0.9947894811630249,0.0146830445,0.13649088541666668
