kind,total_timesteps,wall_seconds,transitions_per_second,seed,final_score,survival_time,episode_reward,life_loss_count,collisions,obstacles_avoided,max_level,hearts_collected,shields_collected,boosts_collected,gold_collected,diamonds_collected,turbo_activations,terminal_reason,mean_final_score,median_final_score,std_final_score,policy_gradient_loss,value_loss,entropy_loss,explained_variance,approx_kl,clip_fraction
training_episode,1794,1.05971910000153,1692.9014490702393,50117904,260.94024658203125,14.930246353149414,1.1094024181365967,3,5,2,1,0,0,0,5,0,0,LivesExhausted,,,,,,,,,
training_episode,1794,1.05971910000153,1692.9014490702393,73263013,292.9309387207031,14.950246810913086,1.429309368133545,3,6,3,1,0,0,0,9,0,0,LivesExhausted,,,,,,,,,
training_episode,2112,1.2349074000012479,1710.249691594581,35979489,321.3721923828125,17.580307006835938,1.713721752166748,3,4,3,1,0,0,0,0,1,0,LivesExhausted,,,,,,,,,
training_episode,2130,1.2527853999999934,1700.21138496666,5817537,336.1963806152344,17.740310668945312,1.8619637489318848,3,5,1,1,0,0,0,3,0,0,LivesExhausted,,,,,,,,,
training_episode,2262,1.328756400002021,1702.3436349932608,23307280,365.4230041503906,18.8503360748291,2.1542298793792725,3,5,4,1,0,0,0,5,1,0,LivesExhausted,,,,,,,,,
training_episode,2466,1.4469601000018883,1704.2626123531545,33361264,382.22393798828125,20.510374069213867,2.3222391605377197,3,6,3,1,0,0,0,4,0,0,LivesExhausted,,,,,,,,,
training_episode,3990,2.2504779000009876,1772.956757317301,17442456,300.7280578613281,15.620262145996094,1.5072805881500244,3,3,3,1,0,0,0,7,0,0,LivesExhausted,,,,,,,,,
training_episode,4074,2.3062080000017886,1766.5362361056941,19222849,364.9521484375,19.00033950805664,2.1495213508605957,3,9,1,1,0,0,0,20,0,0,LivesExhausted,,,,,,,,,
training_episode,4140,2.3523174000001745,1759.9665759389839,4979705,327.9508972167969,16.750288009643555,1.7795090675354004,3,5,3,1,0,0,0,7,0,0,LivesExhausted,,,,,,,,,
training_episode,4518,2.5616444000006595,1763.7108413637884,6445911,439.3455810546875,22.67042350769043,2.8934555053710938,3,5,4,1,0,0,0,7,1,0,LivesExhausted,,,,,,,,,
training_episode,4548,2.6157860000021174,1738.6743410953031,26030234,374.89996337890625,19.020339965820312,2.24899959564209,3,4,5,1,1,0,0,5,0,0,LivesExhausted,,,,,,,,,
training_episode,5376,3.0380110000005516,1769.578846159222,10320884,454.54534912109375,24.230459213256836,2.5454533100128174,4,5,5,1,1,0,0,10,0,0,LivesExhausted,,,,,,,,,
training_episode,6036,3.3657359999997425,1793.3670377000637,16918811,246.4267120361328,12.640193939208984,0.9642671346664429,3,4,3,1,0,0,1,0,0,0,LivesExhausted,,,,,,,,,
ppo_rollout,6144,3.4257028000029095,1793.5005920521714,,,,,,,,,,,,,,,,,,,,,,,,
training_episode,6990,4.541485000001558,1539.1441345721944,61847552,446.282958984375,24.300460815429688,2.46282958984375,4,9,3,1,1,0,0,10,0,0,LivesExhausted,,,,,,,,,
training_episode,7164,4.640432200001669,1543.8217155715415,17337727,499.7843933105469,26.420509338378906,3.4978437423706055,3,7,4,1,0,0,0,0,0,0,LivesExhausted,,,,,,,,,
training_episode,7272,4.69585300000108,1548.6004353199148,10739800,405.244384765625,22.680423736572266,2.552443742752075,3,7,3,1,0,0,0,12,0,0,LivesExhausted,,,,,,,,,
training_episode,7314,4.72125589999996,1549.1640688233108,63627945,499.9485168457031,26.430509567260742,3.4994850158691406,3,7,3,1,0,0,0,5,0,0,LivesExhausted,,,,,,,,,
training_episode,7746,4.958468700002413,1562.1758386810488,22050532,331.0355224609375,19.750356674194336,1.8103551864624023,3,5,4,1,0,0,0,9,0,0,LivesExhausted,,,,,,,,,
training_episode,8568,5.3954372000007425,1588.0084750127053,58286766,364.8984680175781,21.09038734436035,2.148984670639038,3,5,2,1,0,0,0,0,0,0,LivesExhausted,,,,,,,,,
training_episode,9132,5.686837799999921,1605.8133397087793,65827254,345.9037170410156,17.830312728881836,1.9590373039245605,3,5,4,1,0,0,0,5,0,0,LivesExhausted,,,,,,,,,
training_episode,9174,5.711835699999938,1606.13863595553,44567267,302.7765808105469,15.460258483886719,1.5277657508850098,3,5,2,1,0,0,0,2,0,0,LivesExhausted,,,,,,,,,
training_episode,9450,5.99777240000185,1575.5849621764717,33256535,284.8868713378906,14.20022964477539,1.348868727684021,3,4,3,1,0,0,0,0,0,0,LivesExhausted,,,,,,,,,
training_episode,9522,6.0437793000019155,1575.5042544318226,42786874,387.6488342285156,19.630353927612305,2.376488447189331,3,7,2,1,0,0,0,5,0,0,LivesExhausted,,,,,,,,,
training_episode,10362,6.470274500003143,1601.4776498269073,32523432,482.2119445800781,25.730493545532227,3.3221194744110107,3,8,4,1,0,0,0,18,0,0,LivesExhausted,,,,,,,,,
training_episode,11190,6.922843100001046,1616.3879259372943,24878215,283.56707763671875,16.800289154052734,1.3356707096099854,3,4,2,1,0,0,0,0,0,0,LivesExhausted,,,,,,,,,
training_episode,11862,7.3452815000018745,1614.914282045824,24354570,397.1579284667969,20.06036376953125,2.471579074859619,3,6,5,1,0,0,0,0,0,0,LivesExhausted,,,,,,,,,
training_episode,11880,7.358128800002305,1614.540914260196,27077524,392.0411682128906,19.630353927612305,2.4204115867614746,3,6,4,1,0,0,0,10,0,0,LivesExhausted,,,,,,,,,
training_episode,11928,7.386725600001228,1614.7885607119367,1418919,539.31787109375,27.980545043945312,3.893178939819336,3,4,6,1,0,0,0,15,0,0,LivesExhausted,,,,,,,,,
training_episode,12144,7.495474000003014,1620.1777232494057,37969340,465.5810546875,25.070478439331055,2.6558103561401367,4,6,1,1,1,0,0,15,0,0,LivesExhausted,,,,,,,,,
ppo_rollout,12288,7.587263500001427,1619.556247123576,,,,,,,,,,,,,,,,,,,-0.004898828179769528,0.049901521174858014,-1.4204758783181508,-0.29468095302581787,0.005369486,0.03536783854166667
training_episode,13824,9.005819500001962,1535.0074471287137,35874760,560.460693359375,28.82056427001953,4.104606628417969,3,5,7,1,0,0,0,14,0,0,LivesExhausted,,,,,,,,,
training_episode,14070,9.141700500000297,1539.1009582954005,67188731,438.2276306152344,23.990453720092773,2.8822760581970215,3,7,4,1,0,0,0,14,0,0,LivesExhausted,,,,,,,,,
training_episode,14748,9.509646900001826,1550.8462254258009,26134963,424.7987060546875,23.46044158935547,2.7479872703552246,3,8,2,1,0,0,0,16,0,0,LivesExhausted,,,,,,,,,
training_episode,14766,9.52392410000175,1550.4113477759956,46242931,439.36346435546875,24.040454864501953,2.893634796142578,3,6,3,1,0,0,0,5,0,0,LivesExhausted,,,,,,,,,
training_episode,14790,9.53998810000121,1550.3163992414334,71901536,447.72308349609375,24.360462188720703,2.977231025695801,3,8,4,1,0,0,0,11,0,0,LivesExhausted,,,,,,,,,
training_episode,15534,9.921213200002967,1565.7359323752214,56192186,545.7950439453125,28.240550994873047,3.9579501152038574,3,6,3,1,0,0,0,6,0,0,LivesExhausted,,,,,,,,,
training_episode,17262,10.786437500002648,1600.3430233564845,14300586,539.2548828125,26.56051254272461,3.3925485610961914,4,9,5,1,1,0,0,14,0,0,LivesExhausted,,,,,,,,,
training_episode,17484,10.899675200002093,1604.0844960221054,28124814,472.0205078125,22.610422134399414,3.220205068588257,3,3,8,1,0,0,0,7,0,0,LivesExhausted,,,,,,,,,
training_episode,17496,10.90965590000269,1603.716942162739,24249841,471.8967590332031,22.530420303344727,3.2189674377441406,3,5,5,1,0,0,0,9,0,0,LivesExhausted,,,,,,,,,
ppo_rollout,18432,11.391178100002435,1618.0942689322064,,,,,,,,,,,,,,,,,,,-0.005502289306605235,0.03301049872922401,-1.4132141540447871,0.213204026222229,0.0052289194,0.0419921875
training_episode,18780,12.12100350000037,1549.3766667091077,64884693,876.127685546875,41.28907775878906,6.261276721954346,5,7,9,1,2,0,0,18,1,0,LivesExhausted,,,,,,,,,
training_episode,19734,12.673354700000345,1557.125202216542,58496224,716.1015014648438,34.97013854980469,5.661015510559082,3,5,8,1,0,0,0,4,0,0,LivesExhausted,,,,,,,,,
training_episode,20064,12.842883600002097,1562.2659696142325,22469448,421.4787292480469,23.320438385009766,2.714787006378174,3,3,5,1,0,0,0,12,0,0,LivesExhausted,,,,,,,,,
training_episode,20070,12.849909700002172,1561.878679972094,64151590,953.273193359375,44.34856414794922,8.032731056213379,3,5,10,1,1,0,0,10,0,0,LivesExhausted,,,,,,,,,
training_episode,20118,12.878862300000037,1562.0945027108444,66874544,386.0981750488281,21.920406341552734,2.3609814643859863,3,5,4,1,0,0,0,5,0,0,LivesExhausted,,,,,,,,,
training_episode,20622,13.142189100002724,1569.1449760067542,53155045,284.3940734863281,15.31025505065918,1.3439406156539917,3,4,4,1,0,0,0,9,0,0,LivesExhausted,,,,,,,,,
training_episode,20904,13.284960900000442,1573.5085829269776,22993093,549.5459594726562,28.390554428100586,3.99545955657959,3,5,6,1,0,1,1,2,1,0,LivesExhausted,,,,,,,,,
training_episode,21462,13.564561600000161,1582.2111051491518,34199096,291.3496398925781,14.360233306884766,1.4134962558746338,3,5,3,1,0,0,0,0,0,0,LivesExhausted,,,,,,,,,
training_episode,21924,13.80314240000007,1588.3339724148532,43519977,316.35516357421875,15.490259170532227,1.6635515689849854,3,3,4,1,0,0,0,10,0,0,LivesExhausted,,,,,,,,,
training_episode,22560,14.148944500000653,1594.4652267170147,65513067,278.3609619140625,13.800220489501953,1.2836096286773682,3,5,4,1,0,0,0,5,0,0,LivesExhausted,,,,,,,,,
training_episode,22608,14.176907500001107,1594.7060386757996,1628377,434.59735107421875,21.14038848876953,2.845973253250122,3,4,6,1,0,0,0,3,0,0,LivesExhausted,,,,,,,,,
training_episode,22830,14.291406200001802,1597.4635162211764,36922050,457.651123046875,22.590421676635742,3.0765109062194824,3,5,7,1,0,0,0,5,0,0,LivesExhausted,,,,,,,,,
training_episode,24444,15.079931600001146,1620.962259536916,54935438,433.2763671875,20.960384368896484,2.332763671875,4,5,4,1,1,0,0,9,0,0,LivesExhausted,,,,,,,,,
ppo_rollout,24576,15.151546700002655,1622.012622645033,,,,,,,,,,,,,,,,,,,-0.00726666345144622,0.03371349622805913,-1.4059028416872024,0.4217262864112854,0.006570836,0.06375325520833333
training_episode,25512,16.20943890000126,1573.8977861841977,60171888,684.7276611328125,33.7303466796875,5.34727668762207,3,5,8,1,0,0,0,17,0,0,LivesExhausted,,,,,,,,,
training_episode,25608,16.261931600001844,1574.7206807829086,59334056,416.6184387207031,23.130434036254883,2.166184425354004,4,5,7,1,1,0,0,0,0,0,LivesExhausted,,,,,,,,,
training_episode,26106,16.514720500003023,1580.7715304655155,45719286,987.2022094726562,45.678340911865234,8.372021675109863,3,5,11,1,0,0,1,19,0,0,LivesExhausted,,,,,,,,,
training_episode,26190,16.561580700003105,1581.3707927042913,33151806,585.333740234375,29.81058692932129,4.353337287902832,3,3,10,1,0,0,0,0,0,0,LivesExhausted,,,,,,,,,
training_episode,27108,17.056646300003194,1589.2924976696575,21841074,789.3305053710938,37.85965347290039,6.393304824829102,3,6,9,1,0,1,0,15,0,0,LivesExhausted,,,,,,,,,
training_episode,27792,17.47352890000184,1590.5201610418303,38388256,536.8933715820312,27.880542755126953,3.86893367767334,3,4,2,1,0,0,0,14,0,0,LivesExhausted,,,,,,,,,
training_episode,28812,18.07658690000244,1593.8849606612469,56506373,505.7718505859375,26.66051483154297,3.557718276977539,3,6,6,1,0,0,0,10,0,0,LivesExhausted,,,,,,,,,
training_episode,29298,18.319899500002066,1599.2445810085746,66141441,504.1939697265625,26.600513458251953,3.5419397354125977,3,4,7,1,0,0,0,21,0,0,LivesExhausted,,,,,,,,,
training_episode,30012,18.6776976000001,1606.8361659308498,62475926,637.0501098632812,31.840633392333984,4.870500564575195,3,5,7,1,0,0,1,3,0,0,LivesExhausted,,,,,,,,,
training_episode,30510,18.93938100000014,1610.9291005867497,71692078,548.48681640625,28.350553512573242,3.984868049621582,3,5,5,1,0,0,0,4,0,0,LivesExhausted,,,,,,,,,
ppo_rollout,30720,19.056285400001798,1612.066536324918,,,,,,,,,,,,,,,,,,,-0.005806615551894841,0.02746225179483493,-1.3986652304728826,0.5975600481033325,0.0046010106,0.043538411458333336
training_episode,30900,19.879648600002838,1554.3534305729925,21736345,966.7268676757812,44.86847686767578,8.167267799377441,3,3,10,1,0,0,0,16,0,0,LivesExhausted,,,,,,,,,
training_episode,31800,20.4119860000028,1557.9081819865858,50955736,461.01300048828125,24.890474319458008,3.1101300716400146,3,5,8,1,0,1,0,5,0,0,LivesExhausted,,,,,,,,,
training_episode,32496,20.7849907000018,1563.4358691340278,60276617,354.2704162597656,20.670377731323242,2.0427041053771973,3,6,3,1,0,0,0,8,0,0,LivesExhausted,,,,,,,,,
training_episode,33030,21.070093900001666,1567.6247176097013,41844313,329.59893798828125,17.75031089782715,1.7959892749786377,3,5,2,1,0,0,0,15,1,0,LivesExhausted,,,,,,,,,
training_episode,33180,21.15403690000312,1568.4949476473262,45300370,394.0609130859375,22.240413665771484,2.4406092166900635,3,3,1,1,0,0,0,3,0,0,LivesExhausted,,,,,,,,,
training_episode,33186,21.162234800001897,1568.1708625592332,9587781,968.1500854492188,44.9384651184082,7.681500434875488,4,5,8,1,1,0,0,13,0,0,LivesExhausted,,,,,,,,,
training_episode,34038,21.60812000000078,1575.2411593418942,35560573,829.732666015625,39.45938491821289,6.797326564788818,3,4,10,1,0,1,0,19,1,0,LivesExhausted,,,,,,,,,
training_episode,34602,21.909022200001345,1579.3493513369974,33884909,346.2331237792969,17.540306091308594,1.9623312950134277,3,5,3,1,0,0,0,0,0,0,LivesExhausted,,,,,,,,,
training_episode,35226,22.22843869999997,1584.7266861797202,10111426,564.0215454101562,28.53055763244629,4.1402153968811035,3,3,8,1,0,0,0,5,0,0,LivesExhausted,,,,,,,,,
training_episode,35922,22.57823720000306,1591.0010902000415,15243147,459.25567626953125,22.850427627563477,3.0925567150115967,3,3,8,1,0,0,0,24,0,0,LivesExhausted,,,,,,,,,
training_episode,36384,22.811784500001522,1594.965093590007,28334272,541.6829833984375,26.620513916015625,3.9168295860290527,3,4,7,1,0,0,0,5,0,0,LivesExhausted,,,,,,,,,
ppo_rollout,36864,23.05261260000043,1599.1246042107746,,,,,,,,,,,,,,,,,,,-0.007865148295726007,0.037259438370044036,-1.3924731334050497,0.6047098636627197,0.007864619,0.06272786458333333
training_episode,36888,23.65091880000182,1559.6857065864674,38283527,395.8532409667969,19.05034065246582,2.4585323333740234,3,3,7,1,0,0,0,1,0,0,LivesExhausted,,,,,,,,,
training_episode,37722,24.10995120000007,1564.5821796603177,71377891,608.0552368164062,30.700607299804688,4.580551624298096,3,4,8,1,0,0,0,18,0,0,LivesExhausted,,,,,,,,,
training_episode,38082,24.317637700001796,1566.0238247565135,3722957,895.96875,42.07894515991211,7.45968770980835,3,4,9,1,0,0,1,10,0,0,LivesExhausted,,,,,,,,,
training_episode,39276,25.017579600000317,1569.9360460913454,1942564,684.9832763671875,33.7403450012207,5.349833011627197,3,5,8,1,0,0,0,11,0,0,LivesExhausted,,,,,,,,,
training_episode,40182,25.535526700001355,1573.5723986456042,52421942,729.50390625,35.50004959106445,5.795039176940918,3,3,8,1,0,0,1,11,0,0,LivesExhausted,,,,,,,,,
training_episode,40368,25.634543100000883,1574.750126909756,41006481,341.23480224609375,19.020339965820312,1.9123480319976807,3,4,4,1,0,0,0,5,0,0,LivesExhausted,,,,,,,,,
training_episode,40422,25.666727200001333,1574.8794026220025,2675667,405.38787841796875,22.50041961669922,2.5538787841796875,3,4,5,1,0,0,0,0,1,0,LivesExhausted,,,,,,,,,
training_episode,40944,25.947692200003075,1577.9437987936033,20689055,792.07275390625,37.97963333129883,6.420727729797363,3,4,5,1,0,0,0,25,0,0,LivesExhausted,,,,,,,,,
training_episode,41934,26.476369600000908,1583.827414163253,5712808,894.0665893554688,42.00895690917969,7.4406657218933105,3,3,9,1,0,0,1,13,0,0,LivesExhausted,,,,,,,,,
training_episode,42456,26.77632100000119,1585.5800354349694,42367958,505.9208679199219,26.500511169433594,3.559208393096924,3,5,6,1,0,0,0,6,0,0,LivesExhausted,,,,,,,,,
ppo_rollout,43008,27.072519600002124,1588.621991430625,,,,,,,,,,,,,,,,,,,-0.006045533085125498,0.03620390137657523,-1.3882391303777695,0.6896928548812866,0.0060334653,0.04611002604166667
training_episode,43806,28.03935830000046,1562.3039418844078,4560789,555.5765991210938,28.63055992126465,4.0557661056518555,3,3,7,1,0,0,0,5,1,0,LivesExhausted,,,,,,,,,
training_episode,44706,28.510716000000684,1568.0419951571516,41215939,623.665283203125,31.320621490478516,4.236652851104736,4,5,5,1,1,0,0,15,0,0,LivesExhausted,,,,,,,,,
training_episode,45084,28.718895500001963,1569.837530833904,33780180,814.0337524414062,38.8394889831543,6.6403374671936035,3,4,7,1,0,0,0,11,1,0,LivesExhausted,,,,,,,,,
training_episode,45444,28.933135900002526,1570.6558790260974,55144896,460.4130554199219,24.8604736328125,3.104130744934082,3,8,2,1,0,1,0,10,1,0,LivesExhausted,,,,,,,,,
training_episode,45462,28.947045900000376,1570.5229527410743,3513499,574.7369995117188,29.380577087402344,4.247369766235352,3,3,6,1,0,0,0,10,0,0,LivesExhausted,,,,,,,,,
training_episode,46116,29.31249840000237,1573.2538172179916,50746278,1082.359619140625,49.44770812988281,9.323596000671387,3,4,10,2,0,0,0,22,0,0,LivesExhausted,,,,,,,,,
training_episode,46302,29.409257200000866,1574.4022259766098,52840858,401.9112548828125,20.7703800201416,2.5191123485565186,3,3,5,1,0,0,0,10,0,0,LivesExhausted,,,,,,,,,
training_episode,47622,30.1077492000004,1581.7190346463817,37864611,358.8023376464844,18.120319366455078,2.0880234241485596,3,4,3,1,0,1,0,0,0,0,LivesExhausted,,,,,,,,,
training_episode,47724,30.175508800002717,1581.5474833019452,50327362,485.8433837890625,25.1104793548584,2.858433723449707,4,7,3,1,1,0,0,13,0,0,LivesExhausted,,,,,,,,,
training_episode,48414,30.53616620000321,1585.4642551688403,9797239,535.072021484375,27.720539093017578,3.850719928741455,3,3,6,1,0,0,0,16,0,0,LivesExhausted,,,,,,,,,
ppo_rollout,49152,30.945173300002352,1588.357561403486,,,,,,,,,,,,,,,,,,,-0.006860020067930842,0.04770929298053185,-1.3858880092700323,0.6878750920295715,0.006870153,0.06276041666666667
training_episode,49530,31.730870700001105,1560.940462941607,8854678,305.263671875,15.860267639160156,1.5526366233825684,3,4,4,1,0,0,0,0,1,0,LivesExhausted,,,,,,,,,
training_episode,50076,32.018999100000656,1563.9464507808107,4456060,626.7791748046875,31.440624237060547,4.767791271209717,3,4,9,1,0,0,0,2,1,0,LivesExhausted,,,,,,,,,
training_episode,50466,32.22251900000265,1566.1717819142523,42996332,886.4095458984375,41.69900894165039,6.864095687866211,4,8,7,1,1,1,0,13,1,0,LivesExhausted,,,,,,,,,
training_episode,51744,32.8790461000026,1573.7682852056926,64570506,1018.1123657226562,46.898136138916016,8.181122779846191,4,5,10,2,1,0,1,16,1,0,LivesExhausted,,,,,,,,,
training_episode,52020,33.03290290000223,1574.793476597435,48337511,421.9029846191406,20.720378875732422,2.719029664993286,3,3,7,1,0,0,0,10,0,0,LivesExhausted,,,,,,,,,
training_episode,52584,33.322703400001046,1578.0232284514573,14405315,710.5016479492188,34.75017547607422,5.105016231536865,4,4,6,1,1,0,0,14,0,0,LivesExhausted,,,,,,,,,
training_episode,53472,33.77994810000018,1582.9509222958134,58705682,574.6096801757812,28.270551681518555,4.246096611022949,3,3,9,1,0,0,0,9,2,0,LivesExhausted,,,,,,,,,
training_episode,54000,34.05008319999979,1585.8992086104604,3199312,379.51422119140625,18.800334930419922,2.29514217376709,3,4,5,1,0,0,0,12,0,0,LivesExhausted,,,,,,,,,
training_episode,54054,34.08065280000301,1586.0611684056482,52631400,1165.013671875,52.717159271240234,10.15013599395752,3,6,10,2,0,1,0,16,1,0,LivesExhausted,,,,,,,,,
training_episode,54582,34.34992710000006,1588.9990054738691,30638310,435.50555419921875,21.330392837524414,2.355055332183838,4,5,7,1,1,0,1,0,0,0,LivesExhausted,,,,,,,,,
training_episode,54948,34.538440600001195,1590.9230134726492,69597498,402.4834899902344,19.660354614257812,2.524834632873535,3,4,7,1,0,0,0,10,0,0,LivesExhausted,,,,,,,,,
ppo_rollout,55296,34.715489199999865,1592.8336680331215,,,,,,,,,,,,,,,,,,,-0.007724769397949179,0.03497843509539962,-1.3800667583942414,0.7696210145950317,0.006370016,0.061376953125
training_episode,57162,36.21032440000272,1578.61054677532,66665086,1257.4036865234375,55.756649017333984,10.574036598205566,4,5,12,2,1,0,0,9,1,0,LivesExhausted,,,,,,,,,
training_episode,58536,37.020088700002816,1581.1955631536762,60904991,664.7244873046875,32.94047927856445,5.147244930267334,3,4,6,1,0,0,0,9,1,0,LivesExhausted,,,,,,,,,
training_episode,58560,37.04361400000198,1580.839277722656,55668541,591.6873168945312,30.060592651367188,4.416872978210449,3,4,4,1,0,0,0,13,0,0,LivesExhausted,,,,,,,,,
training_episode,58608,37.10205560000031,1579.6429349321418,5398621,913.6593627929688,42.77882766723633,7.636593818664551,3,5,10,1,0,0,0,15,0,0,LivesExhausted,,,,,,,,,
training_episode,59544,37.656518400002824,1581.2401817794057,66455628,999.2659912109375,46.16825866699219,7.992659568786621,4,6,8,1,1,1,0,25,1,0,LivesExhausted,,,,,,,,,
training_episode,60660,38.407285400000546,1579.3878522848984,7912117,567.9544677734375,29.12057113647461,4.179544925689697,3,3,9,1,0,0,0,18,0,0,LivesExhausted,,,,,,,,,
training_episode,61110,38.84599010000238,1573.1353440260557,41949042,1334.45556640625,58.796138763427734,11.344555854797363,4,7,9,2,1,1,0,35,0,0,LivesExhausted,,,,,,,,,
training_episode,61224,38.92135080000298,1573.0183753025167,20374868,382.1296081542969,21.770402908325195,2.321296215057373,3,4,4,1,0,0,0,8,0,0,LivesExhausted,,,,,,,,,
ppo_rollout,61440,39.03984480000145,1573.776748210785,,,,,,,,,,,,,,,,,,,-0.005232145536380509,0.051819642850508295,-1.3788419713576634,0.7476809024810791,0.0060955477,0.05706380208333333
training_episode,62124,39.99592180000036,1553.2583624563304,19746494,586.9724731445312,29.870588302612305,4.369724273681641,3,4,5,1,0,0,0,16,0,0,LivesExhausted,,,,,,,,,
training_episode,62508,40.23312900000019,1553.6450073271633,45614557,663.5307006835938,32.89048767089844,5.1353068351745605,3,4,6,1,0,0,1,6,0,0,LivesExhausted,,,,,,,,,
training_episode,63072,40.62894170000072,1552.390915464059,48651698,574.1102294921875,29.360576629638672,4.24110221862793,3,5,5,1,0,0,0,9,0,0,LivesExhausted,,,,,,,,,
training_episode,65478,42.205568200002745,1551.4066696061147,67712376,727.4671630859375,35.42006301879883,5.77467155456543,3,3,4,1,0,0,0,23,0,0,LivesExhausted,,,,,,,,,
training_episode,66312,42.792001300000265,1549.63539880056,69178582,514.0100708007812,26.98052215576172,3.6401004791259766,3,4,5,1,0,0,0,22,0,0,LivesExhausted,,,,,,,,,
training_episode,66576,42.973564500000066,1549.2315048708583,47604408,769.56884765625,37.08978271484375,6.195688724517822,3,6,5,1,0,1,0,15,0,0,LivesExhausted,,,,,,,,,
training_episode,67068,43.28609510000024,1549.4121113271692,34408554,1086.5201416015625,49.60768127441406,8.865200996398926,4,4,6,2,1,0,1,19,0,0,LivesExhausted,,,,,,,,,
ppo_rollout,67584,43.675757500001055,1547.4030416071976,,,,,,,,,,,,,,,,,,,-0.00508074500442793,0.05295956957464417,-1.3770686854918799,0.7800369262695312,0.0073300214,0.0671875
training_episode,68286,44.98260850000224,1518.0533605559267,65722525,1048.57666015625,48.107933044433594,8.485766410827637,4,5,7,2,1,0,0,25,0,0,LivesExhausted,,,,,,,,,
training_episode,69192,45.56330110000272,1518.590583420126,61742823,382.4954833984375,21.78040313720703,2.3249547481536865,3,3,4,1,0,0,0,9,0,0,LivesExhausted,,,,,,,,,
training_episode,70362,46.371003800002654,1517.3706461794552,17756643,1952.4151611328125,80.80885314941406,17.524152755737305,4,6,12,2,1,1,0,58,0,0,LivesExhausted,,,,,,,,,
training_episode,70578,46.50537560000157,1517.6310069410044,3304041,314.3149108886719,19.090341567993164,1.6431491374969482,3,3,2,1,0,0,0,5,0,0,LivesExhausted,,,,,,,,,
training_episode,70890,46.71334430000206,1517.5535184278567,7807388,636.2987060546875,31.820632934570312,4.862987041473389,3,4,5,1,0,0,0,5,0,0,LivesExhausted,,,,,,,,,
training_episode,72306,47.550390600001265,1520.6184236896274,46033473,1094.0009765625,49.907630920410156,8.940010070800781,4,6,8,2,1,0,1,28,0,0,LivesExhausted,,,,,,,,,
training_episode,72834,47.892655400002695,1520.775981028521,46557118,1412.32568359375,61.27572250366211,12.123257637023926,4,6,9,2,1,1,0,12,0,0,LivesExhausted,,,,,,,,,
training_episode,73176,48.34494780000023,1513.6224844574072,10216155,424.6228942871094,23.450441360473633,2.7462289333343506,3,3,5,1,0,0,0,5,0,0,LivesExhausted,,,,,,,,,
ppo_rollout,73728,48.95237410000118,1506.1169423445435,,,,,,,,,,,,,,,,,,,-0.007156022156899174,0.065988355781883,-1.3719979107379914,0.7290995717048645,0.008208343,0.08094075520833334
training_episode,74484,50.10900970000148,1486.4392740133876,23412009,946.7741088867188,44.08860778808594,7.967741012573242,3,4,7,1,0,0,0,13,0,0,LivesExhausted,,,,,,,,,
training_episode,76362,51.10038540000096,1494.3527216528305,30952497,686.6070556640625,33.80033493041992,5.36607027053833,3,5,5,1,0,2,0,22,0,0,LivesExhausted,,,,,,,,,
training_episode,76506,51.18002770000021,1494.8409260044166,45405099,1080.01708984375,49.357723236083984,9.3001708984375,3,4,8,2,0,0,0,14,2,0,LivesExhausted,,,,,,,,,
training_episode,78420,52.2859423000009,1499.829524923732,11577632,1448.7149658203125,62.71548080444336,12.487149238586426,4,5,11,2,1,0,0,32,0,0,LivesExhausted,,,,,,,,,
training_episode,79026,52.63201610000033,1501.4815288445602,38807172,787.999755859375,37.809661865234375,6.379997730255127,3,5,10,1,0,1,0,15,0,0,LivesExhausted,,,,,,,,,
training_episode,79260,52.75494729999991,1502.4183333797043,1314190,441.38067626953125,24.110456466674805,2.913806676864624,3,4,5,1,0,0,0,8,0,0,LivesExhausted,,,,,,,,,
ppo_rollout,79872,53.07561800000258,1504.8717850067449,,,,,,,,,,,,,,,,,,,-0.006562289843956629,0.06484296945855021,-1.3689556409915289,0.796096682548523,0.006199656,0.06263020833333334
training_episode,80418,53.929633300002024,1491.1653404473823,12415464,1460.759765625,63.185401916503906,13.107597351074219,3,3,9,2,0,0,0,39,0,0,LivesExhausted,,,,,,,,,
training_episode,81690,54.58181570000306,1496.6522998976639,39854462,520.5655517578125,27.240528106689453,3.705655574798584,3,3,6,1,0,0,0,0,1,0,LivesExhausted,,,,,,,,,
training_episode,83088,55.27248200000031,1503.2435127483425,36712592,637.2272338867188,31.860633850097656,4.87227201461792,3,5,5,1,0,0,0,20,0,0,LivesExhausted,,,,,,,,,
training_episode,84048,55.75233550000121,1507.5242901707352,62161739,889.5308227539062,41.82898712158203,7.395308494567871,3,3,8,1,0,0,0,20,0,0,LivesExhausted,,,,,,,,,
ppo_rollout,86016,56.750992200002656,1515.6739409394145,,,,,,,,,,,,,,,,,,,-0.0065951268266265595,0.07456547562032938,-1.3620270897944768,0.7632821202278137,0.007887218,0.06720377604166666
training_episode,86214,57.399923600001785,1501.988061879534,64779964,545.859130859375,26.02050018310547,3.9585909843444824,3,3,9,1,0,0,0,10,0,0,LivesExhausted,,,,,,,,,
training_episode,86658,57.650678300000436,1503.1566419574867,62266468,1146.4512939453125,51.9772834777832,9.964512825012207,3,4,12,2,1,1,1,9,0,0,LivesExhausted,,,,,,,,,
training_episode,86904,57.78164160000233,1504.0071135673047,52945587,930.4786376953125,43.438716888427734,7.80478572845459,3,3,13,1,0,0,0,17,0,0,LivesExhausted,,,,,,,,,
training_episode,87894,58.28556490000119,1507.9891590790467,33989638,2355.1484375,94.90186309814453,22.051485061645508,3,5,16,3,0,2,0,47,2,0,LivesExhausted,,,,,,,,,
training_episode,89274,59.02534000000014,1512.469051427739,57030018,933.0652465820312,43.538700103759766,7.830652236938477,3,3,11,1,0,0,0,29,0,0,LivesExhausted,,,,,,,,,
training_episode,90744,59.8310773000012,1516.669999856382,21631616,785.9435424804688,37.72967529296875,6.359435558319092,3,4,9,1,0,0,0,5,0,0,LivesExhausted,,,,,,,,,
ppo_rollout,92160,60.54524520000268,1522.167425295949,,,,,,,,,,,,,,,,,,,-0.003652842895826325,0.186141407986482,-1.3535207778215408,0.45974093675613403,0.007555594,0.07210286458333333
training_episode,92256,61.23105080000096,1506.686538849968,49070614,959.4234619140625,44.588523864746094,8.094234466552734,3,4,11,1,0,0,0,24,0,0,LivesExhausted,,,,,,,,,
training_episode,94122,62.33272120000038,1509.9934382457127,56401644,1435.415771484375,62.1955680847168,12.854157447814941,3,3,15,2,0,0,1,34,0,1,LivesExhausted,,,,,,,,,
training_episode,94236,62.408573000000615,1509.9848541641718,43205790,877.4888916015625,41.34906768798828,7.274888515472412,3,5,8,1,0,0,0,9,0,0,LivesExhausted,,,,,,,,,
training_episode,95646,63.28672580000057,1511.3121873655082,73053555,1495.212158203125,64.55538177490234,13.45212173461914,3,3,12,2,0,0,0,33,0,0,LivesExhausted,,,,,,,,,
training_episode,96054,63.54747640000278,1511.5313060645128,13567483,631.9912109375,31.6506290435791,4.819911956787109,3,4,7,1,0,0,0,20,0,0,LivesExhausted,,,,,,,,,
training_episode,96192,63.65502180000112,1511.1455039985283,66769815,979.7161254882812,45.388389587402344,8.297161102294922,3,3,10,1,0,0,0,34,0,0,LivesExhausted,,,,,,,,,
ppo_rollout,98304,65.22725850000279,1507.099980294217,,,,,,,,,,,,,,,,,,,-0.005273791233776137,0.24056466395656267,-1.347613196571668,0.4960232973098755,0.0060510505,0.06341145833333334
training_episode,98802,66.15090060000148,1493.5851077437605,47394950,818.0665893554688,38.99946212768555,6.680665969848633,3,4,6,1,0,1,0,13,0,0,LivesExhausted,,,,,,,,,
training_episode,100746,67.28437930000291,1497.3163317863236,24773486,820.689208984375,39.09944534301758,6.706892490386963,3,4,7,1,0,0,0,30,0,0,LivesExhausted,,,,,,,,,
training_episode,101730,67.8543172000027,1499.2413776731064,55040167,998.642333984375,46.13826370239258,8.48642349243164,3,4,7,1,0,1,0,6,0,0,LivesExhausted,,,,,,,,,
training_episode,102174,68.1127781000032,1500.0709536467314,67502918,1223.0648193359375,54.39687728881836,10.730648040771484,3,3,9,2,0,0,0,28,0,0,LivesExhausted,,,,,,,,,
training_episode,102492,68.45899180000197,1497.1298481786444,1209461,1617.5330810546875,68.78628540039062,13.175331115722656,6,10,10,2,3,0,0,23,0,0,LivesExhausted,,,,,,,,,
training_episode,103560,69.2352086000028,1495.7707515305415,32732890,834.5191040039062,39.64935302734375,6.84519100189209,3,4,7,1,0,0,0,20,1,0,LivesExhausted,,,,,,,,,
ppo_rollout,104448,69.90862610000113,1494.064550068426,,,,,,,,,,,,,,,,,,,-0.006603804758439461,0.34656361751258374,-1.3403300841649373,0.5910159349441528,0.0070723407,0.05667317708333333
training_episode,106482,72.01626540000143,1478.5826425261687,48965885,1040.0640869140625,47.77798843383789,8.900640487670898,3,3,9,2,0,0,1,17,1,0,LivesExhausted,,,,,,,,,
training_episode,106974,72.45497840000098,1476.4202869460596,47499679,843.0427856445312,39.989295959472656,6.9304280281066895,3,4,5,1,0,1,0,13,1,0,LivesExhausted,,,,,,,,,
training_episode,107454,72.88077850000263,1474.3805185889462,40168649,1037.4476318359375,47.668006896972656,8.874476432800293,3,3,8,2,0,0,0,17,0,0,LivesExhausted,,,,,,,,,
training_episode,108828,73.75797750000129,1475.4742970005937,8435762,325.5277099609375,19.530351638793945,1.755277156829834,3,4,2,1,0,0,0,9,0,0,LivesExhausted,,,,,,,,,
training_episode,109674,74.29509410000173,1476.1943749930244,31580871,27389.33203125,304.1355285644531,272.8932800292969,2,36,38,27,1,5,1,150,3,1,MaxDuration,,,,,,,,,
training_episode,110160,74.57937790000142,1477.083921881278,23516738,1237.2515869140625,54.956783294677734,10.872516632080078,3,4,9,2,0,0,1,25,0,0,LivesExhausted,,,,,,,,,
ppo_rollout,110592,74.84852550000141,1477.544136791284,,,,,,,,,,,,,,,,,,,-0.007011638042361786,0.5839902617037296,-1.3380235254764556,0.6161027550697327,0.006541874,0.05846354166666667
training_episode,110814,75.64070780000111,1465.0047999682834,44881454,539.7425537109375,28.000545501708984,3.8974251747131348,3,4,6,1,0,0,0,10,0,0,LivesExhausted,,,,,,,,,
training_episode,113958,77.8250036999998,1464.2851857647943,57763121,1318.16357421875,58.156246185302734,11.681635856628418,3,3,8,2,0,0,0,30,1,0,LivesExhausted,,,,,,,,,
training_episode,114312,78.04642380000223,1464.6667257032825,29695749,568.7595825195312,29.150571823120117,4.187595844268799,3,3,5,1,0,0,0,25,0,0,LivesExhausted,,,,,,,,,
training_episode,116538,79.57941460000075,1464.4239416156613,15662063,1293.4306640625,57.17641067504883,11.434306144714355,3,4,9,2,0,0,0,28,0,0,LivesExhausted,,,,,,,,,
ppo_rollout,116736,79.7056702000009,1464.5884001361635,,,,,,,,,,,,,,,,,,,-0.0036598327802494167,0.7682355098426342,-1.3374171475569407,0.6906812191009521,0.006520984,0.04554036458333333
training_episode,117318,80.9594313000016,1449.096147492302,46871305,1667.2088623046875,70.7467041015625,15.172088623046875,3,4,11,2,0,1,0,13,0,0,LivesExhausted,,,,,,,,,
training_episode,119148,82.22057490000225,1449.1263305432901,61428636,380.4744567871094,21.71040153503418,2.3047447204589844,3,4,2,1,0,0,0,9,0,0,LivesExhausted,,,,,,,,,
ppo_rollout,122880,84.74555570000302,1449.9875419425164,,,,,,,,,,,,,,,,,,,-0.006343704661897694,0.29943282529711723,-1.3319368402163188,0.8402608036994934,0.007997985,0.07648111979166666
training_episode,122952,85.64414560000296,1435.614765476693,61638094,1698.486328125,71.97696685791016,14.98486328125,4,5,12,2,1,0,0,33,0,0,LivesExhausted,,,,,,,,,
training_episode,123534,86.03727380000055,1435.8195528970748,4874976,1140.874755859375,51.757320404052734,9.908747673034668,3,4,8,2,0,1,1,8,0,0,LivesExhausted,,,,,,,,,
training_episode,126624,87.88346440000169,1440.8171191758067,4141873,482.06689453125,25.72049331665039,3.3206686973571777,3,4,4,1,0,0,0,13,0,0,LivesExhausted,,,,,,,,,
ppo_rollout,129024,89.32137070000317,1444.4919394860497,,,,,,,,,,,,,,,,,,,-0.007523399486672133,0.4779165069262187,-1.3225188076496124,0.8318861126899719,0.00694879,0.06520182291666667
training_episode,129594,90.31486310000037,1434.9133193780976,21212700,2125.736083984375,87.05018615722656,19.757360458374023,3,6,13,3,1,2,0,47,0,0,LivesExhausted,,,,,,,,,
training_episode,130914,91.08977210000012,1437.197579726954,50536820,735.7257690429688,35.75000762939453,5.857257843017578,3,3,5,1,0,0,0,17,0,0,LivesExhausted,,,,,,,,,
training_episode,133860,92.83436070000243,1441.9230012535272,23935654,452.2822570800781,24.54046630859375,3.022822380065918,3,3,4,1,0,0,0,0,0,0,LivesExhausted,,,,,,,,,
training_episode,134514,93.22877030000018,1442.8378661130935,53783419,2406.798583984375,96.34217071533203,22.06798553466797,4,7,14,3,1,2,0,35,1,0,LivesExhausted,,,,,,,,,
ppo_rollout,135168,93.62316290000308,1443.745284960839,,,,,,,,,,,,,,,,,,,-0.00492104390480866,0.828792813171943,-1.3096765319506327,0.7981087565422058,0.0057457406,0.047021484375
training_episode,136044,94.82857280000098,1434.6308921776642,15976250,1205.8367919921875,53.71699142456055,10.558368682861328,3,3,10,2,0,0,0,10,0,0,LivesExhausted,,,,,,,,,
training_episode,137226,95.58295100000032,1435.6744436567933,64675235,540.3024291992188,28.020545959472656,3.903024196624756,3,5,4,1,0,0,0,9,0,0,LivesExhausted,,,,,,,,,
training_episode,138720,96.43235210000057,1438.5213777233914,64361048,395.37420654296875,22.290414810180664,2.453742027282715,3,4,2,1,0,0,0,23,0,0,LivesExhausted,,,,,,,,,
training_episode,138894,96.53422640000281,1438.8057498329522,55563812,26254.666015625,303.2947082519531,261.546630859375,2,28,41,27,0,2,4,120,2,1,MaxDuration,,,,,,,,,
training_episode,139284,96.77769750000152,1439.215889590655,53050316,836.380859375,39.729339599609375,6.863808631896973,3,4,5,1,0,0,1,6,0,0,LivesExhausted,,,,,,,,,
training_episode,140934,97.7124184000022,1442.3345804733128,40797023,612.7743530273438,30.89061164855957,4.627743721008301,3,4,6,1,0,0,0,9,0,0,LivesExhausted,,,,,,,,,
ppo_rollout,141312,97.94006450000234,1442.8416064602104,,,,,,,,,,,,,,,,,,,-0.00578345816077975,1.2243105908234915,-1.2986892322699228,0.8552308678627014,0.0062768324,0.06027018229166667
training_episode,144516,100.39534060000005,1439.4691938522087,41634855,1016.3984985351562,46.8381462097168,8.663985252380371,3,4,9,2,0,0,0,9,0,0,LivesExhausted,,,,,,,,,
training_episode,146148,101.3410223000028,1442.1405733144647,26239692,930.7307739257812,43.44871520996094,7.807307243347168,3,4,5,1,0,0,0,23,0,0,LivesExhausted,,,,,,,,,
training_episode,146634,101.63940980000189,1442.6884245838792,52107755,27389.33203125,303.9353332519531,272.8932800292969,2,29,42,27,2,4,3,182,2,1,MaxDuration,,,,,,,,,
training_episode,147372,102.08646870000302,1443.5997432047097,39540275,432.89373779296875,23.770448684692383,2.828937530517578,3,3,5,1,0,0,0,17,0,0,LivesExhausted,,,,,,,,,
ppo_rollout,147456,102.1403354000031,1443.6608164887182,,,,,,,,,,,,,,,,,,,-0.004747036642705401,1.511190008620421,-1.2940677593151728,0.8728858828544617,0.0059398296,0.05486653645833333
training_episode,149358,103.83048190000045,1438.4793103806192,20584326,2165.142578125,88.61051940917969,19.651426315307617,4,7,13,3,1,2,0,41,0,0,LivesExhausted,,,,,,,,,
training_episode,149394,103.86458440000206,1438.3536107423836,51898297,412.41619873046875,22.970430374145508,2.624161720275879,3,4,3,1,0,0,0,0,0,0,LivesExhausted,,,,,,,,,
training_episode,150468,104.94732970000041,1433.7477707162607,48232782,27389.33203125,304.1955871582031,272.8932800292969,2,37,42,27,2,4,3,172,1,1,MaxDuration,,,,,,,,,
training_episode,151812,105.9060900000004,1433.4586424633317,6864827,2641.144287109375,104.39389038085938,24.411441802978516,4,7,17,3,1,2,0,32,1,1,LivesExhausted,,,,,,,,,
training_episode,152622,106.37256990000242,1434.7871837963044,19851223,1210.6640625,53.91695785522461,10.606639862060547,3,5,9,2,0,1,0,38,0,0,LivesExhausted,,,,,,,,,
ppo_rollout,153600,106.94625790000282,1436.2353860349137,,,,,,,,,,,,,,,,,,,-0.003597374200277651,1.4056113416949907,-1.2920676678419114,0.8915517926216125,0.007045287,0.042643229166666664
training_episode,154674,108.17532700000083,1429.8454581976794,70854246,1400.9261474609375,60.82579803466797,12.509261131286621,3,3,9,2,0,0,0,27,0,0,LivesExhausted,,,,,,,,,
training_episode,154734,108.21323880000273,1429.8989820088086,37759882,446.7413024902344,24.32046127319336,2.9674129486083984,3,4,6,1,0,0,0,2,0,0,LivesExhausted,,,,,,,,,
training_episode,156348,109.18448960000023,1431.961632762898,5608079,1320.0213623046875,58.23623275756836,11.200213432312012,4,6,8,2,1,0,0,16,0,0,LivesExhausted,,,,,,,,,
training_episode,156486,109.26399840000158,1432.1826245743332,48023324,1341.1444091796875,59.06609344482422,11.911443710327148,3,3,8,2,0,0,0,38,0,0,LivesExhausted,,,,,,,,,
training_episode,159144,110.74741160000121,1436.9997248766242,19327578,443.27789306640625,23.280437469482422,2.932778835296631,3,3,6,1,0,0,0,5,0,0,LivesExhausted,,,,,,,,,
ppo_rollout,159744,111.10427440000058,1437.7844674533887,,,,,,,,,,,,,,,,,,,-0.006091170725994743,0.4761081889271736,-1.2885141829649607,0.9026957154273987,0.007927749,0.071044921875
training_episode,159804,111.70553570000266,1430.5826385289533,51374652,1860.149169921875,77.76820373535156,16.101491928100586,5,8,10,2,2,0,0,60,0,0,LivesExhausted,,,,,,,,,
training_episode,161310,112.5288369000009,1433.4992206784173,58915140,848.4943237304688,40.19926071166992,6.98494291305542,3,3,9,1,0,0,0,5,1,0,LivesExhausted,,,,,,,,,
training_episode,162300,113.07743390000178,1435.29963850725,5503350,1456.4085693359375,63.01543045043945,12.564085960388184,4,5,11,2,1,0,0,24,0,0,LivesExhausted,,,,,,,,,
training_episode,162324,113.09618200000114,1435.2739157896451,72320452,501.1767272949219,26.480510711669922,3.5117673873901367,3,3,4,1,0,0,0,0,0,0,LivesExhausted,,,,,,,,,
ppo_rollout,165888,114.94100919999983,1443.2446796369372,,,,,,,,,,,,,,,,,,,-0.0074279336588612445,0.1665715246150891,-1.2841720680395763,0.7952275276184082,0.00865662,0.08815104166666667
training_episode,169158,117.28581730000224,1442.271571227707,49489530,1864.2822265625,77.92823791503906,17.142822265625,3,3,15,2,0,0,0,26,0,0,LivesExhausted,,,,,,,,,
ppo_rollout,172032,118.76396730000124,1448.5201522903167,,,,,,,,,,,,,,,,,,,-0.005739146203268319,0.30719611688206594,-1.280544259150823,0.9608778357505798,0.007458616,0.06966145833333333
training_episode,172116,119.38150959999984,1441.7308055216636,21107971,1971.9786376953125,81.57901763916016,17.71978759765625,4,4,18,2,1,0,0,40,0,0,LivesExhausted,,,,,,,,,
training_episode,175674,121.29359220000333,1448.3370210548944,47290221,1220.4952392578125,54.29689407348633,10.704952239990234,3,3,14,2,1,0,0,9,0,0,LivesExhausted,,,,,,,,,
ppo_rollout,178176,122.62642600000254,1452.9983936741035,,,,,,,,,,,,,,,,,,,-0.00527015178425548,0.7127249782284101,-1.2817487090826034,0.9500817060470581,0.0053431955,0.049365234375
training_episode,182568,125.60011240000313,1453.5655781785388,13148567,2127.017333984375,87.1001968383789,19.770174026489258,3,5,15,3,0,2,0,23,1,0,LivesExhausted,,,,,,,,,
ppo_rollout,184320,126.57987010000215,1456.1557051242137,,,,,,,,,,,,,,,,,,,-0.006041481607826427,1.3512504090865454,-1.2784012993176779,0.9334639310836792,0.0065889736,0.052408854166666664
training_episode,189174,129.7207438000005,1458.3172625934271,21422158,27389.33203125,304.5659484863281,272.3932800292969,3,40,41,27,7,3,2,156,2,1,MaxDuration,,,,,,,,,
ppo_rollout,190464,130.45023520000177,1460.0510279493724,,,,,,,,,,,,,,,,,,,-0.005197315401164815,1.5383455504973729,-1.2701938509941102,0.9210222363471985,0.006183097,0.051497395833333334
training_episode,191454,131.53863640000054,1455.49631074022,53573961,24077.33203125,306.4477844238281,238.77330017089844,4,31,42,24,4,7,1,183,0,1,MaxDuration,,,,,,,,,
ppo_rollout,196608,134.21374600000127,1464.8872105842136,,,,,,,,,,,,,,,,,,,-0.006459171616006643,2.203327777981758,-1.2664464652538299,0.8900779485702515,0.0074316724,0.05402018229166667
training_episode,197562,135.30712940000012,1460.1004461188415,49175343,23034.666015625,302.0534973144531,228.3466339111328,4,32,45,23,6,2,0,170,1,1,MaxDuration,,,,,,,,,
training_episode,198528,135.81015560000014,1461.8052613437974,6655369,1864.4345703125,77.93824005126953,16.644344329833984,4,4,15,2,1,0,0,31,0,0,LivesExhausted,,,,,,,,,
training_episode,198846,135.9944783000028,1462.162306041185,11263445,24077.33203125,304.5158996582031,239.77330017089844,2,30,44,24,2,9,2,177,0,1,MaxDuration,,,,,,,,,
training_episode,201156,137.2578874000028,1465.5332659593003,71273162,1953.3170166015625,80.83885955810547,18.033170700073242,3,4,15,2,0,4,0,50,1,0,LivesExhausted,,,,,,,,,
ppo_rollout,202752,138.1320470999999,1467.8128953900093,,,,,,,,,,,,,,,,,,,-0.0046314347855513915,1.6566607857743898,-1.267764495809873,0.9335697889328003,0.0053924373,0.04708658854166667
training_episode,207258,141.20549230000324,1467.7757686624718,64465777,1717.6141357421875,72.73712921142578,15.676139831542969,3,4,13,2,0,0,0,20,0,0,LivesExhausted,,,,,,,,,
training_episode,207366,141.26902920000066,1467.8801232959775,8959407,1672.8653564453125,70.96675109863281,14.728652954101562,4,6,12,2,1,1,0,28,1,0,LivesExhausted,,,,,,,,,
training_episode,207858,141.54217110000172,1468.523468197652,62999571,2077.897705078125,85.7599105834961,18.778976440429688,4,6,16,3,2,0,0,66,0,0,LivesExhausted,,,,,,,,,
training_episode,208416,141.82793650000167,1469.4989234366922,23726196,1392.506591796875,60.48585510253906,12.425065994262695,3,3,12,2,0,0,0,29,0,0,LivesExhausted,,,,,,,,,
ppo_rollout,208896,142.07194690000324,1470.353609970803,,,,,,,,,,,,,,,,,,,-0.0063389059000959,1.1109885642925899,-1.2674426287412643,0.9507043957710266,0.007839007,0.06456705729166666
training_episode,211320,143.8588114000013,1468.9402612428237,38702443,687.6424560546875,33.840328216552734,5.376424789428711,3,3,7,1,0,0,0,5,0,0,LivesExhausted,,,,,,,,,
training_episode,212352,144.3710389000007,1470.876718890183,73577200,26254.666015625,305.6069641113281,261.046630859375,3,27,48,27,1,5,2,136,1,1,MaxDuration,,,,,,,,,
ppo_rollout,215040,145.7314589000016,1475.5907998392902,,,,,,,,,,,,,,,,,,,-0.003919078332061569,1.034296856323878,-1.2654413531223934,0.9556866884231567,0.0060727834,0.05654296875
training_episode,218622,148.14190040000176,1475.7607362244787,47918595,1401.2996826171875,60.83579635620117,12.5129976272583,3,4,16,2,0,1,0,14,0,0,LivesExhausted,,,,,,,,,
training_episode,218832,148.25078390000272,1476.093375314665,62057010,23034.666015625,302.1435852050781,228.3466339111328,4,24,45,23,4,3,1,156,2,1,MaxDuration,,,,,,,,,
training_episode,219522,148.61856439999974,1477.083303060088,71482620,2547.0546875,101.2832260131836,23.97054672241211,3,4,19,3,1,1,0,40,3,1,LivesExhausted,,,,,,,,,
ppo_rollout,221184,149.48599509999985,1479.6302479843491,,,,,,,,,,,,,,,,,,,-0.004935293952197147,1.093577214082082,-1.2654134372870127,0.9515590071678162,0.007028041,0.05771484375
training_episode,224988,152.05829559999984,1479.6167424620287,57867850,2663.582275390625,105.2840805053711,24.635820388793945,4,5,22,3,2,1,0,59,1,1,LivesExhausted,,,,,,,,,
training_episode,227052,153.1326294999999,1482.714694715016,36817321,1448.9893798828125,62.71548080444336,12.989893913269043,3,3,15,2,0,0,0,10,0,0,LivesExhausted,,,,,,,,,
ppo_rollout,227328,153.28553870000178,1483.0361815468334,,,,,,,,,,,,,,,,,,,-0.0049808099225629125,1.2724103505412738,-1.2588778903086981,0.9452049732208252,0.006986717,0.06279296875
training_episode,228774,154.6539881000026,1479.2635017731957,68864395,2003.072021484375,82.80928039550781,18.53072166442871,3,5,14,3,0,2,0,43,1,0,LivesExhausted,,,,,,,,,
training_episode,231126,155.910028600003,1482.4319004710617,10844529,1124.64208984375,51.117427825927734,9.246420860290527,4,4,12,2,1,0,0,14,1,0,LivesExhausted,,,,,,,,,
training_episode,232188,156.47798030000195,1483.8381704240153,60067159,913.171630859375,42.75883102416992,7.631715774536133,3,4,5,1,0,0,0,31,1,0,LivesExhausted,,,,,,,,,
ppo_rollout,233472,157.15420450000238,1485.62363153317,,,,,,,,,,,,,,,,,,,-0.005918228627221348,0.6309776743253072,-1.2577315400044122,0.9759348034858704,0.009318928,0.07501627604166666
training_episode,236778,159.56190940000306,1483.9255865660596,39016630,797.9871826171875,38.2095947265625,6.47987174987793,3,5,9,1,0,1,0,22,0,0,LivesExhausted,,,,,,,,,
ppo_rollout,239616,161.1543696000008,1486.872497436761,,,,,,,,,,,,,,,,,,,-0.007768690139831354,1.0277555572489898,-1.2591935515403747,0.9785787463188171,0.008492204,0.081396484375
training_episode,244290,164.1856187000012,1487.8891460424736,70644788,27389.33203125,303.5749816894531,272.8932800292969,2,27,44,27,3,6,3,111,2,1,MaxDuration,,,,,,,,,
training_episode,244902,164.51232119999986,1488.6544558706294,50641549,24077.33203125,304.0054016113281,239.77330017089844,2,29,39,24,3,2,2,146,3,1,MaxDuration,,,,,,,,,
ppo_rollout,245760,164.95902170000045,1489.8245483472053,,,,,,,,,,,,,,,,,,,-0.006472499796655029,1.625167972346147,-1.2556604584058126,0.9716335535049438,0.0069789216,0.062093098958333336
training_episode,249006,167.24867930000255,1488.836868800292,55354354,2562.224365234375,101.88335418701172,24.122241973876953,3,4,18,3,0,1,0,24,1,1,LivesExhausted,,,,,,,,,
ppo_rollout,251904,168.82921260000148,1492.064057639263,,,,,,,,,,,,,,,,,,,-0.00524735904376333,2.190491197506587,-1.2484181612730025,0.9496069550514221,0.006025608,0.067041015625
training_episode,253794,170.40053210000042,1489.3967575820695,73472471,1767.286376953125,74.09741973876953,16.172863006591797,3,5,13,2,0,1,0,23,1,0,LivesExhausted,,,,,,,,,
training_episode,255174,171.09682200000316,1491.4011669953477,52317213,24077.33203125,304.5859680175781,240.27330017089844,1,15,49,24,7,5,1,181,1,1,MaxDuration,,,,,,,,,
ppo_rollout,258048,172.66031560000192,1494.541459068184,,,,,,,,,,,,,,,,,,,-0.007116663795507823,1.1822113201022149,-1.2450343519449234,0.9704892635345459,0.008866648,0.072216796875
training_episode,261612,175.12656700000298,1493.8453056068618,23097822,2657.19140625,105.03402709960938,24.571910858154297,4,5,19,3,1,0,0,36,0,1,LivesExhausted,,,,,,,,,
training_episode,262074,175.35802930000136,1494.5081274359302,33675451,1622.6241455078125,68.97632598876953,14.726241111755371,3,4,16,2,0,1,0,24,1,0,LivesExhausted,,,,,,,,,
training_episode,263022,175.8348913000009,1495.84646173122,71063704,1516.3828125,65.38555908203125,13.663827896118164,3,6,11,2,0,2,0,25,0,0,LivesExhausted,,,,,,,,,
ppo_rollout,264192,176.42174670000168,1497.5024618095877,,,,,,,,,,,,,,,,,,,-0.00463311227892215,1.6510184442003568,-1.242173316081365,0.9708384275436401,0.0069384365,0.07958984375
training_episode,265020,177.42861170000106,1493.6711585620687,63313758,23034.666015625,302.0234680175781,228.34661865234375,4,26,45,23,5,1,0,145,0,1,MaxDuration,,,,,,,,,
training_episode,267144,178.52827100000286,1496.3680458205733,62790113,26254.666015625,300.0915832519531,261.546630859375,2,23,42,27,1,4,2,139,2,1,MaxDuration,,,,,,,,,
ppo_rollout,270336,180.1546672000004,1500.5772773007536,,,,,,,,,,,,,,,,,,,-0.0064006660327625775,1.3588425497213998,-1.2383563965559006,0.9807614684104919,0.007383855,0.06993815104166666
training_episode,272370,181.73302120000153,1498.736983524036,22574177,2206.5927734375,89.64073944091797,20.065927505493164,4,4,20,3,2,0,0,30,0,0,LivesExhausted,,,,,,,,,
training_episode,272370,181.73302120000153,1498.736983524036,58810411,932.3946533203125,43.51870346069336,7.823945999145508,3,3,13,1,0,0,0,10,0,0,LivesExhausted,,,,,,,,,
training_episode,273210,182.19985430000088,1499.507236433606,28229543,2055.697265625,84.88972473144531,19.056974411010742,3,4,17,3,0,1,0,36,2,0,LivesExhausted,,,,,,,,,
ppo_rollout,276480,183.9337117000032,1503.1502243098332,,,,,,,,,,,,,,,,,,,-0.006824239729515587,1.052213588108619,-1.233949034412702,0.9810053706169128,0.007841121,0.072802734375
training_episode,280518,186.5703609000011,1503.5507175244916,70225872,23034.666015625,301.8633117675781,229.34661865234375,2,18,47,23,6,4,0,160,3,1,MaxDuration,,,,,,,,,
training_episode,281940,187.3094220000021,1505.2099194454663,41739584,1717.8818359375,72.74713134765625,15.678817749023438,3,3,14,2,0,0,0,31,0,0,LivesExhausted,,,,,,,,,
ppo_rollout,282624,187.73535650000122,1505.4383216301517,,,,,,,,,,,,,,,,,,,-0.007113552341858546,1.4298176308472952,-1.2226637055476506,0.9760693311691284,0.007292509,0.078857421875
training_episode,287538,190.78595530000166,1507.123517283337,56820560,1326.0418701171875,58.46619415283203,11.260418891906738,4,4,13,2,1,0,0,22,1,0,LivesExhausted,,,,,,,,,
ppo_rollout,288768,191.4139161000021,1508.6050475511736,,,,,,,,,,,,,,,,,,,-0.006720937031786889,1.3023525138696035,-1.2060508936643601,0.9775429964065552,0.009213065,0.07327473958333333
ppo_rollout,294912,195.23199840000234,1510.5720497506134,,,,,,,,,,,,,,,,,,,-0.006428169054561295,1.3149095197518668,-1.1961186110973359,0.9758161902427673,0.007497474,0.069482421875
training_episode,298782,197.8707761000005,1509.9854859264344,19432307,24077.33203125,305.8672180175781,239.77330017089844,2,27,47,24,2,3,3,151,2,1,MaxDuration,,,,,,,,,
ppo_rollout,301056,199.07451650000075,1512.2779414109432,,,,,,,,,,,,,,,,,,,-0.005769383513446276,1.7147646511594454,-1.1908488283554712,0.9725819826126099,0.006846562,0.05901692708333333
training_episode,301398,199.82689089999985,1508.2954983812954,12206006,27389.33203125,303.1145324707031,272.8932800292969,2,27,50,27,5,4,2,112,1,1,MaxDuration,,,,,,,,,
training_episode,305940,202.2671216000017,1512.5542776300497,47185492,1370.8994140625,59.6359977722168,12.20899486541748,3,3,11,2,0,0,0,14,0,0,LivesExhausted,,,,,,,,,
ppo_rollout,307200,202.99635040000067,1513.3276997082357,,,,,,,,,,,,,,,,,,,-0.006586901675715732,2.449362192551295,-1.1858987122774125,0.9603043794631958,0.007045349,0.0693359375
training_episode,308772,204.41565620000256,1510.5105241933818,43101061,26254.666015625,303.3047180175781,261.046630859375,3,29,44,27,3,2,1,177,1,1,MaxDuration,,,,,,,,,
training_episode,309150,204.6324069000002,1510.757776265005,45195641,24077.33203125,306.4878234863281,239.77330017089844,2,23,43,24,2,9,2,160,0,1,MaxDuration,,,,,,,,,
ppo_rollout,313344,206.80992780000088,1515.130358263191,,,,,,,,,,,,,,,,,,,-0.006259386747842655,1.8808810979127883,-1.1833838085333506,0.9773233532905579,0.006233676,0.07112630208333333
training_episode,318066,209.80552950000128,1516.0038954073327,20793784,1851.353271484375,77.41812896728516,17.013532638549805,3,3,14,2,0,0,0,53,1,0,LivesExhausted,,,,,,,,,
training_episode,318672,210.11023160000332,1516.6895851443865,41111210,24077.33203125,306.0774230957031,238.77330017089844,4,30,45,24,4,0,4,176,1,1,MaxDuration,,,,,,,,,
ppo_rollout,319488,210.54166550000082,1517.4573604767022,,,,,,,,,,,,,,,,,,,-0.005286591556311274,1.5670586749911308,-1.1814419229825337,0.9814626574516296,0.009295911,0.07021484375
training_episode,324204,213.55817920000118,1518.106219178695,28857917,24077.33203125,305.5068664550781,239.77330017089844,2,28,45,24,3,7,1,180,2,1,MaxDuration,,,,,,,,,
ppo_rollout,325632,214.31030200000168,1519.4416552126245,,,,,,,,,,,,,,,,,,,-0.006613227533913839,1.7771367132663727,-1.1790874610344568,0.9783358573913574,0.0066239,0.05205078125
training_episode,328128,216.16568400000324,1517.9467616145544,50013175,658.430419921875,32.690521240234375,5.084304332733154,3,3,9,1,0,0,0,5,0,0,LivesExhausted,,,,,,,,,
training_episode,328542,216.38801920000333,1518.3003255662454,28753188,2131.595458984375,87.28023529052734,19.815956115722656,3,4,18,3,0,1,0,50,0,0,LivesExhausted,,,,,,,,,
ppo_rollout,331776,218.0815266999998,1521.3393129643764,,,,,,,,,,,,,,,,,,,-0.0054837635213819645,1.633601855734984,-1.1774375716845193,0.9829683303833008,0.009678238,0.08037109375
training_episode,337596,221.73239060000196,1522.538042757191,37445695,1801.19921875,75.43770599365234,16.511991500854492,3,6,16,2,1,2,0,26,1,0,LivesExhausted,,,,,,,,,
training_episode,337800,221.8484774000026,1522.660889806026,14719502,27389.33203125,303.3247375488281,273.8932800292969,0,21,47,27,3,5,2,157,0,1,MaxDuration,,,,,,,,,
ppo_rollout,337920,221.91536740000083,1522.7426741966078,,,,,,,,,,,,,,,,,,,-0.005701011954806745,1.7139176229635875,-1.1736500044663747,0.9846009016036987,0.008252416,0.07849934895833334
training_episode,341940,224.54058220000297,1522.8427603141552,60381346,703.7018432617188,34.480220794677734,5.537018299102783,3,3,4,1,0,0,0,11,0,0,LivesExhausted,,,,,,,,,
training_episode,342462,224.80953940000109,1523.3428301752854,9168865,26254.666015625,304.3056945800781,261.546630859375,2,30,44,27,1,4,3,123,2,1,MaxDuration,,,,,,,,,
ppo_rollout,344064,225.67745290000312,1524.5829637773054,,,,,,,,,,,,,,,,,,,-0.005402669164080483,2.299770245949427,-1.1714672942956288,0.9745175242424011,0.0091942325,0.06427408854166666
training_episode,344424,226.46603099999993,1520.8638508792521,66350899,1285.587158203125,56.86646270751953,10.85587215423584,4,4,8,2,1,0,0,5,0,0,LivesExhausted,,,,,,,,,
training_episode,345780,227.14534490000005,1522.2852141311919,35455844,25150.666015625,305.2165832519531,250.5066375732422,2,26,48,26,7,1,2,149,1,1,MaxDuration,,,,,,,,,
training_episode,347274,227.92191660000026,1523.653386126359,68445479,845.5552978515625,40.079280853271484,6.95555305480957,3,5,10,1,0,0,1,19,0,0,LivesExhausted,,,,,,,,,
training_episode,349746,229.20207260000097,1525.9286097747029,44986183,1507.8626708984375,65.04548645019531,13.57862663269043,3,3,13,2,0,0,0,47,1,0,LivesExhausted,,,,,,,,,
ppo_rollout,350208,229.4443999000032,1526.330562666285,,,,,,,,,,,,,,,,,,,-0.005186695394028599,1.630757818122705,-1.1709261387586594,0.9870772957801819,0.008013284,0.07281901041666666
training_episode,354834,232.35571720000007,1527.1154257615137,68759666,26254.666015625,301.3227844238281,261.046630859375,3,25,40,27,4,5,1,143,3,1,MaxDuration,,,,,,,,,
training_episode,355890,232.90019100000063,1528.0794681701186,72425181,2038.96240234375,84.22958374023438,18.389623641967773,4,5,18,3,2,1,0,67,1,0,LivesExhausted,,,,,,,,,
ppo_rollout,356352,233.15634940000018,1528.3821389253562,,,,,,,,,,,,,,,,,,,-0.005371011603468408,1.0973202923933665,-1.1666274785995483,0.9903756380081177,0.0152708,0.11331380208333333
training_episode,357036,234.07129580000037,1525.3301297783453,18908662,2658.403564453125,105.08403778076172,25.084033966064453,3,5,20,3,0,3,0,40,1,1,LivesExhausted,,,,,,,,,
training_episode,360354,235.74010030000136,1528.6071378667261,11996548,995.0855102539062,45.998287200927734,8.450855255126953,3,3,11,1,0,0,0,16,0,0,LivesExhausted,,,,,,,,,
training_episode,361200,236.1747103000016,1529.376280555969,28020085,950.7232666015625,44.238582611083984,8.007232666015625,3,3,6,1,0,0,0,31,1,0,LivesExhausted,,,,,,,,,
ppo_rollout,362496,236.8299825000031,1530.61701129837,,,,,,,,,,,,,,,,,,,-0.008121203330423063,1.6303180396556853,-1.1620242148637772,0.9828461408615112,0.008206196,0.07789713541666667
training_episode,364632,238.46054770000046,1529.1082886328509,25611318,27389.33203125,304.1455383300781,272.3932800292969,3,24,48,27,4,2,3,154,5,1,MaxDuration,,,,,,,,,
training_episode,364902,238.60255690000122,1529.3297973874232,25192402,611.4173583984375,30.830610275268555,4.614173412322998,3,5,7,1,0,1,1,8,0,0,LivesExhausted,,,,,,,,,
training_episode,366684,239.51414380000278,1530.949254947489,35351115,1165.316162109375,52.72715759277344,10.153162002563477,3,4,11,2,0,0,0,9,2,0,LivesExhausted,,,,,,,,,
ppo_rollout,368640,240.52226080000037,1532.6647885890795,,,,,,,,,,,,,,,,,,,-0.005633075362614666,1.4086998318632444,-1.1614228338003159,0.9880741834640503,0.007486248,0.07428385416666666
training_episode,369642,241.62400200000047,1529.8231837083772,26553879,830.0213623046875,39.4793815612793,6.800213813781738,3,4,8,1,0,0,0,15,0,0,LivesExhausted,,,,,,,,,
training_episode,372216,242.94115290000263,1532.1241195937207,7388472,997.4478149414062,46.08827209472656,8.474477767944336,3,4,11,1,0,1,0,12,0,0,LivesExhausted,,,,,,,,,
ppo_rollout,374784,244.2835644000006,1534.217010958266,,,,,,,,,,,,,,,,,,,-0.007527734305282744,0.9468291193246842,-1.1546368141969046,0.9919941425323486,0.010803208,0.08304036458333333
training_episode,375438,245.19264079999994,1531.1960374301743,21003242,1052.4324951171875,48.25790786743164,9.024324417114258,3,5,10,2,0,1,0,17,0,0,LivesExhausted,,,,,,,,,
training_episode,378138,246.55772620000062,1533.6692377397462,47709137,1079.715576171875,49.33772659301758,9.297155380249023,3,5,12,2,0,1,0,25,0,0,LivesExhausted,,,,,,,,,
ppo_rollout,380928,248.00475310000184,1535.9705620093505,,,,,,,,,,,,,,,,,,,-0.004314867678719262,1.493077538907528,-1.1464569489161174,0.9909954071044922,0.007603096,0.08191731770833334
training_episode,383850,250.15517030000046,1534.447597224015,49594259,27389.33203125,304.7661437988281,272.8932800292969,2,23,45,27,4,6,2,161,1,1,MaxDuration,,,,,,,,,
training_episode,385476,251.03955889999997,1535.5189504358232,4246602,1409.0933837890625,61.14574432373047,12.090932846069336,4,7,13,2,1,1,1,12,1,1,LivesExhausted,,,,,,,,,
training_episode,386280,251.47597289999976,1536.051319517533,30743039,27389.33203125,304.4358215332031,273.3932800292969,1,21,45,27,1,5,4,135,2,1,MaxDuration,,,,,,,,,
ppo_rollout,387072,251.91422560000137,1536.5229934041402,,,,,,,,,,,,,,,,,,,-0.006418757941961909,1.931060035030047,-1.138186936577161,0.9871105551719666,0.008400593,0.077734375
ppo_rollout,393216,255.69544560000213,1537.8295028966943,,,,,,,,,,,,,,,,,,,-0.00679341247305274,2.106034124890963,-1.129298637310664,0.985804557800293,0.0077047776,0.06726888020833334
training_episode,393546,256.4246712000022,1534.7431203023675,1523648,24077.33203125,304.1955871582031,239.27330017089844,3,18,48,24,5,5,3,147,1,1,MaxDuration,,,,,,,,,
training_episode,394680,257.0230444000008,1535.582153426546,54725980,2221.286865234375,90.23086547851562,20.712867736816406,3,5,17,3,0,3,0,52,0,0,LivesExhausted,,,,,,,,,
training_episode,396222,257.813014000003,1536.858026879882,44671996,2203.711181640625,89.53071594238281,20.037111282348633,4,6,14,3,1,1,0,43,0,0,LivesExhausted,,,,,,,,,
training_episode,396786,258.10345000000234,1537.3138173859993,37026779,2137.802001953125,87.5202865600586,19.878021240234375,3,5,15,3,0,1,0,44,0,0,LivesExhausted,,,,,,,,,
ppo_rollout,399360,259.44951650000075,1539.2589872103263,,,,,,,,,,,,,,,,,,,-0.007228491480539863,1.4331211924552918,-1.1213301161924998,0.990702748298645,0.012117724,0.08328450520833333
training_episode,401034,260.8435171000019,1537.4505161508462,72006265,24077.33203125,303.3047180175781,239.77330017089844,2,33,42,24,2,2,0,175,2,1,MaxDuration,,,,,,,,,
ppo_rollout,405504,263.1044040000015,1541.228477498224,,,,,,,,,,,,,,,,,,,-0.006946381295953567,1.2209760412573814,-1.1198720246553422,0.9895641207695007,0.010422506,0.08401692708333333
training_episode,411552,266.7579209000032,1542.792051353085,71796807,24077.33203125,300.9023742675781,239.77330017089844,2,21,49,24,0,6,5,169,1,1,MaxDuration,,,,,,,,,
ppo_rollout,411648,266.8199437000003,1542.7932196209347,,,,,,,,,,,,,,,,,,,-0.007327728439122438,1.2250911518931389,-1.11736252506574,0.9856882691383362,0.00795883,0.07000325520833334
ppo_rollout,417792,270.75056080000286,1543.0882165692474,,,,,,,,,,,,,,,,,,,-0.005855846548608194,2.2554984147349995,-1.1114429652690887,0.9745005369186401,0.006569531,0.0787109375
training_episode,418074,271.48570370000016,1539.948491954421,72948826,1221.6851806640625,54.346885681152344,10.716852188110352,3,3,8,2,0,0,0,9,0,0,LivesExhausted,,,,,,,,,
ppo_rollout,423936,274.5205629000011,1544.277760185222,,,,,,,,,,,,,,,,,,,-0.006397667080940058,1.2877527783314386,-1.1074052741130194,0.9869348406791687,0.0116816275,0.09646809895833333
training_episode,425166,275.714931100003,1542.04924014721,26344421,1341.8443603515625,59.09608840942383,11.91844367980957,3,4,13,2,0,0,1,10,0,0,LivesExhausted,,,,,,,,,
ppo_rollout,430080,278.2095113000032,1545.8853221456884,,,,,,,,,,,,,,,,,,,-0.007974546596718332,1.667026167611281,-1.0998226960500082,0.9852749705314636,0.0102604665,0.08634440104166667
training_episode,430236,278.87549410000065,1542.7529815356372,40482836,24077.33203125,305.7370910644531,239.77330017089844,2,23,44,24,1,4,1,113,1,1,MaxDuration,,,,,,,,,
training_episode,430866,279.21990850000293,1543.1063003875868,14091128,23034.666015625,301.4929504394531,228.8466339111328,3,26,43,23,6,5,2,146,2,1,MaxDuration,,,,,,,,,
training_episode,432534,280.1199239000016,1544.1029469735536,67817105,26254.666015625,302.5740051269531,262.046630859375,1,23,43,27,3,3,2,148,1,1,MaxDuration,,,,,,,,,
training_episode,433062,280.40142090000154,1544.4358256459807,44357809,23034.666015625,302.2637023925781,228.84661865234375,3,21,48,23,3,3,1,151,0,1,MaxDuration,,,,,,,,,
ppo_rollout,436224,282.00633000000016,1546.8588949758673,,,,,,,,,,,,,,,,,,,-0.00658136058676367,2.4261665433645248,-1.0905874441067378,0.9775393009185791,0.008109034,0.06953125
training_episode,437148,283.02368879999995,1544.563290279609,46766576,23034.666015625,300.9223937988281,228.8466339111328,3,26,51,23,1,3,2,176,2,1,MaxDuration,,,,,,,,,
training_episode,437574,283.2484912,1544.841415204686,56925289,1260.443603515625,55.87662887573242,10.604435920715332,4,5,11,2,1,0,0,9,0,0,LivesExhausted,,,,,,,,,
training_episode,441936,285.4578791000022,1548.165359433572,27182253,1873.7559814453125,78.30831909179688,17.237558364868164,3,4,17,2,1,1,0,35,0,0,LivesExhausted,,,,,,,,,
training_episode,442086,285.5398211000029,1548.246399738308,31685600,871.8355102539062,41.12910461425781,7.21835470199585,3,3,11,1,0,0,0,2,2,0,LivesExhausted,,,,,,,,,
ppo_rollout,442368,285.6899021999998,1548.4201457366048,,,,,,,,,,,,,,,,,,,-0.006771500262645228,1.4993564948439597,-1.0836048007011414,0.9899914264678955,0.008699621,0.07972005208333334
training_episode,444798,287.4658354000021,1547.3073500406538,2885125,402.3594665527344,22.57042121887207,2.523594617843628,3,3,3,1,0,0,0,12,0,0,LivesExhausted,,,,,,,,,
ppo_rollout,448512,289.3791945000012,1549.911011311486,,,,,,,,,,,,,,,,,,,-0.005724812417368715,2.3777116258939106,-1.0787578920523326,0.9777534604072571,0.0071213725,0.05426432291666667
training_episode,451992,291.7173294000022,1549.4177220449922,34303825,2027.87890625,83.78948974609375,18.778789520263672,3,5,12,3,0,3,0,50,0,0,LivesExhausted,,,,,,,,,
ppo_rollout,454656,293.10027590000027,1551.196083333334,,,,,,,,,,,,,,,,,,,-0.00809378589813908,1.2213743473092715,-1.0724984735250473,0.9908667206764221,0.008385245,0.09967447916666666
training_episode,458826,295.9405463000003,1550.3992465259553,39226088,1287.103515625,56.92645263671875,11.371034622192383,3,4,12,2,0,1,1,36,0,0,LivesExhausted,,,,,,,,,
ppo_rollout,460800,296.9581489000011,1551.7338106629013,,,,,,,,,,,,,,,,,,,-0.005512603038611511,1.9747605636715888,-1.0701558550198873,0.9830676913261414,0.008892406,0.079345703125
training_episode,461874,298.0659530000012,1549.5698027610626,36503134,24077.33203125,305.8572082519531,239.77330017089844,2,15,50,24,1,4,1,213,1,1,MaxDuration,,,,,,,,,
training_episode,466614,300.50481410000066,1552.7671375165467,31057226,27389.33203125,303.0945129394531,272.8932800292969,2,22,46,27,4,4,6,120,4,1,MaxDuration,,,,,,,,,
ppo_rollout,466944,300.6755897000003,1552.9827361971566,,,,,,,,,,,,,,,,,,,-0.004440268001053483,1.782273774842421,-1.0693381677071254,0.9849511981010437,0.009864527,0.09934895833333333
training_episode,469848,302.7750150000029,1551.8057195042845,56715831,27389.33203125,306.4978332519531,273.3932800292969,1,23,48,27,5,1,2,161,2,1,MaxDuration,,,,,,,,,
ppo_rollout,473088,304.489714000003,1553.7076566073931,,,,,,,,,,,,,,,,,,,-0.008160806926510607,2.380519704023997,-1.071227240562439,0.984614372253418,0.010827504,0.07879231770833334
training_episode,473664,305.37086869999985,1551.1106282548956,74205574,27389.33203125,300.7221984863281,272.8932800292969,2,30,49,27,3,5,5,153,2,1,MaxDuration,,,,,,,,,
ppo_rollout,479232,308.26029720000224,1554.6341982829845,,,,,,,,,,,,,,,,,,,-0.006682024981516103,1.7444207454721132,-1.0740445454915364,0.9884567260742188,0.009105303,0.07639973958333333
training_episode,481416,310.00993070000186,1552.9050921464468,9901968,27389.33203125,305.1064758300781,272.8932800292969,2,29,48,27,1,5,2,169,3,1,MaxDuration,,,,,,,,,
ppo_rollout,485376,312.0735342000007,1555.3257383528517,,,,,,,,,,,,,,,,,,,-0.005468971899244934,2.3446181456247968,-1.0710489372412364,0.9736759662628174,0.007727184,0.07141927083333334
ppo_rollout,491520,316.04670610000176,1555.2131710699618,,,,,,,,,,,,,,,,,,,-0.007146034508089845,1.5738838334878287,-1.066396427154541,0.9783821105957031,0.0073986705,0.07517903645833333
training_episode,495330,318.6683738000029,1554.3745182283776,69388040,27389.33203125,304.1455383300781,272.3932800292969,3,25,45,27,4,2,3,176,0,1,MaxDuration,,,,,,,,,
ppo_rollout,497664,319.91775920000146,1555.5997930358026,,,,,,,,,,,,,,,,,,,-0.0062707563512958584,1.528139150639375,-1.0611947039763132,0.983457088470459,0.010722615,0.09358723958333333
training_episode,498396,320.87314430000333,1553.249341222586,18175559,24077.33203125,304.3257141113281,239.77330017089844,2,14,48,24,3,6,1,172,1,1,MaxDuration,,,,,,,,,
validation,500004,,,,,,,,,,,,,,,,,,18172.104870910644,24077.33203125,11015.394259354292,,,,,,
training_episode,502788,567.7573839000033,885.5684034371869,57553663,1433.6131591796875,62.10558319091797,12.83613109588623,3,4,12,2,0,1,0,21,0,0,LivesExhausted,,,,,,,,,
training_episode,502986,567.8649030000015,885.7494050834106,36607863,24077.33203125,303.0845031738281,240.27330017089844,1,19,42,24,1,8,1,143,2,1,MaxDuration,,,,,,,,,
ppo_rollout,503808,568.3131468000029,886.4971764893852,,,,,,,,,,,,,,,,,,,-0.006003131890126193,2.256982982158661,-1.0577900767326356,0.9704049229621887,0.009572438,0.1013671875
training_episode,506040,570.0164012000023,887.7639291337605,8226304,26254.666015625,301.5530090332031,262.546630859375,0,18,45,27,1,8,1,206,3,1,MaxDuration,,,,,,,,,
training_episode,509802,571.990167400003,891.277558698813,6026995,26254.666015625,301.1325988769531,262.546630859375,0,21,45,27,2,3,3,186,1,1,MaxDuration,,,,,,,,,
ppo_rollout,509952,572.0770759000006,891.4043605011361,,,,,,,,,,,,,,,,,,,-0.00667436231354562,1.7540339315931002,-1.0547806690136592,0.9914466142654419,0.009048266,0.089794921875
training_episode,516006,575.8070461000025,896.1439487324081,5922266,2009.084228515625,83.04933166503906,18.59084129333496,3,4,17,3,0,3,0,46,2,0,LivesExhausted,,,,,,,,,
ppo_rollout,516096,575.8578809999999,896.2211285600172,,,,,,,,,,,,,,,,,,,-0.005524759353526558,1.5255298639337223,-1.052352949976921,0.9926342964172363,0.008422006,0.078564453125
training_episode,516390,576.5771654000018,895.6129916136258,19013391,1235.6612548828125,54.896793365478516,10.856612205505371,3,3,8,2,0,0,1,16,0,0,LivesExhausted,,,,,,,,,
training_episode,517974,577.4342526,897.0268003114298,12520193,25150.666015625,304.6159973144531,250.5066375732422,2,21,48,26,5,1,2,192,0,1,MaxDuration,,,,,,,,,
training_episode,521712,579.5028640000019,900.27510200536,14824231,618.6031494140625,31.120616912841797,4.686031341552734,3,3,9,1,0,0,0,9,0,0,LivesExhausted,,,,,,,,,
ppo_rollout,522240,579.793778700001,900.7340526677492,,,,,,,,,,,,,,,,,,,-0.004669392539653927,2.4341832677523296,-1.0500642716884614,0.9829351305961609,0.008500579,0.08128255208333333
ppo_rollout,528384,583.860043800003,904.9840036339154,,,,,,,,,,,,,,,,,,,-0.006523278832901269,1.1017119646072389,-1.0483541578054427,0.9915429949760437,0.014421112,0.09267578125
ppo_rollout,534528,587.8304294000009,909.3234600760517,,,,,,,,,,,,,,,,,,,-0.0033813752602630605,1.9647931521137556,-1.0509712775548299,0.9528514742851257,0.007709217,0.098388671875
training_episode,534534,588.3837135000031,908.4785790896933,4037144,23034.666015625,301.1025695800781,229.3466339111328,2,24,41,23,2,2,0,162,4,1,MaxDuration,,,,,,,,,
training_episode,539034,590.7315123000008,912.4856026408384,30324123,23034.666015625,300.3618469238281,230.3466339111328,0,11,45,23,3,2,1,163,1,1,MaxDuration,,,,,,,,,
training_episode,539184,590.8239619000014,912.5967035359652,59438785,27389.33203125,303.2746887207031,272.8932800292969,2,20,44,27,1,3,3,129,4,1,MaxDuration,,,,,,,,,
ppo_rollout,540672,591.6199323000001,913.8840165476959,,,,,,,,,,,,,,,,,,,-0.006364724614347021,1.738938828309377,-1.0428316513697307,0.6952405571937561,0.012242905,0.09720052083333333
training_episode,542370,593.0700109999998,914.5126038079173,17966101,502.13232421875,26.51051139831543,3.5213232040405273,3,3,7,1,0,0,1,2,0,0,LivesExhausted,,,,,,,,,
training_episode,543288,593.5564396000009,915.3097561642547,16080979,727.7994384765625,35.43006134033203,5.777994155883789,3,3,9,1,0,0,0,2,0,0,LivesExhausted,,,,,,,,,
ppo_rollout,546816,595.377115700001,918.436375165501,,,,,,,,,,,,,,,,,,,-0.00850154550668473,2.039084780216217,-1.026580067475637,0.9888556599617004,0.008538288,0.07369791666666667
training_episode,549306,597.2344128000004,919.7494120017319,40692294,1307.88525390625,57.75631332397461,11.578852653503418,3,3,13,2,0,0,0,23,0,0,LivesExhausted,,,,,,,,,
training_episode,552108,598.7209272,922.14581939203,17128269,26254.666015625,300.7922668457031,262.046630859375,1,24,41,27,5,2,4,147,3,1,MaxDuration,,,,,,,,,
ppo_rollout,552960,599.2019158000003,922.8274900652441,,,,,,,,,,,,,,,,,,,-0.005965316042420454,1.8550363257527351,-1.0218631396691005,0.991114616394043,0.011244652,0.087451171875
training_episode,553008,599.785150300002,922.0101560090228,37236237,27389.33203125,305.1164855957031,272.8932800292969,2,25,45,27,0,5,6,132,5,1,MaxDuration,,,,,,,,,
training_episode,554982,600.8852834999998,923.6072429122825,44253080,1027.7379150390625,47.28807067871094,8.777379035949707,3,4,12,2,0,1,0,22,1,0,LivesExhausted,,,,,,,,,
training_episode,558270,602.7345428000008,926.2286468709078,30114665,30977.33203125,304.6260070800781,309.7732849121094,0,22,44,31,1,5,5,144,0,1,MaxDuration,,,,,,,,,
ppo_rollout,559104,603.2081171999998,926.8840787409752,,,,,,,,,,,,,,,,,,,-0.005488479135480399,2.6665098945299786,-1.0282632678747177,0.9859409332275391,0.009420412,0.06544596354166667
ppo_rollout,565248,607.0268585000013,931.1746129269482,,,,,,,,,,,,,,,,,,,-0.002716717195774739,1.830912353595098,-1.0232781618833542,0.9925747513771057,0.0068205507,0.08733723958333334
training_episode,569730,609.9863908000007,934.0044443496449,28439001,2370.146240234375,95.50199127197266,22.201461791992188,3,4,15,3,0,1,0,37,1,0,LivesExhausted,,,,,,,,,
training_episode,571158,610.764981100001,935.1518467403484,56611102,27389.33203125,305.1865539550781,272.8932800292969,2,19,49,27,3,4,1,175,1,1,MaxDuration,,,,,,,,,
ppo_rollout,571392,610.8994269000032,935.329081743483,,,,,,,,,,,,,,,,,,,-0.00684328906936571,2.1038613056143123,-1.017173739274343,0.9878212213516235,0.008180368,0.06385091145833334
training_episode,577008,614.3816092000015,939.1687370839983,7074285,1063.9493408203125,48.717830657958984,9.139492988586426,3,5,7,2,0,1,0,31,0,0,LivesExhausted,,,,,,,,,
training_episode,577092,614.4327018000004,939.2273528238169,42472687,1413.5,61.325714111328125,12.135000228881836,4,5,12,2,1,2,0,26,0,0,LivesExhausted,,,,,,,,,
ppo_rollout,577536,614.7416752000026,939.477545282906,,,,,,,,,,,,,,,,,,,-0.0049754330034678185,2.142299743493398,-1.008595954378446,0.9797948598861694,0.007417349,0.06446940104166667
training_episode,579726,616.4981401000005,940.3532018863257,32418703,27389.33203125,303.6350402832031,273.3932800292969,1,28,49,27,4,3,2,158,3,1,MaxDuration,,,,,,,,,
training_episode,581610,617.5973085000005,941.7301403281609,42891603,800.8245849609375,38.319576263427734,6.008246421813965,4,5,5,1,1,0,0,20,1,0,LivesExhausted,,,,,,,,,
ppo_rollout,583680,618.7879407,943.2633728118806,,,,,,,,,,,,,,,,,,,-0.0070376586091394225,1.7710354223847389,-1.0005455290277798,0.9923452138900757,0.006726788,0.075634765625
training_episode,587190,621.2048272000029,945.2437815827669,49384801,1007.549560546875,46.48820495605469,8.575495719909668,3,3,9,2,2,0,0,22,0,0,LivesExhausted,,,,,,,,,
training_episode,588444,621.8582999000027,946.2670195036781,44776725,28554.666015625,302.7842102050781,284.546630859375,2,15,43,28,4,5,4,160,2,1,MaxDuration,,,,,,,,,
training_episode,589398,622.3541145000017,947.0460406187261,55877999,24077.33203125,303.2046203613281,239.77330017089844,2,24,46,24,1,6,0,150,3,1,MaxDuration,,,,,,,,,
ppo_rollout,589824,622.5728710000003,947.3975296299085,,,,,,,,,,,,,,,,,,,-0.008696498834372809,1.7659453059236208,-0.9986944059530894,0.9923837184906006,0.009460764,0.08937174479166667
training_episode,591294,623.8856676000032,947.7601918226803,61533365,26254.666015625,302.5539855957031,262.046630859375,1,21,47,27,4,6,5,187,1,1,MaxDuration,,,,,,,,,
training_episode,591342,623.9150523000026,947.7924884486675,58182037,2417.6484375,96.77226257324219,21.176483154296875,6,9,15,3,4,1,0,41,0,0,LivesExhausted,,,,,,,,,
training_episode,593166,624.8278798000028,949.3270373752572,33465993,826.1962890625,39.31940841674805,6.761962890625,3,4,9,1,0,0,0,15,0,0,LivesExhausted,,,,,,,,,
training_episode,593832,625.1847922000015,949.8503600996559,48756427,765.781005859375,36.9298095703125,6.157810211181641,3,3,5,1,1,0,0,8,0,0,LivesExhausted,,,,,,,,,
training_episode,594468,625.5025999999998,950.3845387693036,46976034,537.2127075195312,26.010499954223633,3.872127056121826,3,3,7,1,0,0,0,3,1,0,LivesExhausted,,,,,,,,,
training_episode,595230,625.9391423000015,950.9390925974666,2152022,677.8743286132812,32.7705078125,5.278742790222168,3,3,10,1,0,0,1,12,1,0,LivesExhausted,,,,,,,,,
ppo_rollout,595968,626.3216871000004,951.5365861901664,,,,,,,,,,,,,,,,,,,-0.006349616889686634,2.2688969830671946,-0.9943812598784765,0.9893869757652283,0.007081552,0.07666015625
training_episode,598584,628.2633102,952.7597589766114,29067375,698.9216918945312,34.290252685546875,5.4892168045043945,3,4,7,1,0,0,0,18,0,0,LivesExhausted,,,,,,,,,
ppo_rollout,602112,630.0901843000029,955.5965399919932,,,,,,,,,,,,,,,,,,,-0.007230580248869955,1.6515397692720095,-0.9896762579679489,0.9907599687576294,0.009100321,0.08479817708333333
ppo_rollout,608256,633.850797500003,959.6201541420277,,,,,,,,,,,,,,,,,,,-0.005474266737777119,1.9441587209701539,-0.9831739713748296,0.987153172492981,0.013040961,0.08821614583333333
training_episode,613722,637.2854168000013,963.0253318547282,29905207,27389.33203125,305.2265930175781,272.8932800292969,2,17,45,27,3,4,2,171,1,1,MaxDuration,,,,,,,,,
ppo_rollout,614400,637.634272000003,963.5617578598366,,,,,,,,,,,,,,,,,,,-0.005826960279955528,2.2522473578651745,-0.9775812938809395,0.9737244844436646,0.0079657,0.057389322916666666
ppo_rollout,620544,641.3619615000025,967.5410099917464,,,,,,,,,,,,,,,,,,,-0.008539219115239879,1.8642075190941492,-0.9670030370354652,0.9473389983177185,0.01257112,0.10105794270833333
training_episode,623814,643.8273932000011,968.9149709823172,63418487,29750.666015625,305.1465148925781,297.0066223144531,1,21,49,30,3,2,5,178,2,1,MaxDuration,,,,,,,,,
ppo_rollout,626688,645.3746902000021,971.0452075611904,,,,,,,,,,,,,,,,,,,-0.008632721294028063,1.9544301639000574,-0.9616343448559443,0.9882007241249084,0.009503459,0.09095052083333334
training_episode,629190,647.2249360000023,972.1349796695685,68550208,24077.33203125,300.1716613769531,239.77330017089844,2,26,45,24,2,10,2,155,2,1,MaxDuration,,,,,,,,,
training_episode,630372,647.8382213000004,973.0392237973372,14510044,27389.33203125,304.4858703613281,273.3932800292969,1,30,50,27,4,3,1,156,3,1,MaxDuration,,,,,,,,,
training_episode,632028,648.7436180000004,974.233861364937,44148351,27389.33203125,306.6379699707031,272.8932800292969,2,28,44,27,2,4,3,137,2,1,MaxDuration,,,,,,,,,
ppo_rollout,632832,649.1818773000014,974.8146430581183,,,,,,,,,,,,,,,,,,,-0.007448632526211441,2.3082563241322833,-0.9567835703492165,0.9817168712615967,0.008150606,0.072705078125
training_episode,634938,650.8507229000024,975.550886954385,71168433,27389.33203125,302.8943176269531,272.8932800292969,2,23,49,27,4,3,4,163,2,1,MaxDuration,,,,,,,,,
training_episode,636132,651.485042100001,976.4337765138675,64046861,696.4838256835938,34.20026779174805,5.464838027954102,3,6,6,1,0,0,0,13,0,0,LivesExhausted,,,,,,,,,
ppo_rollout,638976,652.9415633999997,978.6113119721186,,,,,,,,,,,,,,,,,,,-0.007057138188974932,2.6529570202032726,-0.9469223479429881,0.9876040816307068,0.00923194,0.09075520833333334
ppo_rollout,645120,656.6399926000013,982.4561514226582,,,,,,,,,,,,,,,,,,,-0.007500505575444549,2.3907226701577504,-0.9431132967273395,0.9891340136528015,0.009991749,0.07693684895833333
training_episode,645144,657.2281146000023,981.6135154118341,60486075,2059.74267578125,85.04975891113281,19.097427368164062,3,3,18,3,0,0,0,33,1,0,LivesExhausted,,,,,,,,,
training_episode,650424,659.9823649999998,985.517241812969,11368174,27389.33203125,305.7971496582031,272.8932800292969,2,17,43,27,3,5,3,138,4,1,MaxDuration,,,,,,,,,
ppo_rollout,651264,660.4876815000025,986.0350438647772,,,,,,,,,,,,,,,,,,,-0.007717509024466078,2.016650643448035,-0.9417158171534539,0.9845523238182068,0.0065600476,0.05712890625
ppo_rollout,657408,664.3258473000024,989.5866654472073,,,,,,,,,,,,,,,,,,,-0.007596989624047031,1.7847636217872302,-0.9396186108390491,0.9902046918869019,0.0093863765,0.09337565104166666
training_episode,660342,666.4700773000004,990.805172642069,26868066,27389.33203125,304.3757629394531,272.8932800292969,2,20,46,27,0,4,3,186,2,1,MaxDuration,,,,,,,,,
ppo_rollout,663552,668.2521704999999,992.9664717789346,,,,,,,,,,,,,,,,,,,-0.007631272031964424,1.8092607403794925,-0.938567525645097,0.990942120552063,0.0100392215,0.08605143229166666
training_episode,663660,668.8903014000025,992.1806290372945,15766792,530.4003295898438,27.630537033081055,3.8040032386779785,3,3,6,1,0,0,0,12,0,0,LivesExhausted,,,,,,,,,
training_episode,665604,669.9298878000009,993.5427753280171,39435546,27389.33203125,303.4248352050781,273.3932800292969,1,32,47,27,4,3,2,188,5,1,MaxDuration,,,,,,,,,
training_episode,666816,670.5620440000021,994.4135758450384,2047293,27389.33203125,303.6750793457031,273.3932800292969,1,26,42,27,6,6,1,166,2,1,MaxDuration,,,,,,,,,
ppo_rollout,669696,671.9962890000024,996.5769319895717,,,,,,,,,,,,,,,,,,,-0.0035983252824128916,2.426295079787572,-0.9374205450216929,0.9881297945976257,0.013761976,0.12722981770833333
training_episode,670212,672.8348462000031,996.1017979154673,16604624,802.7086181640625,38.389564514160156,6.527085781097412,3,3,10,1,0,0,0,8,0,0,LivesExhausted,,,,,,,,,
training_episode,672798,674.1534922000028,997.9893418699362,61114449,27389.33203125,305.5168762207031,273.3932800292969,1,29,42,27,1,12,2,114,2,1,MaxDuration,,,,,,,,,
training_episode,673866,674.7076758000003,998.7525326445971,30533581,2059.11962890625,85.02975463867188,18.591196060180664,4,8,16,3,1,0,0,55,1,0,LivesExhausted,,,,,,,,,
ppo_rollout,675840,675.704532300002,1000.2004836337812,,,,,,,,,,,,,,,,,,,-0.007828554555696124,2.0754582305749256,-0.9336642116308213,0.9939559698104858,0.008152534,0.10520833333333333
training_episode,676212,676.4573648000005,999.6372797270482,5293892,1095.6309814453125,49.97761917114258,9.456310272216797,3,4,9,2,0,1,0,30,1,0,LivesExhausted,,,,,,,,,
training_episode,681282,679.0744856000019,1003.2507691671667,53364503,24077.33203125,301.1325988769531,240.77330017089844,0,26,46,24,6,9,2,140,2,1,MaxDuration,,,,,,,,,
ppo_rollout,681984,679.4435810000032,1003.7389697556018,,,,,,,,,,,,,,,,,,,-0.006618305499432609,2.1436024457216263,-0.9297697469592094,0.9923234581947327,0.00813816,0.06834309895833333
training_episode,686658,682.3834566000005,1006.2641369140125,43729435,24077.33203125,301.9233703613281,239.77328491210938,2,25,45,24,3,4,4,102,3,1,MaxDuration,,,,,,,,,
training_episode,687732,682.9419125000022,1007.0139017862632,24564028,1205.37451171875,53.706993103027344,10.05374526977539,4,8,10,2,1,1,1,25,0,0,LivesExhausted,,,,,,,,,
ppo_rollout,688128,683.1507526000023,1007.2857233649452,,,,,,,,,,,,,,,,,,,-0.007741583112510853,2.3997144609689713,-0.9305220892031988,0.9879943132400513,0.00696323,0.07537434895833334
training_episode,693006,686.1818546000031,1009.9450974318971,32837619,943.3275756835938,43.948631286621094,7.933276176452637,3,4,5,1,0,0,0,17,0,0,LivesExhausted,,,,,,,,,
training_episode,693780,686.5941383999998,1010.4659524428008,36398405,1348.169677734375,59.346046447753906,11.481697082519531,4,6,11,2,1,1,0,34,0,0,LivesExhausted,,,,,,,,,
ppo_rollout,694272,686.8542632000026,1010.7995788880144,,,,,,,,,,,,,,,,,,,-0.006118163953457648,2.028152716656526,-0.9267696167031924,0.9855110049247742,0.0071602333,0.066748046875
training_episode,696840,688.726738100002,1011.7800884605994,34722741,639.4107666015625,31.940635681152344,4.894107818603516,3,3,8,1,0,0,0,3,0,0,LivesExhausted,,,,,,,,,
ppo_rollout,700416,690.5681042000033,1014.260571462977,,,,,,,,,,,,,,,,,,,-0.007598817268929755,1.7735243340333302,-0.9223843514919281,0.9937900304794312,0.0095148245,0.075634765625
training_episode,703590,692.7814537000013,1015.6016680906691,6131724,29750.666015625,306.3977355957031,296.5066223144531,2,33,45,30,3,4,2,166,1,1,MaxDuration,,,,,,,,,
ppo_rollout,706560,694.843753000001,1016.8617001295814,,,,,,,,,,,,,,,,,,,-0.008132518876421576,2.035082657138507,-0.9143169552087784,0.9911649227142334,0.0090342695,0.07722981770833333
training_episode,708516,696.7964178000002,1016.8192342851046,22888364,2430.2578125,97.27236938476562,22.80257797241211,3,5,20,3,0,1,0,51,1,0,LivesExhausted,,,,,,,,,
training_episode,709530,697.6381655000005,1017.0458485330668,34618012,27389.33203125,306.0473937988281,273.3932800292969,1,37,43,27,2,3,4,182,1,1,MaxDuration,,,,,,,,,
training_episode,710448,698.3539493000026,1017.317938435259,48442240,27389.33203125,304.8061828613281,273.8932800292969,0,31,43,27,0,2,2,159,8,1,MaxDuration,,,,,,,,,
ppo_rollout,712704,699.8878360000017,1018.3117398828435,,,,,,,,,,,,,,,,,,,-0.007644302733630563,2.087015824516614,-0.9029357219735782,0.991739809513092,0.011567065,0.08328450520833333
training_episode,712788,700.6015697000003,1017.3942377908431,67398189,24077.33203125,304.7861633300781,240.27330017089844,1,33,48,24,4,8,1,179,1,1,MaxDuration,,,,,,,,,
training_episode,712986,700.7332121,1017.4856674243828,73891387,773.7581176757812,37.249755859375,6.237581253051758,3,5,6,1,0,0,0,25,0,0,LivesExhausted,,,,,,,,,
training_episode,714714,701.9127892000033,1018.2376087128812,37131508,923.559814453125,43.16876220703125,7.735598564147949,3,4,6,1,1,0,1,15,1,0,LivesExhausted,,,,,,,,,
training_episode,716004,702.8412528000008,1018.7279092505755,16499895,508.6671447753906,26.770517349243164,3.5866713523864746,3,3,5,1,0,0,0,4,0,0,LivesExhausted,,,,,,,,,
training_episode,716652,703.3383873000021,1018.9291711363952,16709353,1138.944580078125,51.68733215332031,9.389446258544922,4,5,8,2,1,0,0,17,0,0,LivesExhausted,,,,,,,,,
ppo_rollout,718848,704.880594600003,1019.8152786542848,,,,,,,,,,,,,,,,,,,-0.007864022833139946,2.010879755516847,-0.894276249408722,0.9930546283721924,0.008311882,0.08465169270833334
training_episode,720450,706.7007324000006,1019.4555728749651,26449150,1039.7110595703125,47.757991790771484,8.897109985351562,3,3,7,2,0,0,0,11,0,0,LivesExhausted,,,,,,,,,
training_episode,721146,707.1664702000016,1019.7683719309325,5084434,1596.841552734375,67.95610809326172,14.468415260314941,3,3,12,2,0,0,0,27,0,0,LivesExhausted,,,,,,,,,
training_episode,721920,707.6856591000032,1020.1139315414406,22364719,1078.07568359375,49.27773666381836,9.280756950378418,3,5,7,2,0,0,0,26,0,0,LivesExhausted,,,,,,,,,
training_episode,723948,709.1557358999999,1020.8589782908928,26972795,1399.6514892578125,60.76580810546875,11.996515274047852,4,6,9,2,1,0,0,19,0,0,LivesExhausted,,,,,,,,,
ppo_rollout,724992,709.9381558000023,1021.2044444674679,,,,,,,,,,,,,,,,,,,-0.007430323303560726,1.5532096087932588,-0.8913776437441508,0.9913869500160217,0.008751617,0.098388671875
training_episode,725868,711.3903091000029,1020.3512624712489,20479597,825.7459106445312,39.309410095214844,6.7574591636657715,3,3,6,1,0,0,0,16,1,0,LivesExhausted,,,,,,,,,
training_episode,726240,711.6612933000033,1020.4854568279169,31476142,1051.099609375,48.207916259765625,9.010995864868164,3,7,6,2,0,1,0,24,0,0,LivesExhausted,,,,,,,,,
training_episode,726828,712.1120227000029,1020.6652560705279,69283311,865.934814453125,40.88914489746094,7.159348011016846,3,3,6,1,0,0,0,21,0,0,LivesExhausted,,,,,,,,,
training_episode,729306,713.8349766000028,1021.6731092019133,13672212,555.5694580078125,28.63055992126465,4.055694580078125,3,3,4,1,0,0,0,5,0,0,LivesExhausted,,,,,,,,,
training_episode,730344,714.5560656000016,1022.094745479127,40378107,30977.33203125,304.6560363769531,308.7732849121094,2,35,40,31,0,4,4,151,1,1,MaxDuration,,,,,,,,,
ppo_rollout,731136,715.2432238000001,1022.2201003395229,,,,,,,,,,,,,,,,,,,-0.00835932176366138,1.7219289287924766,-0.891159409781297,0.9937183856964111,0.008962465,0.09015299479166666
training_episode,731886,716.4807461000019,1021.5012810656157,70121143,1021.7520141601562,47.04811096191406,8.717519760131836,3,4,6,2,0,0,0,22,0,0,LivesExhausted,,,,,,,,,
training_episode,735282,718.8052672000013,1022.922387400111,59752972,1659.7620849609375,70.44664001464844,15.097620964050293,3,7,7,2,0,3,0,35,0,0,LivesExhausted,,,,,,,,,
ppo_rollout,737280,720.0071730000018,1023.9897985016299,,,,,,,,,,,,,,,,,,,-0.0076562828539560234,1.79331048031648,-0.8905533457795779,0.9935696721076965,0.010328141,0.08020833333333334
training_episode,737376,720.7015924000007,1023.1363545964593,34094367,1578.984375,67.24595642089844,13.789844512939453,4,5,11,2,1,1,0,34,0,0,LivesExhausted,,,,,,,,,
training_episode,739704,722.1171313000013,1024.3545928183944,50222633,24077.33203125,300.9023742675781,239.77330017089844,2,33,47,24,2,5,2,132,1,1,MaxDuration,,,,,,,,,
training_episode,740496,722.5986446000024,1024.768044520627,57658392,1692.13037109375,71.7369155883789,15.421304702758789,3,5,12,2,0,1,0,34,0,0,LivesExhausted,,,,,,,,,
ppo_rollout,743424,724.3590780000013,1026.3197115616167,,,,,,,,,,,,,,,,,,,-0.005879231552050139,2.44422001739343,-0.8896708299716314,0.9914159774780273,0.008073567,0.07320963541666667
training_episode,744252,725.7745859000024,1025.4588882815242,8645220,622.7218627929688,31.280620574951172,4.7272186279296875,3,4,4,1,0,0,0,18,0,0,LivesExhausted,,,,,,,,,
training_episode,748536,728.3067173000018,1027.7757738868493,32942348,733.884033203125,35.670021057128906,5.838840007781982,3,3,6,1,1,0,1,23,0,0,LivesExhausted,,,,,,,,,
ppo_rollout,749568,728.9897135000028,1028.2285005109295,,,,,,,,,,,,,,,,,,,-0.0077096449793316426,2.336947717765967,-0.8852912281950315,0.9894627928733826,0.009113486,0.06555989583333334
ppo_rollout,755712,733.6015674000009,1030.1395656478242,,,,,,,,,,,,,,,,,,,-0.0053341444833980255,2.5413430904348693,-0.8864939083655675,0.9852085709571838,0.010295001,0.088720703125
training_episode,760230,736.9942885000019,1031.5276683450147,11682361,26254.666015625,302.3337707519531,261.046630859375,3,29,40,27,2,3,2,151,2,1,MaxDuration,,,,,,,,,
ppo_rollout,761856,737.9752318999999,1032.3598503956784,,,,,,,,,,,,,,,,,,,-0.008936760885020097,1.6703966240088144,-0.8859122266372045,0.9843946695327759,0.009822828,0.10872395833333333
training_episode,766560,741.5026885000007,1033.792610449853,39121359,26254.666015625,301.7532043457031,261.546630859375,2,26,41,27,2,3,3,167,1,1,MaxDuration,,,,,,,,,
ppo_rollout,768000,742.3430896000027,1034.5620653838403,,,,,,,,,,,,,,,,,,,-0.008127800359701117,2.0144317482908565,-0.8808016131321589,0.973537802696228,0.012055227,0.08404947916666666
training_episode,769158,743.6975368000021,1034.2349704552603,40901752,1774.7755126953125,74.38748168945312,16.24775505065918,3,4,12,2,0,1,0,54,2,0,LivesExhausted,,,,,,,,,
training_episode,771372,745.0280609000001,1035.3596602363891,70435330,845.8123168945312,40.09927749633789,6.958123207092285,3,4,7,1,0,0,0,31,0,0,LivesExhausted,,,,,,,,,
training_episode,771414,745.0585787000018,1035.3736230324116,39330817,26254.666015625,301.0625305175781,262.046630859375,1,28,39,27,2,1,3,128,4,1,MaxDuration,,,,,,,,,
training_episode,772428,745.6643551000016,1035.8923485036496,14614773,520.2852783203125,27.230527877807617,3.702852725982666,3,4,5,1,0,1,0,10,0,0,LivesExhausted,,,,,,,,,
training_episode,773700,746.453937000002,1036.5006621969198,29486291,26254.666015625,302.6741027832031,261.546630859375,2,32,38,27,3,6,2,154,3,1,MaxDuration,,,,,,,,,
ppo_rollout,774144,746.7295454000014,1036.7126957395444,,,,,,,,,,,,,,,,,,,-0.007967177910419803,2.050269550085068,-0.8855515509843827,0.9919528365135193,0.012205068,0.10148111979166667
training_episode,774474,747.5416990000012,1036.027824315388,28543730,476.3769836425781,25.50048828125,3.2637696266174316,3,4,5,1,0,0,1,15,0,0,LivesExhausted,,,,,,,,,
training_episode,776172,748.4206336000025,1037.0799055425687,70330601,27389.33203125,303.8552551269531,272.8932800292969,2,29,41,27,4,5,3,174,3,1,MaxDuration,,,,,,,,,
training_episode,778308,749.5044855000015,1038.430076213331,67607647,1070.100830078125,48.95779037475586,9.201008796691895,3,3,9,2,0,0,0,21,0,0,LivesExhausted,,,,,,,,,
ppo_rollout,780288,750.5040836000007,1039.6852156448404,,,,,,,,,,,,,,,,,,,-0.007932442461606116,2.328165645400683,-0.8869137957692146,0.9944134950637817,0.014075932,0.11663411458333334
training_episode,781380,751.608027000002,1039.6110365117188,72529910,1480.7208251953125,63.97526931762695,13.307209014892578,3,4,10,2,0,0,1,16,0,1,LivesExhausted,,,,,,,,,
training_episode,784362,753.1022961000017,1041.507912088277,40273378,1991.74365234375,82.35918426513672,17.917436599731445,4,6,15,2,2,1,0,42,0,0,LivesExhausted,,,,,,,,,
training_episode,784848,753.3497139000028,1041.8109750608842,34513283,607.9475708007812,28.880565643310547,4.579475402832031,3,4,10,1,0,1,0,9,0,0,LivesExhausted,,,,,,,,,
training_episode,785082,753.4712869000032,1041.953440893617,41425397,27389.33203125,304.5359191894531,272.8932800292969,2,38,43,27,3,4,4,171,2,1,MaxDuration,,,,,,,,,
ppo_rollout,786432,754.1723441000031,1042.774912329216,,,,,,,,,,,,,,,,,,,-0.010107600043799419,1.805406492948532,-0.8792708903551102,0.9933710694313049,0.011760935,0.09482421875
training_episode,786510,754.7637259000003,1042.061208045133,20060681,2087.56298828125,86.14999389648438,19.37563133239746,3,4,18,3,0,1,0,40,0,0,LivesExhausted,,,,,,,,,
training_episode,789090,756.0475783000002,1043.7041565218644,3618228,724.6114501953125,35.310081481933594,5.746114253997803,3,3,8,1,0,0,1,3,0,0,LivesExhausted,,,,,,,,,
training_episode,789816,756.4394790000006,1044.1231875471685,9692510,828.8179931640625,39.42938995361328,6.788179874420166,3,3,8,1,0,0,1,8,1,0,LivesExhausted,,,,,,,,,
ppo_rollout,792576,757.8841220000031,1045.7746468001565,,,,,,,,,,,,,,,,,,,-0.008283363172085955,2.762815809249878,-0.8792278369267782,0.9919628500938416,0.0076606013,0.07805989583333334
training_episode,792834,758.6166017000032,1045.1049953603942,73681929,631.0858154296875,31.170618057250977,4.810857772827148,3,4,7,1,0,1,0,4,0,0,LivesExhausted,,,,,,,,,
training_episode,794790,759.6757314000024,1046.222706805818,35036928,2121.17724609375,86.87014770507812,19.211772918701172,4,6,17,3,1,0,0,45,2,0,LivesExhausted,,,,,,,,,
training_episode,794922,759.7495491000009,1046.2947966756471,31999787,1649.7767333984375,70.05655670166016,14.497767448425293,4,7,15,2,1,1,0,49,1,0,LivesExhausted,,,,,,,,,
ppo_rollout,798720,761.8175026999997,1048.4400754369808,,,,,,,,,,,,,,,,,,,-0.008509709977079182,1.4758604188760123,-0.8775540476044019,0.9954728484153748,0.009426058,0.08634440104166667
training_episode,799002,762.5517605000023,1047.8003479738836,27810627,718.42822265625,35.07012176513672,5.684282302856445,3,3,8,1,0,0,0,23,0,0,LivesExhausted,,,,,,,,,
ppo_rollout,804864,765.5218599,1051.39257565439,,,,,,,,,,,,,,,,,,,-0.007853235610915969,2.4706980963548024,-0.8710395773251851,0.9923549890518188,0.01633445,0.08238932291666666
training_episode,806334,766.8424355000025,1051.4989294694522,19537036,1407.0333251953125,61.05575942993164,12.070333480834961,4,4,15,2,2,0,0,12,1,0,LivesExhausted,,,,,,,,,
training_episode,808128,767.7594430000026,1052.5796945489308,70016414,27389.33203125,306.2475891113281,273.3932800292969,1,27,45,27,2,3,1,161,2,1,MaxDuration,,,,,,,,,
ppo_rollout,811008,769.2452887,1054.2904999399836,,,,,,,,,,,,,,,,,,,-0.007091448903277827,1.7831298957268398,-0.8728991543253263,0.9945255517959595,0.011919006,0.108984375
training_episode,813714,771.2119647,1055.1107052864945,6236453,1417.90234375,61.49568557739258,12.679023742675781,3,3,15,2,0,0,1,30,0,1,LivesExhausted,,,,,,,,,
training_episode,815040,771.9281770000016,1055.8495262701083,58077308,29750.666015625,306.0473937988281,297.0066223144531,1,32,47,30,2,6,3,128,0,1,MaxDuration,,,,,,,,,
ppo_rollout,817152,773.0123904000029,1057.100778911392,,,,,,,,,,,,,,,,,,,-0.007121720436650018,2.0965216716130572,-0.8739210377136867,0.9921587109565735,0.0076624933,0.08738606770833333
training_episode,817620,773.8053819000015,1056.6222710837396,32628161,1893.537109375,79.08848571777344,16.93537139892578,4,6,15,2,1,0,0,54,1,0,LivesExhausted,,,,,,,,,
training_episode,819492,774.7529598000001,1057.7462010749196,27601169,1048.9962158203125,48.1279296875,8.989962577819824,3,5,10,2,0,0,0,14,1,0,LivesExhausted,,,,,,,,,
training_episode,821892,776.0478233000031,1059.0739066892204,57344205,732.0814208984375,35.600032806396484,5.82081413269043,3,4,11,1,1,0,0,2,0,0,LivesExhausted,,,,,,,,,
ppo_rollout,823296,776.7788609000017,1059.8846614416127,,,,,,,,,,,,,,,,,,,-0.008552857053776583,2.012631424764792,-0.8662245849768321,0.9942755699157715,0.00926955,0.0744140625
training_episode,825360,778.4415557000029,1060.2722760063937,7702659,1067.997314453125,48.877803802490234,8.679973602294922,4,4,11,2,1,0,1,16,0,0,LivesExhausted,,,,,,,,,
training_episode,826218,778.9002974000032,1060.7493703082987,61952281,27389.33203125,303.3147277832031,272.8932800292969,2,35,43,27,3,3,2,125,2,1,MaxDuration,,,,,,,,,
training_episode,829398,780.561048800002,1062.5664722510528,10635071,28554.666015625,304.6460266113281,285.046630859375,1,32,47,28,2,3,5,141,1,1,MaxDuration,,,,,,,,,
training_episode,829440,780.5865072000015,1062.5856229250467,53678690,540.2573852539062,26.840518951416016,3.902573585510254,3,4,8,1,0,0,0,20,0,0,LivesExhausted,,,,,,,,,
ppo_rollout,829440,780.591549300003,1062.5787593316913,,,,,,,,,,,,,,,,,,,-0.008107476268196478,2.3130252778530123,-0.868215249478817,0.993468701839447,0.009194769,0.07858072916666667
training_episode,830940,781.9276811000018,1062.6813963550294,63104300,24077.33203125,300.0915832519531,239.27330017089844,3,28,42,24,1,3,2,133,3,1,MaxDuration,,,,,,,,,
training_episode,834120,783.5966210000006,1064.4762593992853,25506589,535.0726318359375,26.46051025390625,3.8507261276245117,3,3,6,1,0,0,1,13,0,0,LivesExhausted,,,,,,,,,
training_episode,835050,784.0950889000014,1064.9856271533122,72215723,1022.7762451171875,47.09810256958008,8.727762222290039,3,4,6,2,0,1,0,25,0,0,LivesExhausted,,,,,,,,,
ppo_rollout,835584,784.384145,1065.2739545111535,,,,,,,,,,,,,,,,,,,-0.007524826443598916,1.9811947132150332,-0.8723275641600291,0.9944416880607605,0.01000813,0.08229166666666667
training_episode,837444,785.9313692000032,1065.5434212435512,68654937,1564.293701171875,66.67583465576172,14.142937660217285,3,5,10,2,0,3,0,24,0,0,LivesExhausted,,,,,,,,,
ppo_rollout,841728,788.1708648000022,1067.9511735232536,,,,,,,,,,,,,,,,,,,-0.00913208289227138,2.1235869338115054,-0.8729992677768071,0.9916524291038513,0.009166252,0.0712890625
training_episode,846792,791.2726249000007,1070.1646605138346,5189163,2445.122802734375,97.85249328613281,22.45122718811035,4,6,14,3,1,1,1,60,0,1,LivesExhausted,,,,,,,,,
ppo_rollout,847872,791.8498955000032,1070.7483890802591,,,,,,,,,,,,,,,,,,,-0.010336939581126596,1.8539403915405273,-0.8686450317502021,0.9926627278327942,0.008837254,0.07486979166666667
training_episode,851106,794.0920185000032,1071.797701238319,3094583,26254.666015625,300.4919738769531,262.046630859375,1,26,44,27,1,6,2,191,2,1,MaxDuration,,,,,,,,,
training_episode,851130,794.1092951000028,1071.804605804062,20165410,745.30859375,36.12994384765625,5.453085899353027,4,6,6,1,1,0,1,18,0,0,LivesExhausted,,,,,,,,,
ppo_rollout,854016,795.6406981,1073.3689239871728,,,,,,,,,,,,,,,,,,,-0.008120710524963215,2.4660661200682323,-0.8701811502377192,0.9849785566329956,0.008507677,0.07478841145833333
training_episode,858570,798.5955642000008,1075.0998859605224,28962646,26254.666015625,305.6169738769531,261.546630859375,2,37,42,27,1,0,5,182,4,1,MaxDuration,,,,,,,,,
ppo_rollout,860160,799.411868500003,1075.9910302732724,,,,,,,,,,,,,,,,,,,-0.00864878625240332,2.160884428024292,-0.8742636725306511,0.9917662739753723,0.009191657,0.08263346354166666
training_episode,861738,800.7600035000032,1076.1501526468242,15033689,24077.33203125,303.1245422363281,240.27330017089844,1,31,46,24,1,6,2,139,2,1,MaxDuration,,,,,,,,,
training_episode,865068,802.4607569,1078.019071414606,46347660,1216.78271484375,54.14691925048828,10.667826652526855,3,4,13,2,0,2,0,8,1,0,LivesExhausted,,,,,,,,,
ppo_rollout,866304,803.0917844000032,1078.711072417735,,,,,,,,,,,,,,,,,,,-0.004743730472788836,3.2826710750659305,-0.8733877340952555,0.9871583580970764,0.008294567,0.07371419270833333
training_episode,869760,805.4242088999999,1079.8781441991493,61323907,819.7699584960938,39.06945037841797,6.697699546813965,3,4,9,1,0,1,0,28,0,0,LivesExhausted,,,,,,,,,
training_episode,870792,805.971359500003,1080.4254887421923,13253296,27389.33203125,305.5769348144531,272.3932800292969,3,30,41,27,4,5,5,171,2,1,MaxDuration,,,,,,,,,
ppo_rollout,872448,806.8338962000016,1081.322939094435,,,,,,,,,,,,,,,,,,,-0.008254469191888348,1.4341132466991742,-0.8691405216852824,0.9947459101676941,0.010869406,0.109033203125
training_episode,873594,807.9841616000012,1081.2018867672798,36084218,23034.666015625,301.2326965332031,228.84661865234375,3,40,49,23,1,3,2,203,1,1,MaxDuration,,,,,,,,,
training_episode,877860,810.1381070000025,1083.5930224919011,3408770,1585.118896484375,67.49600982666016,14.351189613342285,3,3,15,2,0,0,0,26,1,0,LivesExhausted,,,,,,,,,
ppo_rollout,878592,810.5170517000006,1083.9895325548268,,,,,,,,,,,,,,,,,,,-0.00961015266366303,1.8189744154612224,-0.8676481515169143,0.9941304922103882,0.011230419,0.09189453125
training_episode,881832,812.7154992000033,1085.0439063461095,12939109,1613.24755859375,68.60624694824219,14.632475852966309,3,6,15,2,0,1,0,33,0,0,LivesExhausted,,,,,,,,,
training_episode,883950,813.8073347000027,1086.1907509421187,27391711,363.1771545410156,17.610307693481445,2.1317715644836426,3,4,6,1,0,0,0,0,0,0,LivesExhausted,,,,,,,,,
ppo_rollout,884736,814.2081478,1086.6214031271575,,,,,,,,,,,,,,,,,,,-0.008633302891394124,2.0547956774632135,-0.8584885070721309,0.9929894804954529,0.00942973,0.0912109375
training_episode,887550,816.2179765000001,1087.3933502492516,65094151,27389.33203125,303.4548645019531,272.8932800292969,2,36,43,27,2,6,5,209,5,1,MaxDuration,,,,,,,,,
training_episode,887574,816.2352510000019,1087.3997403476487,18385017,27389.33203125,303.8752746582031,272.8932800292969,2,33,42,27,2,1,4,153,2,1,MaxDuration,,,,,,,,,
training_episode,889638,817.2789264000021,1088.5365708849602,74100845,1030.15283203125,47.38805389404297,8.801527976989746,3,3,9,2,0,0,1,24,0,0,LivesExhausted,,,,,,,,,
ppo_rollout,890880,817.9249218000004,1089.195323746155,,,,,,,,,,,,,,,,,,,-0.00932710067863809,2.0180494502186774,-0.8508026321729024,0.9934597611427307,0.0085682925,0.0974609375
training_episode,895686,820.9443998000024,1091.0434375558273,37340966,1106.2725830078125,50.387550354003906,9.562726020812988,3,3,11,2,0,0,0,22,1,0,LivesExhausted,,,,,,,,,
training_episode,896526,821.4052235000017,1091.4539795351059,6969556,1779.6962890625,74.5875244140625,16.29696273803711,3,5,17,2,0,3,0,17,0,0,LivesExhausted,,,,,,,,,
ppo_rollout,897024,821.6635325000025,1091.7169431515415,,,,,,,,,,,,,,,,,,,-0.008446142686686168,2.2123141661286354,-0.8516303807497024,0.9934610724449158,0.009552413,0.08522135416666667
training_episode,897864,822.6798541000026,1091.3893120456287,11053987,23034.666015625,301.0124816894531,229.8466339111328,1,33,47,23,0,2,3,161,2,1,MaxDuration,,,,,,,,,
training_episode,902706,825.1103476000026,1094.0427575847277,59229327,1133.4810791015625,51.467369079589844,9.834810256958008,3,5,7,2,0,1,0,27,0,0,LivesExhausted,,,,,,,,,
ppo_rollout,903168,825.3559832999999,1094.2769159907052,,,,,,,,,,,,,,,,,,,-0.008148704019064704,1.8589046860734622,-0.8447025919953982,0.9947299957275391,0.012284688,0.0796875
training_episode,906918,827.7977747000004,1095.5791712881485,2570938,26254.666015625,301.0224914550781,262.046630859375,1,36,47,27,2,4,5,168,1,1,MaxDuration,,,,,,,,,
ppo_rollout,909312,828.9857155999998,1096.8970669679898,,,,,,,,,,,,,,,,,,,-0.008338365040253847,2.59201047172149,-0.8415307263533275,0.9927985668182373,0.011091287,0.09012044270833333
training_episode,914640,832.259262800002,1098.9844641954976,32313974,27389.33203125,306.4678039550781,272.8932800292969,2,43,38,27,2,1,3,195,3,1,MaxDuration,,,,,,,,,
ppo_rollout,915456,832.6734148000032,1099.4178314434116,,,,,,,,,,,,,,,,,,,-0.010273875548349073,1.3393858899672826,-0.8512423391143481,0.9954261779785156,0.014529477,0.17024739583333334
training_episode,916854,833.9788105000007,1099.3732555990393,62580655,2002.8653564453125,82.79927825927734,18.528654098510742,3,4,17,3,0,0,0,55,2,0,LivesExhausted,,,,,,,,,
ppo_rollout,921600,836.4246812000019,1101.8326224876562,,,,,,,,,,,,,,,,,,,-0.009059563191840425,2.248145150144895,-0.8512585500876109,0.9930235147476196,0.008658565,0.08603515625
training_episode,924252,838.3912645000019,1102.4112954602451,9483052,26254.666015625,305.8171691894531,260.546630859375,4,38,46,27,4,3,4,132,2,1,MaxDuration,,,,,,,,,
training_episode,926142,839.3562232000004,1103.3956434720094,35665302,1850.391845703125,77.37812042236328,17.003917694091797,3,4,16,2,0,0,0,30,0,0,LivesExhausted,,,,,,,,,
ppo_rollout,927744,840.1630306000006,1104.2428269397353,,,,,,,,,,,,,,,,,,,-0.011222366001068925,1.420479269325733,-0.8444445316990217,0.9966383576393127,0.014397514,0.12200520833333334
training_episode,927756,840.7402078000014,1103.4990254929003,25297131,605.353759765625,29.200572967529297,4.553537368774414,3,3,8,1,0,0,0,7,0,0,LivesExhausted,,,,,,,,,
training_episode,931710,842.8956763000024,1105.3681092420113,29381562,26254.666015625,300.1516418457031,260.546630859375,4,39,40,27,2,4,2,136,0,1,MaxDuration,,,,,,,,,
training_episode,933768,843.9797400000025,1106.38674809895,68969124,1099.01611328125,50.097599029541016,9.490160942077637,3,3,10,2,0,0,0,11,0,0,LivesExhausted,,,,,,,,,
ppo_rollout,933888,844.0567425000008,1106.427984016725,,,,,,,,,,,,,,,,,,,-0.006674382377726337,2.008207980295022,-0.8318368390202522,0.9944655299186707,0.011876942,0.11070963541666666
training_episode,934440,845.0002375000004,1105.8458430314934,8121575,451.26446533203125,22.710424423217773,3.0126447677612305,3,3,7,1,0,0,1,7,0,0,LivesExhausted,,,,,,,,,
training_episode,934662,845.1205506000006,1105.9510969605801,46661847,29750.666015625,306.5979309082031,297.5066223144531,0,41,44,30,3,4,3,156,3,1,MaxDuration,,,,,,,,,
training_episode,938706,847.2137352000027,1107.991951733878,41530126,872.1954956054688,41.139102935791016,7.221955299377441,3,4,6,1,0,0,0,23,0,0,LivesExhausted,,,,,,,,,
training_episode,939216,847.4845475000002,1108.2396756030525,12729651,24077.33203125,304.2256164550781,240.27330017089844,1,41,40,24,2,6,0,137,2,1,MaxDuration,,,,,,,,,
ppo_rollout,940032,847.9206657000032,1108.632019510875,,,,,,,,,,,,,,,,,,,-0.009798437774103755,1.6974703311920165,-0.8249154860774676,0.9967958927154541,0.0108647905,0.098095703125
training_episode,943266,850.2031535000024,1109.4595404838115,57134747,684.6928100585938,33.7303466796875,5.346928119659424,3,3,7,1,1,0,0,11,0,0,LivesExhausted,,,,,,,,,
training_episode,945804,851.5995537000017,1110.6205914396055,21945803,1342.5921630859375,59.12608337402344,11.925921440124512,3,4,12,2,0,0,1,22,1,0,LivesExhausted,,,,,,,,,
ppo_rollout,946176,851.8114052000019,1110.7810886587527,,,,,,,,,,,,,,,,,,,-0.006350783585609558,2.998253240187963,-0.8195364475250244,0.9922741651535034,0.007254682,0.06974283854166667
training_episode,950712,854.7506955999997,1112.268179358005,7597930,25150.666015625,300.5420227050781,250.5066375732422,2,35,41,26,2,5,1,142,1,1,MaxDuration,,,,,,,,,
ppo_rollout,952320,855.5734893000008,1113.0779668958112,,,,,,,,,,,,,,,,,,,-0.007081411396696543,2.281654051442941,-0.8183801541725795,0.9935013055801392,0.006890539,0.06612955729166667
training_episode,953334,856.7028629000015,1112.7942268955364,19118120,383.57147216796875,21.820404052734375,2.33571457862854,3,4,7,1,0,0,0,5,0,0,LivesExhausted,,,,,,,,,
training_episode,955020,857.5724278000016,1113.6318858221555,1104732,2447.156982421875,97.93251037597656,21.971569061279297,5,8,16,3,2,1,0,63,0,0,LivesExhausted,,,,,,,,,
ppo_rollout,958464,859.3544868999998,1115.3301863326785,,,,,,,,,,,,,,,,,,,-0.008790146883499498,1.8313800995548566,-0.8180348217487335,0.995356559753418,0.013329048,0.10792643229166667
training_episode,961848,861.7796508000029,1116.1182549473085,63732674,1285.324462890625,56.86646270751953,11.35324478149414,3,3,14,2,0,0,1,29,1,0,LivesExhausted,,,,,,,,,
training_episode,962358,862.077360000003,1116.3244096794244,40587565,23034.666015625,301.7532043457031,229.8466339111328,1,37,46,23,5,2,1,131,4,1,MaxDuration,,,,,,,,,
ppo_rollout,964608,863.411831700003,1117.20498212394,,,,,,,,,,,,,,,,,,,-0.007906737692731742,2.414603628218174,-0.8186617051561673,0.9941909909248352,0.008719343,0.08756510416666667
training_episode,970602,867.0728127000002,1119.4007997755316,15347876,29750.666015625,301.3227844238281,297.0066223144531,1,31,44,30,3,4,7,151,1,1,MaxDuration,,,,,,,,,
ppo_rollout,970752,867.1535359000009,1119.4695746612813,,,,,,,,,,,,,,,,,,,-0.008456772938370705,2.9967907200256985,-0.8159711276491483,0.9934921264648438,0.009015058,0.08299153645833333
training_episode,971016,867.8497003000011,1118.8757680786616,52212484,27389.33203125,302.9143371582031,273.3932800292969,1,35,47,27,4,3,3,160,0,1,MaxDuration,,,,,,,,,
training_episode,975912,870.3102758000023,1121.338018332516,27705898,862.6116333007812,40.7591667175293,7.126116752624512,3,3,12,1,0,0,0,2,0,0,LivesExhausted,,,,,,,,,
ppo_rollout,976896,870.8180033000026,1121.8141980276134,,,,,,,,,,,,,,,,,,,-0.006452876486582682,2.4379966408014297,-0.8020369360844294,0.993952214717865,0.01036642,0.09866536458333333
training_episode,980160,873.1582233000008,1122.545689709705,27915356,726.5554809570312,35.39006805419922,5.765554904937744,3,3,8,1,0,0,0,19,0,0,LivesExhausted,,,,,,,,,
training_episode,982290,874.3079732000006,1123.5057097841407,45090912,28554.666015625,303.9953918457031,284.546630859375,2,53,39,28,3,3,7,198,1,1,MaxDuration,,,,,,,,,
ppo_rollout,983040,874.7024144000025,1123.8565068718956,,,,,,,,,,,,,,,,,,,-0.008078942358649026,1.985930508375168,-0.7919627929727237,0.9932841658592224,0.013877739,0.09344075520833334
training_episode,985320,876.4254720999998,1124.2484744756202,55459083,918.4091186523438,42.96879577636719,7.684090614318848,3,4,10,1,0,0,0,11,0,0,LivesExhausted,,,,,,,,,
training_episode,985608,876.5696861000033,1124.392065604191,42577416,530.68115234375,27.64053726196289,3.8068113327026367,3,3,6,1,0,0,1,12,0,0,LivesExhausted,,,,,,,,,
training_episode,987942,877.7411435000031,1125.550519439672,23830925,462.0898132324219,21.83040428161621,3.1208982467651367,3,5,7,1,0,0,0,2,0,0,LivesExhausted,,,,,,,,,
ppo_rollout,989184,878.4013777,1126.118452352696,,,,,,,,,,,,,,,,,,,-0.007394163335751121,2.2645948717991513,-0.7891898478070895,0.9923356771469116,0.008217331,0.077685546875
training_episode,989556,879.1693421000018,1125.5579017761543,22259990,25150.666015625,301.8132629394531,250.5066375732422,2,41,43,26,4,4,3,130,1,1,MaxDuration,,,,,,,,,
ppo_rollout,995328,882.1254238000001,1128.3293431362042,,,,,,,,,,,,,,,,,,,-0.010277067873782167,1.9215317274133363,-0.7857367063562075,0.9958322644233704,0.013108016,0.10009765625
training_episode,995448,882.7569891000021,1127.6580217335802,21317429,1073.66357421875,49.0977668762207,9.236637115478516,3,4,13,2,0,0,1,21,0,0,LivesExhausted,,,,,,,,,
training_episode,998376,884.2247153000026,1129.0975955826657,62371197,24077.33203125,304.3657531738281,239.77330017089844,2,32,43,24,0,5,2,147,1,1,MaxDuration,,,,,,,,,
training_episode,998532,884.3117385000005,1129.1628919160835,73367742,25150.666015625,301.3928527832031,250.0066375732422,3,36,43,26,4,5,3,96,0,1,MaxDuration,,,,,,,,,
validation,1000002,,,,,,,,,,,,,,,,,,13423.168589782716,2625.381103515625,12854.885368212748,,,,,,
ppo_rollout,1001472,1067.0399135000007,938.551583056597,,,,,,,,,,,,,,,,,,,-0.00873854043893516,2.8594309031963348,-0.7833718637625376,0.9905551671981812,0.0097780945,0.09778645833333334
training_episode,1006782,1070.9151606000014,940.1136869104836,59962430,23034.666015625,301.4729309082031,229.3466339111328,2,32,42,23,2,1,3,177,0,1,MaxDuration,,,,,,,,,
training_episode,1007388,1071.5622262000034,940.1115263015762,36293676,1759.555908203125,73.787353515625,15.595558166503906,4,6,14,2,1,0,0,21,1,0,LivesExhausted,,,,,,,,,
ppo_rollout,1007616,1071.7665049000025,940.1450739440791,,,,,,,,,,,,,,,,,,,-0.010494487596830974,1.444527336458365,-0.7812251418828964,0.9963028430938721,0.016357271,0.12161458333333333
training_episode,1011690,1074.542126700002,941.5079919732644,59124598,737.6802368164062,35.829994201660156,5.87680196762085,3,5,5,1,0,0,0,11,0,0,LivesExhausted,,,,,,,,,
ppo_rollout,1013760,1075.6794243000004,942.4369167047195,,,,,,,,,,,,,,,,,,,-0.006673977789857114,2.1416119053959846,-0.7743316411972045,0.9936829805374146,0.0116791725,0.11736653645833334
training_episode,1014462,1076.6336097000021,942.2536978784028,72110994,1481.0164794921875,63.985267639160156,13.310164451599121,3,5,9,2,0,1,0,21,0,0,LivesExhausted,,,,,,,,,
training_episode,1015878,1077.3682204000033,942.9255297903874,45928744,714.386474609375,34.900150299072266,5.643864631652832,3,4,7,1,0,0,1,6,1,0,LivesExhausted,,,,,,,,,
training_episode,1018548,1078.7507502000008,944.1921591351486,53888148,701.2235107421875,34.0402946472168,5.512234687805176,3,3,11,1,0,0,1,7,0,0,LivesExhausted,,,,,,,,,
ppo_rollout,1019904,1079.4702662000018,944.8189838431682,,,,,,,,,,,,,,,,,,,-0.008752739254850895,1.4856935352087022,-0.7727105602622032,0.9956964254379272,0.013504692,0.098095703125
training_episode,1020474,1080.3290933000026,944.5954999534747,44462538,799.5660400390625,38.26958465576172,5.995659828186035,4,4,10,1,1,0,1,6,1,0,LivesExhausted,,,,,,,,,
training_episode,1022034,1081.1493042000002,945.3217941589088,73786658,27389.33203125,303.5249328613281,273.3932800292969,1,35,46,27,5,2,2,103,3,1,MaxDuration,,,,,,,,,
training_episode,1024620,1082.4870133000004,946.5425334539666,72739368,27389.33203125,305.6069641113281,272.8932800292969,2,37,43,27,4,3,3,135,2,1,MaxDuration,,,,,,,,,
ppo_rollout,1026048,1083.237834200001,947.2047297514887,,,,,,,,,,,,,,,,,,,-0.009620073441571246,2.0219798485438027,-0.7751612484455108,0.9955480098724365,0.00922037,0.09034830729166667
training_episode,1027092,1084.3808307,947.1690857325297,68026563,897.3334350585938,42.128936767578125,7.473334312438965,3,6,10,1,0,0,1,24,0,0,LivesExhausted,,,,,,,,,
training_episode,1027428,1084.5693849000018,947.3142191771619,49908446,1312.867431640625,57.94628143310547,11.628674507141113,3,4,13,2,1,1,0,17,0,0,LivesExhausted,,,,,,,,,
training_episode,1027824,1084.790465500002,947.4862037308329,72634639,506.8807373046875,26.700515747070312,3.5688071250915527,3,3,7,1,0,0,0,21,1,0,LivesExhausted,,,,,,,,,
ppo_rollout,1032192,1087.0078146000014,949.5718302446863,,,,,,,,,,,,,,,,,,,-0.008347431839987015,2.215180734793345,-0.77358478307724,0.9951015114784241,0.01096699,0.08722330729166666
training_episode,1032198,1087.5801665,949.077623695338,33570722,26254.666015625,306.1975402832031,261.546630859375,2,30,46,27,1,2,5,152,2,1,MaxDuration,,,,,,,,,
training_episode,1033782,1088.4162903000033,949.8038656836492,58600953,1256.08984375,55.70665740966797,11.060897827148438,3,3,11,2,0,0,0,18,1,0,LivesExhausted,,,,,,,,,
training_episode,1034808,1088.9427877000016,950.2868393900272,65198880,24077.33203125,303.5549621582031,239.77330017089844,2,39,44,24,4,4,3,147,2,1,MaxDuration,,,,,,,,,
training_episode,1037334,1090.2047861000028,951.503802978945,45509828,913.8421020507812,42.78882598876953,7.638421058654785,3,3,10,1,0,0,0,22,0,0,LivesExhausted,,,,,,,,,
ppo_rollout,1038336,1090.7131550000013,951.9789829618392,,,,,,,,,,,,,,,,,,,-0.009272259809464837,1.9782484461863836,-0.7667724867661794,0.9955572485923767,0.011236456,0.08115234375
training_episode,1040016,1092.1174041000013,952.2932205782973,8331033,928.6720581054688,43.36872863769531,7.786720275878906,3,6,11,1,0,0,0,6,0,0,LivesExhausted,,,,,,,,,
training_episode,1041234,1092.7344778000006,952.8700898102104,31790329,1433.1981201171875,62.095584869384766,12.831981658935547,3,3,13,2,0,0,0,30,0,0,LivesExhausted,,,,,,,,,
ppo_rollout,1044480,1094.4098534000004,954.3773722021202,,,,,,,,,,,,,,,,,,,-0.008297924647922627,2.64157774746418,-0.761886011560758,0.9945902228355408,0.0068687703,0.07586263020833334
training_episode,1044954,1095.2160408000018,954.1076473247343,12834380,872.1559448242188,41.139102935791016,7.221559047698975,3,5,12,1,0,0,1,15,0,0,LivesExhausted,,,,,,,,,
training_episode,1048050,1096.7582975000005,955.5888497848356,31371413,1282.890869140625,56.7664794921875,11.328908920288086,3,5,15,2,0,0,1,20,1,0,LivesExhausted,,,,,,,,,
training_episode,1050066,1097.7902826999998,956.5269583343163,58391495,908.205078125,42.56886291503906,7.5820512771606445,3,3,10,1,0,0,0,12,0,0,LivesExhausted,,,,,,,,,
ppo_rollout,1050624,1098.0750107000022,956.7870953827161,,,,,,,,,,,,,,,,,,,-0.0069498510526803635,1.7670486996571222,-0.7538889477650325,0.9959900379180908,0.011862856,0.10257161458333333
training_episode,1055154,1101.0100459000023,958.3509287033635,14928960,27389.33203125,305.0063781738281,272.8932800292969,2,37,38,27,2,3,4,176,0,1,MaxDuration,,,,,,,,,
ppo_rollout,1056768,1101.8677810000008,959.0696980366641,,,,,,,,,,,,,,,,,,,-0.006026461264506604,1.9925153240561486,-0.74813222438097,0.9945006966590881,0.014615881,0.09436848958333334
training_episode,1058424,1103.3107107000033,959.3163464609851,16185708,520.0121459960938,27.22052764892578,3.7001214027404785,3,4,6,1,0,0,0,4,0,0,LivesExhausted,,,,,,,,,
ppo_rollout,1062912,1105.6629842000002,961.3345252478244,,,,,,,,,,,,,,,,,,,-0.010897942294832319,2.561873957514763,-0.7507181867957116,0.991726279258728,0.00955421,0.10193684895833334
training_episode,1063734,1106.6360232000006,961.2320380860699,62894842,26254.666015625,302.5339660644531,262.046630859375,1,27,43,27,3,3,7,176,2,1,MaxDuration,,,,,,,,,
training_episode,1064532,1107.0482260999997,961.5949647922934,32104516,27389.33203125,305.8471984863281,273.3932800292969,1,31,45,27,3,2,3,161,4,1,MaxDuration,,,,,,,,,
training_episode,1068258,1109.0112584000017,963.2526197625825,18594475,785.2660522460938,37.69968032836914,6.352660179138184,3,3,9,1,2,0,1,22,1,0,LivesExhausted,,,,,,,,,
ppo_rollout,1069056,1109.4782572000004,963.566426887883,,,,,,,,,,,,,,,,,,,-0.009719900748071572,1.7478918289144834,-0.7407395506898562,0.9936543703079224,0.01112625,0.0974609375
training_episode,1073730,1112.5709410000018,965.0890207818202,37550424,28554.666015625,303.2846984863281,284.546630859375,2,37,44,28,0,1,3,152,1,1,MaxDuration,,,,,,,,,
training_episode,1073964,1112.7011007,965.1864272663786,70540059,1034.379638671875,47.54802703857422,8.843796730041504,3,3,8,2,0,0,0,15,0,0,LivesExhausted,,,,,,,,,
ppo_rollout,1075200,1113.3340547000007,965.747877252999,,,,,,,,,,,,,,,,,,,-0.007173136703204364,3.421923753619194,-0.7321719790498415,0.9864123463630676,0.007000511,0.08234049479166666
training_episode,1077642,1115.185025900002,966.3347112559162,11158716,606.6836547851562,30.650606155395508,4.566836357116699,3,3,7,1,0,0,0,11,0,0,LivesExhausted,,,,,,,,,
training_episode,1078566,1115.6792036000006,966.7348790940566,51688839,850.1063232421875,40.269248962402344,7.001063346862793,3,4,9,1,0,1,1,9,0,0,LivesExhausted,,,,,,,,,
ppo_rollout,1081344,1117.1898888000032,967.9142380723603,,,,,,,,,,,,,,,,,,,-0.008133753641353299,1.4739613870779673,-0.7272136191527049,0.9959684610366821,0.012513019,0.12880859375
training_episode,1081500,1117.9253230000031,967.4170338120134,64256319,470.9848937988281,24.42046356201172,3.2098488807678223,3,3,6,1,0,0,0,9,0,0,LivesExhausted,,,,,,,,,
training_episode,1084248,1119.4240319000019,968.5766689854804,30428852,26254.666015625,301.5930480957031,262.046630859375,1,37,44,27,3,5,3,148,3,1,MaxDuration,,,,,,,,,
training_episode,1085622,1120.1246006000001,969.1975333980536,69492769,1559.727783203125,66.49579620361328,14.097277641296387,3,3,13,2,0,0,0,10,0,0,LivesExhausted,,,,,,,,,
training_episode,1086708,1120.714167000002,969.6566992714728,25401860,27389.33203125,305.3166809082031,272.8932800292969,2,30,43,27,4,2,6,117,1,1,MaxDuration,,,,,,,,,
ppo_rollout,1087488,1121.1067806000028,970.0128648031096,,,,,,,,,,,,,,,,,,,-0.010818899678997695,1.6571059669057528,-0.7244656880696615,0.9967691898345947,0.013464647,0.127734375
training_episode,1092420,1124.9358912000025,971.0953384505166,3827686,1034.7271728515625,47.568023681640625,8.847270965576172,3,4,10,2,0,0,1,26,0,0,LivesExhausted,,,,,,,,,
ppo_rollout,1093632,1125.6843380000028,971.5263534207556,,,,,,,,,,,,,,,,,,,-0.010445987712591887,1.8509855777025224,-0.7215965534249942,0.9966391324996948,0.011868056,0.11803385416666666
training_episode,1094916,1127.0036207000012,971.5283783382425,9378323,27389.33203125,304.0454406738281,273.3932800292969,1,30,45,27,6,3,3,157,1,1,MaxDuration,,,,,,,,,
training_episode,1099158,1129.1952222,973.3994427097568,65303609,724.5095825195312,35.310081481933594,5.745095252990723,3,6,6,1,0,0,0,9,0,0,LivesExhausted,,,,,,,,,
ppo_rollout,1099776,1129.5120896000008,973.67350923129,,,,,,,,,,,,,,,,,,,-0.006437000065731505,5.041452607512474,-0.7146415332953135,0.9885032176971436,0.005730793,0.051529947916666666
training_episode,1100820,1130.5654141000014,973.6897894371901,19641765,29750.666015625,302.3838195800781,297.0066223144531,1,44,44,30,2,0,3,183,2,1,MaxDuration,,,,,,,,,
training_episode,1101660,1131.0064844000008,974.0527708684455,48546969,1840.3111572265625,76.97803497314453,16.90311050415039,3,5,12,2,0,2,0,20,2,0,LivesExhausted,,,,,,,,,
training_episode,1104582,1132.6178739000025,975.2468378381977,50432091,974.9058227539062,45.198421478271484,8.249058723449707,3,4,8,1,0,0,0,23,1,0,LivesExhausted,,,,,,,,,
ppo_rollout,1105920,1133.3656545000013,975.783936639487,,,,,,,,,,,,,,,,,,,-0.011268168510287068,1.7103816643357277,-0.7111997470259667,0.9959399104118347,0.012254511,0.10172526041666667
training_episode,1106196,1134.1432134000024,975.358303016935,40063920,964.6024169921875,44.79848861694336,8.146023750305176,3,4,10,1,0,1,0,10,0,0,LivesExhausted,,,,,,,,,
training_episode,1106568,1134.3322355000018,975.5237181567323,48128053,865.7369384765625,40.879146575927734,7.157369613647461,3,3,8,1,0,0,0,9,1,0,LivesExhausted,,,,,,,,,
ppo_rollout,1112064,1137.5046906000025,977.6346499401394,,,,,,,,,,,,,,,,,,,-0.010839085502084345,1.4601566230257352,-0.7049779097239176,0.9978798627853394,0.013091621,0.10660807291666667
training_episode,1117512,1141.0736744000023,979.3513119015812,7283743,26254.666015625,300.0415344238281,262.046630859375,1,42,40,27,3,4,3,145,2,1,MaxDuration,,,,,,,,,
ppo_rollout,1118208,1141.489056100003,979.6046611436252,,,,,,,,,,,,,,,,,,,-0.00870531648445952,2.082421563565731,-0.700839585562547,0.9956390261650085,0.0123082725,0.10802408854166666
training_episode,1120626,1143.5081396000023,979.9895262590728,33047077,27389.33203125,303.0945129394531,272.8932800292969,2,39,46,27,1,2,3,142,2,1,MaxDuration,,,,,,,,,
training_episode,1122078,1144.3359073000029,980.5494984837807,23621467,27389.33203125,303.7751770019531,273.3932800292969,1,30,42,27,3,4,1,150,0,1,MaxDuration,,,,,,,,,
training_episode,1124088,1145.3502732000015,981.4360080950636,49803717,1233.0941162109375,54.796810150146484,10.830941200256348,3,5,10,2,1,1,0,43,0,0,LivesExhausted,,,,,,,,,
ppo_rollout,1124352,1145.4954620000026,981.5420813949916,,,,,,,,,,,,,,,,,,,-0.007916447885994179,3.8530995309352876,-0.7006888593236605,0.9871369004249573,0.0089937905,0.08326822916666667
training_episode,1127868,1147.7472733000031,982.6797468724571,53469232,1051.275634765625,48.21791458129883,9.01275634765625,3,4,12,2,0,0,1,8,0,0,LivesExhausted,,,,,,,,,
ppo_rollout,1130496,1149.134913400001,983.78004777102,,,,,,,,,,,,,,,,,,,-0.007886815022599573,2.3853210762143133,-0.6965687359372775,0.993277370929718,0.014795296,0.1064453125
ppo_rollout,1136640,1152.9838411000019,985.8247440099342,,,,,,,,,,,,,,,,,,,-0.008799725775800956,1.8915597294767699,-0.6879798367619514,0.9957196116447449,0.012490661,0.11376953125
training_episode,1138008,1154.3465273000002,985.8460809526445,1733106,2045.2659912109375,84.4796371459961,18.952659606933594,3,6,16,3,0,3,0,55,0,0,LivesExhausted,,,,,,,,,
training_episode,1141212,1156.1336599000024,987.0934819929964,39645004,28554.666015625,305.2265930175781,284.546630859375,2,28,44,28,3,2,5,123,2,1,MaxDuration,,,,,,,,,
training_episode,1142322,1156.8040830000027,987.4809544564837,12624922,23034.666015625,301.0024719238281,228.8466339111328,3,29,45,23,5,3,1,185,1,1,MaxDuration,,,,,,,,,
ppo_rollout,1142784,1157.0614931000018,987.6605580730636,,,,,,,,,,,,,,,,,,,-0.010016614313159759,2.3944017271200817,-0.6822825729846954,0.990817129611969,0.014381955,0.11741536458333333
training_episode,1142976,1157.7403529000003,987.2472676079594,23202551,27389.33203125,303.3547668457031,272.8932800292969,2,31,39,27,3,2,4,158,3,1,MaxDuration,,,,,,,,,
training_episode,1145484,1159.1288314000012,988.2283737317439,54097606,1437.52294921875,62.26555633544922,12.875229835510254,3,5,12,2,0,0,0,5,1,0,LivesExhausted,,,,,,,,,
ppo_rollout,1148928,1160.981379300003,989.6179391720559,,,,,,,,,,,,,,,,,,,-0.007833622174803167,2.553823745250702,-0.6788041527072589,0.9934463500976562,0.011495888,0.11904296875
training_episode,1148982,1161.6040152000023,989.1339776422612,17023540,1097.741455078125,50.047607421875,9.477415084838867,3,3,9,2,0,0,0,15,1,0,LivesExhausted,,,,,,,,,
training_episode,1151604,1163.2243715000004,990.0102062983639,68340750,1120.8890380859375,50.96745300292969,9.708889961242676,3,4,10,2,0,0,1,38,0,0,LivesExhausted,,,,,,,,,
training_episode,1153194,1164.0703914000005,990.6565861649314,25925505,2230.5966796875,90.5909423828125,20.805967330932617,3,4,12,3,0,1,0,48,1,0,LivesExhausted,,,,,,,,,
ppo_rollout,1155072,1165.0890805000017,991.4023050531871,,,,,,,,,,,,,,,,,,,-0.007777756314802294,2.1082740679383276,-0.6752925376097362,0.9946920275688171,0.009773605,0.09303385416666667
training_episode,1157082,1166.6907412,991.7641060645454,8749949,30977.33203125,303.7451477050781,309.2732849121094,1,40,43,31,2,9,8,139,5,1,MaxDuration,,,,,,,,,
training_episode,1157604,1166.9620632000006,991.9808334005827,67084002,1095.96484375,49.98761749267578,9.459648132324219,3,4,11,2,0,0,0,34,0,0,LivesExhausted,,,,,,,,,
training_episode,1160424,1168.4201975000033,993.1564025364229,16814082,27389.33203125,302.7842102050781,273.3932800292969,1,40,37,27,6,1,4,173,1,1,MaxDuration,,,,,,,,,
ppo_rollout,1161216,1168.8265984000027,993.4886847968546,,,,,,,,,,,,,,,,,,,-0.00657248549881236,3.6234986573457717,-0.6671716511249542,0.9905107021331787,0.007623507,0.073828125
training_episode,1161582,1169.5797816000013,993.1618332277767,13986399,675.5789794921875,33.140445709228516,5.255789756774902,3,3,8,1,0,0,1,8,0,0,LivesExhausted,,,,,,,,,
training_episode,1167210,1172.5657401000026,995.4324606997764,68236021,1017.4998168945312,46.87813949584961,8.67499828338623,3,4,11,2,0,0,0,19,0,0,LivesExhausted,,,,,,,,,
ppo_rollout,1167360,1172.6494964000012,995.4892775580088,,,,,,,,,,,,,,,,,,,-0.0077487383988530684,2.152911708255609,-0.6609947999318441,0.9941062927246094,0.010349201,0.09007161458333333
training_episode,1172178,1175.816388500003,996.9056490999886,60590804,878.6124877929688,41.3990592956543,7.286125183105469,3,3,5,1,0,0,0,21,0,0,LivesExhausted,,,,,,,,,
ppo_rollout,1173504,1176.5292539000002,997.4286624068445,,,,,,,,,,,,,,,,,,,-0.009816428716294467,2.10304328451554,-0.6565893366932869,0.994909942150116,0.012457038,0.08634440104166667
training_episode,1177482,1179.2387850000014,998.5102381109341,10949258,26254.666015625,302.2236633300781,261.546630859375,2,45,41,27,3,4,4,160,3,1,MaxDuration,,,,,,,,,
ppo_rollout,1179648,1180.3874338000023,999.3735668655656,,,,,,,,,,,,,,,,,,,-0.007613785456245145,1.9713718568285306,-0.652095531920592,0.9931575059890747,0.014463923,0.10636393229166667
training_episode,1182078,1182.191860400002,999.9036870377677,1837835,799.3656616210938,38.259586334228516,6.493656635284424,3,3,10,1,0,0,1,23,0,0,LivesExhausted,,,,,,,,,
training_episode,1185546,1184.047269900002,1001.2657688067846,2466209,30977.33203125,304.6460266113281,309.2732849121094,1,44,42,31,2,3,6,159,0,1,MaxDuration,,,,,,,,,
ppo_rollout,1185792,1184.1829444000032,1001.3587897103281,,,,,,,,,,,,,,,,,,,-0.008879701890206586,2.148910440504551,-0.6412190164128939,0.9903514981269836,0.011780914,0.108544921875
training_episode,1186788,1185.239026000003,1001.3068874429697,71587349,823.6944580078125,39.22942352294922,6.736944675445557,3,4,10,1,0,1,0,19,0,0,LivesExhausted,,,,,,,,,
training_episode,1189506,1186.7463693999998,1002.3253752201454,65931983,29750.666015625,302.5840148925781,296.5066223144531,2,49,42,30,4,6,6,169,1,1,MaxDuration,,,,,,,,,
ppo_rollout,1191936,1188.0629756000017,1003.2599487397058,,,,,,,,,,,,,,,,,,,-0.008557745531046141,2.412040521701177,-0.6265135372678439,0.9935418367385864,0.019947322,0.10777994791666666
training_episode,1193790,1189.7143901000018,1003.4257044664776,73158284,24077.33203125,305.8872375488281,239.27330017089844,3,29,47,24,6,2,1,155,0,1,MaxDuration,,,,,,,,,
training_episode,1193814,1189.7364561000031,1003.4272665001484,49280072,739.489501953125,35.89998245239258,5.894895076751709,3,3,7,1,0,0,0,12,0,0,LivesExhausted,,,,,,,,,
training_episode,1195434,1191.0247967000032,1003.7020247707801,1000003,1699.7752685546875,72.0269775390625,15.497753143310547,3,8,14,2,1,2,0,33,0,0,LivesExhausted,,,,,,,,,
training_episode,1196466,1191.9124824000028,1003.820345593519,54621251,26254.666015625,300.3117980957031,262.046630859375,1,38,45,27,2,3,3,150,2,1,MaxDuration,,,,,,,,,
ppo_rollout,1198080,1193.0838597000002,1004.1875851889038,,,,,,,,,,,,,,,,,,,-0.007300035795196891,2.7780704528093336,-0.6215951666235924,0.9921708106994629,0.010102473,0.10686848958333334
training_episode,1202628,1196.8898031999997,1004.7942565678634,29591020,1756.0013427734375,73.64732360839844,16.060012817382812,3,3,11,2,0,0,0,35,0,0,LivesExhausted,,,,,,,,,
ppo_rollout,1204224,1198.0629345000016,1005.142522418966,,,,,,,,,,,,,,,,,,,-0.008709595600763956,1.4969299192229906,-0.6201970562338829,0.9965618848800659,0.014265358,0.1234375
training_episode,1208808,1201.967056100002,1005.6914570705412,9273594,29750.666015625,305.2165832519531,296.5066223144531,2,41,41,30,3,1,3,164,0,1,MaxDuration,,,,,,,,,
ppo_rollout,1210368,1202.9431034000008,1006.1722757951007,,,,,,,,,,,,,,,,,,,-0.0075283067708369344,3.8311273862918216,-0.6131603255867958,0.9887842535972595,0.008061376,0.09768880208333333
ppo_rollout,1216512,1207.6676619000027,1007.3234867331652,,,,,,,,,,,,,,,,,,,-0.010311495198402553,2.5717108537753424,-0.6059366852045059,0.9811471104621887,0.0122478595,0.10611979166666667
training_episode,1221858,1211.5443538,1008.5128094300893,10530342,28554.666015625,302.5840148925781,284.546630859375,2,29,41,28,1,1,4,189,2,1,MaxDuration,,,,,,,,,
ppo_rollout,1222656,1212.0209264000005,1008.774661697953,,,,,,,,,,,,,,,,,,,-0.009615937287647588,2.2223599125941593,-0.5974577327569326,0.964666485786438,0.013837706,0.10851236979166666
training_episode,1227594,1215.290844500003,1010.1236305331164,67293460,1040.1749267578125,47.77798843383789,8.901749610900879,3,5,8,2,0,1,1,15,1,0,LivesExhausted,,,,,,,,,
ppo_rollout,1228800,1215.9192944000024,1010.5933886067279,,,,,,,,,,,,,,,,,,,-0.010607085777640654,2.0312681019306185,-0.5922430540124576,0.9692929983139038,0.016624419,0.12638346354166666
training_episode,1230282,1217.3501121000008,1010.6229816479754,66979273,25150.666015625,303.8552551269531,250.5066375732422,2,32,40,26,1,1,4,158,5,1,MaxDuration,,,,,,,,,
training_episode,1231242,1217.851107800001,1010.9955084938002,45824015,600.0836791992188,30.390600204467773,4.500836372375488,3,3,8,1,0,0,0,13,0,0,LivesExhausted,,,,,,,,,
training_episode,1231530,1218.0006328000018,1011.1078490730306,43834164,26254.666015625,300.7522277832031,261.546630859375,2,31,43,27,4,0,3,141,2,1,MaxDuration,,,,,,,,,
training_episode,1232910,1218.7076099000005,1011.6536484917533,26763337,27389.33203125,303.6850891113281,273.3932800292969,1,49,39,27,3,5,5,163,2,1,MaxDuration,,,,,,,,,
ppo_rollout,1234944,1219.7542339000029,1012.4531366055847,,,,,,,,,,,,,,,,,,,-0.008247845926477263,2.77500018676122,-0.5945538133382797,0.9899036884307861,0.013307244,0.11298828125
training_episode,1237710,1222.0757854000003,1012.7931629010081,25087673,1133.96826171875,51.48736572265625,9.839682579040527,3,3,14,2,0,0,0,27,1,0,LivesExhausted,,,,,,,,,
training_episode,1239054,1222.9850940000033,1013.1390857327953,69911685,1126.6500244140625,51.19741439819336,9.766499519348145,3,5,12,2,0,0,1,13,0,0,LivesExhausted,,,,,,,,,
training_episode,1239084,1223.0173865000033,1013.1368643466105,51584110,27389.33203125,303.7551574707031,273.3932800292969,1,33,43,27,3,3,3,132,2,1,MaxDuration,,,,,,,,,
ppo_rollout,1241088,1224.3506222000033,1013.6704122957211,,,,,,,,,,,,,,,,,,,-0.01042531708565851,2.7575134823719663,-0.5906683410207431,0.993888795375824,0.013712216,0.09850260416666666
training_episode,1241220,1225.0439775000013,1013.2044422870514,16395166,570.3218383789062,29.210573196411133,4.203218460083008,3,4,4,1,0,0,0,11,0,0,LivesExhausted,,,,,,,,,
training_episode,1241358,1225.1166600000033,1013.2569742378629,17651914,309.7877502441406,18.910337448120117,1.5978775024414062,3,3,3,1,0,0,1,4,0,0,LivesExhausted,,,,,,,,,
training_episode,1244958,1227.0550669000004,1014.5901627261351,55249625,29750.666015625,301.2226867675781,296.5066223144531,2,37,41,30,0,4,5,159,3,1,MaxDuration,,,,,,,,,
training_episode,1246578,1227.9035034000008,1015.2084398719367,56296915,931.9345092773438,43.49870681762695,7.819344520568848,3,3,9,1,0,0,0,11,0,0,LivesExhausted,,,,,,,,,
training_episode,1247064,1228.170621600002,1015.3833498926921,52736129,1566.00537109375,66.73584747314453,14.160053253173828,3,3,10,2,0,0,0,46,0,0,LivesExhausted,,,,,,,,,
ppo_rollout,1247232,1228.2671160000027,1015.4403580075958,,,,,,,,,,,,,,,,,,,-0.005569632260206466,5.840778239568075,-0.5866388912002246,0.9827272891998291,0.008986325,0.10152994791666667
training_episode,1247778,1229.1329468000004,1015.1692729810403,9064136,466.28350830078125,23.470441818237305,3.162834882736206,3,3,8,1,0,0,0,22,0,0,LivesExhausted,,,,,,,,,
training_episode,1250580,1230.619206000003,1016.2201222788302,2256751,674.5626831054688,33.330413818359375,5.245626926422119,3,4,4,1,0,1,1,14,0,0,LivesExhausted,,,,,,,,,
ppo_rollout,1253376,1232.2062162000002,1017.1803903613514,,,,,,,,,,,,,,,,,,,-0.008394960193739583,3.289336018760999,-0.5810866370797158,0.991374135017395,0.011135179,0.09080403645833333
ppo_rollout,1259520,1236.2528575000033,1018.8206986611528,,,,,,,,,,,,,,,,,,,-0.008629020549900208,3.665586339433988,-0.5698658898472786,0.9917225241661072,0.013050082,0.10602213541666666
ppo_rollout,1265664,1240.4946885000027,1020.2897374195386,,,,,,,,,,,,,,,,,,,-0.012219969912742575,2.4354963913559913,-0.5632277776797613,0.9731361865997314,0.014806774,0.12898763020833334
training_episode,1266930,1241.7967239000027,1020.2394446822693,22678906,30977.33203125,305.3767395019531,309.2732849121094,1,49,44,31,0,2,3,141,3,1,MaxDuration,,,,,,,,,
training_episode,1267476,1242.0789888,1020.4471788259913,18803933,26254.666015625,301.9133605957031,261.546630859375,2,32,46,27,3,4,1,177,2,1,MaxDuration,,,,,,,,,
ppo_rollout,1271808,1244.7386815999998,1021.7469889866402,,,,,,,,,,,,,,,,,,,-0.00878791391927128,1.950395902991295,-0.5560888449350992,0.930528998374939,0.016518848,0.14488932291666667
training_episode,1274832,1246.889593900003,1022.4096874628643,59648243,1412.037353515625,61.2557258605957,12.620373725891113,3,3,12,2,0,0,0,22,2,0,LivesExhausted,,,,,,,,,
training_episode,1277556,1248.3143074,1023.4249438836481,38597714,26254.666015625,302.7641906738281,261.546630859375,2,29,46,27,4,7,6,148,1,1,MaxDuration,,,,,,,,,
ppo_rollout,1277952,1248.5287519000012,1023.5663360216756,,,,,,,,,,,,,,,,,,,-0.009177112035104074,2.2633265445629758,-0.5530522848169009,0.9939510822296143,0.01577645,0.14117838541666666
training_episode,1278600,1249.4180627000023,1023.3564234191839,4665518,630.53173828125,31.400623321533203,4.8053178787231445,3,6,7,1,0,1,0,10,0,0,LivesExhausted,,,,,,,,,
training_episode,1283256,1251.9207197000032,1025.0297641111856,17547185,26254.666015625,301.5830383300781,261.546630859375,2,26,43,27,3,2,4,181,4,1,MaxDuration,,,,,,,,,
training_episode,1283946,1252.2708722000025,1025.2941504136004,21526887,29750.666015625,301.3728332519531,297.5066223144531,0,27,47,30,2,0,7,117,1,1,MaxDuration,,,,,,,,,
ppo_rollout,1284096,1252.370115900001,1025.3326741809065,,,,,,,,,,,,,,,,,,,-0.010565647166610384,2.678593795498212,-0.5535231237610181,0.992334246635437,0.01538844,0.119677734375
training_episode,1287276,1254.6674628,1025.9897846774702,27496440,28554.666015625,305.7871398925781,285.046630859375,1,28,43,28,4,3,3,114,2,1,MaxDuration,,,,,,,,,
training_episode,1288398,1255.283471900002,1026.3801195835676,52003026,2223.29052734375,90.31088256835938,20.7329044342041,3,3,13,3,0,0,0,43,1,0,LivesExhausted,,,,,,,,,
ppo_rollout,1290240,1256.2517432000022,1027.0552912535036,,,,,,,,,,,,,,,,,,,-0.01031166014339154,2.6801402032375337,-0.5465758080283801,0.9938661456108093,0.018079123,0.12727864583333334
training_episode,1294740,1259.3167418000012,1028.1289504254241,30009936,1434.935791015625,62.17557144165039,12.849357604980469,3,4,12,2,0,1,0,16,1,0,LivesExhausted,,,,,,,,,
ppo_rollout,1296384,1260.2846347000013,1028.6438192659484,,,,,,,,,,,,,,,,,,,-0.009559858817374334,2.677641299366951,-0.5354621325929959,0.9938692450523376,0.010160766,0.10662434895833334
ppo_rollout,1302528,1264.424566400001,1030.1349994396937,,,,,,,,,,,,,,,,,,,-0.009427558958608036,3.23200525144736,-0.5350452676415444,0.9910250902175903,0.013534791,0.096826171875
training_episode,1303326,1265.541046800001,1029.8567583371087,13358025,27389.33203125,303.2546691894531,271.8932800292969,4,47,41,27,3,3,3,112,0,1,MaxDuration,,,,,,,,,
training_episode,1306200,1267.1453516000001,1030.8209696312158,30847768,455.2511901855469,23.910451889038086,3.0525119304656982,3,3,5,1,0,0,1,14,0,0,LivesExhausted,,,,,,,,,
ppo_rollout,1308672,1268.4974661000015,1031.6709610966077,,,,,,,,,,,,,,,,,,,-0.007808740004353846,2.2853465576966605,-0.534361743927002,0.9878528714179993,0.013538388,0.11505533854166666
training_episode,1310400,1270.1196000000018,1031.7138637967623,19955952,716.2888793945312,34.98013687133789,5.662888526916504,3,3,9,1,0,0,0,4,1,0,LivesExhausted,,,,,,,,,
ppo_rollout,1314816,1272.5597610000004,1033.2057010562662,,,,,,,,,,,,,,,,,,,-0.008977466635406018,1.584840926527977,-0.5266924689213435,0.9946515560150146,0.024048893,0.16180013020833334
training_episode,1314852,1273.1637429000002,1032.7438299531234,25716047,28554.666015625,302.0434875488281,285.546630859375,0,35,47,28,0,6,4,126,2,1,MaxDuration,,,,,,,,,
training_episode,1319340,1275.6007426000033,1034.2891438827833,42158500,24077.33203125,300.6821594238281,240.27330017089844,1,39,44,24,1,3,6,152,1,1,MaxDuration,,,,,,,,,
training_episode,1320144,1276.0446190000002,1034.5594349471567,54411793,26254.666015625,301.6330871582031,261.546630859375,2,33,40,27,1,4,4,139,5,1,MaxDuration,,,,,,,,,
ppo_rollout,1320960,1276.520216300003,1034.8132235843516,,,,,,,,,,,,,,,,,,,-0.010073431065150847,2.3016033043464024,-0.5257328396042188,0.9934267997741699,0.012670737,0.12716471354166667
training_episode,1322262,1277.8692934000028,1034.739630124363,22783635,447.3565368652344,24.350461959838867,2.9735655784606934,3,3,6,1,0,0,0,4,0,0,LivesExhausted,,,,,,,,,
training_episode,1325076,1279.3856774000014,1035.7127044698918,24668757,26254.666015625,305.6269836425781,261.046630859375,3,29,45,27,3,1,5,147,1,1,MaxDuration,,,,,,,,,
training_episode,1326072,1279.9317902000003,1036.0489599158952,15871521,1080.04052734375,49.357723236083984,9.30040454864502,3,4,8,2,0,0,0,18,1,0,LivesExhausted,,,,,,,,,
ppo_rollout,1327104,1280.5015933000032,1036.3938685776227,,,,,,,,,,,,,,,,,,,-0.010594383716428032,2.932569423317909,-0.5233827774723371,0.9917375445365906,0.011295405,0.10069986979166666
training_episode,1331064,1283.3118903000031,1037.2100578674088,35246386,27389.33203125,302.6640930175781,272.8932800292969,2,53,37,27,2,3,7,114,2,1,MaxDuration,,,,,,,,,
ppo_rollout,1333248,1284.6412591000008,1037.8368206343087,,,,,,,,,,,,,,,,,,,-0.0108148856049714,2.1715939223766325,-0.5171228150526682,0.9951869249343872,0.017556963,0.12996419270833334
ppo_rollout,1339392,1288.956680700001,1039.1287931201914,,,,,,,,,,,,,,,,,,,-0.008625301932139944,2.49763730665048,-0.5110703761378924,0.9915294647216797,0.014231935,0.13146158854166667
ppo_rollout,1345536,1292.719210000003,1040.8571247270295,,,,,,,,,,,,,,,,,,,-0.010644447702604035,2.220443790157636,-0.5049611702561378,0.9776551127433777,0.013006763,0.11710611979166667
training_episode,1346832,1294.046153700001,1040.7913165609054,51479381,27389.33203125,303.5549621582031,272.8932800292969,2,52,41,27,3,3,2,149,0,1,MaxDuration,,,,,,,,,
training_episode,1350924,1296.2593784000019,1042.1710519598876,24040383,693.5830688476562,34.09028625488281,5.435830593109131,3,4,7,1,0,0,1,5,0,0,LivesExhausted,,,,,,,,,
training_episode,1351464,1296.561060600001,1042.3450472703475,51793568,29750.666015625,305.0764465332031,297.5066223144531,0,40,45,30,5,2,8,134,1,1,MaxDuration,,,,,,,,,
ppo_rollout,1351680,1296.6972262000018,1042.4021681307413,,,,,,,,,,,,,,,,,,,-0.010264600469963626,1.7306629583239554,-0.49640426511565844,0.9365164041519165,0.021676205,0.16090494791666668
training_episode,1356570,1300.4135499000004,1043.1835319651336,64989422,907.6593017578125,42.53886795043945,7.576592445373535,3,3,6,1,0,0,0,24,1,0,LivesExhausted,,,,,,,,,
ppo_rollout,1357824,1301.1446926999997,1043.5611101655306,,,,,,,,,,,,,,,,,,,-0.010701182277019446,2.134480897585551,-0.48788678223888077,0.9946462512016296,0.020266652,0.14641927083333334
training_episode,1358988,1302.4455283000025,1043.4125423838636,12101277,29750.666015625,306.0173645019531,296.5066223144531,2,38,41,30,2,2,7,139,1,1,MaxDuration,,,,,,,,,
training_episode,1361586,1304.0477608,1044.122800505943,65617796,28554.666015625,304.2356262207031,284.546630859375,2,35,42,28,3,2,6,139,2,1,MaxDuration,,,,,,,,,
training_episode,1362300,1304.4603416999998,1044.3399131817393,43624706,1039.06884765625,47.73799514770508,8.8906888961792,3,3,9,2,0,0,0,29,0,0,LivesExhausted,,,,,,,,,
training_episode,1362594,1304.6171422000007,1044.4397485857282,2780396,27389.33203125,304.2956848144531,272.8932800292969,2,36,43,27,1,6,1,156,1,1,MaxDuration,,,,,,,,,
ppo_rollout,1363968,1305.414506600002,1044.854330255991,,,,,,,,,,,,,,,,,,,-0.01042104948234434,2.6956295569737754,-0.4774495621522268,0.9948593378067017,0.013543119,0.13662109375
training_episode,1366980,1307.8937276000033,1045.1766616454538,66036712,817.5635986328125,38.97946548461914,6.675636291503906,3,5,8,1,0,0,0,14,0,0,LivesExhausted,,,,,,,,,
training_episode,1367574,1308.2460480000009,1045.3492308199193,72844097,28554.666015625,304.2156066894531,284.546630859375,2,46,40,28,2,3,4,137,3,1,MaxDuration,,,,,,,,,
training_episode,1367754,1308.3582048000026,1045.3971970230252,22155261,1130.634521484375,51.35738754272461,9.806344985961914,3,3,10,2,0,0,1,37,0,0,LivesExhausted,,,,,,,,,
ppo_rollout,1370112,1309.939165900003,1045.9355943133853,,,,,,,,,,,,,,,,,,,-0.008080735176918097,3.2545203268527985,-0.4670427287618319,0.9928679466247559,0.011433754,0.11173502604166667
ppo_rollout,1376256,1314.0119505000002,1047.3694698714992,,,,,,,,,,,,,,,,,,,-0.007354398655782764,4.355777724583944,-0.46555455699563025,0.9904325604438782,0.011713751,0.08450520833333333
ppo_rollout,1382400,1318.470251900002,1048.4878198866231,,,,,,,,,,,,,,,,,,,-0.0075254538794979455,4.268566777308782,-0.46423542946577073,0.9762102365493774,0.012047636,0.09267578125
training_episode,1387098,1321.8663065,1049.3481777841198,42053771,26254.666015625,301.4228820800781,261.546630859375,2,40,41,27,3,6,4,182,2,1,MaxDuration,,,,,,,,,
ppo_rollout,1388544,1322.740702500003,1049.747692329742,,,,,,,,,,,,,,,,,,,-0.012701013621214468,1.585370736817519,-0.4617349900305271,0.9621703624725342,0.016649922,0.17047526041666666
training_episode,1392162,1325.7416808000016,1050.100498582739,13043838,898.4031982421875,42.16893005371094,7.484031677246094,3,3,7,1,1,0,1,8,0,0,LivesExhausted,,,,,,,,,
ppo_rollout,1394688,1327.180310900003,1050.8654992434433,,,,,,,,,,,,,,,,,,,-0.011115845700260252,1.8259488075971604,-0.45714805523554486,0.9834467172622681,0.017743582,0.16414388020833334
training_episode,1395786,1328.3743025000003,1050.7475170011426,38492985,30977.33203125,306.6279602050781,309.2732849121094,1,43,36,31,5,3,2,166,3,1,MaxDuration,,,,,,,,,
training_episode,1396446,1328.7123548000018,1050.9769062922528,13462754,733.75537109375,35.670021057128906,5.83755350112915,3,3,7,1,0,0,0,24,0,0,LivesExhausted,,,,,,,,,
training_episode,1398642,1329.9427082000002,1051.6558280115541,63523216,26254.666015625,300.3718566894531,261.046630859375,3,44,42,27,3,5,1,103,2,1,MaxDuration,,,,,,,,,
ppo_rollout,1400832,1331.080699500002,1052.4020072758915,,,,,,,,,,,,,,,,,,,-0.012571594417871286,2.432019725938638,-0.4529668961962064,0.9922976493835449,0.013768441,0.119482421875
training_episode,1402362,1332.590765500001,1052.3575851689322,53259774,1233.06591796875,54.796810150146484,10.830658912658691,3,7,10,2,0,0,0,21,1,0,LivesExhausted,,,,,,,,,
training_episode,1402872,1332.9109384000003,1052.4874240164759,11891819,722.8403930664062,35.24009323120117,5.7284040451049805,3,6,9,1,0,1,0,20,1,0,LivesExhausted,,,,,,,,,
training_episode,1403736,1333.5004582000001,1052.670054493124,32209245,29750.666015625,306.2776184082031,297.0066223144531,1,35,42,30,0,2,5,157,2,1,MaxDuration,,,,,,,,,
training_episode,1403952,1333.6406214000017,1052.7213834610018,54307064,27389.33203125,303.1145324707031,273.3932800292969,1,41,43,27,4,1,5,182,2,1,MaxDuration,,,,,,,,,
training_episode,1404516,1333.9609373000021,1052.8914008852498,10006697,27389.33203125,306.3176574707031,271.8932800292969,4,36,43,27,2,5,3,134,6,1,MaxDuration,,,,,,,,,
training_episode,1406292,1334.9780305000022,1053.419582847583,8016846,660.0069580078125,32.750511169433594,5.100069522857666,3,4,5,1,0,0,1,19,0,0,LivesExhausted,,,,,,,,,
training_episode,1406862,1335.3015030000024,1053.5912652230404,10425613,672.2289428710938,33.24042892456055,5.222289562225342,3,4,6,1,0,0,0,27,0,0,LivesExhausted,,,,,,,,,
ppo_rollout,1406976,1335.3807922000015,1053.6140763879398,,,,,,,,,,,,,,,,,,,-0.012235166879448419,2.6663734912872314,-0.4463258060316245,0.9955050349235535,0.014781269,0.12937825520833332
training_episode,1410582,1337.8792429000023,1054.3417931669276,53992877,1110.0631103515625,50.53752517700195,9.600630760192871,3,3,11,2,0,0,1,47,0,0,LivesExhausted,,,,,,,,,
ppo_rollout,1413120,1339.2019691000023,1055.1955811039268,,,,,,,,,,,,,,,,,,,-0.012141330679878593,3.0143549660841624,-0.45025279000401497,0.9924924373626709,0.013060965,0.106201171875
training_episode,1413408,1339.935331200002,1054.8329961075049,6760098,1346.293701171875,59.276058197021484,11.462937355041504,4,5,8,2,1,0,1,29,1,0,LivesExhausted,,,,,,,,,
training_episode,1416630,1341.7496194000014,1055.8080132964624,42682145,1967.1240234375,81.37897491455078,17.671239852905273,4,4,9,2,2,0,0,44,1,0,LivesExhausted,,,,,,,,,
training_episode,1418226,1342.6120139000013,1056.3185680726601,46452389,1473.5733642578125,63.695316314697266,12.735733032226562,4,7,13,2,1,0,0,39,1,0,LivesExhausted,,,,,,,,,
ppo_rollout,1419264,1343.1561187000007,1056.6634661752216,,,,,,,,,,,,,,,,,,,-0.009339810609041403,5.0571118493874865,-0.4528538197278976,0.9850744605064392,0.010819471,0.0919921875
training_episode,1424190,1346.4285083000032,1057.753895747631,47813866,1088.747314453125,49.69766616821289,9.387473106384277,3,4,11,2,0,0,1,15,0,0,LivesExhausted,,,,,,,,,
training_episode,1424400,1346.5490135,1057.8151895842593,25820776,1499.19677734375,64.71541595458984,13.491968154907227,3,5,11,2,0,1,1,13,1,1,LivesExhausted,,,,,,,,,
ppo_rollout,1425408,1347.0840408000004,1058.1433354028045,,,,,,,,,,,,,,,,,,,-0.011263645548994342,3.1358377665281294,-0.45376124332348505,0.994485080242157,0.015256914,0.13234049479166668
ppo_rollout,1431552,1350.9534934000003,1059.6604598113545,,,,,,,,,,,,,,,,,,,-0.009327954071341082,4.050426600376765,-0.4570807680487633,0.9894486665725708,0.014187988,0.0916015625
training_episode,1432002,1351.7473561000006,1059.371038188339,24982944,1509.04931640625,65.09549713134766,13.590492248535156,3,4,13,2,0,1,0,43,1,0,LivesExhausted,,,,,,,,,
training_episode,1432680,1352.1333599000027,1059.570041305655,13881670,23034.666015625,301.8933410644531,228.8466339111328,3,31,43,23,3,4,2,167,3,1,MaxDuration,,,,,,,,,
training_episode,1432686,1352.1401931,1059.569124053132,56087457,1623.5281982421875,69.0163345336914,14.735282897949219,3,5,11,2,0,0,0,56,0,0,LivesExhausted,,,,,,,,,
training_episode,1435866,1353.9071439,1060.5350643648376,59543514,501.3926086425781,26.480510711669922,3.513925552368164,3,3,8,1,0,0,0,5,1,0,LivesExhausted,,,,,,,,,
training_episode,1436694,1354.3652672000026,1060.7876876303856,12310735,819.8201293945312,39.06945037841797,6.698201656341553,3,5,6,1,0,0,0,8,2,0,LivesExhausted,,,,,,,,,
ppo_rollout,1437696,1354.9298365000031,1061.0852025473105,,,,,,,,,,,,,,,,,,,-0.010247896417664985,1.7239788740873336,-0.46517436852057775,0.9967924952507019,0.01777997,0.18369140625
training_episode,1438632,1356.0459690000025,1060.9020880471326,4770247,414.6529846191406,23.050432205200195,2.6465296745300293,3,6,2,1,0,0,0,9,0,0,LivesExhausted,,,,,,,,,
training_episode,1440180,1356.8911579000014,1061.3821098435787,34932199,28554.666015625,303.6550598144531,285.046630859375,1,43,41,28,6,1,4,130,0,1,MaxDuration,,,,,,,,,
training_episode,1440438,1357.036783200001,1061.4583317361023,51165194,28554.666015625,304.0254211425781,285.546630859375,0,40,41,28,4,4,5,145,2,1,MaxDuration,,,,,,,,,
ppo_rollout,1443840,1358.8287578000018,1062.5621453122872,,,,,,,,,,,,,,,,,,,-0.006638194335391745,2.11087024162213,-0.47062315940856936,0.996936023235321,0.020036772,0.155908203125
training_episode,1446594,1360.984188100003,1062.9028703261515,66560357,1128.982421875,51.29739761352539,9.789823532104492,3,5,11,2,0,1,0,27,0,0,LivesExhausted,,,,,,,,,
training_episode,1447044,1361.2359511000031,1063.0368664820057,69702227,1649.723876953125,70.05655670166016,14.997239112854004,3,4,13,2,0,0,0,47,2,0,LivesExhausted,,,,,,,,,
training_episode,1449720,1362.9441905000022,1063.667911059633,31266684,26254.666015625,302.5639953613281,261.546630859375,2,51,42,27,5,4,3,177,1,1,MaxDuration,,,,,,,,,
ppo_rollout,1449984,1363.0909210999998,1063.7470894677213,,,,,,,,,,,,,,,,,,,-0.011618891447627296,3.00378511796395,-0.46903379410505297,0.9932617545127869,0.012938347,0.121337890625
training_episode,1451898,1364.9642115000024,1063.6894269956451,29276833,948.695556640625,44.15859603881836,7.986955642700195,3,3,9,1,0,0,0,7,0,0,LivesExhausted,,,,,,,,,
training_episode,1453026,1365.6411147,1063.9881769517438,55982728,1092.5107421875,49.84764099121094,9.425107955932617,3,6,7,2,0,1,1,38,0,0,LivesExhausted,,,,,,,,,
ppo_rollout,1456128,1367.3085901000013,1064.9593007336425,,,,,,,,,,,,,,,,,,,-0.011740157951135189,2.637049553791682,-0.46278329491615294,0.9946621060371399,0.0122870365,0.11573893229166667
training_episode,1457328,1368.5068640999998,1064.903683152816,60695533,738.0333862304688,35.829994201660156,5.88033390045166,3,4,7,1,0,0,0,9,0,0,LivesExhausted,,,,,,,,,
training_episode,1461360,1370.6141646000033,1066.2081552516859,66246170,680.66064453125,33.57037353515625,5.306606292724609,3,3,8,1,0,0,1,2,0,0,LivesExhausted,,,,,,,,,
ppo_rollout,1462272,1371.1215962000024,1066.478716441063,,,,,,,,,,,,,,,,,,,-0.009865936869755388,2.088787241280079,-0.46332324867447217,0.9942243099212646,0.014244749,0.101953125
ppo_rollout,1468416,1375.1149685000019,1067.8496224950359,,,,,,,,,,,,,,,,,,,-0.007132048629379521,3.405143428842227,-0.46158216819167136,0.9906081557273865,0.008370922,0.08038736979166666
training_episode,1469166,1376.0962878000028,1067.633139501299,54516522,27389.33203125,304.0354309082031,272.8932800292969,2,29,45,27,3,0,2,143,2,1,MaxDuration,,,,,,,,,
training_episode,1470288,1376.674515300001,1067.9997222724785,61219178,1774.9273681640625,74.3974838256836,16.2492733001709,3,5,12,2,0,0,0,52,0,0,LivesExhausted,,,,,,,,,
training_episode,1472940,1378.0033390000026,1068.8943620912353,38074069,29750.666015625,302.0234680175781,296.5066223144531,2,41,42,30,1,1,5,146,2,1,MaxDuration,,,,,,,,,
training_episode,1473450,1378.2597262000018,1069.0655556354732,2361480,744.1182861328125,35.69001770019531,5.941182613372803,3,3,10,1,0,0,0,4,1,0,LivesExhausted,,,,,,,,,
ppo_rollout,1474560,1378.8103674000013,1069.4436558237896,,,,,,,,,,,,,,,,,,,-0.011534535463821764,1.7904871170719465,-0.4560549159844716,0.9951632022857666,0.031961393,0.16554361979166668
training_episode,1476174,1380.3458926000021,1069.4232568182583,35770031,512.8722534179688,26.940521240234375,3.628722667694092,3,3,8,1,0,0,0,11,0,0,LivesExhausted,,,,,,,,,
training_episode,1476264,1380.4018209000023,1069.4451265193904,26658608,23034.666015625,300.6621398925781,229.3466339111328,2,42,43,23,2,3,1,166,0,1,MaxDuration,,,,,,,,,
training_episode,1480674,1382.848538600003,1070.7419928281051,59857701,779.0669555664062,37.459720611572266,6.2906694412231445,3,5,8,1,0,0,0,16,1,0,LivesExhausted,,,,,,,,,
ppo_rollout,1480704,1382.8728560000018,1070.7448581230942,,,,,,,,,,,,,,,,,,,-0.009817981556989253,1.8341037914156915,-0.44135244861245154,0.99714595079422,0.02017949,0.15419921875
training_episode,1482018,1384.200762700002,1070.6669436514376,18070830,1043.84326171875,47.917964935302734,8.938432693481445,3,3,10,2,0,0,0,42,1,0,LivesExhausted,,,,,,,,,
training_episode,1484814,1385.762541,1071.4779452246717,65408338,431.2652893066406,23.300437927246094,2.812653064727783,3,4,5,1,0,0,0,0,1,0,LivesExhausted,,,,,,,,,
training_episode,1485522,1386.1151135,1071.7161839820023,63942132,853.0609741210938,40.37923049926758,7.030610084533691,3,4,6,1,0,0,0,11,0,0,LivesExhausted,,,,,,,,,
training_episode,1486026,1386.3933835000025,1071.8646076112043,50851007,26254.666015625,302.4939270019531,261.546630859375,2,47,35,27,2,6,3,184,1,1,MaxDuration,,,,,,,,,
ppo_rollout,1486848,1386.9731181000025,1072.0092412726895,,,,,,,,,,,,,,,,,,,-0.007905579221551306,3.9168384869893393,-0.4324765178064505,0.9920480847358704,0.010002108,0.10498046875
training_episode,1488270,1388.456489600001,1071.8881082321523,60800262,26254.666015625,303.0744934082031,262.046630859375,1,42,45,27,2,3,3,124,3,1,MaxDuration,,,,,,,,,
training_episode,1488804,1388.789644700002,1072.0154817410107,35141657,672.1993408203125,33.24042892456055,5.2219929695129395,3,4,8,1,0,0,0,1,0,0,LivesExhausted,,,,,,,,,
ppo_rollout,1492992,1391.2970313000005,1073.0936431345488,,,,,,,,,,,,,,,,,,,-0.01465746642400821,2.0626648371418317,-0.4318008281290531,0.9968953132629395,0.018884497,0.12903645833333333
training_episode,1492998,1391.942815600003,1072.6000976961375,39749733,827.2186889648438,39.35940170288086,6.772186756134033,3,4,7,1,0,1,0,5,0,0,LivesExhausted,,,,,,,,,
ppo_rollout,1499136,1395.3048278000024,1074.4146871216017,,,,,,,,,,,,,,,,,,,-0.009070717345457524,3.142840236922105,-0.42874615515271824,0.9924159049987793,0.011995212,0.11897786458333333
training_episode,1499226,1395.9298123000008,1073.9981242536853,15557334,1143.37255859375,51.857303619384766,9.93372631072998,3,3,10,2,0,0,0,21,0,0,LivesExhausted,,,,,,,,,
validation,1500000,,,,,,,,,,,,,,,,,,7041.37283996582,1135.0532836914062,10904.578590714642,,,,,,
training_episode,1504248,1519.6223996000008,989.8827500805149,24145112,889.6106567382812,41.82898712158203,7.396106719970703,3,4,7,1,0,1,0,25,1,0,LivesExhausted,,,,,,,,,
ppo_rollout,1505280,1520.160135500002,990.2114684153931,,,,,,,,,,,,,,,,,,,-0.008706663471336166,3.069104623794556,-0.4218906372785568,0.9927184581756592,0.0146564385,0.11920572916666666
training_episode,1506390,1521.2771401999998,990.2140512030289,31161955,25150.666015625,300.8222961425781,250.0066375732422,3,36,41,26,4,1,4,201,2,1,MaxDuration,,,,,,,,,
training_episode,1509840,1523.1908029000006,991.2349766854014,3932415,28554.666015625,303.2046203613281,284.046630859375,3,43,41,28,1,3,3,197,0,1,MaxDuration,,,,,,,,,
training_episode,1510230,1523.4060043000027,991.3509568277848,51269923,1092.3651123046875,49.84764099121094,9.423651695251465,3,5,9,2,0,2,1,36,0,0,LivesExhausted,,,,,,,,,
ppo_rollout,1511424,1524.0664471000018,991.7047927115922,,,,,,,,,,,,,,,,,,,-0.012205261855463808,1.7645451853672662,-0.4230769229431947,0.995635449886322,0.025031358,0.16585286458333334
training_episode,1511520,1524.7073605000005,991.3508907731147,42263229,911.8196411132812,42.708839416503906,7.618196487426758,3,4,11,1,0,0,0,5,0,0,LivesExhausted,,,,,,,,,
training_episode,1513644,1525.977029400001,991.9179455769068,57972579,307.02886962890625,17.67030906677246,1.5702886581420898,3,5,2,1,0,0,0,9,0,0,LivesExhausted,,,,,,,,,
training_episode,1515510,1527.0479378000018,992.4442857919546,63837403,944.3231811523438,43.988624572753906,7.943231582641602,3,4,9,1,0,0,1,6,0,0,LivesExhausted,,,,,,,,,
training_episode,1517448,1528.141190600003,993.0024851985015,57448934,1465.7635498046875,63.38536834716797,12.657635688781738,4,8,13,2,1,2,0,31,3,0,LivesExhausted,,,,,,,,,
ppo_rollout,1517568,1528.2144885000016,993.0333807327978,,,,,,,,,,,,,,,,,,,-0.011863942801331481,2.1529796133438746,-0.4213820810119311,0.9961308836936951,0.01566745,0.13108723958333332
training_episode,1517826,1528.9152728000008,992.7469670836028,43310519,713.052001953125,34.85015869140625,5.630519866943359,3,3,6,1,0,0,1,4,2,0,LivesExhausted,,,,,,,,,
training_episode,1522320,1531.524448600001,993.9900087077193,34827470,30977.33203125,306.6379699707031,309.2732849121094,1,50,41,31,3,7,7,163,3,1,MaxDuration,,,,,,,,,
training_episode,1522590,1531.6722193000023,994.0703897442542,28648459,29750.666015625,304.6460266113281,297.5066223144531,0,57,38,30,1,3,9,158,3,1,MaxDuration,,,,,,,,,
training_episode,1523046,1531.9357419000007,994.1970530115218,13776941,931.5289916992188,43.48870849609375,7.3152899742126465,4,5,7,1,1,0,0,18,0,0,LivesExhausted,,,,,,,,,
ppo_rollout,1523712,1532.2983190000014,994.396444286642,,,,,,,,,,,,,,,,,,,-0.010632986505515873,3.0810030231873196,-0.42029658233126005,0.9959868788719177,0.013364249,0.1154296875
training_episode,1525194,1533.6764777000026,994.4691870656297,44043622,27389.33203125,303.1946105957031,272.3932800292969,3,39,41,27,4,1,4,192,2,1,MaxDuration,,,,,,,,,
training_episode,1527096,1534.6672128999999,995.0665441755983,7493201,780.6161499023438,37.519710540771484,5.806161403656006,4,4,8,1,1,0,1,8,0,0,LivesExhausted,,,,,,,,,
training_episode,1527786,1535.051804900002,995.2667363558617,4351331,983.4547729492188,45.52836608886719,8.334547996520996,3,4,9,1,0,0,1,19,0,0,LivesExhausted,,,,,,,,,
ppo_rollout,1529856,1536.1890242000009,995.8774447022893,,,,,,,,,,,,,,,,,,,-0.006769191528049608,5.198205421368281,-0.4173099542657534,0.9914807677268982,0.01341131,0.09978841145833334
training_episode,1531038,1537.4060223000015,995.8579437002109,6550640,516.1591186523438,27.070524215698242,3.661591053009033,3,3,7,1,0,0,0,13,0,0,LivesExhausted,,,,,,,,,
training_episode,1532076,1537.9788527000019,996.1619415704974,43938893,880.3679809570312,41.46904754638672,7.303679943084717,3,4,10,1,0,0,0,14,0,0,LivesExhausted,,,,,,,,,
training_episode,1535802,1539.8977943000027,997.3402167889561,39959191,2704.218017578125,106.28429412841797,24.542179107666016,5,9,12,3,2,2,0,46,3,1,LivesExhausted,,,,,,,,,
ppo_rollout,1536000,1540.006078100003,997.3986608514264,,,,,,,,,,,,,,,,,,,-0.009909114363836125,2.8685429568092027,-0.41557156493266423,0.9941977262496948,0.014028725,0.12034505208333333
training_episode,1536918,1541.0742723000003,997.3030032525317,2989854,851.1304321289062,40.309242248535156,7.011303901672363,3,4,9,1,0,0,1,12,1,0,LivesExhausted,,,,,,,,,
training_episode,1541526,1543.4975561000028,998.7226697624424,36188947,802.62548828125,38.389564514160156,6.526254653930664,3,3,11,1,0,0,0,18,0,0,LivesExhausted,,,,,,,,,
ppo_rollout,1542144,1543.8265387000029,998.9101504231041,,,,,,,,,,,,,,,,,,,-0.007414077393089732,6.6521539767583215,-0.413613398373127,0.9863318800926208,0.008014825,0.07454427083333333
training_episode,1542432,1544.5245239000033,998.6451986565293,51060465,1244.488525390625,55.246734619140625,9.94488525390625,5,6,6,2,2,1,0,11,1,0,LivesExhausted,,,,,,,,,
training_episode,1547046,1546.9792115000018,1000.0431734954818,8540491,995.2003784179688,45.998287200927734,8.452003479003906,3,5,7,1,0,0,0,8,0,0,LivesExhausted,,,,,,,,,
training_episode,1547208,1547.0687081000033,1000.0900360140874,41320668,837.7069091796875,39.76933288574219,6.877068996429443,3,3,9,1,0,0,0,12,0,0,LivesExhausted,,,,,,,,,
ppo_rollout,1548288,1547.6465566000006,1000.4144637528924,,,,,,,,,,,,,,,,,,,-0.012748922211661315,2.0343262886007625,-0.41003180518746374,0.9965780973434448,0.017894896,0.15009765625
training_episode,1551582,1549.8896179000003,1001.0919371808508,38178798,28554.666015625,300.5520324707031,284.546630859375,2,44,42,28,1,4,7,117,1,1,MaxDuration,,,,,,,,,
training_episode,1553574,1550.937444700001,1001.6999752691567,54202335,28554.666015625,301.0124816894531,284.546630859375,2,42,38,28,3,3,3,142,0,1,MaxDuration,,,,,,,,,
ppo_rollout,1554432,1551.3694663000024,1001.9740840376998,,,,,,,,,,,,,,,,,,,-0.013953402198967523,1.654036210477352,-0.3959524564445019,0.997891366481781,0.01783004,0.15284830729166668
training_episode,1554936,1552.2103408000003,1001.7559857245861,15452605,1525.579833984375,65.74563598632812,13.75579833984375,3,8,10,2,0,2,1,51,1,1,LivesExhausted,,,,,,,,,
training_episode,1555608,1552.5878279999997,1001.9452503398089,29172104,1647.3192138671875,69.95653533935547,14.97319221496582,3,3,13,2,0,0,0,23,0,0,LivesExhausted,,,,,,,,,
training_episode,1559256,1554.471642200002,1003.077803203426,62685384,1028.2001953125,47.308067321777344,8.782001495361328,3,5,9,2,0,1,0,22,1,0,LivesExhausted,,,,,,,,,
ppo_rollout,1560576,1555.1641713999998,1003.4799082306072,,,,,,,,,,,,,,,,,,,-0.012413756312647213,2.121707319219907,-0.3841113661726316,0.9968296885490417,0.02035909,0.159326171875
training_episode,1561458,1556.222512100001,1003.3642283537808,14195857,26254.666015625,302.1636047363281,262.046630859375,1,56,42,27,2,8,6,152,2,1,MaxDuration,,,,,,,,,
training_episode,1562076,1556.5752420000026,1003.5338850648361,20898513,1351.43212890625,59.47602462768555,12.014321327209473,3,4,11,2,0,0,0,26,0,0,LivesExhausted,,,,,,,,,
training_episode,1566444,1558.8257723000024,1004.8871579078123,63209029,1376.42724609375,59.855960845947266,11.764272689819336,4,5,12,2,1,0,1,25,1,0,LivesExhausted,,,,,,,,,
ppo_rollout,1566720,1558.9987034000005,1004.9527280447124,,,,,,,,,,,,,,,,,,,-0.008608149653688694,5.3760423988103865,-0.37840993056694666,0.9899811744689941,0.011077836,0.08525390625
training_episode,1567284,1559.8703546000033,1004.7527317755184,30219394,28554.666015625,301.9934387207031,284.546630859375,2,44,42,28,1,5,2,192,2,1,MaxDuration,,,,,,,,,
training_episode,1568154,1560.3238568000015,1005.018280766441,11787090,1258.07275390625,55.786643981933594,11.080726623535156,3,7,11,2,0,1,0,22,0,0,LivesExhausted,,,,,,,,,
training_episode,1571526,1562.1004565000003,1006.0338907531711,59019869,1884.90673828125,78.73841094970703,17.34906768798828,3,4,16,2,0,2,0,55,0,0,LivesExhausted,,,,,,,,,
ppo_rollout,1572864,1562.7742130000006,1006.4563306177355,,,,,,,,,,,,,,,,,,,-0.010258495825110004,2.6160138701399167,-0.37533790320158006,0.9950914978981018,0.013627491,0.11123046875
training_episode,1574532,1564.2252432000023,1006.5890490163122,18489746,464.7353820800781,25.040477752685547,3.1473536491394043,3,4,6,1,0,0,0,0,0,0,LivesExhausted,,,,,,,,,
training_episode,1575198,1564.5774833000032,1006.788105295748,6341182,1530.63330078125,65.9456787109375,13.8063325881958,3,5,14,2,0,1,0,9,1,0,LivesExhausted,,,,,,,,,
training_episode,1576980,1565.549439800001,1007.3013089905735,27286982,390.95111083984375,20.390371322631836,2.409511089324951,3,4,5,1,0,0,0,5,1,0,LivesExhausted,,,,,,,,,
training_episode,1578606,1566.3930332000018,1007.7968725225036,49698988,555.1307983398438,28.38055419921875,4.051307678222656,3,4,6,1,0,1,0,3,1,0,LivesExhausted,,,,,,,,,
ppo_rollout,1579008,1566.6048334000006,1007.9172273285285,,,,,,,,,,,,,,,,,,,-0.004306151799391955,3.190958392620087,-0.37953093921144804,0.9930733442306519,0.024083972,0.12823893229166666
training_episode,1583820,1569.6534342000014,1009.025282582342,38911901,930.775146484375,43.44871520996094,7.307751655578613,4,5,6,1,1,0,0,15,0,0,LivesExhausted,,,,,,,,,
training_episode,1583946,1569.7197823000024,1009.0629027297808,16290437,1314.970703125,58.0362663269043,11.649706840515137,3,6,11,2,0,2,0,28,0,0,LivesExhausted,,,,,,,,,
ppo_rollout,1585152,1570.3667690000002,1009.4151451061429,,,,,,,,,,,,,,,,,,,-0.011081373664395263,1.3902686749895414,-0.3827033691108227,0.9981813430786133,0.019260595,0.17076822916666667
training_episode,1587666,1572.2819928999998,1009.7845088663931,48861156,26254.666015625,300.6721496582031,262.046630859375,1,48,45,27,1,4,6,141,0,1,MaxDuration,,,,,,,,,
training_episode,1589292,1573.2237969000016,1010.2135520271562,67921834,957.9620971679688,44.528533935546875,8.079620361328125,3,5,10,1,0,1,0,15,0,0,LivesExhausted,,,,,,,,,
training_episode,1590066,1573.6756395000011,1010.4153359743223,7179014,1147.069580078125,52.00727844238281,9.470695495605469,4,4,8,2,1,0,0,23,0,0,LivesExhausted,,,,,,,,,
ppo_rollout,1591296,1574.355920500002,1010.7600062218573,,,,,,,,,,,,,,,,,,,-0.011492258622699108,1.4254629194736481,-0.37582242911060654,0.9981281757354736,0.028852038,0.186181640625
training_episode,1591464,1575.0476531000022,1010.4227620463972,17861372,334.4764404296875,18.09031867980957,1.844764232635498,3,3,4,1,0,0,0,12,0,0,LivesExhausted,,,,,,,,,
training_episode,1591758,1575.236210500003,1010.4884520745958,52526671,29750.666015625,301.2026672363281,296.5066223144531,2,41,42,30,5,4,3,165,2,1,MaxDuration,,,,,,,,,
training_episode,1592202,1575.5127286000024,1010.5929143554604,69806956,787.5550537109375,37.79966354370117,6.375550746917725,3,5,7,1,0,2,0,43,0,0,LivesExhausted,,,,,,,,,
ppo_rollout,1597440,1578.2577982000003,1012.1540358120689,,,,,,,,,,,,,,,,,,,-0.014313171375154829,1.7797515148917833,-0.3699406959116459,0.9980468153953552,0.018415088,0.16256510416666667
training_episode,1598736,1579.5171072000012,1012.1675749584429,55773270,1316.87646484375,58.10625457763672,11.6687650680542,3,4,12,2,0,1,0,14,0,0,LivesExhausted,,,,,,,,,
training_episode,1600266,1580.313559000002,1012.6256215966555,29800478,2057.707275390625,84.96974182128906,18.57707405090332,4,4,15,3,1,0,0,32,0,0,LivesExhausted,,,,,,,,,
training_episode,1601910,1581.1412839000004,1013.1352690056717,11472903,539.3427734375,26.450510025024414,3.893427848815918,3,3,8,1,0,0,0,15,0,0,LivesExhausted,,,,,,,,,
training_episode,1602498,1581.438710800001,1013.3165383243627,68131292,2077.933837890625,85.76991271972656,19.279338836669922,3,6,15,3,1,2,0,51,1,0,LivesExhausted,,,,,,,,,
training_episode,1602726,1581.5755946000027,1013.3729968217842,46138202,29750.666015625,302.3137512207031,297.5066223144531,0,37,33,30,1,3,3,170,1,1,MaxDuration,,,,,,,,,
ppo_rollout,1603584,1582.0933514000026,1013.583679231684,,,,,,,,,,,,,,,,,,,-0.014083101938012987,1.1475806670884292,-0.37234200636545817,0.9982359409332275,0.022039404,0.14405924479166668
training_episode,1603860,1582.8348234000005,1013.2832411121942,37655153,599.7212524414062,29.91058921813965,4.4972124099731445,3,6,9,1,0,2,0,9,0,0,LivesExhausted,,,,,,,,,
training_episode,1604790,1583.339516600001,1013.5476208198612,57239476,30977.33203125,305.2666320800781,309.2732849121094,1,37,44,31,3,6,5,132,1,1,MaxDuration,,,,,,,,,
training_episode,1606134,1584.0371040999999,1013.9497337801029,18699204,597.933349609375,30.30059814453125,4.479333400726318,3,5,5,1,0,0,1,4,0,0,LivesExhausted,,,,,,,,,
training_episode,1606212,1584.0833242000008,1013.9693887701108,69073853,566.267333984375,29.050569534301758,4.162672996520996,3,3,5,1,0,0,0,3,0,0,LivesExhausted,,,,,,,,,
training_episode,1607196,1584.606266400002,1014.2557391567804,17232998,398.92572021484375,20.050363540649414,2.4892570972442627,3,3,7,1,0,0,0,13,0,0,LivesExhausted,,,,,,,,,
training_episode,1608498,1585.3317102,1014.612897509681,73996116,389.87554931640625,19.69035530090332,2.3987550735473633,3,3,6,1,0,0,0,4,0,0,LivesExhausted,,,,,,,,,
training_episode,1608810,1585.5026361000018,1014.70029968372,43415248,874.034423828125,41.20909118652344,6.240344524383545,5,6,8,1,2,0,0,19,1,0,LivesExhausted,,,,,,,,,
ppo_rollout,1609728,1586.0235124000028,1014.9458614041145,,,,,,,,,,,,,,,,,,,-0.008867973589804023,4.393122213085492,-0.37337729608019193,0.9933077096939087,0.010631391,0.103955078125
training_episode,1610250,1586.9542075000027,1014.6795618864745,54830709,682.229248046875,33.63036346435547,5.322292327880859,3,3,9,1,0,0,0,11,0,0,LivesExhausted,,,,,,,,,
training_episode,1611366,1587.5198146000002,1015.0210316625296,70958975,369.4938659667969,21.2703914642334,2.1949386596679688,3,3,5,1,0,0,1,5,0,0,LivesExhausted,,,,,,,,,
training_episode,1613286,1588.6399627000028,1015.5139225240875,61009720,1114.429443359375,50.707496643066406,9.644294738769531,3,5,11,2,0,0,1,10,1,0,LivesExhausted,,,,,,,,,
training_episode,1615020,1589.6405346000029,1015.9655373951466,47080763,601.0867309570312,30.430601119995117,4.510867118835449,3,4,5,1,0,0,0,5,0,0,LivesExhausted,,,,,,,,,
ppo_rollout,1615872,1590.1077210000003,1016.2028513287117,,,,,,,,,,,,,,,,,,,-0.008488830974480758,2.6238144278526305,-0.37455719436208407,0.98900306224823,0.016294343,0.11780598958333334
training_episode,1616298,1590.9796633000005,1015.9136771412177,31895058,1505.46728515625,64.9554672241211,13.554673194885254,3,5,11,2,0,1,0,24,2,0,LivesExhausted,,,,,,,,,
training_episode,1616526,1591.1187715000015,1015.968153323995,20270139,1153.6063232421875,52.25723648071289,10.036062240600586,3,4,12,2,0,1,1,32,0,0,LivesExhausted,,,,,,,,,
training_episode,1618836,1592.3318615000026,1016.6448584876208,24459299,1001.1607055664062,46.23824691772461,8.51160717010498,3,5,9,2,0,0,0,21,0,0,LivesExhausted,,,,,,,,,
training_episode,1619196,1592.5450879000018,1016.7347928184195,15138418,711.1538696289062,34.78017044067383,5.611538887023926,3,3,8,1,0,0,0,8,0,0,LivesExhausted,,,,,,,,,
ppo_rollout,1622016,1594.006896400002,1017.571507164276,,,,,,,,,,,,,,,,,,,-0.0091962498651507,2.224185166756312,-0.3731798994044463,0.9950366616249084,0.015308201,0.141357421875
training_episode,1627626,1597.576406100001,1018.8094877874142,18280288,24077.33203125,301.3127746582031,238.77330017089844,4,41,39,24,3,2,2,188,2,1,MaxDuration,,,,,,,,,
ppo_rollout,1628160,1597.867938700001,1018.95780030773,,,,,,,,,,,,,,,,,,,-0.012347653058047097,1.4277796973784764,-0.37679689899086954,0.9966526627540588,0.013519481,0.13702799479166666
training_episode,1629174,1598.9744084000013,1018.8868511224127,42682145,2665.61083984375,105.36409759521484,24.65610694885254,4,4,21,3,2,0,0,47,0,1,LivesExhausted,,,,,,,,,
training_episode,1630404,1599.611509800001,1019.2499803929575,11158716,2316.98388671875,93.39154052734375,21.669837951660156,3,6,16,3,0,2,0,51,0,0,LivesExhausted,,,,,,,,,
ppo_rollout,1634304,1601.7707667000032,1020.3107922658761,,,,,,,,,,,,,,,,,,,-0.011318541789660231,6.166836289564769,-0.37879589026172955,0.9875944256782532,0.007830499,0.069482421875
training_episode,1636722,1603.6786423000012,1020.6047251789846,55249625,1163.1500244140625,52.64717102050781,10.131500244140625,3,4,12,2,0,1,0,24,0,0,LivesExhausted,,,,,,,,,
training_episode,1638282,1604.5811485000013,1021.0028963206398,70749517,27389.33203125,303.0845031738281,272.3932800292969,3,41,42,27,1,2,2,143,2,1,MaxDuration,,,,,,,,,
ppo_rollout,1640448,1605.7669135000033,1021.5978335388692,,,,,,,,,,,,,,,,,,,-0.005813240845842908,3.9359265327453614,-0.3748988851904869,0.9916226267814636,0.011199153,0.11259765625
training_episode,1641396,1606.874204300002,1021.4838197088593,50327362,816.5023803710938,38.929473876953125,6.6650238037109375,3,3,7,1,0,0,0,17,0,0,LivesExhausted,,,,,,,,,
ppo_rollout,1646592,1609.5678780000017,1023.0025229168982,,,,,,,,,,,,,,,,,,,-0.009232382862440621,2.9913588563601174,-0.3732854721446832,0.9930887222290039,0.016214635,0.10476888020833333
training_episode,1652430,1613.4928542000016,1024.1322083941327,40063920,26254.666015625,301.0625305175781,261.546630859375,2,35,43,27,3,3,2,95,2,1,MaxDuration,,,,,,,,,
ppo_rollout,1652736,1613.6471739000008,1024.22389896146,,,,,,,,,,,,,,,,,,,-0.008904530992731452,4.165333248178164,-0.36854792113105456,0.9910574555397034,0.010537344,0.09759114583333334
training_episode,1653072,1614.415080400002,1023.9448454547514,31895058,2429.89794921875,97.26236724853516,22.298978805541992,4,4,18,3,1,0,0,58,2,0,LivesExhausted,,,,,,,,,
training_episode,1655070,1615.565551900003,1024.4523956663581,51269923,26254.666015625,301.9233703613281,261.046630859375,3,43,41,27,3,8,6,190,0,1,MaxDuration,,,,,,,,,
training_episode,1656906,1616.5190070000026,1024.983927083511,34303825,307.26177978515625,15.300254821777344,1.572618007659912,3,3,4,1,0,0,0,4,0,0,LivesExhausted,,,,,,,,,
training_episode,1657680,1616.936643500001,1025.1978682428808,7493201,802.8429565429688,38.39956283569336,6.0284295082092285,4,4,7,1,1,0,0,10,0,0,LivesExhausted,,,,,,,,,
ppo_rollout,1658880,1617.5646465999998,1025.541701524475,,,,,,,,,,,,,,,,,,,-0.014622942944212507,2.3590273131926853,-0.3642513086398443,0.9927082657814026,0.02190909,0.15836588541666666
training_episode,1661382,1619.3955255,1025.9272511494908,29800478,774.4371337890625,37.27975082397461,5.74437141418457,4,5,10,1,1,0,0,13,0,0,LivesExhausted,,,,,,,,,
training_episode,1661418,1619.4200063000026,1025.9339723707335,27182253,618.9078979492188,31.130617141723633,4.6890788078308105,3,3,7,1,0,0,0,11,0,0,LivesExhausted,,,,,,,,,
training_episode,1663524,1620.5507722000002,1026.5176682750032,12310735,348.49383544921875,17.55030632019043,1.984938144683838,3,6,3,1,0,0,0,0,0,0,LivesExhausted,,,,,,,,,
training_episode,1664208,1620.9962274999998,1026.6575404476073,27391711,29750.666015625,304.8262023925781,296.5066223144531,2,37,42,30,2,3,6,124,0,1,MaxDuration,,,,,,,,,
ppo_rollout,1665024,1621.4478670000026,1026.8748282857973,,,,,,,,,,,,,,,,,,,-0.010289222525898367,1.681017075975736,-0.3661409758031368,0.9972846508026123,0.02259509,0.18050130208333334
training_episode,1665912,1622.532767300003,1026.735504868837,58391495,27389.33203125,306.1274719238281,273.8932800292969,0,35,46,27,4,5,4,159,4,1,MaxDuration,,,,,,,,,
training_episode,1668444,1623.8741996000026,1027.4465844774033,17337727,868.1613159179688,40.979129791259766,7.181613445281982,3,3,8,1,0,0,1,15,0,0,LivesExhausted,,,,,,,,,
ppo_rollout,1671168,1625.3592683000024,1028.1837576426472,,,,,,,,,,,,,,,,,,,-0.010736369675335785,2.429549624025822,-0.36983193531632425,0.9959531426429749,0.02530189,0.15966796875
training_episode,1672002,1626.3511094000023,1028.0695172992746,48023324,1115.20751953125,50.737491607666016,9.652074813842773,3,5,12,2,0,0,0,42,0,0,LivesExhausted,,,,,,,,,
training_episode,1674678,1627.796214500002,1028.8007706876247,38178798,27389.33203125,303.2446594238281,272.8932800292969,2,44,42,27,4,5,3,98,2,1,MaxDuration,,,,,,,,,
training_episode,1676838,1628.9472016,1029.399846939766,35560573,850.4323120117188,40.27924728393555,7.004323482513428,3,3,12,1,0,0,0,18,0,0,LivesExhausted,,,,,,,,,
ppo_rollout,1677312,1629.2410438000006,1029.505122267163,,,,,,,,,,,,,,,,,,,-0.009524729849848276,3.8811037222544353,-0.36506138493617374,0.992707371711731,0.011526153,0.11053059895833334
training_episode,1679172,1630.7038177000031,1029.722247396439,62999571,778.8312377929688,37.44972229003906,6.2883124351501465,3,4,8,1,0,1,0,14,1,0,LivesExhausted,,,,,,,,,
training_episode,1682796,1632.6971121000024,1030.6847409288055,17128269,594.6731567382812,30.170595169067383,4.4467315673828125,3,3,9,1,0,0,0,14,0,0,LivesExhausted,,,,,,,,,
ppo_rollout,1683456,1633.0918247000009,1030.8397694105481,,,,,,,,,,,,,,,,,,,-0.008408672086079604,3.6409870833158493,-0.36109580074747405,0.9923187494277954,0.015890842,0.10869140625
training_episode,1687590,1635.7826975000025,1031.6712620687183,35979489,841.4832153320312,39.919307708740234,6.91483211517334,3,6,6,1,0,2,0,13,0,0,LivesExhausted,,,,,,,,,
training_episode,1688790,1636.4008525999998,1032.014861955591,46871305,27389.33203125,302.9643859863281,272.8932800292969,2,37,37,27,1,4,5,159,3,1,MaxDuration,,,,,,,,,
ppo_rollout,1689600,1636.815096600003,1032.2485438395834,,,,,,,,,,,,,,,,,,,-0.008270790700529081,2.060958642760913,-0.35797519659002625,0.9946991205215454,0.014334824,0.138330078125
ppo_rollout,1695744,1640.5646400000005,1033.6343711516295,,,,,,,,,,,,,,,,,,,-0.013408677122788504,1.705226056277752,-0.35085421055555344,0.9962816834449768,0.02455558,0.17843424479166667
training_episode,1696158,1641.3757678000002,1033.375801735776,24040383,1415.3228759765625,61.39570236206055,12.653228759765625,3,4,12,2,0,0,0,14,0,0,LivesExhausted,,,,,,,,,
training_episode,1697622,1642.1507422000032,1033.779638113905,45824015,26254.666015625,301.9634094238281,261.546630859375,2,32,47,27,2,0,3,144,2,1,MaxDuration,,,,,,,,,
training_episode,1700352,1643.8685323000027,1034.3600881640875,44671996,26254.666015625,301.1726379394531,261.046630859375,3,36,44,27,4,2,2,131,2,1,MaxDuration,,,,,,,,,
ppo_rollout,1701888,1644.7094601999997,1034.765130975198,,,,,,,,,,,,,,,,,,,-0.010082399664679543,3.5098505834738414,-0.3435949484507243,0.9932671785354614,0.016092952,0.11643880208333333
training_episode,1704774,1646.8743945000024,1035.157268637707,72215723,26254.666015625,302.7341613769531,261.546630859375,2,35,43,27,1,2,1,183,3,1,MaxDuration,,,,,,,,,
training_episode,1707066,1648.2565584000004,1035.6797861960806,6236453,1261.8739013671875,55.92662048339844,11.118739128112793,3,3,11,2,0,0,1,36,0,0,LivesExhausted,,,,,,,,,
ppo_rollout,1708032,1648.8072680000005,1035.9197421975457,,,,,,,,,,,,,,,,,,,-0.009542008452505494,3.25998082558314,-0.338455938299497,0.993955135345459,0.015605092,0.111181640625
training_episode,1711944,1651.7835965000013,1036.4214801669382,66455628,1373.74853515625,59.74597930908203,11.737485885620117,4,7,8,2,1,0,0,30,1,0,LivesExhausted,,,,,,,,,
training_episode,1713060,1652.4021321,1036.7089019807252,13986399,1095.0523681640625,49.94762420654297,9.450523376464844,3,3,8,2,0,0,2,24,0,1,LivesExhausted,,,,,,,,,
training_episode,1713492,1652.6511907000022,1036.8140655707439,19432307,29750.666015625,305.4267883300781,297.0066223144531,1,50,40,30,2,4,3,150,2,1,MaxDuration,,,,,,,,,
ppo_rollout,1714176,1653.050052300001,1036.9776750649203,,,,,,,,,,,,,,,,,,,-0.008271085280769815,4.906456604599953,-0.32933104733626045,0.9872617125511169,0.015563223,0.10758463541666667
training_episode,1719846,1657.0489533,1037.8969170312923,35874760,1185.7230224609375,52.9271240234375,10.357230186462402,3,3,9,2,0,0,1,18,1,0,LivesExhausted,,,,,,,,,
ppo_rollout,1720320,1657.3221059000025,1038.011858935404,,,,,,,,,,,,,,,,,,,-0.011384782416280359,2.2569389487306277,-0.33063027958075203,0.9965955018997192,0.015884502,0.14417317708333333
training_episode,1724040,1659.9468965000015,1038.6115384986947,33989638,27389.33203125,303.6950988769531,272.8932800292969,2,40,46,27,2,5,1,156,3,1,MaxDuration,,,,,,,,,
training_episode,1724172,1660.0177556000017,1038.6467218097978,56192186,2281.43798828125,92.60137176513672,20.81437873840332,4,7,15,3,2,1,0,51,2,0,LivesExhausted,,,,,,,,,
ppo_rollout,1726464,1661.2381532,1039.2633931952244,,,,,,,,,,,,,,,,,,,-0.010429680112671728,2.7063489675521852,-0.3318154347439607,0.9955814480781555,0.01801194,0.12220052083333334
training_episode,1732518,1665.0611599000003,1040.513130523116,72739368,27389.33203125,302.9743957519531,273.3932800292969,1,34,47,27,4,2,4,147,4,1,MaxDuration,,,,,,,,,
ppo_rollout,1732608,1665.115716700002,1040.5330888556846,,,,,,,,,,,,,,,,,,,-0.010653961165614116,3.078239271044731,-0.3327601134777069,0.9943613409996033,0.016963443,0.13678385416666666
training_episode,1733796,1666.4056212000032,1040.4405613751278,26134963,28554.666015625,301.3928527832031,284.546630859375,2,32,40,28,3,2,4,156,3,1,MaxDuration,,,,,,,,,
training_episode,1737330,1668.2257543000014,1041.4237974218274,64884693,603.5457153320312,29.430578231811523,4.535457134246826,3,3,10,1,0,0,1,7,0,0,LivesExhausted,,,,,,,,,
ppo_rollout,1738752,1668.9796309000012,1041.8054048163392,,,,,,,,,,,,,,,,,,,-0.01047947590025918,3.0787712703148524,-0.3256457505126794,0.992544949054718,0.018675648,0.13040364583333333
training_episode,1742154,1671.3728425000008,1042.3491130764853,16185708,847.888916015625,40.179264068603516,6.978889465332031,3,3,9,1,0,0,1,11,1,0,LivesExhausted,,,,,,,,,
ppo_rollout,1744896,1672.8967281000005,1043.0386829567017,,,,,,,,,,,,,,,,,,,-0.008756787661695853,2.4843334664901096,-0.3164940267801285,0.9939053058624268,0.0154218385,0.142626953125
training_episode,1745514,1673.8400243000033,1042.8200871406277,34408554,539.2239379882812,27.980545043945312,3.892239570617676,3,3,6,1,0,0,0,15,0,0,LivesExhausted,,,,,,,,,
training_episode,1747986,1675.2187907000007,1043.437436174885,8540491,25150.666015625,300.3218078613281,250.5066375732422,2,26,47,26,2,3,4,95,4,1,MaxDuration,,,,,,,,,
ppo_rollout,1751040,1676.9385784000006,1044.1885126590032,,,,,,,,,,,,,,,,,,,-0.008875970556982794,2.1451310326655704,-0.3156497649848461,0.9942507743835449,0.0250462,0.17687174479166667
training_episode,1753068,1678.7274359000003,1044.2838798665039,8016846,902.0739135742188,42.318904876708984,7.52073860168457,3,4,9,1,0,0,1,27,0,0,LivesExhausted,,,,,,,,,
training_episode,1756428,1680.544728500001,1045.1539731213998,34618012,27389.33203125,304.8061828613281,273.3932800292969,1,31,40,27,3,5,2,162,1,1,MaxDuration,,,,,,,,,
ppo_rollout,1757184,1680.9762716000005,1045.3353980585716,,,,,,,,,,,,,,,,,,,-0.011839989227397988,1.6356746618946394,-0.3176450192928314,0.9975462555885315,0.031822953,0.19791666666666666
training_episode,1760280,1683.2655993000008,1045.7529701385367,65722525,1381.810791015625,60.06592559814453,11.818107604980469,4,4,13,2,1,0,0,26,0,0,LivesExhausted,,,,,,,,,
training_episode,1760724,1683.5162232000002,1045.8610233367663,28020085,26254.666015625,305.6570129394531,261.546630859375,2,28,44,27,1,4,3,166,1,1,MaxDuration,,,,,,,,,
training_episode,1760904,1683.6205631000012,1045.9031200935792,8854678,27389.33203125,306.0674133300781,273.3932800292969,1,38,43,27,3,7,3,180,0,1,MaxDuration,,,,,,,,,
ppo_rollout,1763328,1685.0102617000011,1046.4790868519603,,,,,,,,,,,,,,,,,,,-0.007358025289916744,2.73766793658336,-0.3120291126271089,0.993630588054657,0.01788848,0.14235026041666668
training_episode,1763658,1685.8351914000013,1046.1627619336684,64465777,542.3442993164062,28.11054801940918,3.923442840576172,3,4,6,1,0,0,0,4,0,0,LivesExhausted,,,,,,,,,
training_episode,1765404,1686.7967073,1046.601521309479,50536820,1785.121826171875,74.79756927490234,16.35121726989746,3,5,13,2,0,0,0,43,0,0,LivesExhausted,,,,,,,,,
training_episode,1768158,1688.3295696000023,1047.2824926112683,63732674,435.4333801269531,22.9404296875,2.8543338775634766,3,3,5,1,0,0,0,0,0,0,LivesExhausted,,,,,,,,,
training_episode,1768632,1688.601842,1047.3943329975357,68550208,26254.666015625,300.8923645019531,262.046630859375,1,33,38,27,4,7,2,171,2,1,MaxDuration,,,,,,,,,
ppo_rollout,1769472,1689.0355463000014,1047.6227121899256,,,,,,,,,,,,,,,,,,,-0.00991651402049077,1.965943843126297,-0.3113631864388784,0.9977872371673584,0.020729138,0.18929036458333334
training_episode,1771182,1690.5549776000007,1047.6926355358532,63418487,1447.70654296875,62.665489196777344,12.477065086364746,4,4,13,2,1,0,1,32,0,1,LivesExhausted,,,,,,,,,
training_episode,1771854,1690.9002383000006,1047.8761312266352,67921834,2285.308349609375,92.75140380859375,21.353084564208984,3,5,16,3,1,1,0,35,1,0,LivesExhausted,,,,,,,,,
training_episode,1771932,1690.9461735000004,1047.8937932911083,45090912,625.9622802734375,31.41062355041504,4.759622573852539,3,4,5,1,0,1,1,22,0,0,LivesExhausted,,,,,,,,,
training_episode,1773930,1692.0440933000027,1048.394664786953,43205790,443.02545166015625,22.900428771972656,2.9302544593811035,3,3,6,1,0,0,0,4,0,0,LivesExhausted,,,,,,,,,
ppo_rollout,1775616,1692.9666947000005,1048.81921514389,,,,,,,,,,,,,,,,,,,-0.007513963805589204,5.278632664680481,-0.31176178554693856,0.9924843311309814,0.012580591,0.09150390625
training_episode,1776750,1694.2161780000024,1048.7150477440414,41215939,846.2119140625,40.1192741394043,6.962119102478027,3,3,9,1,0,0,0,13,0,0,LivesExhausted,,,,,,,,,
training_episode,1777572,1694.6654554000015,1048.9220715131823,28439001,1777.192138671875,74.47750091552734,15.771921157836914,4,4,13,2,1,0,0,19,1,0,LivesExhausted,,,,,,,,,
ppo_rollout,1781760,1696.954964200002,1049.9748299684416,,,,,,,,,,,,,,,,,,,-0.01265527617263918,2.829748736321926,-0.3088264281551043,0.9951353669166565,0.0142246485,0.11064453125
training_episode,1781826,1697.5434477000017,1049.6497173101475,59019869,2010.105224609375,83.08934020996094,18.101051330566406,4,6,15,3,1,3,1,50,0,1,LivesExhausted,,,,,,,,,
training_episode,1782240,1697.7503781000014,1049.7656327984762,21841074,27389.33203125,306.0273742675781,272.8932800292969,2,38,42,27,3,3,3,135,1,1,MaxDuration,,,,,,,,,
training_episode,1782654,1697.9589968,1049.8804761243455,53259774,1075.8604736328125,49.18775177001953,9.258605003356934,3,3,9,2,0,0,1,20,0,0,LivesExhausted,,,,,,,,,
training_episode,1783698,1698.487483300003,1050.1684690277734,56925289,1122.25341796875,51.027442932128906,9.722533226013184,3,4,9,2,0,0,1,10,0,0,LivesExhausted,,,,,,,,,
ppo_rollout,1787904,1700.6145574000002,1051.3281755822748,,,,,,,,,,,,,,,,,,,-0.009814706154187055,4.2170254468917845,-0.30450421596566835,0.9931949377059937,0.012349936,0.10862630208333333
training_episode,1788558,1701.6203494000001,1051.0910971596306,4351331,1162.709716796875,52.627174377441406,10.127097129821777,3,3,14,2,0,0,0,36,0,0,LivesExhausted,,,,,,,,,
training_episode,1791336,1703.2175948000004,1051.7364343047118,29276833,1707.9918212890625,72.3470458984375,15.579917907714844,3,3,17,2,0,0,0,22,0,0,LivesExhausted,,,,,,,,,
ppo_rollout,1794048,1704.7161440000018,1052.4027746873958,,,,,,,,,,,,,,,,,,,-0.010329457865736913,4.899203065037727,-0.2990240462124348,0.9912088513374329,0.019609915,0.11896158854166666
training_episode,1795692,1706.3081312000031,1052.384365499762,60381346,748.6323852539062,36.25992202758789,5.986323833465576,3,4,7,1,0,0,1,12,0,0,LivesExhausted,,,,,,,,,
training_episode,1797348,1707.1668092,1052.825060980573,55982728,27389.33203125,303.6750793457031,272.8932800292969,2,36,39,27,4,3,4,156,1,1,MaxDuration,,,,,,,,,
ppo_rollout,1800192,1708.7875398000033,1053.4908278946689,,,,,,,,,,,,,,,,,,,-0.013440088165225461,1.4326850910981497,-0.2873810015618801,0.9981241822242737,0.028233672,0.166259765625
training_episode,1802028,1710.3520952,1053.6006036752801,21526887,1166.9852294921875,52.787147521972656,10.169852256774902,3,3,14,2,0,0,2,13,0,1,LivesExhausted,,,,,,,,,
ppo_rollout,1806336,1712.5349344000024,1054.7732275212602,,,,,,,,,,,,,,,,,,,-0.009368142708747957,2.9119944204886754,-0.2751571441690127,0.9945901036262512,0.014970197,0.1498046875
training_episode,1806414,1713.7602686000027,1054.06458131725,2780396,1802.9781494140625,75.50772094726562,16.029781341552734,4,5,14,2,1,0,0,45,0,0,LivesExhausted,,,,,,,,,
training_episode,1809480,1715.6119440000002,1054.7140373604207,11891819,477.32232666015625,25.530488967895508,3.273223400115967,3,3,4,1,0,0,0,10,0,0,LivesExhausted,,,,,,,,,
training_episode,1810464,1716.1701448000022,1054.9443512263097,32732890,27389.33203125,304.4258117675781,272.8932800292969,2,35,46,27,3,4,3,175,1,1,MaxDuration,,,,,,,,,
ppo_rollout,1812480,1717.2183178000014,1055.474415345186,,,,,,,,,,,,,,,,,,,-0.008731343394659537,2.333904825647672,-0.2720506389935811,0.9954912066459656,0.014739588,0.15172526041666667
training_episode,1815558,1719.3213587000027,1055.973620529418,28648459,1112.145263671875,50.61751174926758,9.621452331542969,3,7,10,2,0,3,1,34,0,0,LivesExhausted,,,,,,,,,
training_episode,1815918,1719.5294822000033,1056.0551702066052,37445695,980.5416259765625,45.41838455200195,8.305416107177734,3,3,10,1,0,0,1,14,0,0,LivesExhausted,,,,,,,,,
training_episode,1817700,1720.5137749000023,1056.4867462950979,59752972,330.8319091796875,17.810312271118164,1.808319091796875,3,3,4,1,0,0,0,5,0,0,LivesExhausted,,,,,,,,,
training_episode,1818384,1720.9037914,1056.644775313498,40797023,28554.666015625,304.5959777832031,285.046630859375,1,41,42,28,0,2,7,163,2,1,MaxDuration,,,,,,,,,
ppo_rollout,1818624,1721.0422733000014,1056.699203856795,,,,,,,,,,,,,,,,,,,-0.006425910985368924,2.8462971806526185,-0.26632722169160844,0.9940979480743408,0.020135174,0.144091796875
training_episode,1819794,1722.3326921000007,1056.5868071523203,26030234,29750.666015625,300.7422180175781,297.5066223144531,0,27,42,30,1,5,3,153,2,1,MaxDuration,,,,,,,,,
training_episode,1821030,1723.0525382000014,1056.8627245123653,72110994,908.6129760742188,42.578861236572266,7.586130142211914,3,4,7,1,0,0,0,13,0,0,LivesExhausted,,,,,,,,,
ppo_rollout,1824768,1725.3893704000002,1057.597798679472,,,,,,,,,,,,,,,,,,,-0.01330029316789781,2.252014733850956,-0.2624014822145303,0.9973043203353882,0.019364668,0.164404296875
training_episode,1824960,1726.1041629000028,1057.2710727572262,73158284,24077.33203125,303.3147277832031,239.27330017089844,3,38,39,24,5,3,1,151,0,1,MaxDuration,,,,,,,,,
ppo_rollout,1830912,1729.2901509000003,1058.76506556584,,,,,,,,,,,,,,,,,,,-0.008583293843548745,2.9235486974318823,-0.2545153016845385,0.9953079223632812,0.017240142,0.13577473958333333
ppo_rollout,1837056,1732.998257700001,1060.044920320983,,,,,,,,,,,,,,,,,,,-0.009207572089508176,2.9954877386490506,-0.25108131070931755,0.9916931390762329,0.013598516,0.11111653645833333
training_episode,1838202,1734.117675100002,1060.0214889649837,47813866,26254.666015625,301.4328918457031,262.046630859375,1,43,45,27,3,5,5,158,0,1,MaxDuration,,,,,,,,,
ppo_rollout,1843200,1736.7115986000026,1061.3161111412164,,,,,,,,,,,,,,,,,,,-0.01383577452118819,1.7203751941521963,-0.24507248029112816,0.9510545134544373,0.02294561,0.16995442708333333
ppo_rollout,1849344,1740.5308992999999,1062.5171898664723,,,,,,,,,,,,,,,,,,,-0.013501226915589843,1.5692294389009476,-0.24191713506976764,0.9958014488220215,0.02221109,0.176416015625
training_episode,1853874,1743.4355274000009,1063.3453149625193,17547185,27389.33203125,301.3928527832031,272.8932800292969,2,50,39,27,3,9,5,177,2,1,MaxDuration,,,,,,,,,
training_episode,1854702,1743.8729776,1063.5533802195434,7912117,27389.33203125,302.6240539550781,273.3932800292969,1,30,40,27,6,1,5,153,2,1,MaxDuration,,,,,,,,,
ppo_rollout,1855488,1744.274119200003,1063.7594054603094,,,,,,,,,,,,,,,,,,,-0.007864356277665744,2.2117366075515745,-0.24807606066266696,0.955614447593689,0.02237201,0.17560221354166666
training_episode,1856478,1745.3266898000002,1063.685103109686,40692294,27389.33203125,305.6770324707031,273.3932800292969,1,42,41,27,3,4,3,146,4,1,MaxDuration,,,,,,,,,
training_episode,1857168,1745.6807743000027,1063.8646122139385,8749949,27389.33203125,301.1225891113281,273.3932800292969,1,36,42,27,4,2,5,154,2,1,MaxDuration,,,,,,,,,
training_episode,1860522,1747.3760634000027,1064.751909431471,65931983,697.1353759765625,33.67035675048828,5.471353530883789,3,4,9,1,0,1,0,10,1,0,LivesExhausted,,,,,,,,,
training_episode,1861218,1747.724253100001,1064.9380167945205,71168433,26254.666015625,302.1135559082031,261.546630859375,2,42,43,27,1,3,6,154,0,1,MaxDuration,,,,,,,,,
ppo_rollout,1861632,1747.9422201000016,1065.042069807945,,,,,,,,,,,,,,,,,,,-0.01528980124858208,2.29348388115565,-0.2503641041616599,0.9909718632698059,0.020428874,0.16497395833333334
training_episode,1862028,1748.709810100001,1064.8010260167287,23097822,1405.8720703125,61.01576614379883,12.558720588684082,3,4,11,2,0,0,1,18,0,1,LivesExhausted,,,,,,,,,
training_episode,1863282,1749.3413709000015,1065.133444503961,44986183,1120.1226806640625,50.93745803833008,9.701226234436035,3,3,13,2,0,0,0,30,1,0,LivesExhausted,,,,,,,,,
training_episode,1864416,1749.9133881000016,1065.43330240151,33361264,2145.581298828125,87.8403549194336,19.955814361572266,3,4,17,3,0,1,0,23,0,0,LivesExhausted,,,,,,,,,
training_episode,1865034,1750.2675167000016,1065.5708240054537,67293460,782.3563842773438,37.589698791503906,6.323563575744629,3,3,9,1,0,0,0,10,0,0,LivesExhausted,,,,,,,,,
ppo_rollout,1867776,1751.750606900001,1066.2339676909398,,,,,,,,,,,,,,,,,,,-0.011676488312271733,2.490128101905187,-0.24699930051962535,0.996181070804596,0.017787391,0.14558919270833334
training_episode,1869768,1753.3520785,1066.3962035506265,22469448,1213.201171875,54.00694274902344,10.632011413574219,3,5,14,2,0,1,1,10,0,0,LivesExhausted,,,,,,,,,
training_episode,1871070,1754.0555526000026,1066.7107989975284,72844097,1103.0523681640625,50.26757049560547,9.530524253845215,3,5,10,2,0,1,1,15,0,0,LivesExhausted,,,,,,,,,
training_episode,1873788,1755.4439394,1067.415459955075,30324123,678.6152954101562,33.490386962890625,5.2861528396606445,3,3,8,1,0,0,0,22,0,0,LivesExhausted,,,,,,,,,
ppo_rollout,1873920,1755.5190739000027,1067.4449670529423,,,,,,,,,,,,,,,,,,,-0.010232539504067972,2.5219828049341837,-0.24013197297851244,0.9936401844024658,0.024306549,0.15927734375
training_episode,1874946,1756.6141027000012,1067.3636270585082,31057226,28554.666015625,306.1775207519531,285.046630859375,1,40,43,28,1,2,5,152,2,1,MaxDuration,,,,,,,,,
training_episode,1877694,1758.0517806000025,1068.053865489198,9587781,1242.1363525390625,55.1567497253418,10.421364784240723,4,5,14,2,1,0,1,22,0,0,LivesExhausted,,,,,,,,,
ppo_rollout,1880064,1759.2584505000013,1068.6684491784958,,,,,,,,,,,,,,,,,,,-0.0061112347660431015,4.376475053032239,-0.22848452031612396,0.9909152388572693,0.016738264,0.1216796875
training_episode,1884360,1762.0108363,1069.4372368088939,15243147,2151.644775390625,88.08040618896484,20.016448974609375,3,5,13,3,0,2,0,45,2,0,LivesExhausted,,,,,,,,,
ppo_rollout,1886208,1762.9620869999999,1069.908430764796,,,,,,,,,,,,,,,,,,,-0.011335534451063722,3.7028349767128628,-0.22884748503565788,0.9937336444854736,0.014322982,0.12097981770833334
ppo_rollout,1892352,1766.6400261000017,1071.1587941192058,,,,,,,,,,,,,,,,,,,-0.009334973172129443,4.515933299064637,-0.22793607513109843,0.9907825589179993,0.014156468,0.09759114583333334
training_episode,1894578,1768.3309967000023,1071.3933101526782,1733106,2061.49267578125,85.1197738647461,18.614925384521484,4,4,16,3,1,0,0,45,1,0,LivesExhausted,,,,,,,,,
training_episode,1897704,1769.9193575000027,1072.198002670863,53573961,26254.666015625,304.0054016113281,262.046630859375,1,34,41,27,1,7,2,166,2,1,MaxDuration,,,,,,,,,
training_episode,1898286,1770.2143859000025,1072.3480811816385,45300370,26254.666015625,302.1135559082031,261.046630859375,3,49,41,27,4,4,3,188,2,1,MaxDuration,,,,,,,,,
ppo_rollout,1898496,1770.3251873000008,1072.399587160299,,,,,,,,,,,,,,,,,,,-0.011870338853138188,1.715176412463188,-0.22464666043718656,0.996088445186615,0.028021984,0.19114583333333332
training_episode,1900866,1772.1582189,1072.6277031742065,62371197,24077.33203125,303.6950988769531,239.77330017089844,2,35,45,24,2,3,1,147,1,1,MaxDuration,,,,,,,,,
training_episode,1901706,1772.5819176000005,1072.8451989258854,57972579,552.1758422851562,28.490556716918945,4.021758079528809,3,5,4,1,0,0,0,23,0,0,LivesExhausted,,,,,,,,,
training_episode,1904250,1773.9099369000032,1073.4761446388718,10425613,1226.041748046875,54.5168571472168,10.760417938232422,3,6,9,2,0,0,0,54,0,0,LivesExhausted,,,,,,,,,
ppo_rollout,1904640,1774.1224567000027,1073.5673813310325,,,,,,,,,,,,,,,,,,,-0.01354183250805363,2.0775380318363506,-0.2166223332285881,0.9959698915481567,0.026492536,0.185009765625
training_episode,1905084,1774.9292196000024,1073.329560955298,4560789,2137.6259765625,87.5202865600586,19.37626075744629,4,4,17,3,1,0,0,52,0,0,LivesExhausted,,,,,,,,,
training_episode,1907100,1775.970672200001,1073.8353002403815,46766576,341.91314697265625,16.800289154052734,1.9191315174102783,3,3,4,1,0,0,0,9,0,0,LivesExhausted,,,,,,,,,
ppo_rollout,1910784,1777.824003200003,1074.7880535759866,,,,,,,,,,,,,,,,,,,-0.015003160581303139,1.7609006519118944,-0.2126031712939342,0.9975583553314209,0.024951749,0.18115234375
training_episode,1911750,1778.9103128000024,1074.6747524280233,11053987,27389.33203125,306.6579895019531,272.8932800292969,2,34,44,27,6,3,2,166,0,1,MaxDuration,,,,,,,,,
training_episode,1911924,1779.004609300002,1074.715596578639,18280288,1479.6591796875,63.93527603149414,13.296591758728027,3,3,9,2,0,0,0,25,0,0,LivesExhausted,,,,,,,,,
training_episode,1912032,1779.0645816000033,1074.740073955276,56715831,2307.2451171875,93.01145935058594,21.072450637817383,4,5,18,3,1,1,0,53,0,0,LivesExhausted,,,,,,,,,
training_episode,1913610,1779.8669498000017,1075.1421617301376,20374868,1218.0706787109375,54.2069091796875,10.680706024169922,3,5,14,2,0,0,0,13,0,0,LivesExhausted,,,,,,,,,
training_episode,1913820,1779.9764422000007,1075.194005171536,49594259,27389.33203125,301.0024719238281,273.3932800292969,1,40,46,27,1,6,9,189,0,1,MaxDuration,,,,,,,,,
ppo_rollout,1916928,1781.5195203000003,1076.007294984451,,,,,,,,,,,,,,,,,,,-0.011584492052982872,3.16258220076561,-0.20481085181236267,0.9940467476844788,0.018656936,0.15735677083333333
training_episode,1917078,1782.1731467999998,1075.696827461591,54202335,917.1932373046875,42.91880416870117,7.671932220458984,3,4,11,1,0,0,1,0,0,0,LivesExhausted,,,,,,,,,
training_episode,1917822,1782.5584073000027,1075.8817170568216,62161739,1051.2318115234375,48.21791458129883,9.012317657470703,3,3,12,2,0,0,1,19,0,0,LivesExhausted,,,,,,,,,
training_episode,1920492,1783.8915395000004,1076.5744202914302,26868066,592.5697021484375,28.43055534362793,4.425696849822998,3,3,9,1,0,0,0,10,0,0,LivesExhausted,,,,,,,,,
ppo_rollout,1923072,1785.1953095999997,1077.2333927041818,,,,,,,,,,,,,,,,,,,-0.008690226898761467,2.8312880968054137,-0.1992144450545311,0.9942976236343384,0.039172832,0.18942057291666667
training_episode,1926744,1787.7109211000025,1077.7715665653866,32104516,1148.6981201171875,52.06726837158203,9.486981391906738,4,5,13,2,1,0,0,43,0,0,LivesExhausted,,,,,,,,,
ppo_rollout,1929216,1789.015844900001,1078.3671958522177,,,,,,,,,,,,,,,,,,,-0.005906223827817788,3.9582243740558622,-0.1965270350376765,0.9905990958213806,0.010896879,0.137890625
ppo_rollout,1935360,1792.7444032000021,1079.5515504304087,,,,,,,,,,,,,,,,,,,-0.014024407652323134,1.38386374215285,-0.19161452601353327,0.9959807395935059,0.022743763,0.18898111979166668
training_episode,1937784,1794.5270200000014,1079.8299375843326,36398405,26254.666015625,300.5920715332031,261.046630859375,3,43,40,27,3,5,5,200,3,1,MaxDuration,,,,,,,,,
ppo_rollout,1941504,1796.4263517,1080.759029259791,,,,,,,,,,,,,,,,,,,-0.005557162035256624,2.280962743361791,-0.1770226288586855,0.9753068089485168,0.023741791,0.16414388020833334
training_episode,1941546,1797.0113777000006,1080.4305549166804,44253080,647.061279296875,31.31062126159668,4.970612525939941,3,3,10,1,0,0,0,14,0,0,LivesExhausted,,,,,,,,,
training_episode,1946574,1799.5990149999998,1081.6709632395527,37236237,890.7062377929688,41.868980407714844,7.40706205368042,3,3,10,1,0,0,1,13,1,0,LivesExhausted,,,,,,,,,
ppo_rollout,1947648,1800.1312923000005,1081.9477492175138,,,,,,,,,,,,,,,,,,,-0.014830467739375307,1.8688410664598147,-0.16168183088302612,0.9948956966400146,0.02490361,0.18509114583333333
training_episode,1947984,1800.8583504000017,1081.6975136147266,14719502,28554.666015625,301.9033508300781,285.546630859375,0,44,44,28,1,5,6,148,1,1,MaxDuration,,,,,,,,,
training_episode,1950234,1802.0014886999998,1082.2599272140103,18803933,28554.666015625,303.4348449707031,284.046630859375,3,44,46,28,4,5,2,143,1,1,MaxDuration,,,,,,,,,
training_episode,1950330,1802.0544482000005,1082.2813938547229,52212484,27389.33203125,305.9472961425781,272.8932800292969,2,36,51,27,2,2,5,194,2,1,MaxDuration,,,,,,,,,
training_episode,1950996,1802.3834269,1082.4533619661636,21422158,762.702880859375,36.80982971191406,6.127028942108154,3,3,8,1,0,0,0,13,0,0,LivesExhausted,,,,,,,,,
training_episode,1952694,1803.245490100002,1082.8775176316733,45509828,412.0279235839844,19.700355529785156,2.620278835296631,3,5,6,1,0,0,1,20,0,0,LivesExhausted,,,,,,,,,
ppo_rollout,1953792,1803.8071320000017,1083.1490603065197,,,,,,,,,,,,,,,,,,,-0.014572328932505723,2.294373686114947,-0.14964678970475992,0.9960286617279053,0.024724731,0.19270833333333334
training_episode,1953924,1804.4404714000011,1082.8420393852173,60904991,509.3581848144531,24.37046241760254,3.593581199645996,3,3,8,1,0,0,0,5,0,0,LivesExhausted,,,,,,,,,
training_episode,1954002,1804.4865892000016,1082.8575904608326,32837619,1100.21240234375,50.14759063720703,9.502123832702637,3,4,12,2,0,0,1,25,0,0,LivesExhausted,,,,,,,,,
training_episode,1954080,1804.531354900002,1082.873952117216,58600953,29750.666015625,302.1235656738281,297.0066223144531,1,55,42,30,0,0,5,133,2,1,MaxDuration,,,,,,,,,
training_episode,1954926,1804.9535105000032,1083.089391847246,54307064,820.1937255859375,39.07944869995117,6.701937198638916,3,5,9,1,0,0,0,19,1,0,LivesExhausted,,,,,,,,,
training_episode,1957842,1806.4077450000004,1083.8317126458066,10216155,916.0877075195312,42.87881088256836,7.660877227783203,3,3,9,1,0,0,1,0,0,0,LivesExhausted,,,,,,,,,
training_episode,1958652,1806.8140156000009,1084.0363109257692,30428852,827.4874877929688,39.379398345947266,6.774874687194824,3,3,10,1,0,0,0,18,0,0,LivesExhausted,,,,,,,,,
ppo_rollout,1959936,1807.4673582000032,1084.3548521683042,,,,,,,,,,,,,,,,,,,-0.011418747368346279,2.536100556453069,-0.14115649759769439,0.9972328543663025,0.03248349,0.20470377604166667
training_episode,1960626,1808.387655800001,1084.184573872603,44776725,1032.9193115234375,47.4980354309082,8.329193115234375,4,4,12,2,2,0,1,13,0,0,LivesExhausted,,,,,,,,,
training_episode,1960734,1808.446496800003,1084.2090177782234,67084002,1265.1630859375,56.06659698486328,11.151630401611328,3,3,14,2,0,0,1,34,0,0,LivesExhausted,,,,,,,,,
training_episode,1961784,1808.9703008000033,1084.4755157850939,3513499,662.0658569335938,32.83049774169922,5.1206583976745605,3,4,10,1,0,0,1,14,0,0,LivesExhausted,,,,,,,,,
training_episode,1962606,1809.3892786000033,1084.6786941937373,1209461,1673.80322265625,71.00675964355469,15.238032341003418,3,5,16,2,0,1,0,23,0,0,LivesExhausted,,,,,,,,,
training_episode,1962864,1809.521285900002,1084.7421443974504,15347876,28554.666015625,300.9824523925781,285.046630859375,1,33,46,28,2,5,6,155,4,1,MaxDuration,,,,,,,,,
training_episode,1964286,1810.2560428000033,1085.0873873961784,30952497,421.81689453125,20.810380935668945,2.7181692123413086,3,3,6,1,0,0,0,9,0,0,LivesExhausted,,,,,,,,,
ppo_rollout,1966080,1811.1679970000005,1085.5315482918172,,,,,,,,,,,,,,,,,,,-0.010098754738767942,2.2137423316637674,-0.138234876592954,0.9960089325904846,0.02984926,0.169921875
training_episode,1966212,1811.7992740000009,1085.226177212829,18489746,619.8424072265625,30.010591506958008,4.698423862457275,3,4,9,1,0,0,1,5,0,0,LivesExhausted,,,,,,,,,
training_episode,1968492,1812.9302007000006,1085.8068331808554,55459083,717.3972778320312,35.0201301574707,5.6739726066589355,3,6,6,1,0,1,0,6,0,0,LivesExhausted,,,,,,,,,
training_episode,1968630,1813.0022669999998,1085.8397895207927,39540275,1046.4981689453125,48.02794647216797,8.964981079101562,3,3,11,2,0,0,0,29,0,0,LivesExhausted,,,,,,,,,
ppo_rollout,1972224,1814.806774800003,1086.7404879604028,,,,,,,,,,,,,,,,,,,-0.011563904773599159,2.440478201707204,-0.14280228118101757,0.9920640587806702,0.021546671,0.18030598958333333
training_episode,1975200,1816.8563122000014,1087.1525649754124,61323907,1260.1722412109375,55.86663055419922,11.10172176361084,3,3,13,2,0,0,0,39,1,0,LivesExhausted,,,,,,,,,
ppo_rollout,1978368,1818.4597584000003,1087.936090343125,,,,,,,,,,,,,,,,,,,-0.00964095582603477,5.758533855279286,-0.1504417399565379,0.9854909181594849,0.01183069,0.09977213541666667
ppo_rollout,1984512,1822.1062276000011,1089.1307926727811,,,,,,,,,,,,,,,,,,,-0.010414791047029819,5.394743318359057,-0.14987724522749582,0.9885124564170837,0.013601001,0.11013997395833333
training_episode,1986900,1823.8817629000005,1089.3798273638079,62790113,2436.167236328125,97.5024185180664,22.361671447753906,4,5,20,3,1,1,0,40,0,0,LivesExhausted,,,,,,,,,
ppo_rollout,1990656,1825.8165086000008,1090.282616365647,,,,,,,,,,,,,,,,,,,-0.01463097399197674,1.3280828848481179,-0.15258821348349252,0.9962525367736816,0.028421305,0.19480794270833332
training_episode,1995258,1828.6752754000008,1091.0947541320922,71587349,25150.666015625,305.0063781738281,250.5066375732422,2,40,45,26,1,4,4,158,0,1,MaxDuration,,,,,,,,,
training_episode,1996794,1829.4565884000003,1091.4683697120952,63523216,26254.666015625,300.4419250488281,261.546630859375,2,38,48,27,4,6,5,119,2,1,MaxDuration,,,,,,,,,
ppo_rollout,1996800,1829.4652437000004,1091.46648556251,,,,,,,,,,,,,,,,,,,-0.013877576576002562,1.9284582033753395,-0.15380647691587607,0.99571692943573,0.029310308,0.18933919270833333
training_episode,1997418,1830.3435154,1091.2803980205256,48232782,27389.33203125,306.5879211425781,273.3932800292969,1,43,43,27,2,8,3,186,2,1,MaxDuration,,,,,,,,,
training_episode,1998630,1830.9500369000016,1091.5808513179852,63942132,541.5765991210938,28.070547103881836,3.9157657623291016,3,4,8,1,0,0,0,15,0,0,LivesExhausted,,,,,,,,,
validation,2000004,,,,,,,,,,,,,,,,,,7029.340867004395,1176.1583251953125,10847.177435885265,,,,,,
training_episode,2001360,1943.1208043000006,1029.9719891687228,12729651,662.1627197265625,32.84049606323242,5.121626853942871,3,4,11,1,0,1,1,21,0,0,LivesExhausted,,,,,,,,,
training_episode,2002428,1943.6670658000003,1030.231995609708,35770031,631.370849609375,31.620628356933594,4.813708782196045,3,4,8,1,0,0,0,31,0,0,LivesExhausted,,,,,,,,,
training_episode,2002518,1943.7181216000026,1030.2512374333348,31790329,26254.666015625,302.5339660644531,262.046630859375,1,43,47,27,8,1,3,147,3,1,MaxDuration,,,,,,,,,
ppo_rollout,2002944,1943.9418407000012,1030.3518130350817,,,,,,,,,,,,,,,,,,,-0.008290233651253705,3.7128615260124205,-0.1486627548933029,0.9891433119773865,0.016028924,0.159423828125
training_episode,2004690,1945.3710900000005,1030.492336554667,63209029,26254.666015625,300.4619445800781,259.546630859375,6,46,42,27,5,0,5,127,1,1,MaxDuration,,,,,,,,,
training_episode,2005440,1945.7592418000022,1030.6722213714313,47918595,691.2892456054688,33.99030303955078,5.412892818450928,3,4,8,1,0,0,0,5,0,0,LivesExhausted,,,,,,,,,
training_episode,2008332,1947.2131855000007,1031.3878392746738,68445479,632.7737426757812,30.310598373413086,4.827736854553223,3,3,10,1,0,0,0,15,1,0,LivesExhausted,,,,,,,,,
training_episode,2008890,1947.491425600001,1031.5270062773616,20689055,602.45263671875,28.710561752319336,4.524526596069336,3,3,11,1,0,0,0,17,0,0,LivesExhausted,,,,,,,,,
ppo_rollout,2009088,1947.5932814000007,1031.5747231145688,,,,,,,,,,,,,,,,,,,-0.011483887627643222,1.6920897538463275,-0.1464360495408376,0.9977436661720276,0.029714534,0.19210611979166667
training_episode,2013900,1950.5841833000013,1032.4599252070634,45614557,1005.2337036132812,46.39822006225586,8.552336692810059,3,4,9,2,0,0,1,15,1,0,LivesExhausted,,,,,,,,,
ppo_rollout,2015232,1951.2592965000003,1032.785342068452,,,,,,,,,,,,,,,,,,,-0.00703300580692788,2.5147394865751265,-0.1406137784322103,0.9929795861244202,0.019376552,0.16324869791666666
training_episode,2016294,1952.3336769000016,1032.7609587729683,24878215,1422.005859375,61.65565872192383,12.72005844116211,3,4,9,2,1,1,0,14,1,0,LivesExhausted,,,,,,,,,
training_episode,2018454,1953.4160987000032,1033.2944431774058,13672212,791.3034057617188,37.939640045166016,6.413033962249756,3,3,8,1,0,0,0,3,0,0,LivesExhausted,,,,,,,,,
ppo_rollout,2021376,1954.903617,1034.0028952946584,,,,,,,,,,,,,,,,,,,-0.0030086364403056603,4.968502128124237,-0.13666607141494752,0.9893190264701843,0.014043423,0.14825846354166666
training_episode,2021574,1955.5569208000015,1033.7587101136342,42472687,531.37939453125,26.000499725341797,3.813793659210205,3,3,8,1,0,0,0,29,0,0,LivesExhausted,,,,,,,,,
training_episode,2023056,1956.3293598000018,1034.1080809658858,1314190,26254.666015625,301.2827453613281,261.046630859375,3,40,42,27,2,2,6,165,3,1,MaxDuration,,,,,,,,,
training_episode,2025318,1957.4843927000002,1034.653460100612,23202551,635.3146362304688,31.170618057250977,4.853146553039551,3,4,9,1,0,0,0,26,0,0,LivesExhausted,,,,,,,,,
training_episode,2025846,1957.760659800002,1034.7771520789233,47394950,478.4169921875,23.230436325073242,3.284169912338257,3,4,7,1,0,0,0,6,0,0,LivesExhausted,,,,,,,,,
ppo_rollout,2027520,1958.660293300003,1035.1565337468398,,,,,,,,,,,,,,,,,,,-0.0156104768490574,1.6746840476989746,-0.13421199719111124,0.9974784851074219,0.02960647,0.18797200520833332
training_episode,2028744,1959.8411876000027,1035.1573448072977,40378107,441.6166687011719,24.12045669555664,2.9161667823791504,3,6,4,1,0,0,1,10,0,0,LivesExhausted,,,,,,,,,
training_episode,2030172,1960.5710667000021,1035.5003368570306,49803717,854.633056640625,40.44921875,7.046330451965332,3,5,9,1,1,1,1,30,0,0,LivesExhausted,,,,,,,,,
training_episode,2032806,1961.9054594000008,1036.138612215128,6864827,25150.666015625,300.0515441894531,250.0066375732422,3,36,36,26,4,3,5,141,5,1,MaxDuration,,,,,,,,,
ppo_rollout,2033664,1962.3359546000029,1036.348539215619,,,,,,,,,,,,,,,,,,,-0.010991270774199317,2.559439508120219,-0.1244935800631841,0.9948617219924927,0.017424913,0.14773763020833333
training_episode,2037732,1964.943881700001,1037.0433573080088,34722741,868.8695068359375,41.009124755859375,7.188695430755615,3,3,9,1,0,0,0,6,1,0,LivesExhausted,,,,,,,,,
training_episode,2038950,1965.581078700001,1037.3268353542169,7179014,24077.33203125,304.3056945800781,238.27330017089844,5,56,35,24,6,5,2,147,2,1,MaxDuration,,,,,,,,,
training_episode,2039046,1965.6351900000009,1037.3471183124266,70330601,27389.33203125,304.3457336425781,271.8932800292969,4,36,38,27,6,4,2,162,3,1,MaxDuration,,,,,,,,,
training_episode,2039112,1965.6725987999998,1037.3609528081295,70016414,1776.7620849609375,74.46749877929688,16.267620086669922,3,5,16,2,0,1,0,37,1,0,LivesExhausted,,,,,,,,,
ppo_rollout,2039808,1966.0165965000015,1037.5334590925456,,,,,,,,,,,,,,,,,,,-0.013275111800370117,1.674723094701767,-0.11299002468585968,0.9976351857185364,0.024842657,0.20367838541666666
training_episode,2043900,1968.7127857000014,1038.1910529794548,37131508,840.8092041015625,39.89931106567383,6.908092498779297,3,4,7,1,0,0,1,24,0,0,LivesExhausted,,,,,,,,,
ppo_rollout,2045952,1969.7981475000015,1038.6607392217575,,,,,,,,,,,,,,,,,,,-0.007136231567710638,3.3118415474891663,-0.10482263664404551,0.9947344660758972,0.020195765,0.14632161458333334
training_episode,2046216,1970.5201218000002,1038.4141615011038,33047077,1394.1646728515625,60.54584503173828,12.441646575927734,3,3,9,2,0,0,0,30,0,0,LivesExhausted,,,,,,,,,
training_episode,2049066,1971.9587036000012,1039.101881930505,19955952,495.7099914550781,23.720447540283203,3.4570999145507812,3,5,7,1,0,1,0,4,1,0,LivesExhausted,,,,,,,,,
ppo_rollout,2052096,1973.5000385000021,1039.8256701123432,,,,,,,,,,,,,,,,,,,-0.006691114798498651,5.242158464590708,-0.0977977067232132,0.989538848400116,0.013494398,0.116064453125
training_episode,2052804,1974.4556976000022,1039.6809624522,71796807,27389.33203125,304.2256164550781,272.3932800292969,3,40,44,27,2,4,5,157,3,1,MaxDuration,,,,,,,,,
training_episode,2054892,1975.5103617000022,1040.1828508921042,50222633,1059.5054931640625,48.54785919189453,8.595053672790527,4,5,12,2,1,1,0,9,0,0,LivesExhausted,,,,,,,,,
ppo_rollout,2058240,1977.1807836000007,1040.9973721535007,,,,,,,,,,,,,,,,,,,-0.009027086159524819,2.095679886639118,-0.09336181084314982,0.9928635954856873,0.023464702,0.17322591145833333
training_episode,2059230,1978.2626230000023,1040.9285279207327,28124814,745.2462768554688,36.11994552612305,5.952463150024414,3,4,10,1,0,0,0,23,0,0,LivesExhausted,,,,,,,,,
training_episode,2063268,1980.2963694999999,1041.8985924419735,8121575,702.6010131835938,33.61036682128906,5.526010036468506,3,3,10,1,0,0,1,11,0,0,LivesExhausted,,,,,,,,,
ppo_rollout,2064384,1980.8567487,1042.1672346346184,,,,,,,,,,,,,,,,,,,-0.00929878480383195,1.2743955810864767,-0.10234008034070333,0.9980509877204895,0.063705735,0.234619140625
training_episode,2064798,1981.6318666000006,1041.9685082793367,40168649,26254.666015625,300.4118957519531,262.046630859375,1,36,45,27,1,1,4,150,3,1,MaxDuration,,,,,,,,,
training_episode,2070192,1984.4345883000024,1043.2150357616288,46452389,1305.6119384765625,57.65633010864258,11.556118965148926,3,4,11,2,2,0,0,40,1,0,LivesExhausted,,,,,,,,,
ppo_rollout,2070528,1984.6285663000017,1043.282372912803,,,,,,,,,,,,,,,,,,,-0.005539666521751012,3.909963380297025,-0.11208384931087494,0.9919876456260681,0.012076754,0.142041015625
training_episode,2073888,1987.052026700003,1043.7009057302894,41739584,26254.666015625,301.2827453613281,261.546630859375,2,43,42,27,3,9,3,123,0,1,MaxDuration,,,,,,,,,
training_episode,2075850,1988.0662759000006,1044.1553308177613,39645004,28554.666015625,306.6479797363281,284.546630859375,2,49,42,28,1,4,4,140,2,1,MaxDuration,,,,,,,,,
training_episode,2076216,1988.2516799000005,1044.2420449026974,46033473,1100.361572265625,50.157588958740234,9.503616333007812,3,3,4,2,0,0,0,29,0,0,LivesExhausted,,,,,,,,,
training_episode,2076546,1988.4233729000007,1044.3178390985606,23726196,451.53753662109375,22.13041114807129,3.0153751373291016,3,3,7,1,0,0,0,17,0,0,LivesExhausted,,,,,,,,,
ppo_rollout,2076672,1988.4985190000007,1044.341738330457,,,,,,,,,,,,,,,,,,,-0.011010934464866295,2.6468876456220944,-0.10336513717969259,0.9942219853401184,0.015481683,0.11845703125
training_episode,2079960,1990.836672700003,1044.7667699325261,14614773,696.9901733398438,34.21026611328125,5.4699015617370605,3,6,7,1,0,1,0,18,0,0,LivesExhausted,,,,,,,,,
training_episode,2080086,1990.9014416000027,1044.796069025056,47290221,28554.666015625,301.5329895019531,285.046630859375,1,32,40,28,1,1,5,131,1,1,MaxDuration,,,,,,,,,
training_episode,2082132,1991.9583329000016,1045.2688520691688,74100845,364.0396423339844,18.080318450927734,2.1403963565826416,3,3,5,1,0,0,0,3,0,0,LivesExhausted,,,,,,,,,
training_episode,2082288,1992.0404159000027,1045.3040929188294,39330817,1041.97705078125,47.84797668457031,8.419771194458008,4,6,6,2,1,0,1,4,0,0,LivesExhausted,,,,,,,,,
ppo_rollout,2082816,1992.3090170000032,1045.4281852000456,,,,,,,,,,,,,,,,,,,-0.009885291742587772,2.2296014045675596,-0.09322706957658132,0.9965542554855347,0.0238474,0.16539713541666667
training_episode,2084766,1993.8600842000014,1045.592926264168,48546969,817.5715942382812,38.989463806152344,6.675715923309326,3,3,9,1,0,0,0,12,1,0,LivesExhausted,,,,,,,,,
training_episode,2085498,1994.2488311000016,1045.7561601526259,61219178,1849.259765625,77.3381118774414,16.492597579956055,4,5,11,2,1,0,0,58,1,0,LivesExhausted,,,,,,,,,
training_episode,2086152,1994.5910246000021,1045.9046362240397,36084218,678.566162109375,33.490386962890625,5.285661697387695,3,4,6,1,0,0,0,25,0,0,LivesExhausted,,,,,,,,,
training_episode,2088942,1995.998765100001,1046.5647757529262,26449150,23034.666015625,301.0925598144531,228.8466339111328,3,36,44,23,3,0,3,145,3,1,MaxDuration,,,,,,,,,
ppo_rollout,2088960,1996.0140145000005,1046.5657980479073,,,,,,,,,,,,,,,,,,,-0.0077729349587267885,2.799628172318141,-0.08478159407774608,0.9958968162536621,0.015993034,0.16778971354166666
training_episode,2090058,1997.1070617000005,1046.542791862584,20060681,1500.1453857421875,64.74542236328125,13.001453399658203,4,8,9,2,1,2,0,37,0,0,LivesExhausted,,,,,,,,,
training_episode,2090154,1997.1594751000011,1046.5633946910236,31580871,812.9096069335938,38.799495697021484,6.629096031188965,3,4,10,1,0,2,0,24,0,0,LivesExhausted,,,,,,,,,
training_episode,2090460,1997.3210611000031,1046.631931497634,20793784,1032.044189453125,47.44804382324219,8.820441246032715,3,3,12,2,0,0,0,30,0,0,LivesExhausted,,,,,,,,,
training_episode,2091126,1997.662980000001,1046.7861801193308,21107971,879.0614624023438,41.4090576171875,7.290614604949951,3,3,12,1,0,0,1,9,0,0,LivesExhausted,,,,,,,,,
training_episode,2094564,1999.371076000003,1047.6114339867527,32418703,719.8263549804688,34.17027282714844,5.698263168334961,3,4,11,1,0,0,1,10,2,0,LivesExhausted,,,,,,,,,
ppo_rollout,2095104,1999.6537382000024,1047.7333950256395,,,,,,,,,,,,,,,,,,,-0.013144681455257039,1.6270456726352374,-0.07856689592202505,0.9977626800537109,0.033577,0.19671223958333334
training_episode,2095206,2000.2891759000013,1047.4515511274974,68340750,722.2096557617188,33.970306396484375,5.722095966339111,3,3,11,1,0,0,0,21,0,0,LivesExhausted,,,,,,,,,
training_episode,2096202,2000.7785092000013,1047.6931806100583,6655369,1126.8150634765625,51.19741439819336,9.76815128326416,3,4,13,2,0,0,1,26,1,0,LivesExhausted,,,,,,,,,
training_episode,2096748,2001.0512898000015,1047.8232170698448,42996332,1236.30810546875,54.91679000854492,10.863080978393555,3,5,12,2,0,3,0,19,0,0,LivesExhausted,,,,,,,,,
training_episode,2099922,2002.6192591,1048.5877385118772,37864611,960.2366943359375,44.6185188293457,8.10236644744873,3,6,7,1,0,1,1,10,0,0,LivesExhausted,,,,,,,,,
ppo_rollout,2101248,2003.2846203000008,1048.9013786195437,,,,,,,,,,,,,,,,,,,-0.010746416824016098,2.0494444424907368,-0.07566393911838531,0.9961289763450623,0.016626019,0.16090494791666668
training_episode,2101578,2004.0006128000023,1048.691296088808,26658608,27389.33203125,306.4878234863281,273.3932800292969,1,43,43,27,3,4,4,159,2,1,MaxDuration,,,,,,,,,
training_episode,2102718,2004.5680952000002,1048.963118307142,42053771,1444.8734130859375,62.55550765991211,12.448734283447266,4,7,15,2,2,1,1,27,0,1,LivesExhausted,,,,,,,,,
training_episode,2102892,2004.6580110000032,1049.0028665542777,57448934,1125.988037109375,51.17741775512695,9.759880065917969,3,4,12,2,0,1,0,20,1,0,LivesExhausted,,,,,,,,,
training_episode,2105982,2006.2323969000026,1049.7198645850444,33780180,559.2477416992188,27.1705265045166,4.092476844787598,3,6,7,1,0,0,0,5,0,0,LivesExhausted,,,,,,,,,
ppo_rollout,2107392,2006.9232002000026,1050.0611083622857,,,,,,,,,,,,,,,,,,,-0.013924837892409414,2.993381447593371,-0.07615760266780854,0.9953776597976685,0.016906383,0.14736328125
training_episode,2108784,2008.1748067000008,1050.0998184840932,44881454,1381.222412109375,60.045928955078125,12.312224388122559,3,5,14,2,0,1,0,49,1,0,LivesExhausted,,,,,,,,,
training_episode,2110254,2008.9121701000004,1050.4461227366426,60486075,1413.81396484375,61.325714111328125,12.638139724731445,3,3,14,2,1,0,1,28,1,1,LivesExhausted,,,,,,,,,
training_episode,2110626,2009.1040635000027,1050.530949762323,61009720,809.2677001953125,38.65951919555664,6.592676639556885,3,3,9,1,0,0,1,10,1,0,LivesExhausted,,,,,,,,,
ppo_rollout,2113536,2010.5593571000027,1051.2179073631175,,,,,,,,,,,,,,,,,,,-0.010311194561654701,4.208124098181725,-0.07656614383061727,0.9929619431495667,0.016688606,0.11525065104166667
training_episode,2114652,2011.696013300003,1051.1786999722226,58286766,758.3319091796875,36.63985824584961,6.083319664001465,3,4,11,1,1,0,0,6,0,0,LivesExhausted,,,,,,,,,
training_episode,2117226,2012.9987830999999,1051.7770888760754,37026779,1657.3016357421875,70.34661865234375,15.073016166687012,3,3,17,2,0,0,0,35,1,0,LivesExhausted,,,,,,,,,
training_episode,2117286,2013.0335107000028,1051.7887500361308,70749517,461.0898132324219,21.940406799316406,3.110898017883301,3,3,8,1,0,0,0,8,0,0,LivesExhausted,,,,,,,,,
training_episode,2118576,2013.6900210000022,1052.0864571538727,2152022,1553.5841064453125,66.24574279785156,14.035841941833496,3,6,16,2,0,1,1,31,1,1,LivesExhausted,,,,,,,,,
ppo_rollout,2119680,2014.2594645999998,1052.3371180588867,,,,,,,,,,,,,,,,,,,-0.01141891831648536,2.1539369776844977,-0.07926923334598542,0.996354341506958,0.020410145,0.15804036458333334
training_episode,2121714,2015.8631746000028,1052.5089335098353,3199312,777.2703247070312,37.389732360839844,6.272703170776367,3,4,10,1,0,0,0,20,0,0,LivesExhausted,,,,,,,,,
training_episode,2123718,2016.8788198000002,1052.9725331790605,21212700,914.6800537109375,42.81882095336914,7.6468000411987305,3,4,9,1,0,0,0,13,0,0,LivesExhausted,,,,,,,,,
training_episode,2124972,2017.5097227000006,1053.2648126008455,60800262,26254.666015625,300.2117004394531,261.546630859375,2,39,37,27,4,3,4,105,0,1,MaxDuration,,,,,,,,,
training_episode,2125728,2017.8880185000016,1053.442004963269,30533581,696.7439575195312,33.4203987121582,4.967439651489258,4,5,9,1,1,0,0,22,0,0,LivesExhausted,,,,,,,,,
ppo_rollout,2125824,2017.9395117000022,1053.462696812508,,,,,,,,,,,,,,,,,,,-0.011976967030204833,2.4253750299414,-0.07955388526121775,0.9962354898452759,0.022273652,0.14905598958333333
training_episode,2127528,2019.3531484000014,1053.5690608082639,51479381,633.8283081054688,31.720630645751953,4.838283061981201,3,3,9,1,0,0,0,4,0,0,LivesExhausted,,,,,,,,,
training_episode,2129832,2020.515919100002,1054.1030535155053,46557118,695.5493774414062,34.160274505615234,5.455493927001953,3,4,3,1,0,0,0,10,0,0,LivesExhausted,,,,,,,,,
training_episode,2129946,2020.5756052000033,1054.1283357665652,69597498,879.9091796875,41.44905090332031,7.299091815948486,3,5,8,1,1,0,1,10,0,0,LivesExhausted,,,,,,,,,
ppo_rollout,2131968,2021.604279700001,1054.5921481311746,,,,,,,,,,,,,,,,,,,-0.01002202079592583,4.230010831356049,-0.07496361136436462,0.9953017234802246,0.018385908,0.14254557291666667
training_episode,2132238,2022.3011312000017,1054.362264404591,44148351,26254.666015625,300.2817687988281,262.046630859375,1,40,45,27,2,5,5,138,3,1,MaxDuration,,,,,,,,,
training_episode,2135292,2023.8353653000013,1055.0719868873707,54097606,958.5548706054688,44.54853057861328,8.085548400878906,3,3,9,1,0,0,0,6,0,0,LivesExhausted,,,,,,,,,
training_episode,2136624,2024.5088909000006,1055.3789166369916,66036712,27389.33203125,305.8071594238281,272.3932800292969,3,44,40,27,3,2,4,124,1,1,MaxDuration,,,,,,,,,
training_episode,2136804,2024.6054239000005,1055.41750248,11787090,795.5233154296875,38.04962158203125,6.455233097076416,3,3,10,1,0,0,0,13,0,0,LivesExhausted,,,,,,,,,
training_episode,2137092,2024.7561327000003,1055.4811838748208,36503134,1923.674560546875,79.66860961914062,17.236745834350586,4,6,18,2,2,2,0,58,0,0,LivesExhausted,,,,,,,,,
ppo_rollout,2138112,2025.2724592000013,1055.7157335979234,,,,,,,,,,,,,,,,,,,-0.015574439902169009,1.4912020658453307,-0.07120141585667929,0.9981980919837952,0.03606487,0.21481119791666667
training_episode,2141394,2027.4942210000008,1056.1776096919386,1942564,797.9164428710938,38.2095947265625,6.4791646003723145,3,6,9,1,0,0,1,32,0,0,LivesExhausted,,,,,,,,,
training_episode,2141472,2027.5378846000021,1056.1933349139244,64361048,853.2366333007812,40.38922882080078,7.0323662757873535,3,6,8,1,0,2,0,19,0,0,LivesExhausted,,,,,,,,,
ppo_rollout,2144256,2028.942316800003,1056.8343822518655,,,,,,,,,,,,,,,,,,,-0.010492065028908351,3.154411115248998,-0.0649963359038035,0.9946652054786682,0.025023112,0.17252604166666666
training_episode,2145420,2030.0983377000011,1056.8059488343074,59543514,679.6287231445312,33.53038024902344,5.296286582946777,3,3,11,1,0,0,0,5,1,0,LivesExhausted,,,,,,,,,
ppo_rollout,2150400,2032.6234558000033,1057.9431196978105,,,,,,,,,,,,,,,,,,,-0.008450282306876033,4.7701212733983995,-0.061061813433965044,0.991165280342102,0.01639927,0.14596354166666667
training_episode,2153448,2034.783373600003,1058.3180637013227,16604624,26254.666015625,301.3027648925781,260.546630859375,4,48,40,27,5,1,2,150,3,1,MaxDuration,,,,,,,,,
ppo_rollout,2156544,2036.378752800003,1059.0092815664918,,,,,,,,,,,,,,,,,,,-0.0108180722532173,2.9069550702969233,-0.05734839638074239,0.9931210279464722,0.01688833,0.136767578125
ppo_rollout,2162688,2040.0693734000015,1060.1051259328701,,,,,,,,,,,,,,,,,,,-0.013307732108902808,2.805281866590182,-0.05637753407160441,0.9917272329330444,0.024958558,0.173095703125
training_episode,2165982,2042.3410791000024,1060.5388209468335,68969124,23034.666015625,301.2326965332031,227.84661865234375,5,41,46,23,6,6,1,111,1,1,MaxDuration,,,,,,,,,
ppo_rollout,2168832,2043.829816100002,1061.1607595286603,,,,,,,,,,,,,,,,,,,-0.014150499698007479,2.9727023338278133,-0.052732635537783304,0.982229471206665,0.026870646,0.16520182291666666
training_episode,2171508,2045.7712776000008,1061.4617693467217,34827470,29750.666015625,301.7832336425781,297.0066223144531,1,45,44,30,2,6,5,149,4,1,MaxDuration,,,,,,,,,
training_episode,2173446,2046.7621659000033,1061.8947507485761,13567483,28554.666015625,302.9143371582031,284.546630859375,2,44,40,28,3,3,3,150,2,1,MaxDuration,,,,,,,,,
ppo_rollout,2174976,2047.5549043000028,1062.2308566341271,,,,,,,,,,,,,,,,,,,-0.016610753830173054,1.8296511272589366,-0.049261844158172606,0.9926623702049255,0.032859307,0.20506184895833332
training_episode,2175966,2048.656551600001,1062.1428947182828,52631400,770.44921875,37.11977767944336,5.704492092132568,4,5,9,1,1,0,1,7,0,0,LivesExhausted,,,,,,,,,
training_episode,2177484,2049.465064600001,1062.4645609292124,5293892,26254.666015625,300.0515441894531,261.046630859375,3,39,46,27,4,5,2,151,0,1,MaxDuration,,,,,,,,,
training_episode,2179374,2050.471010000001,1062.8650633787788,23307280,563.05615234375,28.370553970336914,4.130560874938965,3,3,8,1,0,0,0,15,0,0,LivesExhausted,,,,,,,,,
ppo_rollout,2181120,2051.423512000001,1063.2226779313617,,,,,,,,,,,,,,,,,,,-0.008048487113167841,3.9679832537968953,-0.04404743015766144,0.9915148019790649,0.022926865,0.16931966145833333
training_episode,2181606,2052.260969500003,1063.0256251140954,54935438,25150.666015625,301.5129699707031,250.0066375732422,3,36,48,26,1,7,3,164,3,1,MaxDuration,,,,,,,,,
training_episode,2183100,2053.0590544000006,1063.3400901553723,18175559,1014.8112182617188,46.77815628051758,8.648112297058105,3,3,10,2,0,0,0,39,0,0,LivesExhausted,,,,,,,,,
training_episode,2183796,2053.3991002000002,1063.5029497126493,54621251,363.7911376953125,18.2103214263916,2.137911319732666,3,6,4,1,0,0,0,9,0,0,LivesExhausted,,,,,,,,,
training_episode,2186250,2054.6061464000013,1064.0725492964477,23935654,1296.3505859375,57.296390533447266,11.463506698608398,3,3,13,2,0,0,1,21,0,0,LivesExhausted,,,,,,,,,
training_episode,2186892,2054.9397258000026,1064.2122357864425,2675667,550.6083374023438,25.800495147705078,4.006083011627197,3,4,11,1,0,0,0,0,0,0,LivesExhausted,,,,,,,,,
ppo_rollout,2187264,2055.1313542000025,1064.2940148472567,,,,,,,,,,,,,,,,,,,-0.012453331662497173,2.612488193809986,-0.048182955384254454,0.9955938458442688,0.027559498,0.17166341145833333
training_episode,2189808,2056.977949,1064.5753402775053,3932415,1260.7728271484375,55.886627197265625,10.607728004455566,4,7,13,2,1,1,0,15,0,0,LivesExhausted,,,,,,,,,
training_episode,2190042,2057.1044543000025,1064.6236244455724,6445911,27389.33203125,304.9162902832031,272.8932800292969,2,49,44,27,2,6,4,135,1,1,MaxDuration,,,,,,,,,
training_episode,2192910,2058.601832600001,1065.242420983551,69806956,1250.14208984375,55.466697692871094,11.001420974731445,3,5,9,2,0,2,1,54,0,0,LivesExhausted,,,,,,,,,
ppo_rollout,2193408,2058.8555229000012,1065.3530447393778,,,,,,,,,,,,,,,,,,,-0.01187865854978251,2.9117225244641305,-0.04838572641213735,0.9956028461456299,0.026907707,0.15999348958333334
training_episode,2195310,2060.3727541000007,1065.4916668022731,45719286,1651.697265625,70.1365737915039,15.016972541809082,3,3,10,2,0,0,0,25,1,0,LivesExhausted,,,,,,,,,
training_episode,2198196,2061.8378669000012,1066.1342655933538,8959407,502.9514465332031,24.010454177856445,3.0295143127441406,4,5,9,1,1,0,0,13,0,0,LivesExhausted,,,,,,,,,
ppo_rollout,2199552,2062.5062522000007,1066.446221752694,,,,,,,,,,,,,,,,,,,-0.009105117358073282,4.226674138506254,-0.04810732205708822,0.9929327368736267,0.024945034,0.15680338541666666
training_episode,2202108,2064.3524190000026,1066.7306510904411,24354570,26254.666015625,301.0224914550781,261.546630859375,2,40,45,27,0,4,4,128,2,1,MaxDuration,,,,,,,,,
ppo_rollout,2205696,2066.146632900003,1067.5408825675302,,,,,,,,,,,,,,,,,,,-0.012186741572804749,3.450926681359609,-0.046165716648101804,0.9930285215377808,0.020262202,0.15188802083333333
training_episode,2207454,2067.5840585000005,1067.6489746208786,8226304,957.5807495117188,44.50853729248047,7.575807571411133,4,6,13,1,1,1,0,29,0,0,LivesExhausted,,,,,,,,,
training_episode,2210028,2068.8971335000024,1068.2155068102604,57867850,2463.333740234375,98.58264923095703,21.633337020874023,6,8,18,3,3,1,0,45,1,0,LivesExhausted,,,,,,,,,
training_episode,2210226,2069.0037663000003,1068.2561511004628,11682361,28554.666015625,306.4477844238281,284.546630859375,2,50,46,28,2,5,3,142,2,1,MaxDuration,,,,,,,,,
ppo_rollout,2211840,2069.825364600001,1068.611892495309,,,,,,,,,,,,,,,,,,,-0.013299257424660028,2.4490478177865347,-0.04386011759440104,0.9955973625183105,0.026093192,0.19568684895833333
ppo_rollout,2217984,2073.4698143000023,1069.6967878207502,,,,,,,,,,,,,,,,,,,-0.011605809471802786,2.2401251936952273,-0.042046202222506206,0.9959082007408142,0.019030489,0.16251627604166666
ppo_rollout,2224128,2077.131033700003,1070.7692311727442,,,,,,,,,,,,,,,,,,,-0.004888928182966387,3.6200534294048947,-0.0342057188351949,0.9919586181640625,0.023041606,0.19210611979166667
training_episode,2226498,2078.9032441000018,1070.9964527300042,57763121,27389.33203125,305.7270812988281,272.3932800292969,3,38,46,27,3,5,2,138,2,1,MaxDuration,,,,,,,,,
training_episode,2226720,2079.0512272000014,1071.0270006183898,28543730,30977.33203125,305.6269836425781,308.7732849121094,2,50,42,31,1,4,2,172,2,1,MaxDuration,,,,,,,,,
training_episode,2229498,2080.4417379000006,1071.6464486289613,51584110,24077.33203125,304.8462219238281,238.77330017089844,4,43,40,24,4,5,0,142,0,1,MaxDuration,,,,,,,,,
training_episode,2229852,2080.6300469000016,1071.7195992254024,19537036,575.2288818359375,27.950544357299805,4.252288818359375,3,4,7,1,1,1,0,1,1,0,LivesExhausted,,,,,,,,,
ppo_rollout,2230272,2080.845949800001,1071.8102415098824,,,,,,,,,,,,,,,,,,,-0.011119147800006128,3.3876877744992573,-0.02553412616252899,0.9861517548561096,0.020520639,0.130224609375
training_episode,2234364,2083.4571200000028,1072.4309987238887,52421942,856.3355712890625,40.50920867919922,7.063355922698975,3,3,7,1,0,0,1,18,0,0,LivesExhausted,,,,,,,,,
ppo_rollout,2236416,2084.4986422,1072.8795666854764,,,,,,,,,,,,,,,,,,,-0.013456407362051928,1.8283274859189986,-0.02436860998471578,0.9967911243438721,0.04233642,0.22224934895833334
training_episode,2238906,2086.324893500001,1073.1339145573008,16290437,788.4247436523438,37.82965850830078,6.384247303009033,3,4,11,1,0,0,0,21,0,0,LivesExhausted,,,,,,,,,
ppo_rollout,2242560,2088.168231800002,1073.936460601602,,,,,,,,,,,,,,,,,,,-0.012525600528654953,3.206892811258634,-0.015705176194508872,0.9937697649002075,0.025042316,0.17049153645833334
training_episode,2243616,2089.260965900001,1073.8802076999064,38388256,26254.666015625,301.3227844238281,261.546630859375,2,35,47,27,6,3,4,138,5,1,MaxDuration,,,,,,,,,
training_episode,2244918,2089.9146855,1074.1672928447394,22259990,1098.30126953125,50.07760238647461,9.483013153076172,3,3,14,2,0,0,0,37,0,0,LivesExhausted,,,,,,,,,
training_episode,2246526,2090.7158584999997,1074.5247810057688,69073853,27389.33203125,302.4538879394531,272.8932800292969,2,43,43,27,7,4,2,126,1,1,MaxDuration,,,,,,,,,
training_episode,2246544,2090.7310087000005,1074.5256040359218,70225872,24077.33203125,304.2556457519531,238.77330017089844,4,39,46,24,7,3,1,122,2,1,MaxDuration,,,,,,,,,
ppo_rollout,2248704,2091.793663800003,1075.0123393695294,,,,,,,,,,,,,,,,,,,-0.014699595173199971,1.7755931297938028,-0.006557076176007589,0.996931791305542,0.037245445,0.23408203125
training_episode,2249646,2092.8504445,1074.9196178408533,47080763,488.4144592285156,25.97049903869629,3.3841445446014404,3,3,8,1,0,0,0,0,0,0,LivesExhausted,,,,,,,,,
training_episode,2251848,2094.0152540000017,1075.3732551367548,59438785,361.13360595703125,18.320323944091797,2.1113357543945312,3,3,4,1,0,0,0,5,0,0,LivesExhausted,,,,,,,,,
ppo_rollout,2254848,2095.513394100002,1076.036071326774,,,,,,,,,,,,,,,,,,,-0.015737655170960353,1.9844316974282266,0.0007252216339111329,0.9977914094924927,0.032869566,0.22018229166666667
training_episode,2255958,2096.626420700002,1075.9942628438316,37340966,697.165283203125,34.230262756347656,5.471652507781982,3,4,9,1,0,0,0,20,0,0,LivesExhausted,,,,,,,,,
training_episode,2259792,2098.589257800002,1076.8148133803898,54411793,658.44970703125,31.910634994506836,5.08449649810791,3,4,9,1,0,0,0,9,1,0,LivesExhausted,,,,,,,,,
ppo_rollout,2260992,2099.1963829000015,1077.0750266235125,,,,,,,,,,,,,,,,,,,-0.00863137081032619,3.4557050307591757,0.008740208546320597,0.9932965040206909,0.02469526,0.16604817708333333
training_episode,2262954,2100.7957021,1077.188989742269,20479597,27389.33203125,301.8933410644531,272.8932800292969,2,48,43,27,2,5,4,193,2,1,MaxDuration,,,,,,,,,
training_episode,2265030,2101.8748295000005,1077.6236378161545,6969556,935.0204467773438,43.628684997558594,7.8502044677734375,3,6,7,1,0,1,1,11,0,0,LivesExhausted,,,,,,,,,
training_episode,2265408,2102.0716137000018,1077.702579320073,52526671,414.8556213378906,20.45037269592285,2.6485559940338135,3,4,6,1,0,0,0,0,0,0,LivesExhausted,,,,,,,,,
training_episode,2266332,2102.568503900002,1077.8873533947824,23621467,28554.666015625,303.9653625488281,285.046630859375,1,38,40,28,3,2,6,166,1,1,MaxDuration,,,,,,,,,
ppo_rollout,2267136,2102.983915800003,1078.0567473515607,,,,,,,,,,,,,,,,,,,-0.009591723665168198,2.3646561563014985,0.01741074721018473,0.994167149066925,0.031189673,0.17623697916666667
training_episode,2268828,2104.4579490000033,1078.1056476220406,12101277,551.822265625,28.48055648803711,4.018222332000732,3,3,7,1,0,0,1,8,0,0,LivesExhausted,,,,,,,,,
training_episode,2270502,2105.316565600002,1078.461090887261,15138418,984.7991333007812,45.588356018066406,8.347990989685059,3,6,8,1,0,0,0,15,0,0,LivesExhausted,,,,,,,,,
training_episode,2271798,2105.9545561000014,1078.749773312831,34094367,512.6971435546875,24.74047088623047,3.62697172164917,3,4,9,1,0,0,0,10,0,0,LivesExhausted,,,,,,,,,
training_episode,2272026,2106.0737716000003,1078.796968386309,61114449,1031.3641357421875,47.42804718017578,8.813641548156738,3,6,7,2,0,2,1,17,0,0,LivesExhausted,,,,,,,,,
ppo_rollout,2273280,2106.7173846000005,1079.062629196286,,,,,,,,,,,,,,,,,,,-0.012410805771166149,1.8929008394479752,0.020420352617899578,0.9967402219772339,0.031644247,0.23035481770833333
training_episode,2276754,2109.0196864000027,1079.5318861562225,49280072,827.8674926757812,39.38939666748047,6.778675079345703,3,6,7,1,0,0,0,29,1,0,LivesExhausted,,,,,,,,,
training_episode,2278344,2109.853329200003,1079.8589496568864,72006265,1226.5665283203125,54.5368537902832,10.265666007995605,4,5,11,2,1,0,0,24,0,0,LivesExhausted,,,,,,,,,
ppo_rollout,2279424,2110.4109424000017,1080.0853777832451,,,,,,,,,,,,,,,,,,,-0.010331391850680422,1.9754651188850403,0.028352542718251546,0.9968149662017822,0.033443984,0.21513671875
training_episode,2279652,2111.0859447000003,1079.848030689226,6026995,26254.666015625,300.2617492675781,261.046630859375,3,43,44,27,6,1,4,152,3,1,MaxDuration,,,,,,,,,
training_episode,2281530,2112.013644400002,1080.262907415144,32209245,28554.666015625,305.0464172363281,284.546630859375,2,43,41,28,1,3,3,152,1,1,MaxDuration,,,,,,,,,
training_episode,2283330,2112.888465900003,1080.667549116179,14510044,24077.33203125,306.5178527832031,239.27330017089844,3,38,46,24,2,0,5,153,4,1,MaxDuration,,,,,,,,,
training_episode,2283804,2113.1238046,1080.771507579656,72320452,1333.055419921875,58.74614715576172,11.830554962158203,3,5,11,2,0,1,0,18,0,0,LivesExhausted,,,,,,,,,
training_episode,2284446,2113.466441700002,1080.9000582769922,48756427,1117.48193359375,50.827476501464844,9.674818992614746,3,4,11,2,1,0,0,11,0,0,LivesExhausted,,,,,,,,,
ppo_rollout,2285568,2114.0620105000016,1081.1262813712049,,,,,,,,,,,,,,,,,,,-0.01383304906776175,2.038135867814223,0.03872242371241252,0.9966225624084473,0.03241669,0.19345703125
training_episode,2289660,2116.744650800003,1081.6892812907997,21631616,929.4379272460938,43.408721923828125,7.794379234313965,3,3,10,1,0,0,0,12,1,0,LivesExhausted,,,,,,,,,
training_episode,2290926,2117.4030676,1081.950826961199,21945803,1463.120361328125,63.275386810302734,13.131203651428223,3,4,15,2,0,0,1,32,1,1,LivesExhausted,,,,,,,,,
ppo_rollout,2291712,2117.816896600001,1082.1105467990053,,,,,,,,,,,,,,,,,,,-0.01651901248842478,2.0853431969881058,0.04781510631243388,0.99636310338974,0.026211025,0.18623046875
training_episode,2292624,2118.8590022000026,1082.0087592518323,71482620,456.2992248535156,24.700469970703125,3.0629918575286865,3,3,8,1,0,0,0,5,0,0,LivesExhausted,,,,,,,,,
training_episode,2296686,2120.870554600002,1082.897772812522,27286982,1044.6351318359375,47.95795822143555,8.946351051330566,3,5,10,2,0,2,0,26,1,0,LivesExhausted,,,,,,,,,
ppo_rollout,2297856,2121.478864200002,1083.1387664408849,,,,,,,,,,,,,,,,,,,-0.008603899790129314,7.653916058937709,0.05600171585877736,0.9882265329360962,0.0126770735,0.12535807291666667
training_episode,2301960,2124.1389611000013,1083.7144095355761,19222849,943.0504760742188,43.93863296508789,7.43050479888916,4,4,7,1,1,0,1,35,0,0,LivesExhausted,,,,,,,,,
ppo_rollout,2304000,2125.1873257000007,1084.1397236552318,,,,,,,,,,,,,,,,,,,-0.01670875046790267,1.3530572111407915,0.05766642491022746,0.9980056285858154,0.041226253,0.21805013020833333
training_episode,2306610,2127.0636938000025,1084.4104042221875,73472471,27389.33203125,300.8723449707031,272.8932800292969,2,52,45,27,2,6,2,122,2,1,MaxDuration,,,,,,,,,
ppo_rollout,2310144,2128.8640214000006,1085.1533854570873,,,,,,,,,,,,,,,,,,,-0.010739052323818518,2.2418215344349544,0.06537636121114095,0.9962939620018005,0.039455574,0.18987630208333334
training_episode,2310426,2129.577932700002,1084.9220235254356,37969340,1661.8272705078125,70.52665710449219,14.11827278137207,5,5,14,2,3,0,0,31,1,0,LivesExhausted,,,,,,,,,
training_episode,2313486,2131.102074600003,1085.5819754359864,46347660,1296.3570556640625,57.296390533447266,11.463569641113281,3,5,15,2,0,1,0,12,0,0,LivesExhausted,,,,,,,,,
training_episode,2316018,2132.380401000002,1086.1185925897082,68864395,27389.33203125,303.0244445800781,272.3932800292969,3,42,45,27,5,3,3,146,2,1,MaxDuration,,,,,,,,,
ppo_rollout,2316288,2132.5281133000026,1086.1699714784233,,,,,,,,,,,,,,,,,,,-0.013567180504711967,2.358425051967303,0.07404689292112986,0.9957958459854126,0.02587759,0.16324869791666666
training_episode,2317038,2133.475550500003,1086.0391624628542,5608079,1239.95849609375,55.06676483154297,10.899584770202637,3,4,13,2,0,0,0,21,0,0,LivesExhausted,,,,,,,,,
training_episode,2317902,2133.9088880000018,1086.2235089017531,17442456,27389.33203125,303.0444641113281,273.3932800292969,1,32,51,27,4,6,4,149,2,1,MaxDuration,,,,,,,,,
training_episode,2319078,2134.511653900001,1086.4677153496796,60171888,1010.09521484375,46.58818817138672,8.6009521484375,3,3,12,2,0,0,0,30,1,0,LivesExhausted,,,,,,,,,
training_episode,2320296,2135.139985400001,1086.7184427560198,9378323,27389.33203125,304.0554504394531,272.8932800292969,2,41,42,27,4,4,7,184,0,1,MaxDuration,,,,,,,,,
training_episode,2321544,2135.7622740000006,1086.9861446012223,30847768,426.22833251953125,20.510374069213867,2.7622833251953125,3,4,5,1,0,0,0,14,0,0,LivesExhausted,,,,,,,,,
ppo_rollout,2322432,2136.2108990000015,1087.1735562659903,,,,,,,,,,,,,,,,,,,-0.01652743982267566,1.6221613809466362,0.07047223349412282,0.9982233643531799,0.031053388,0.21002604166666666
training_episode,2323182,2137.1467570000023,1087.0484174241467,57658392,1125.9066162109375,51.16741943359375,9.759065628051758,3,3,13,2,0,0,0,34,0,0,LivesExhausted,,,,,,,,,
training_episode,2324982,2138.0215677000015,1087.4455314784889,7388472,1338.4498291015625,58.96611022949219,11.88449764251709,3,5,14,2,0,2,0,19,0,0,LivesExhausted,,,,,,,,,
training_episode,2325786,2138.4220870000026,1087.6178347291814,35036928,988.5059204101562,45.73833084106445,8.385058403015137,3,3,12,1,0,0,1,9,0,0,LivesExhausted,,,,,,,,,
training_episode,2327268,2139.1692378000007,1087.9307531523064,15976250,1037.8980712890625,47.68800354003906,8.37898063659668,4,5,9,2,1,0,1,17,0,0,LivesExhausted,,,,,,,,,
training_episode,2327430,2139.2587332000003,1087.9609669834208,32313974,757.0448608398438,35.36007308959961,6.070448875427246,3,4,12,1,0,1,1,8,0,0,LivesExhausted,,,,,,,,,
ppo_rollout,2328576,2139.8337812000027,1088.2041495270498,,,,,,,,,,,,,,,,,,,-0.014337829552823677,1.66384413788716,0.07469459573427836,0.997722327709198,0.032732207,0.20379231770833334
training_episode,2329320,2140.7572574000005,1088.0822624555824,51060465,24077.33203125,305.7771301269531,238.27330017089844,5,39,45,24,9,6,3,115,4,1,MaxDuration,,,,,,,,,
training_episode,2331474,2141.8177307000005,1088.5492105988005,41634855,1029.6385498046875,47.36805725097656,8.796385765075684,3,3,12,2,0,0,0,12,0,0,LivesExhausted,,,,,,,,,
training_episode,2331852,2142.0287325000027,1088.6184506397592,33884909,797.0935668945312,38.16960144042969,6.470935344696045,3,5,8,1,0,0,0,0,0,0,LivesExhausted,,,,,,,,,
ppo_rollout,2334720,2143.4884704000033,1089.2150959712465,,,,,,,,,,,,,,,,,,,-0.0077331730998897305,2.8382458249727884,0.08349646627902985,0.9949617385864258,0.02562678,0.18336588541666668
training_episode,2338734,2146.0595235,1089.7805836185605,13148567,1877.502685546875,78.44834899902344,17.275026321411133,3,4,17,2,0,1,0,15,1,0,LivesExhausted,,,,,,,,,
training_episode,2339166,2146.2732211000002,1089.873356757971,60695533,1402.9635009765625,60.905784606933594,12.529635429382324,3,4,14,2,0,0,0,17,0,0,LivesExhausted,,,,,,,,,
ppo_rollout,2340864,2147.1134574000025,1090.237682565045,,,,,,,,,,,,,,,,,,,-0.008675179842005795,3.0623681962490084,0.07958956559499104,0.993068277835846,0.024761558,0.17713216145833333
training_episode,2341932,2148.2174594000026,1090.174549020797,5398621,2127.639892578125,87.12020111083984,19.776399612426758,3,5,17,3,0,3,0,18,0,0,LivesExhausted,,,,,,,,,
ppo_rollout,2347008,2150.7837607,1091.2338296789708,,,,,,,,,,,,,,,,,,,-0.010841319439350627,2.6496696775158246,0.08269797960917155,0.9961990118026733,0.019584158,0.15437825520833334
training_episode,2351514,2153.6200336,1091.8889884531764,20584326,1928.1492919921875,79.84864807128906,16.781494140625,5,7,19,2,2,1,0,42,0,0,LivesExhausted,,,,,,,,,
training_episode,2352354,2154.050406800001,1092.0607951299494,24982944,26254.666015625,302.7641906738281,261.546630859375,2,40,39,27,5,0,1,219,5,1,MaxDuration,,,,,,,,,
ppo_rollout,2353152,2154.458739700003,1092.2242123456324,,,,,,,,,,,,,,,,,,,-0.012316071674770985,2.4394801994164785,0.09426287114620209,0.9961815476417542,0.034595627,0.18154296875
training_episode,2357268,2157.109602700002,1092.7900914489762,73577200,1044.001708984375,47.92796325683594,8.440016746520996,4,4,10,2,1,0,0,31,1,0,LivesExhausted,,,,,,,,,
ppo_rollout,2359296,2158.143992700003,1093.20601775433,,,,,,,,,,,,,,,,,,,-0.00985747459732617,2.904288300871849,0.10021261970202128,0.9922619462013245,0.02128084,0.1515625
training_episode,2360358,2159.255259400001,1093.1352324948743,22678906,1564.251220703125,66.66583251953125,13.642512321472168,4,6,12,2,1,0,0,23,1,0,LivesExhausted,,,,,,,,,
training_episode,2361456,2159.834147100002,1093.3506182271979,22050532,27389.33203125,303.8952941894531,271.8932800292969,4,40,44,27,5,5,5,169,1,1,MaxDuration,,,,,,,,,
training_episode,2364000,2161.1418357000002,1093.866196539707,36607863,27389.33203125,304.7160949707031,272.3932800292969,3,49,41,27,3,4,6,159,3,1,MaxDuration,,,,,,,,,
training_episode,2365032,2161.690135800003,1094.0661479795037,66141441,816.150390625,38.929473876953125,6.661503791809082,3,4,8,1,0,1,1,22,1,0,LivesExhausted,,,,,,,,,
ppo_rollout,2365440,2161.9248136000024,1094.136107379751,,,,,,,,,,,,,,,,,,,-0.01979568044965466,1.4877259999513626,0.10684821208318075,0.9980688691139221,0.039388034,0.22218424479166668
training_episode,2366112,2162.8240891000023,1093.9918840022676,43101061,1756.6187744140625,73.67733001708984,15.066187858581543,5,9,13,2,2,0,0,43,0,0,LivesExhausted,,,,,,,,,
training_episode,2367798,2163.6520173999997,1094.352502601281,59857701,1167.8663330078125,52.82714080810547,10.17866325378418,3,4,14,2,0,1,1,36,0,0,LivesExhausted,,,,,,,,,
ppo_rollout,2371584,2165.5910463,1095.120892770566,,,,,,,,,,,,,,,,,,,-0.00884383466715614,2.5190065681934355,0.11444044709205628,0.9969656467437744,0.033030745,0.232421875
training_episode,2371938,2166.3498389000015,1094.900720746188,38807172,1534.5032958984375,66.105712890625,13.345032691955566,4,7,12,2,1,2,0,33,0,0,LivesExhausted,,,,,,,,,
training_episode,2375430,2168.163318500003,1095.5955115241918,7807388,26254.666015625,305.7571105957031,261.546630859375,2,37,45,27,1,5,5,185,1,1,MaxDuration,,,,,,,,,
training_episode,2375502,2168.2053906,1095.6074596524434,68131292,26254.666015625,302.7541809082031,261.546630859375,2,42,47,27,2,4,4,147,2,1,MaxDuration,,,,,,,,,
ppo_rollout,2377728,2169.383802200002,1096.0384223338965,,,,,,,,,,,,,,,,,,,-0.012039327138336376,2.6362298662463823,0.11779236992200216,0.9963234066963196,0.024404578,0.1802734375
ppo_rollout,2383872,2173.0294681000014,1097.0270007817012,,,,,,,,,,,,,,,,,,,-0.008416768948275906,6.46192320783933,0.11796468993028005,0.9887306094169617,0.01209402,0.13447265625
ppo_rollout,2390016,2176.7057146000006,1097.9968417270397,,,,,,,,,,,,,,,,,,,-0.008598644406689952,5.105027049779892,0.1191585769255956,0.9883275032043457,0.020400332,0.15130208333333334
ppo_rollout,2396160,2180.473495600003,1098.9172786714596,,,,,,,,,,,,,,,,,,,-0.00682142034250622,2.174165082971255,0.11754052738348643,0.976887047290802,0.03145858,0.20867513020833334
training_episode,2401584,2183.9761381000026,1099.638388031707,49175343,27389.33203125,304.5859680175781,272.8932800292969,2,41,38,27,2,6,6,162,1,1,MaxDuration,,,,,,,,,
ppo_rollout,2402304,2184.387146500001,1099.7610949364735,,,,,,,,,,,,,,,,,,,-0.014550950894287477,1.533351251979669,0.12006278038024902,0.834595799446106,0.040123,0.2565104166666667
training_episode,2402352,2184.953461500001,1099.498017843708,38074069,23034.666015625,301.9734191894531,228.84661865234375,3,28,48,23,4,2,1,150,4,1,MaxDuration,,,,,,,,,
training_episode,2403876,2185.7277460000005,1099.8057760849779,45405099,26254.666015625,300.5920715332031,261.546630859375,2,30,46,27,2,5,2,161,2,1,MaxDuration,,,,,,,,,
training_episode,2407164,2187.3818802000023,1100.477251727029,3094583,1007.6350708007812,46.48820495605469,8.076351165771484,4,5,8,2,1,0,1,29,0,0,LivesExhausted,,,,,,,,,
ppo_rollout,2408448,2188.042033400001,1100.732053240088,,,,,,,,,,,,,,,,,,,-0.017177037918008863,2.1435999244451525,0.13309945464134215,0.9762581586837769,0.037171062,0.222998046875
training_episode,2408604,2188.694835100003,1100.4750234584208,5189163,27389.33203125,305.5268859863281,273.8932800292969,0,41,39,27,2,3,2,148,3,1,MaxDuration,,,,,,,,,
training_episode,2409426,2189.109624200002,1100.6420022846098,4874976,1000.6796875,46.2182502746582,8.006795883178711,4,4,13,2,1,0,2,9,0,1,LivesExhausted,,,,,,,,,
training_episode,2411526,2190.1702987000026,1101.0678034632217,38597714,26254.666015625,300.7422180175781,261.546630859375,2,40,45,27,1,5,4,161,1,1,MaxDuration,,,,,,,,,
training_episode,2411658,2190.2429052000007,1101.0915703798528,64570506,23034.666015625,301.2827453613281,228.3466339111328,4,38,45,23,4,2,3,161,4,1,MaxDuration,,,,,,,,,
training_episode,2412234,2190.5331157,1101.208643097438,11368174,629.608154296875,30.2305965423584,4.79608154296875,3,3,11,1,0,0,0,13,0,0,LivesExhausted,,,,,,,,,
training_episode,2412564,2190.6998108000007,1101.2754865391526,51374652,2060.615478515625,85.07976531982422,18.606155395507812,4,6,18,3,1,1,0,55,0,0,LivesExhausted,,,,,,,,,
ppo_rollout,2414592,2191.718165100003,1101.6890941768638,,,,,,,,,,,,,,,,,,,-0.01720235648487384,2.0506857479612033,0.1411127895116806,0.9972741603851318,0.030824358,0.197216796875
training_episode,2416284,2193.110327000002,1101.7612612792177,53783419,806.337646484375,38.5395393371582,6.563376426696777,3,3,11,1,0,0,1,8,0,0,LivesExhausted,,,,,,,,,
training_episode,2417394,2193.6614266000033,1101.9904761450648,17651914,1068.3785400390625,48.89780044555664,9.183785438537598,3,5,11,2,1,1,0,9,0,0,LivesExhausted,,,,,,,,,
training_episode,2418042,2193.9837878,1102.1239142449056,60590804,1055.370849609375,48.37788772583008,9.05370807647705,3,4,12,2,0,0,1,27,0,0,LivesExhausted,,,,,,,,,
training_episode,2418810,2194.3991368000025,1102.2652895895894,5712808,1870.6177978515625,78.17829132080078,16.7061767578125,4,7,17,2,1,1,0,37,1,0,LivesExhausted,,,,,,,,,
ppo_rollout,2420736,2195.395742500001,1102.6422039260192,,,,,,,,,,,,,,,,,,,-0.010590559143262604,2.1866672962903975,0.13831522862116497,0.9933869242668152,0.058708433,0.22257486979166666
training_episode,2421270,2196.226817900002,1102.468096767519,9064136,539.2796020507812,26.88051986694336,3.3927958011627197,4,4,6,1,1,0,0,19,0,0,LivesExhausted,,,,,,,,,
training_episode,2422200,2196.6865838000012,1102.660715398866,70644788,1938.92333984375,80.27873992919922,17.389232635498047,4,5,17,2,1,1,0,10,0,0,LivesExhausted,,,,,,,,,
training_episode,2423298,2197.2624727,1102.8714275642485,35455844,1325.101318359375,58.42620086669922,10.751012802124023,5,8,11,2,2,1,0,12,0,0,LivesExhausted,,,,,,,,,
training_episode,2424822,2198.0435640000032,1103.172857769618,56296915,1427.2984619140625,61.865623474121094,12.77298355102539,3,5,12,2,0,1,0,25,0,0,LivesExhausted,,,,,,,,,
training_episode,2426244,2198.7720786000027,1103.4540703940686,1628377,879.9788818359375,41.43905258178711,7.299788475036621,3,4,11,1,1,0,1,23,0,0,LivesExhausted,,,,,,,,,
ppo_rollout,2426880,2199.0885768000007,1103.5844693129502,,,,,,,,,,,,,,,,,,,-0.011876311715847502,4.262394043803215,0.13547407190004984,0.9484463334083557,0.018763164,0.14318033854166667
training_episode,2428722,2200.5473494,1103.6899527120897,32523432,653.6439819335938,32.500553131103516,5.036439895629883,3,4,9,1,0,0,1,12,2,0,LivesExhausted,,,,,,,,,
training_episode,2430990,2201.693336700002,1104.1455953369411,22783635,831.30224609375,39.52937316894531,6.813022613525391,3,5,5,1,0,1,0,9,0,0,LivesExhausted,,,,,,,,,
ppo_rollout,2433024,2202.715399800003,1104.556675919598,,,,,,,,,,,,,,,,,,,-0.007533583236120952,2.932626894613107,0.13943884074687957,0.9891549944877625,0.04539615,0.19827473958333333
training_episode,2433834,2203.679082300001,1104.4412135816908,44567267,430.2771911621094,23.670446395874023,2.80277156829834,3,5,6,1,0,0,0,9,0,0,LivesExhausted,,,,,,,,,
training_episode,2435574,2204.5494961000004,1104.7944282079843,39959191,1290.491455078125,57.066429138183594,10.904913902282715,4,7,14,2,1,0,0,29,1,0,LivesExhausted,,,,,,,,,
training_episode,2438520,2206.0190451000017,1105.393901932274,2256751,829.5233154296875,39.029457092285156,6.795232772827148,3,3,10,1,0,0,1,11,0,0,LivesExhausted,,,,,,,,,
ppo_rollout,2439168,2206.359901300002,1105.516828221373,,,,,,,,,,,,,,,,,,,-0.004414362266349296,6.105520166953405,0.13885414401690166,0.987825870513916,0.013210173,0.154443359375
training_episode,2443224,2208.9480430000003,1106.0577036849752,47185492,1474.7528076171875,63.74530792236328,13.247527122497559,3,5,16,2,0,0,0,37,2,0,LivesExhausted,,,,,,,,,
training_episode,2443242,2208.9618082000015,1106.0589598834688,27601169,826.3316040039062,39.32940673828125,6.7633161544799805,3,5,5,1,0,1,0,22,0,0,LivesExhausted,,,,,,,,,
training_episode,2443668,2209.1904071000026,1106.1373397903694,14091128,24077.33203125,304.1555480957031,239.27330017089844,3,42,43,24,2,3,1,153,3,1,MaxDuration,,,,,,,,,
ppo_rollout,2445312,2210.026597,1106.4627019961606,,,,,,,,,,,,,,,,,,,-0.016884038678836078,1.3121648728847504,0.14006917874018351,0.9976140260696411,0.045480568,0.231494140625
training_episode,2447076,2211.455521600001,1106.5454295140091,38702443,638.5692138671875,31.910634994506836,4.885692119598389,3,4,8,1,0,0,0,13,0,0,LivesExhausted,,,,,,,,,
training_episode,2448630,2212.2695768000012,1106.8406968475736,19013391,876.4252319335938,41.30907440185547,6.764252185821533,4,4,9,1,1,0,0,31,0,0,LivesExhausted,,,,,,,,,
ppo_rollout,2451456,2213.6979374000002,1107.4031188190236,,,,,,,,,,,,,,,,,,,-0.012284790978689368,1.4457187930742899,0.14379934072494507,0.998322606086731,0.033326667,0.25458984375
training_episode,2452536,2214.790481900003,1107.3444734582938,62685384,981.8572998046875,45.46837615966797,8.318572044372559,3,5,11,1,0,1,0,21,1,0,LivesExhausted,,,,,,,,,
training_episode,2455494,2216.2912340000003,1107.9293020386506,15033689,27389.33203125,305.6570129394531,271.8932800292969,4,48,45,27,4,6,3,176,2,1,MaxDuration,,,,,,,,,
ppo_rollout,2457600,2217.3630594000024,1108.3435297533113,,,,,,,,,,,,,,,,,,,-0.006143779585060353,2.844425818324089,0.14552440146605175,0.9950665235519409,0.029386772,0.200927734375
training_episode,2457690,2217.969206200003,1108.0812092115134,1000003,917.71630859375,42.93880081176758,7.177163124084473,4,5,11,1,1,0,0,21,0,0,LivesExhausted,,,,,,,,,
training_episode,2458386,2218.3186926000017,1108.2203869988696,25401860,26254.666015625,301.5129699707031,261.046630859375,3,36,47,27,2,1,2,126,0,1,MaxDuration,,,,,,,,,
training_episode,2459826,2219.0467117000007,1108.505732227484,41844313,27389.33203125,304.3557434082031,272.8932800292969,2,46,45,27,6,2,4,193,2,1,MaxDuration,,,,,,,,,
training_episode,2460450,2219.364975700002,1108.6279304844659,69492769,875.857666015625,41.27907943725586,7.2585768699646,3,4,10,1,0,0,0,11,1,0,LivesExhausted,,,,,,,,,
ppo_rollout,2463744,2220.9955988,1109.297110418029,,,,,,,,,,,,,,,,,,,-0.01312510912345412,2.1609204029043516,0.1456640640894572,0.9953868389129639,0.033770498,0.19365234375
ppo_rollout,2469888,2224.6426818,1110.2403186841527,,,,,,,,,,,,,,,,,,,-0.008199962740764021,4.175130153695743,0.14552472829818724,0.9919382929801941,0.024692252,0.18050130208333334
training_episode,2470164,2225.3492270000024,1110.0118444465604,29172104,1955.9990234375,80.94888305664062,18.05998992919922,3,4,19,2,0,0,0,21,0,0,LivesExhausted,,,,,,,,,
ppo_rollout,2476032,2228.3240251000025,1111.1633551089506,,,,,,,,,,,,,,,,,,,-0.011129814430993671,3.2228448669115703,0.14293403923511505,0.9923447370529175,0.02669906,0.162255859375
training_episode,2479800,2230.8485335000005,1111.5949661133725,2885125,26254.666015625,304.7461242675781,260.546630859375,4,44,39,27,4,1,2,191,2,1,MaxDuration,,,,,,,,,
ppo_rollout,2482176,2232.0713359,1112.0504797841304,,,,,,,,,,,,,,,,,,,-0.015581095637753607,2.2142560506860414,0.1447965085506439,0.9944189786911011,0.030952113,0.20419921875
training_episode,2485182,2234.2553684000013,1112.3088413029943,46242931,30977.33203125,304.5559387207031,308.7732849121094,2,43,43,31,0,2,4,144,4,1,MaxDuration,,,,,,,,,
training_episode,2486322,2234.8549920000005,1112.5205030752168,14928960,1221.71142578125,54.346885681152344,10.717114448547363,3,3,12,2,0,0,0,35,0,0,LivesExhausted,,,,,,,,,
ppo_rollout,2488320,2235.878489100003,1112.9048435014063,,,,,,,,,,,,,,,,,,,-0.009648351119055102,2.820973022778829,0.14849390983581542,0.9880610704421997,0.032547865,0.204638671875
training_episode,2491818,2238.165971300001,1113.3303034504943,46138202,1245.103515625,55.26673126220703,10.951035499572754,3,4,13,2,0,2,0,25,0,0,LivesExhausted,,,,,,,,,
training_episode,2494008,2239.2642367000008,1113.7622613378646,37550424,27389.33203125,302.6340637207031,272.3932800292969,3,47,41,27,5,2,8,134,0,1,MaxDuration,,,,,,,,,
training_episode,2494086,2239.3086305000033,1113.7750134259559,58705682,1498.7879638671875,64.6954116821289,13.487879753112793,3,4,13,2,0,1,0,32,0,0,LivesExhausted,,,,,,,,,
ppo_rollout,2494464,2239.5093239000016,1113.8439895646457,,,,,,,,,,,,,,,,,,,-0.014309965691063553,1.6651776313781739,0.1478584627310435,0.9979422688484192,0.047861125,0.23001302083333333
training_episode,2495094,2240.3833896000033,1113.6906350861102,22888364,27389.33203125,305.8471984863281,272.3932800292969,3,37,47,27,7,3,5,178,3,1,MaxDuration,,,,,,,,,
training_episode,2496390,2241.0362503000033,1113.9444976250666,30743039,30977.33203125,304.6460266113281,308.7732849121094,2,40,44,31,2,2,5,122,3,1,MaxDuration,,,,,,,,,
training_episode,2496936,2241.3121291000025,1114.0509916406168,7074285,431.4555969238281,23.720447540283203,2.814556121826172,3,3,3,1,0,0,0,3,0,0,LivesExhausted,,,,,,,,,
training_episode,2499810,2242.7530103999998,1114.6167181174148,14300586,1562.0340576171875,66.5858154296875,13.620340347290039,4,6,15,2,1,2,0,35,0,0,LivesExhausted,,,,,,,,,
validation,2500002,,,,,,,,,,,,,,,,,,7354.5994921875,1313.2291870117188,10915.563956831294,,,,,,
training_episode,2500416,2358.3046589000005,1060.259958595123,4665518,705.8399047851562,33.550376892089844,5.558398723602295,3,4,11,1,0,0,1,9,0,0,LivesExhausted,,,,,,,,,
ppo_rollout,2500608,2358.4056714,1060.2959576990781,,,,,,,,,,,,,,,,,,,-0.015248866542242468,2.234406924247742,0.14585236410299937,0.9978772401809692,0.028221814,0.20315755208333333
training_episode,2500980,2359.160332000003,1060.1144678792423,55354354,683.1568603515625,33.67035675048828,5.331568241119385,3,4,10,1,0,0,1,9,0,0,LivesExhausted,,,,,,,,,
training_episode,2502450,2359.934339800002,1060.3896717787818,29905207,386.7938537597656,21.960407257080078,2.36793851852417,3,4,2,1,0,0,0,4,0,0,LivesExhausted,,,,,,,,,
training_episode,2503044,2360.2542015,1060.4976355552099,40482836,384.8212585449219,21.870405197143555,2.348212718963623,3,4,3,1,0,0,0,9,0,0,LivesExhausted,,,,,,,,,
training_episode,2506290,2361.9109088000005,1061.1280851712368,53888148,26254.666015625,301.0024719238281,261.046630859375,3,40,44,27,3,2,2,149,3,1,MaxDuration,,,,,,,,,
ppo_rollout,2506752,2362.165670600003,1061.2092247379378,,,,,,,,,,,,,,,,,,,-0.006038640125188977,3.348436145981153,0.14810185730457306,0.9939030408859253,0.019942464,0.172998046875
training_episode,2507628,2363.1979733000007,1061.1163467182207,41320668,922.8939819335938,43.13876724243164,7.728939056396484,3,3,9,1,0,0,0,10,0,0,LivesExhausted,,,,,,,,,
ppo_rollout,2512896,2365.9208937000003,1062.1217331024745,,,,,,,,,,,,,,,,,,,-0.005870642353935788,2.1930735553304355,0.15352526778976122,0.9951061010360718,0.038423434,0.21375325520833333
training_episode,2513280,2366.7056601000004,1061.9317992816252,55563812,1319.4627685546875,58.20623779296875,11.69462776184082,3,4,8,2,0,2,0,40,0,0,LivesExhausted,,,,,,,,,
training_episode,2513550,2366.8500335999997,1061.9810990630735,10006697,1079.8377685546875,49.34772491455078,9.29837703704834,3,5,11,2,0,1,0,20,0,0,LivesExhausted,,,,,,,,,
ppo_rollout,2519040,2369.6154098000006,1063.0585830856878,,,,,,,,,,,,,,,,,,,-0.010418241117925693,2.0295521423220633,0.15697314863403639,0.9968293905258179,0.020703977,0.18196614583333334
training_episode,2521200,2371.2972321000016,1063.2155116915671,51898297,1473.97509765625,63.71531295776367,13.239749908447266,3,4,17,2,1,1,0,29,2,0,LivesExhausted,,,,,,,,,
training_episode,2522268,2371.8360661000006,1063.4242543361581,12624922,1786.89697265625,74.86758422851562,15.868968963623047,4,6,16,2,1,1,0,20,0,0,LivesExhausted,,,,,,,,,
ppo_rollout,2525184,2373.3172223,1063.9892452104757,,,,,,,,,,,,,,,,,,,-0.012223458540393039,1.3482581918438277,0.16792649601896603,0.9985215663909912,0.040123988,0.22716471354166667
training_episode,2527434,2374.9924709000006,1064.1861104689026,71273162,1145.0030517578125,51.917293548583984,9.950030326843262,3,3,14,2,1,0,1,23,0,0,LivesExhausted,,,,,,,,,
training_episode,2528400,2375.488868800003,1064.3703842221082,41425397,1123.681396484375,51.087432861328125,9.73681354522705,3,3,12,2,0,0,0,38,0,0,LivesExhausted,,,,,,,,,
training_episode,2530482,2376.5761236,1064.7594978640388,31161955,27389.33203125,303.9253234863281,272.8932800292969,2,59,35,27,4,4,5,188,3,1,MaxDuration,,,,,,,,,
ppo_rollout,2531328,2377.044090000003,1064.9057838889294,,,,,,,,,,,,,,,,,,,-0.015164066614427913,1.427182799577713,0.17871021578709284,0.9981189966201782,0.0466204,0.25665690104166666
training_episode,2531406,2377.6552348000005,1064.6648693846198,58915140,29750.666015625,302.5439758300781,296.5066223144531,2,36,47,30,1,3,4,185,3,1,MaxDuration,,,,,,,,,
training_episode,2533182,2378.618035000003,1064.9805738986574,15557334,400.2066650390625,22.480419158935547,2.5020666122436523,3,4,5,1,0,0,0,14,0,0,LivesExhausted,,,,,,,,,
training_episode,2533200,2378.6317174000033,1064.9820152776529,15452605,1046.4761962890625,48.02794647216797,8.964761734008789,3,5,10,2,0,0,0,38,0,0,LivesExhausted,,,,,,,,,
training_episode,2536566,2380.396426500003,1065.6065400541788,14824231,563.9600830078125,28.030546188354492,4.13960075378418,3,4,7,1,0,0,0,16,0,0,LivesExhausted,,,,,,,,,
training_episode,2537082,2380.664035400001,1065.703502163302,20165410,29750.666015625,300.8022766113281,297.0066223144531,1,48,45,30,4,3,6,191,3,1,MaxDuration,,,,,,,,,
ppo_rollout,2537472,2380.871882700001,1065.7742730458929,,,,,,,,,,,,,,,,,,,-0.014938825694844126,2.10796862890323,0.18917800299823284,0.9978064298629761,0.03902656,0.20719401041666666
training_episode,2539656,2382.5121378000003,1065.9572136934023,7702659,27389.33203125,305.0464172363281,272.8932800292969,2,44,47,27,4,2,7,132,3,1,MaxDuration,,,,,,,,,
training_episode,2540070,2382.721715200001,1066.037206022102,12834380,570.0487670898438,29.200572967529297,4.2004876136779785,3,3,4,1,0,0,0,13,0,0,LivesExhausted,,,,,,,,,
training_episode,2540796,2383.0807471000007,1066.1812458901884,42158500,2613.575439453125,103.30365753173828,23.635751724243164,5,7,19,3,2,1,0,31,0,1,LivesExhausted,,,,,,,,,
training_episode,2541546,2383.454901000001,1066.3285464028165,68236021,772.4998168945312,37.199764251708984,6.224998474121094,3,3,6,1,0,0,0,18,0,0,LivesExhausted,,,,,,,,,
ppo_rollout,2543616,2384.4966761000032,1066.7307803340059,,,,,,,,,,,,,,,,,,,-0.00861874465093327,2.908084338406722,0.19623993063966433,0.9958354234695435,0.030415073,0.176416015625
training_episode,2545530,2386.026617000003,1066.8489537642056,33465993,670.9553833007812,33.19043731689453,5.2095537185668945,3,5,9,1,0,0,2,16,0,1,LivesExhausted,,,,,,,,,
training_episode,2546286,2386.413476200003,1066.9928012871303,73263013,988.8222045898438,45.748329162597656,8.388222694396973,3,4,12,1,0,0,0,11,0,0,LivesExhausted,,,,,,,,,
training_episode,2548026,2387.3084775000025,1067.3216402550129,49908446,1641.2113037109375,69.71648406982422,14.912113189697266,3,5,16,2,1,2,0,22,0,0,LivesExhausted,,,,,,,,,
ppo_rollout,2549760,2388.1613402000003,1067.6665588207145,,,,,,,,,,,,,,,,,,,-0.009298143665849542,5.68739704489708,0.19994919560849667,0.9886028170585632,0.015210391,0.14638671875
training_episode,2550336,2389.0073336000023,1067.529581902493,6341182,708.1162109375,33.710350036621094,5.5811614990234375,3,4,9,1,0,0,0,0,1,0,LivesExhausted,,,,,,,,,
training_episode,2553504,2390.5771015000028,1068.1537936583456,11263445,1557.75,66.41577911376953,13.577500343322754,4,6,14,2,1,2,1,22,0,1,LivesExhausted,,,,,,,,,
training_episode,2554590,2391.1430731,1068.3551430856453,50641549,1230.6248779296875,54.69682693481445,10.806248664855957,3,4,12,2,1,1,0,14,2,0,LivesExhausted,,,,,,,,,
ppo_rollout,2555904,2391.8067472000002,1068.608073370519,,,,,,,,,,,,,,,,,,,-0.011029482137140197,3.932440436879794,0.20128420032560826,0.9928765892982483,0.01808099,0.141259765625
training_episode,2560056,2394.480316600002,1069.1489014347399,55144896,1956.469482421875,80.96888732910156,17.564695358276367,4,7,15,2,1,1,0,40,0,0,LivesExhausted,,,,,,,,,
training_episode,2560362,2394.6378516000004,1069.2063513024607,24773486,1292.4132080078125,57.136417388916016,10.424132347106934,5,6,11,2,2,0,0,22,0,0,LivesExhausted,,,,,,,,,
ppo_rollout,2562048,2395.5117000000027,1069.520136344981,,,,,,,,,,,,,,,,,,,-0.013480073747147495,2.3709517727295557,0.20267360011736552,0.9961065649986267,0.036248706,0.19845377604166667
training_episode,2564784,2397.4707514,1069.7873992841403,21003242,763.5819091796875,36.849822998046875,6.135818958282471,3,4,8,1,0,0,0,15,0,0,LivesExhausted,,,,,,,,,
training_episode,2566356,2398.280330200003,1070.0817446916144,50013175,1159.1448974609375,52.47719955444336,10.091447830200195,3,5,12,2,1,2,0,30,0,0,LivesExhausted,,,,,,,,,
training_episode,2567610,2398.9061846000004,1070.3253076268716,49384801,28554.666015625,301.6531066894531,284.546630859375,2,39,43,28,3,3,7,132,1,1,MaxDuration,,,,,,,,,
ppo_rollout,2568192,2399.206864900003,1070.4337494078654,,,,,,,,,,,,,,,,,,,-0.01292306234439214,2.7429643581310907,0.198513579616944,0.9963074922561646,0.030348027,0.192529296875
training_episode,2569410,2400.3815187,1070.4173399033427,18385017,26254.666015625,301.8733215332031,262.046630859375,1,44,44,27,1,3,5,126,2,1,MaxDuration,,,,,,,,,
training_episode,2571696,2401.507443300001,1070.8673867219568,18699204,956.023681640625,44.45854568481445,8.060236930847168,3,4,11,1,0,0,1,3,0,0,LivesExhausted,,,,,,,,,
ppo_rollout,2574336,2402.8305439000032,1071.376425830524,,,,,,,,,,,,,,,,,,,-0.011926838487852365,2.205756939947605,0.20155621493856113,0.9971441626548767,0.054402236,0.23204752604166667
training_episode,2574660,2403.560521000003,1071.1858417980716,64046861,1332.388671875,58.71615219116211,11.323885917663574,4,6,9,2,1,1,1,23,0,0,LivesExhausted,,,,,,,,,
training_episode,2576850,2404.6594846000007,1071.6070264845177,13776941,27389.33203125,306.4878234863281,272.3932800292969,3,40,45,27,3,1,6,157,2,1,MaxDuration,,,,,,,,,
training_episode,2578362,2405.429535200001,1071.892550693912,13881670,1779.795654296875,74.5875244140625,16.297956466674805,3,5,17,2,0,0,0,31,0,0,LivesExhausted,,,,,,,,,
training_episode,2579424,2405.960357600001,1072.097464886343,73891387,1491.2054443359375,64.38534545898438,12.912055015563965,4,5,17,2,1,0,1,30,1,1,LivesExhausted,,,,,,,,,
training_episode,2579496,2406.0018249000022,1072.1089125139,26763337,460.8018493652344,22.020408630371094,3.108018159866333,3,4,7,1,0,1,0,21,0,0,LivesExhausted,,,,,,,,,
ppo_rollout,2580480,2406.5020804000014,1072.29493837424,,,,,,,,,,,,,,,,,,,-0.009432529892850046,4.365045324961344,0.20750811484952766,0.9933834671974182,0.016764542,0.168310546875
training_episode,2582208,2407.9674731000014,1072.3600002269477,25611318,417.25274658203125,23.16043472290039,2.672527313232422,3,5,4,1,0,0,0,5,1,0,LivesExhausted,,,,,,,,,
training_episode,2583858,2408.7968483000004,1072.6757641780994,43729435,989.1251220703125,45.75832748413086,8.391250610351562,3,3,12,1,0,0,0,13,0,0,LivesExhausted,,,,,,,,,
training_episode,2585970,2409.8940390000025,1073.063777141447,61847552,640.72216796875,31.350622177124023,4.907221794128418,3,3,8,1,0,0,0,13,0,0,LivesExhausted,,,,,,,,,
training_episode,2586108,2409.969581600002,1073.0874031542994,26239692,1240.458251953125,55.086761474609375,10.904582023620605,3,4,11,2,0,1,0,35,0,0,LivesExhausted,,,,,,,,,
ppo_rollout,2586624,2410.2409387000007,1073.1806760344607,,,,,,,,,,,,,,,,,,,-0.015488894710627695,3.505873354276021,0.20054572075605392,0.9940201640129089,0.0321489,0.17347005208333333
training_episode,2589858,2412.383827400001,1073.5679665002876,21736345,621.7064208984375,31.240619659423828,4.717064380645752,3,3,4,1,1,0,1,13,0,0,LivesExhausted,,,,,,,,,
training_episode,2589900,2412.4095877,1073.5739126576843,54725980,659.647216796875,32.74051284790039,5.096472263336182,3,3,4,1,0,0,0,19,0,0,LivesExhausted,,,,,,,,,
training_episode,2590068,2412.4994989000006,1073.6035390602,37655153,1140.396240234375,51.73732376098633,9.903962135314941,3,5,11,2,1,2,0,13,1,0,LivesExhausted,,,,,,,,,
training_episode,2591172,2413.0786391,1073.8033804677095,9483052,27389.33203125,304.7961730957031,272.3932800292969,3,38,43,27,6,2,5,130,3,1,MaxDuration,,,,,,,,,
ppo_rollout,2592768,2413.881470200002,1074.1074207695776,,,,,,,,,,,,,,,,,,,-0.004550538928015158,2.385231353342533,0.19835257281859717,0.9957576394081116,0.054288175,0.24039713541666666
training_episode,2593728,2414.9180691,1074.0438912557556,16709353,369.3382873535156,21.260391235351562,2.193382978439331,3,4,7,1,0,0,0,0,0,0,LivesExhausted,,,,,,,,,
training_episode,2594424,2415.2702347000013,1074.1754536308651,65198880,784.0452270507812,37.65968704223633,6.340452194213867,3,3,10,1,0,0,1,20,0,0,LivesExhausted,,,,,,,,,
ppo_rollout,2598912,2417.5265020000006,1075.0293731423174,,,,,,,,,,,,,,,,,,,-0.013790432769261922,1.781133584678173,0.19928893968462943,0.9979583024978638,0.03972061,0.2423828125
training_episode,2599296,2418.293884900002,1074.8470300612296,61638094,1004.9522705078125,46.388221740722656,8.549522399902344,3,3,12,2,0,0,0,28,0,0,LivesExhausted,,,,,,,,,
training_episode,2601540,2419.418492300003,1075.2749093551254,4979705,27389.33203125,306.2776184082031,273.3932800292969,1,46,42,27,5,3,2,152,4,1,MaxDuration,,,,,,,,,
training_episode,2604642,2420.9861542,1075.8599323178237,50117904,539.4616088867188,25.850496292114258,3.89461612701416,3,3,8,1,0,0,0,4,1,0,LivesExhausted,,,,,,,,,
ppo_rollout,2605056,2421.1977668,1075.9368919470787,,,,,,,,,,,,,,,,,,,-0.010078017528091248,3.2439239233732224,0.19824939506749312,0.9950544834136963,0.023916654,0.18914388020833334
ppo_rollout,2611200,2424.864778500003,1076.843551505277,,,,,,,,,,,,,,,,,,,-0.009196505963336677,2.7253643090526265,0.1903703742971023,0.99436354637146,0.035716336,0.19173177083333334
training_episode,2611344,2425.4924200000023,1076.6242674961638,20270139,25150.666015625,305.6770324707031,250.5066375732422,2,41,48,26,2,4,3,195,0,1,MaxDuration,,,,,,,,,
training_episode,2616558,2428.1658749000017,1077.5861843078396,60067159,930.8468627929688,43.44871520996094,7.808467864990234,3,4,11,1,0,0,0,25,0,0,LivesExhausted,,,,,,,,,
ppo_rollout,2617344,2428.6102307,1077.712663363689,,,,,,,,,,,,,,,,,,,-0.011782717438957964,2.019280863304933,0.1869870275259018,0.9916101694107056,0.029473187,0.19593098958333333
ppo_rollout,2623488,2432.331552800002,1078.5897987385586,,,,,,,,,,,,,,,,,,,-0.010506828684204569,1.34269083365798,0.18951248576243718,0.9974523186683655,0.04411107,0.27762044270833336
training_episode,2624814,2433.5785531,1078.5819905654557,25297131,1617.82470703125,68.7962875366211,14.678247451782227,3,4,12,2,0,0,0,20,0,0,LivesExhausted,,,,,,,,,
training_episode,2626530,2434.4398788,1078.9052639470754,27705898,27389.33203125,305.5569152832031,273.3932800292969,1,29,47,27,3,5,4,131,2,1,MaxDuration,,,,,,,,,
training_episode,2626728,2434.5440763000006,1078.940416635249,4770247,28554.666015625,305.4668273925781,285.046630859375,1,34,47,28,2,6,3,126,0,1,MaxDuration,,,,,,,,,
ppo_rollout,2629632,2436.0441038000026,1079.4681409495083,,,,,,,,,,,,,,,,,,,-0.014851499420668308,1.7010482276479404,0.19290355121095976,0.9971588850021362,0.03488628,0.241796875
training_episode,2630460,2437.0146316000028,1079.3780086059608,27915356,26254.666015625,300.2817687988281,261.046630859375,3,35,44,27,4,4,2,167,3,1,MaxDuration,,,,,,,,,
training_episode,2630910,2437.248112700003,1079.459241876469,22364719,754.326171875,36.47988510131836,6.0432610511779785,3,4,9,1,0,0,0,12,0,0,LivesExhausted,,,,,,,,,
training_episode,2634204,2438.941571200001,1080.060314320661,69178582,564.380126953125,27.4205322265625,4.143801689147949,3,3,8,1,0,0,0,25,0,0,LivesExhausted,,,,,,,,,
training_episode,2635470,2439.5738514000004,1080.2993311670316,33151806,27389.33203125,301.4228820800781,272.8932800292969,2,49,47,27,0,4,3,140,0,1,MaxDuration,,,,,,,,,
ppo_rollout,2635776,2439.7303928,1080.3554391823618,,,,,,,,,,,,,,,,,,,-0.0132262506793874,2.073809366921584,0.1992741561184327,0.9975755214691162,0.02820432,0.21209309895833334
training_episode,2639040,2441.900473900001,1080.7320069786235,6760098,583.0267944335938,29.71058464050293,4.330267906188965,3,4,3,1,0,0,0,0,1,0,LivesExhausted,,,,,,,,,
training_episode,2640792,2442.842319000003,1081.032524883157,69388040,1235.2420654296875,54.87679672241211,10.852420806884766,3,6,11,2,0,1,0,17,0,0,LivesExhausted,,,,,,,,,
training_episode,2641128,2443.0441286000023,1081.080758665424,49070614,28554.666015625,304.0054016113281,284.546630859375,2,44,40,28,2,2,6,163,4,1,MaxDuration,,,,,,,,,
ppo_rollout,2641920,2443.5203678,1081.1941798457883,,,,,,,,,,,,,,,,,,,-0.013930471955488126,4.1201224197944,0.2030522679289182,0.9930132627487183,0.018736625,0.14482421875
training_episode,2642994,2444.6675957000007,1081.1261230969976,13462754,665.0502319335938,32.950477600097656,5.1505022048950195,3,4,7,1,1,0,0,24,0,0,LivesExhausted,,,,,,,,,
ppo_rollout,2648064,2447.3174129,1082.0271968163383,,,,,,,,,,,,,,,,,,,-0.011113596061477438,2.149012374381224,0.20545253567397595,0.996551513671875,0.0423895,0.21481119791666667
training_episode,2650056,2448.857301400003,1082.1602379546462,53364503,1845.6793212890625,77.19808197021484,15.956792831420898,5,8,13,2,3,1,0,34,0,0,LivesExhausted,,,,,,,,,
ppo_rollout,2654208,2450.9428252,1082.9334624659853,,,,,,,,,,,,,,,,,,,-0.007406273575422044,2.825173253317674,0.20053959501286348,0.9942831993103027,0.021532102,0.19339192708333333
training_episode,2658786,2453.824160600001,1083.5275170450202,4246602,1717.498779296875,72.72712707519531,15.67498779296875,3,4,16,2,0,0,0,17,1,0,LivesExhausted,,,,,,,,,
ppo_rollout,2660352,2454.6397558000026,1083.8054723565547,,,,,,,,,,,,,,,,,,,-0.01006243836794359,1.6843505084514618,0.21001841214795908,0.9949454069137573,0.042292085,0.20636393229166666
training_episode,2661378,2455.6930728000007,1083.7584018451766,66350899,25150.666015625,304.6660461425781,250.5066375732422,2,52,44,26,4,1,2,115,3,1,MaxDuration,,,,,,,,,
training_episode,2663430,2456.723248100003,1084.139209436741,14195857,27389.33203125,305.8171691894531,273.3932800292969,1,39,45,27,1,4,2,124,2,1,MaxDuration,,,,,,,,,
training_episode,2665446,2457.729396300001,1084.5156525420198,43834164,1250.8026123046875,55.4966926574707,11.008026123046875,3,4,11,2,0,0,1,32,0,0,LivesExhausted,,,,,,,,,
ppo_rollout,2666496,2458.282807800002,1084.6986325329813,,,,,,,,,,,,,,,,,,,-0.015833354853869726,2.17771470695734,0.2170968381067117,0.9940022230148315,0.04000749,0.21067708333333332
training_episode,2666760,2458.977654000002,1084.4994852482696,10320884,26254.666015625,302.4438781738281,262.046630859375,1,32,47,27,5,2,3,153,3,1,MaxDuration,,,,,,,,,
training_episode,2667666,2459.4801998000003,1084.6462598954563,9797239,723.3042602539062,35.26008987426758,5.7330427169799805,3,4,11,1,0,1,0,15,0,0,LivesExhausted,,,,,,,,,
ppo_rollout,2672640,2461.979103900001,1085.5656718476175,,,,,,,,,,,,,,,,,,,-0.00983334205908856,3.670114835103353,0.21384157339731852,0.992274284362793,0.024999859,0.18429361979166667
training_episode,2674524,2463.4974033,1085.6613838591093,2466209,1498.405517578125,64.67540740966797,13.484054565429688,3,4,13,2,0,0,1,40,1,1,LivesExhausted,,,,,,,,,
training_episode,2676144,2464.3203598,1085.9562107489917,58182037,2177.80126953125,89.11062622070312,19.778013229370117,4,9,14,3,5,2,0,43,0,0,LivesExhausted,,,,,,,,,
training_episode,2677374,2464.9654013,1086.171026411964,65094151,26254.666015625,302.0134582519531,261.546630859375,2,34,41,27,2,4,4,207,0,1,MaxDuration,,,,,,,,,
ppo_rollout,2678784,2465.6885223000027,1086.4243296640004,,,,,,,,,,,,,,,,,,,-0.012188012071419507,1.8017101382215819,0.21886129043996333,0.9974822402000427,0.044420704,0.22801106770833332
training_episode,2679678,2466.704631700002,1086.3392258493554,18594475,29750.666015625,305.6670227050781,296.0066223144531,3,45,43,30,2,2,5,135,3,1,MaxDuration,,,,,,,,,
training_episode,2683470,2468.612208800001,1087.0358618636346,49489530,661.583984375,31.58062744140625,5.11583948135376,3,3,11,1,0,0,0,14,0,0,LivesExhausted,,,,,,,,,
ppo_rollout,2684928,2469.3524505000023,1087.3004375930002,,,,,,,,,,,,,,,,,,,-0.007359878219237241,5.099281364679337,0.22197898340721925,0.991158664226532,0.015363918,0.17018229166666668
training_episode,2687568,2471.2541253000018,1087.5320237143715,24668757,695.211669921875,34.14027786254883,5.452116966247559,3,3,8,1,0,0,0,11,0,0,LivesExhausted,,,,,,,,,
ppo_rollout,2691072,2473.021138100001,1088.1718552828568,,,,,,,,,,,,,,,,,,,-0.00915171007606356,3.669123709698518,0.2240904668966929,0.993059515953064,0.023311349,0.15109049479166667
ppo_rollout,2697216,2476.7844336000016,1088.999092294682,,,,,,,,,,,,,,,,,,,-0.007408027566270903,2.395161512494087,0.23060873672366142,0.9935702085494995,0.03651509,0.21432291666666667
training_episode,2698116,2477.7969359000017,1088.9173204260069,42891603,29750.666015625,306.0974426269531,296.5066223144531,2,42,46,30,4,3,4,156,4,1,MaxDuration,,,,,,,,,
training_episode,2700192,2478.833957900002,1089.299261612313,23830925,363.0821838378906,17.260299682617188,2.130821943283081,3,3,6,1,0,0,0,2,0,0,LivesExhausted,,,,,,,,,
ppo_rollout,2703360,2480.4525816000023,1089.8656237387986,,,,,,,,,,,,,,,,,,,-0.011956166646753748,2.516261943678061,0.23765205269058545,0.977576494216919,0.031621326,0.17903645833333334
training_episode,2703810,2481.2512054,1089.6961960625513,48861156,26254.666015625,301.1826477050781,261.046630859375,3,50,44,27,4,6,2,167,3,1,MaxDuration,,,,,,,,,
ppo_rollout,2709504,2484.123851100001,1090.7282254869046,,,,,,,,,,,,,,,,,,,-0.011602272287321587,1.5861069485545158,0.2465315711994966,0.9969950914382935,0.0420538,0.26272786458333336
training_episode,2710902,2485.389069300003,1090.7354641112636,38492985,27389.33203125,303.1045227050781,272.3932800292969,3,46,47,27,3,2,1,153,3,1,MaxDuration,,,,,,,,,
training_episode,2712642,2486.2429440000014,1091.0607133330886,10530342,27389.33203125,304.1355285644531,273.3932800292969,1,30,46,27,1,2,2,170,2,1,MaxDuration,,,,,,,,,
training_episode,2714142,2486.9982531000023,1091.3324915354751,29591020,27389.33203125,306.3576965332031,272.8932800292969,2,39,45,27,0,6,8,162,2,1,MaxDuration,,,,,,,,,
ppo_rollout,2715648,2487.764939200002,1091.6015244082018,,,,,,,,,,,,,,,,,,,-0.014193454043318827,2.8471749593814213,0.25005566055576006,0.9929757714271545,0.027232416,0.19225260416666667
ppo_rollout,2721792,2491.4004475,1092.47471747514,,,,,,,,,,,,,,,,,,,-0.013556470877180498,2.2709565753738086,0.25090287973483405,0.9952178597450256,0.042458776,0.21630859375
training_episode,2723634,2492.9173870000013,1092.5488402476285,67817105,26254.666015625,300.5119934082031,261.046630859375,3,33,49,27,4,4,4,166,0,1,MaxDuration,,,,,,,,,
ppo_rollout,2727936,2495.2579528000024,1093.24809362451,,,,,,,,,,,,,,,,,,,-0.011329856097775821,2.7665357242027917,0.2544153499106566,0.9941501021385193,0.032047454,0.19962565104166666
ppo_rollout,2734080,2499.0734532000024,1094.0374707670467,,,,,,,,,,,,,,,,,,,-0.012710873935914909,2.537929884592692,0.2608109521369139,0.9934182167053223,0.026567353,0.175341796875
training_episode,2736282,2500.7400608000025,1094.1888934768558,36188947,26254.666015625,300.7121887207031,261.546630859375,2,52,45,27,5,2,5,167,5,1,MaxDuration,,,,,,,,,
training_episode,2740140,2502.7080145,1094.870030432789,68759666,27389.33203125,302.7141418457031,272.8932800292969,2,27,47,27,1,3,3,178,0,1,MaxDuration,,,,,,,,,
ppo_rollout,2740224,2502.755550400001,1094.8827981070888,,,,,,,,,,,,,,,,,,,-0.011473287933040411,2.262647914389769,0.2685673549771309,0.9861953258514404,0.038273342,0.21780598958333333
training_episode,2745036,2505.7306210000024,1095.503234463605,23412009,863.1361694335938,40.7791633605957,7.131361961364746,3,3,6,1,1,0,0,16,1,0,LivesExhausted,,,,,,,,,
training_episode,2745900,2506.175999400002,1095.6532983547004,32942348,1935.2789306640625,80.12870788574219,17.3527889251709,4,6,15,2,1,2,0,48,0,0,LivesExhausted,,,,,,,,,
ppo_rollout,2746368,2506.4152399000013,1095.7354377200372,,,,,,,,,,,,,,,,,,,-0.014274105045478791,1.7967931374907493,0.28730681414405507,0.9959003925323486,0.039620437,0.2294921875
training_episode,2747418,2507.5287666000004,1095.6675897781502,48442240,27389.33203125,304.2756652832031,273.3932800292969,1,34,50,27,3,1,5,175,2,1,MaxDuration,,,,,,,,,
training_episode,2748672,2508.173878700003,1095.885745140065,39854462,25150.666015625,300.2016906738281,251.0066375732422,1,29,44,26,6,2,3,137,1,1,MaxDuration,,,,,,,,,
training_episode,2750370,2509.099685600002,1096.1581222877173,57553663,23034.666015625,301.8833312988281,229.8466339111328,1,34,43,23,4,3,1,153,0,1,MaxDuration,,,,,,,,,
ppo_rollout,2752512,2510.241112300002,1096.5129949122768,,,,,,,,,,,,,,,,,,,-0.010333409094406913,2.3132936134934425,0.3024244447549184,0.9955174922943115,0.035814747,0.21013997395833334
training_episode,2752794,2510.9762587000005,1096.304272277427,12939109,1299.495361328125,57.426368713378906,11.494954109191895,3,3,9,2,1,0,1,15,0,0,LivesExhausted,,,,,,,,,
training_episode,2754504,2511.8980115000013,1096.5827383871865,46661847,1888.3402099609375,78.88844299316406,17.38340187072754,3,5,13,2,0,2,0,14,0,0,LivesExhausted,,,,,,,,,
training_episode,2758260,2513.816913400002,1097.2398130098436,31999787,1525.400634765625,65.74563598632812,13.254006385803223,4,4,13,2,1,0,1,32,0,1,LivesExhausted,,,,,,,,,
ppo_rollout,2758656,2514.0159620000013,1097.3104553422872,,,,,,,,,,,,,,,,,,,-0.01571420192097624,2.8088712587952616,0.30984205529093745,0.9954482913017273,0.03391363,0.18357747395833332
training_episode,2760102,2515.3344055000016,1097.3101604163614,1523648,27389.33203125,303.8752746582031,272.8932800292969,2,35,42,27,0,2,3,139,2,1,MaxDuration,,,,,,,,,
training_episode,2762730,2516.6538435,1097.7791034454594,11577632,772.8907470703125,37.21976089477539,6.228907585144043,3,4,5,1,0,1,0,13,0,0,LivesExhausted,,,,,,,,,
ppo_rollout,2764800,2517.712816500003,1098.139542318208,,,,,,,,,,,,,,,,,,,0.0007842887445197751,8.22908987402916,0.3118463568389416,0.9801220893859863,0.012880673,0.20045572916666668
ppo_rollout,2770944,2521.3686098,1098.984095078346,,,,,,,,,,,,,,,,,,,-0.010887799978566667,2.90339097181956,0.31474380642175676,0.9939151406288147,0.03425278,0.18115234375
ppo_rollout,2777088,2525.0948709000004,1099.7955094693862,,,,,,,,,,,,,,,,,,,-0.013001823514544715,1.7978355536858242,0.3201410075028737,0.9940339922904968,0.034164574,0.230615234375
ppo_rollout,2783232,2528.741320600002,1100.6392695555014,,,,,,,,,,,,,,,,,,,-0.013520847488932002,2.377820464968681,0.3174632141987483,0.9745094776153564,0.031412613,0.21647135416666666
training_episode,2783538,2529.4652637,1100.4452363691892,31476142,26254.666015625,300.9724426269531,261.546630859375,2,38,46,27,5,5,4,152,2,1,MaxDuration,,,,,,,,,
training_episode,2784924,2530.1869649,1100.6791350338285,39016630,24077.33203125,302.0835266113281,239.27330017089844,3,34,47,24,2,5,1,143,4,1,MaxDuration,,,,,,,,,
training_episode,2788176,2531.825762800003,1101.2511370120878,71377891,571.4227294921875,27.10052490234375,4.214227199554443,3,5,7,1,0,1,1,16,0,0,LivesExhausted,,,,,,,,,
training_episode,2788896,2532.1791433,1101.3817910076616,24564028,23034.666015625,300.7922668457031,227.8466339111328,5,40,43,23,5,4,2,134,2,1,MaxDuration,,,,,,,,,
ppo_rollout,2789376,2532.422107800001,1101.4656645938157,,,,,,,,,,,,,,,,,,,-0.013963296875590458,1.7219010109702746,0.3181541572014491,0.9060423970222473,0.04379354,0.24690755208333334
training_episode,2790852,2533.736295900002,1101.4768997531642,36293676,1404.1962890625,60.945777893066406,12.041963577270508,4,6,13,2,1,0,1,31,1,1,LivesExhausted,,,,,,,,,
training_episode,2791242,2533.9367660000025,1101.543668118511,13253296,27389.33203125,306.1374816894531,272.8932800292969,2,31,46,27,4,1,5,168,2,1,MaxDuration,,,,,,,,,
training_episode,2794218,2535.475466900003,1102.0489200064508,64779964,952.8338623046875,44.32856750488281,8.028338432312012,3,5,5,1,0,0,0,24,0,0,LivesExhausted,,,,,,,,,
ppo_rollout,2795520,2536.129535600001,1102.2780819192787,,,,,,,,,,,,,,,,,,,-0.01602523699014758,2.407288070519765,0.32142427166303,0.9967657327651978,0.033909317,0.218994140625
training_episode,2796618,2537.2546801000026,1102.2220283735076,46976034,27389.33203125,304.2756652832031,273.3932800292969,1,48,46,27,5,5,7,139,2,1,MaxDuration,,,,,,,,,
training_episode,2798316,2538.1217572000023,1102.5144842093935,3408770,2045.0286865234375,84.46963500976562,18.950286865234375,3,4,15,3,0,0,0,51,1,0,LivesExhausted,,,,,,,,,
training_episode,2799228,2538.571562600002,1102.6783886025391,43624706,1643.2578125,69.79650115966797,14.932578086853027,3,4,15,2,0,0,0,53,0,0,LivesExhausted,,,,,,,,,
training_episode,2799492,2538.7054723,1102.7242153709678,55773270,24077.33203125,306.3076477050781,239.77330017089844,2,33,40,24,5,5,1,135,2,1,MaxDuration,,,,,,,,,
training_episode,2801340,2539.638811300003,1103.0466173124973,30114665,1348.0062255859375,59.3360481262207,11.980062484741211,3,3,13,2,0,0,1,38,0,0,LivesExhausted,,,,,,,,,
ppo_rollout,2801664,2539.8077236999998,1103.1008268289409,,,,,,,,,,,,,,,,,,,-0.009341768010441835,3.517174118757248,0.3214728313187758,0.9942755103111267,0.040154792,0.23504231770833334
training_episode,2805234,2542.1834135000026,1103.4742753426422,56401644,1041.0081787109375,47.8179817199707,8.41008186340332,4,5,11,2,1,0,0,24,0,0,LivesExhausted,,,,,,,,,
training_episode,2805672,2542.4090142000023,1103.5486360886887,35665302,743.8889770507812,36.06995391845703,5.938889980316162,3,3,5,1,0,0,0,26,0,0,LivesExhausted,,,,,,,,,
training_episode,2807238,2543.2182672000017,1103.8132417516313,4141873,2162.2294921875,88.50049591064453,20.122295379638672,3,3,19,3,0,0,0,50,0,0,LivesExhausted,,,,,,,,,
ppo_rollout,2807808,2543.5048809,1103.9129592731422,,,,,,,,,,,,,,,,,,,-0.012996095874890064,6.957813344399134,0.31732603112856544,0.9854382276535034,0.024450004,0.17923177083333333
training_episode,2813430,2546.868431400002,1104.6624809171906,19327578,1135.857177734375,51.55735397338867,9.858572006225586,3,5,7,2,0,1,0,21,0,0,LivesExhausted,,,,,,,,,
training_episode,2813568,2546.9408810000023,1104.6852406308356,52945587,1634.2845458984375,69.4364242553711,14.842845916748047,3,4,16,2,0,1,0,53,0,0,LivesExhausted,,,,,,,,,
ppo_rollout,2813952,2547.150221300002,1104.745207592754,,,,,,,,,,,,,,,,,,,-0.009776478169563537,3.546634707848231,0.31242629637320835,0.9909601807594299,0.041193146,0.19373372395833333
training_episode,2815404,2548.4423083,1104.7548499844531,52003026,1959.4150390625,81.07891082763672,17.59415054321289,4,5,18,2,1,0,0,40,0,0,LivesExhausted,,,,,,,,,
training_episode,2816412,2548.9644818000015,1104.9239878035237,61742823,460.0079040527344,24.850473403930664,3.10007905960083,3,4,4,1,0,0,0,5,0,0,LivesExhausted,,,,,,,,,
training_episode,2819790,2550.6531920000016,1105.516817748541,73367742,596.1568603515625,28.140548706054688,4.461568355560303,3,3,10,1,0,0,1,5,0,0,LivesExhausted,,,,,,,,,
ppo_rollout,2820096,2550.813123400003,1105.5674655778262,,,,,,,,,,,,,,,,,,,-0.010354132374050095,2.825338963170846,0.31011177177230514,0.9941907525062561,0.043579385,0.21300455729166667
training_episode,2822826,2552.8047263000008,1105.774355131097,15662063,1843.612548828125,77.10806274414062,16.436126708984375,4,4,11,2,1,0,0,36,0,0,LivesExhausted,,,,,,,,,
ppo_rollout,2826240,2554.578432000002,1106.343013233425,,,,,,,,,,,,,,,,,,,-0.01133404280602311,2.1510861828923225,0.3038619893292586,0.9968031644821167,0.045580093,0.22986653645833333
training_episode,2826522,2555.2857145000016,1106.147145879173,6550640,1265.4547119140625,56.076595306396484,10.654546737670898,4,4,8,2,1,0,0,36,1,0,LivesExhausted,,,,,,,,,
training_episode,2827692,2555.882717200002,1106.3465396791635,17756643,27389.33203125,303.7051086425781,272.3932800292969,3,38,45,27,5,3,3,204,3,1,MaxDuration,,,,,,,,,
ppo_rollout,2832384,2558.274643200002,1107.1461805434344,,,,,,,,,,,,,,,,,,,-0.005908422084758058,2.7559722885489464,0.29807869444290797,0.9945538640022278,0.050053325,0.2513509114583333
training_episode,2832756,2559.0244248000017,1106.9671600424024,52317213,898.5200805664062,42.17892837524414,7.485200881958008,3,4,11,1,0,1,0,40,1,0,LivesExhausted,,,,,,,,,
training_episode,2834730,2560.042360700001,1107.2980836242452,73786658,27389.33203125,303.4248352050781,272.8932800292969,2,36,47,27,4,5,4,108,2,1,MaxDuration,,,,,,,,,
training_episode,2835450,2560.416774000001,1107.4173661072878,59334056,23034.666015625,301.7932434082031,229.3466339111328,2,32,42,23,1,7,2,140,2,1,MaxDuration,,,,,,,,,
ppo_rollout,2838528,2561.9928669,1107.937510940304,,,,,,,,,,,,,,,,,,,-0.012186244401770333,2.833008443315824,0.2931580955783526,0.9945709705352783,0.032471057,0.20504557291666667
training_episode,2839092,2562.8572238000015,1107.7839115010938,1837835,750.7256469726562,36.339908599853516,6.007256031036377,3,3,10,1,0,0,1,9,1,0,LivesExhausted,,,,,,,,,
training_episode,2839686,2563.1812383000033,1107.875618613448,3827686,1306.9049072265625,57.7163200378418,11.569048881530762,3,3,14,2,0,0,0,23,0,0,LivesExhausted,,,,,,,,,
training_episode,2843274,2564.987368600003,1108.494347694152,11996548,721.5078125,34.84016036987305,5.7150774002075195,3,3,9,1,0,0,0,7,0,0,LivesExhausted,,,,,,,,,
ppo_rollout,2844672,2565.706721600003,1108.7284357372034,,,,,,,,,,,,,,,,,,,-0.008482419947783152,2.377952590584755,0.2953489139676094,0.9958847761154175,0.04183646,0.245263671875
ppo_rollout,2850816,2569.3969173000005,1109.5272905502366,,,,,,,,,,,,,,,,,,,-0.013333131968587016,2.0270200714468958,0.30704378684361777,0.9967100620269775,0.037067134,0.214599609375
training_episode,2851536,2570.340899300001,1109.3999246467963,32628161,25150.666015625,301.0825500488281,250.5066375732422,2,28,46,26,0,4,5,203,4,1,MaxDuration,,,,,,,,,
training_episode,2851914,2570.578880000001,1109.4442664992248,66560357,2562.51513671875,101.89335632324219,23.625150680541992,4,8,20,3,1,2,0,46,0,1,LivesExhausted,,,,,,,,,
ppo_rollout,2856960,2573.1516015000016,1110.2960269945052,,,,,,,,,,,,,,,,,,,-0.013603892840910703,3.836213144659996,0.3143180365363757,0.9917133450508118,0.025099007,0.19573567708333334
training_episode,2858976,2574.806755700003,1110.3652705861962,66979273,26254.666015625,301.2226867675781,261.546630859375,2,40,40,27,2,3,3,169,1,1,MaxDuration,,,,,,,,,
training_episode,2861052,2575.8977667,1110.700912507608,63627945,1898.3375244140625,79.26852416992188,17.483375549316406,3,5,15,2,1,1,0,47,0,0,LivesExhausted,,,,,,,,,
training_episode,2862762,2576.7925179000013,1110.9788545695772,12206006,26254.666015625,301.9834289550781,262.546630859375,0,42,43,27,3,3,3,127,1,1,MaxDuration,,,,,,,,,
ppo_rollout,2863104,2576.988591000001,1111.0270375271516,,,,,,,,,,,,,,,,,,,-0.011748841355438345,2.4778982053200402,0.3143147269884745,0.9934231042861938,0.04286833,0.217333984375
training_episode,2864058,2578.0259049000015,1110.9500469162638,26553879,463.9876403808594,25.01047706604004,3.139876127243042,3,4,6,1,0,0,0,15,0,0,LivesExhausted,,,,,,,,,
training_episode,2865396,2578.712577100003,1111.1730812677072,51688839,1199.685546875,53.47703170776367,10.496855735778809,3,4,12,2,0,1,0,25,2,0,LivesExhausted,,,,,,,,,
ppo_rollout,2869248,2580.676898700003,1111.819926564756,,,,,,,,,,,,,,,,,,,-0.007843695375292252,2.3711839869618414,0.31515950163205464,0.9949129223823547,0.043096617,0.23776041666666667
training_episode,2869560,2581.401575600001,1111.6286699147233,16499895,1279.97021484375,56.64649963378906,11.299701690673828,3,3,8,2,0,0,0,37,1,0,LivesExhausted,,,,,,,,,
training_episode,2871834,2582.5916733000013,1111.9969252941983,28857917,24077.33203125,303.1545715332031,239.77330017089844,2,29,47,24,1,3,1,126,2,1,MaxDuration,,,,,,,,,
training_episode,2875080,2584.2114303000017,1112.5560262947338,65827254,568.6416625976562,27.040523529052734,4.1864166259765625,3,3,9,1,0,0,1,9,0,0,LivesExhausted,,,,,,,,,
ppo_rollout,2875392,2584.3725502000016,1112.6073908258609,,,,,,,,,,,,,,,,,,,-0.010569728813910237,1.9841055661439895,0.317472126831611,0.9972143769264221,0.047311917,0.23982747395833334
training_episode,2877204,2585.8687296000026,1112.6643696430262,63313758,1472.770263671875,63.665321350097656,13.227702140808105,3,3,15,2,0,0,0,41,0,0,LivesExhausted,,,,,,,,,
training_episode,2879376,2586.986750600001,1113.0230950476205,35246386,26254.666015625,300.8323059082031,262.046630859375,1,31,47,27,1,0,4,118,1,1,MaxDuration,,,,,,,,,
ppo_rollout,2881536,2588.105360100002,1113.3766207603928,,,,,,,,,,,,,,,,,,,-0.008998016582336277,2.7101880143086117,0.3149133548140526,0.9946498870849609,0.03229514,0.22939453125
training_episode,2881836,2588.804311400003,1113.191903810423,64151590,1270.3067626953125,56.266563415527344,11.203067779541016,3,3,6,2,1,0,0,14,0,0,LivesExhausted,,,,,,,,,
ppo_rollout,2887680,2591.7552969000026,1114.1792604625725,,,,,,,,,,,,,,,,,,,-0.01451054701077131,1.9462778771917024,0.31104762852191925,0.9968682527542114,0.03929104,0.2508463541666667
training_episode,2887758,2592.371180600003,1113.9446471286685,48128053,1078.9642333984375,49.31772994995117,9.289641380310059,3,3,14,2,1,0,0,8,1,0,LivesExhausted,,,,,,,,,
training_episode,2888694,2592.843606100003,1114.1026759978774,67502918,28554.666015625,306.4477844238281,284.546630859375,2,38,44,28,4,3,5,190,1,1,MaxDuration,,,,,,,,,
ppo_rollout,2893824,2595.4157758,1114.9751138073514,,,,,,,,,,,,,,,,,,,-0.010220722458325327,5.777454439798991,0.3126855306327343,0.988193929195404,0.014375019,0.12109375
training_episode,2896440,2597.309025300001,1115.1695742732993,31371413,1494.24560546875,64.51537322998047,12.942455291748047,4,5,13,2,2,0,1,14,3,1,LivesExhausted,,,,,,,,,
ppo_rollout,2899968,2599.137621200003,1115.7423817601107,,,,,,,,,,,,,,,,,,,-0.015058423860076194,1.9124912922581037,0.32086080610752105,0.9947603344917297,0.03879256,0.23116861979166667
training_episode,2900268,2599.847590900001,1115.5530847852513,10949258,26254.666015625,301.7131652832031,261.546630859375,2,31,49,27,3,3,3,185,1,1,MaxDuration,,,,,,,,,
training_episode,2901564,2600.4998870000018,1115.7716308718293,10111426,27389.33203125,301.3828430175781,272.8932800292969,2,40,44,27,2,4,8,143,2,1,MaxDuration,,,,,,,,,
ppo_rollout,2906112,2602.787767900001,1116.5382117746499,,,,,,,,,,,,,,,,,,,-0.011494816542835906,4.032744291424751,0.3239780788620313,0.9865891337394714,0.026387664,0.192431640625
ppo_rollout,2912256,2606.4197432,1117.3396025708864,,,,,,,,,,,,,,,,,,,-0.012883397158778584,1.8229974612593651,0.32514299377799033,0.9974039196968079,0.03213459,0.230419921875
training_episode,2913594,2607.724541200001,1117.293622837651,69702227,27389.33203125,303.2146301269531,272.8932800292969,2,40,42,27,1,5,3,189,4,1,MaxDuration,,,,,,,,,
training_episode,2915550,2608.7312188000033,1117.6122626159743,48651698,26254.666015625,301.3928527832031,261.046630859375,3,42,36,27,4,4,2,170,0,1,MaxDuration,,,,,,,,,
ppo_rollout,2918400,2610.216929000002,1118.0679918117248,,,,,,,,,,,,,,,,,,,-0.009594552686515575,5.950709616144498,0.3302169720331828,0.9843512773513794,0.023675136,0.16292317708333334
training_episode,2919798,2611.4897912000015,1118.058362639943,36817321,1139.0673828125,51.68733215332031,9.890673637390137,3,5,12,2,0,1,1,17,0,0,LivesExhausted,,,,,,,,,
training_episode,2923896,2613.5589585000016,1118.7411672848236,51793568,26254.666015625,301.0925598144531,261.546630859375,2,47,42,27,4,1,4,144,0,1,MaxDuration,,,,,,,,,
ppo_rollout,2924544,2613.891637300003,1118.8466875470335,,,,,,,,,,,,,,,,,,,-0.013840165264749278,1.7796601424614589,0.3333945209781329,0.9953808188438416,0.043584928,0.2345703125
training_episode,2926920,2615.680343400003,1118.9899436241628,61428636,1348.4149169921875,59.346046447753906,11.984148979187012,3,4,14,2,0,1,1,19,0,0,LivesExhausted,,,,,,,,,
training_episode,2929716,2617.0822546000018,1119.4588916150751,64256319,488.1786193847656,23.280437469482422,2.881786346435547,4,5,9,1,1,0,0,4,0,0,LivesExhausted,,,,,,,,,
ppo_rollout,2930688,2617.571692900001,1119.6209096963064,,,,,,,,,,,,,,,,,,,-0.008442794054280967,2.5434911822279296,0.338252072284619,0.9940625429153442,0.035071384,0.22556966145833332
training_episode,2931012,2618.2838046000034,1119.4401442848066,59962430,1346.24658203125,59.276058197021484,11.9624662399292,3,3,10,2,0,0,1,33,2,0,LivesExhausted,,,,,,,,,
training_episode,2932500,2619.035563200003,1119.6869722597423,41949042,23034.666015625,300.4819641113281,229.3466339111328,2,40,42,23,1,6,2,152,3,1,MaxDuration,,,,,,,,,
training_episode,2934258,2619.9201589000004,1119.9799314617196,24459299,563.6348876953125,27.0305233001709,4.136349201202393,3,4,9,1,1,0,1,13,0,0,LivesExhausted,,,,,,,,,
training_episode,2935614,2620.5997530000022,1120.206928448107,8435762,540.1161499023438,25.92049789428711,3.9011616706848145,3,3,8,1,0,0,1,5,0,0,LivesExhausted,,,,,,,,,
training_episode,2936286,2620.9374018000017,1120.3190118098296,27077524,26254.666015625,300.1015930175781,261.546630859375,2,38,43,27,3,5,4,143,3,1,MaxDuration,,,,,,,,,
training_episode,2936352,2620.9760743000006,1120.3276629620623,63837403,1244.8668212890625,55.26673126220703,10.948668479919434,3,3,10,2,0,0,0,8,0,0,LivesExhausted,,,,,,,,,
ppo_rollout,2936832,2621.2256466,1120.4041146970212,,,,,,,,,,,,,,,,,,,-0.015006307458194593,3.3768304198980332,0.3440589224298795,0.9930650591850281,0.034307215,0.19332682291666667
training_episode,2937996,2622.367213200003,1120.3602551203514,72529910,25150.666015625,303.5849914550781,250.5066375732422,2,27,50,26,1,5,3,149,1,1,MaxDuration,,,,,,,,,
training_episode,2938116,2622.431148900003,1120.378699449331,5817537,643.9574584960938,32.1206169128418,4.939574718475342,3,3,11,1,0,0,1,1,1,0,LivesExhausted,,,,,,,,,
training_episode,2940918,2623.812234300003,1120.8568820415599,17966101,948.7578125,44.16859436035156,7.48757791519165,4,8,8,1,1,0,1,4,1,0,LivesExhausted,,,,,,,,,
ppo_rollout,2942976,2624.8646307000017,1121.1915333002007,,,,,,,,,,,,,,,,,,,-0.012930896479520015,2.485947208603223,0.34718944504857063,0.996853768825531,0.04277776,0.23204752604166667
training_episode,2943336,2625.5959672000026,1121.0163470577093,39749733,1332.9029541015625,58.74614715576172,11.829029083251953,3,4,9,2,0,0,1,14,0,0,LivesExhausted,,,,,,,,,
training_episode,2946510,2627.2504874000006,1121.5184901976922,14405315,1010.371826171875,46.59818649291992,8.603717803955078,3,3,12,2,0,0,1,13,0,0,LivesExhausted,,,,,,,,,
training_episode,2947692,2627.8597859,1121.7082493579323,68654937,1926.1104736328125,79.75862884521484,17.761104583740234,3,6,20,2,0,3,0,27,2,0,LivesExhausted,,,,,,,,,
training_episode,2948658,2628.3528258000006,1121.8653641382818,33570722,952.7268676757812,44.31856918334961,7.527268409729004,4,7,9,1,1,0,0,22,1,0,LivesExhausted,,,,,,,,,
ppo_rollout,2949120,2628.6019552,1121.9347966191456,,,,,,,,,,,,,,,,,,,-0.013959047054716697,3.4408718794584274,0.3501337518294652,0.9929355382919312,0.044185903,0.228759765625
training_episode,2951808,2630.580184800001,1122.1129152633762,15871521,27389.33203125,302.0935363769531,272.8932800292969,2,35,43,27,1,5,3,154,4,1,MaxDuration,,,,,,,,,
training_episode,2953278,2631.345564700001,1122.3451756465527,55877999,1008.9561157226562,46.548194885253906,8.589560508728027,3,6,9,2,0,0,0,26,0,0,LivesExhausted,,,,,,,,,
ppo_rollout,2955264,2632.3501099000023,1122.6713304151872,,,,,,,,,,,,,,,,,,,-0.007274890499441729,5.084235974152883,0.35137950877348584,0.9910691380500793,0.03540781,0.2078125
training_episode,2955498,2633.018480400002,1122.4752207401932,17861372,385.57586669921875,18.500328063964844,2.3557584285736084,3,3,6,1,1,0,0,14,0,0,LivesExhausted,,,,,,,,,
training_episode,2955570,2633.0591862,1122.4852124442534,71901536,1303.1033935546875,57.56634521484375,11.531033515930176,3,4,9,2,0,0,1,12,0,0,LivesExhausted,,,,,,,,,
training_episode,2956998,2633.7895183,1122.7161394083676,64989422,925.517578125,43.23875045776367,7.755175590515137,3,3,11,1,0,0,0,20,0,0,LivesExhausted,,,,,,,,,
ppo_rollout,2961408,2636.0097765000028,1123.443481280274,,,,,,,,,,,,,,,,,,,-0.011065198842940542,3.5622015674908956,0.3466979963084062,0.9924822449684143,0.028558604,0.18766276041666666
training_episode,2962890,2637.321346500001,1123.4467138151604,8331033,1073.333740234375,49.0977668762207,9.23333740234375,3,4,12,2,0,0,0,9,0,0,LivesExhausted,,,,,,,,,
training_episode,2966016,2638.9346471999997,1123.9444687071143,22993093,2140.562255859375,87.64031219482422,19.905622482299805,3,5,18,3,0,0,0,40,0,0,LivesExhausted,,,,,,,,,
training_episode,2967138,2639.5156822999998,1124.1221334265836,8645220,727.0181274414062,35.40006637573242,5.770181179046631,3,5,10,1,0,0,0,24,1,0,LivesExhausted,,,,,,,,,
training_episode,2967222,2639.5645822000006,1124.133131657232,71692078,2426.099609375,97.10233306884766,22.260995864868164,4,5,21,3,1,0,0,27,0,0,LivesExhausted,,,,,,,,,
ppo_rollout,2967552,2639.750189300001,1124.179103018428,,,,,,,,,,,,,,,,,,,-0.016717526871555796,1.513889299829801,0.3399548480908076,0.9977283477783203,0.046712726,0.267626953125
training_episode,2972436,2642.9545559,1124.6640595331019,67712376,930.3705444335938,43.438716888427734,7.803705215454102,3,3,6,1,0,0,1,39,1,0,LivesExhausted,,,,,,,,,
training_episode,2972916,2643.2264710000018,1124.7299588654876,67188731,26254.666015625,304.6760559082031,261.546630859375,2,28,42,27,2,3,2,164,0,1,MaxDuration,,,,,,,,,
ppo_rollout,2973696,2643.6464301000015,1124.8463357815642,,,,,,,,,,,,,,,,,,,-0.013565156515687704,2.9755448694030444,0.3397858053445816,0.9956284761428833,0.03273705,0.20909830729166667
training_episode,2974176,2644.4350295000004,1124.6924075734792,3722957,27389.33203125,301.4529113769531,273.8932800292969,0,30,49,27,4,2,4,160,1,1,MaxDuration,,,,,,,,,
training_episode,2974308,2644.504681800001,1124.7126996861718,19851223,1625.022705078125,69.07634735107422,14.750227928161621,3,4,14,2,0,0,0,30,0,0,LivesExhausted,,,,,,,,,
training_episode,2975670,2645.2099860000017,1124.9277054558943,52107755,259.3364562988281,12.43018913269043,1.0933644771575928,3,3,5,1,0,0,0,4,0,0,LivesExhausted,,,,,,,,,
ppo_rollout,2979840,2647.2883550000006,1125.6197287204852,,,,,,,,,,,,,,,,,,,-0.011257788121777896,3.6906377961238226,0.33686854839324953,0.994281530380249,0.028754057,0.1978515625
training_episode,2980308,2648.0976641000016,1125.452448527009,51165194,1420.4136962890625,61.59566879272461,12.704136848449707,3,3,11,2,0,0,1,19,0,1,LivesExhausted,,,,,,,,,
training_episode,2983296,2649.594781400003,1125.944246623129,72425181,27389.33203125,306.5278625488281,273.8932800292969,0,40,46,27,4,4,2,147,0,1,MaxDuration,,,,,,,,,
training_episode,2983764,2649.8394743000026,1126.016888546884,59229327,1583.2489013671875,67.4159927368164,14.332489013671875,3,3,17,2,0,0,0,29,2,0,LivesExhausted,,,,,,,,,
ppo_rollout,2985984,2650.9808729000033,1126.369499880067,,,,,,,,,,,,,,,,,,,-0.006672260611473272,2.1278082599242527,0.32782950599988303,0.995883047580719,0.037837718,0.25703125
training_episode,2988414,2652.764563500001,1126.5281665468083,45195641,811.4901123046875,38.74950408935547,6.614901542663574,3,4,10,1,0,0,0,30,1,0,LivesExhausted,,,,,,,,,
training_episode,2988528,2652.8256634000027,1126.5451933881488,44043622,933.5306396484375,43.55869674682617,7.3353071212768555,4,4,9,1,1,0,0,16,0,0,LivesExhausted,,,,,,,,,
ppo_rollout,2992128,2654.626825200001,1127.1369563496262,,,,,,,,,,,,,,,,,,,-0.010274257929995655,6.070829533537229,0.3220470202465852,0.9864183664321899,0.028213104,0.15719401041666667
ppo_rollout,2998272,2658.2105095000006,1127.9287284752943,,,,,,,,,,,,,,,,,,,-0.013654379026653866,1.6078771755099297,0.3249622310201327,0.9973235130310059,0.051955026,0.241650390625
validation,3000000,,,,,,,,,,,,,,,,,,11476.284734191895,1875.751220703125,12414.724415387152,,,,,,
training_episode,3003672,2817.847120800001,1065.945692308262,57344205,28554.666015625,304.3957824707031,284.546630859375,2,40,40,28,4,9,5,127,1,1,MaxDuration,,,,,,,,,
ppo_rollout,3004416,2818.226370100001,1066.066243604623,,,,,,,,,,,,,,,,,,,-0.010945460842534279,3.3113940477371218,0.3311771775285403,0.982693612575531,0.027017027,0.192626953125
training_episode,3008502,2820.8904554,1066.5079156976326,54516522,849.1448364257812,40.22925567626953,6.991448402404785,3,4,7,1,0,0,0,8,0,0,LivesExhausted,,,,,,,,,
training_episode,3008934,2821.116012300001,1066.5757759982635,53469232,27389.33203125,304.1355285644531,272.8932800292969,2,34,42,27,2,4,5,122,4,1,MaxDuration,,,,,,,,,
training_episode,3010506,2821.9182536000008,1066.8296277397167,59648243,26254.666015625,301.6230773925781,261.546630859375,2,40,48,27,1,5,5,115,1,1,MaxDuration,,,,,,,,,
ppo_rollout,3010560,2821.950702000002,1066.836496422962,,,,,,,,,,,,,,,,,,,-0.020083851834836727,1.7307990486423175,0.346504166473945,0.9820653200149536,0.053643215,0.260888671875
training_episode,3010608,2822.534135500002,1066.632981381705,72948826,356.2029724121094,17.540306091308594,2.0620293617248535,3,3,5,1,0,0,0,2,0,0,LivesExhausted,,,,,,,,,
ppo_rollout,3016704,2825.6687504,1067.607092860038,,,,,,,,,,,,,,,,,,,-0.0181925331048357,1.8271845315893491,0.3600287616252899,0.9972369074821472,0.04278885,0.23761393229166666
training_episode,3016950,2826.3532663000005,1067.4355665204976,57239476,30977.33203125,305.3066711425781,309.2732849121094,1,34,47,31,2,3,3,113,2,1,MaxDuration,,,,,,,,,
training_episode,3021540,2828.6459080000022,1068.1930854103912,39435546,804.9273071289062,38.2095947265625,6.549273490905762,3,3,12,1,0,0,0,17,0,0,LivesExhausted,,,,,,,,,
training_episode,3022578,2829.1745063000017,1068.360397447852,5503350,2528.7529296875,100.56307220458984,22.78752899169922,5,6,14,3,2,0,0,60,0,1,LivesExhausted,,,,,,,,,
ppo_rollout,3022848,2829.319781800001,1068.4009702419985,,,,,,,,,,,,,,,,,,,-0.004893186963939419,4.166687930623691,0.3640075427790483,0.9918259978294373,0.03446949,0.23107096354166667
training_episode,3024420,2830.6826913000004,1068.4419024765452,58810411,28554.666015625,300.0315246582031,285.046630859375,1,35,46,28,2,1,4,108,3,1,MaxDuration,,,,,,,,,
training_episode,3025146,2831.056540700003,1068.5572529229694,66665086,26254.666015625,305.1264953613281,261.546630859375,2,41,47,27,4,2,1,108,2,1,MaxDuration,,,,,,,,,
training_episode,3026880,2831.913016100003,1068.8463885689885,41111210,737.4393310546875,35.80999755859375,5.874392986297607,3,3,3,1,0,0,1,6,1,0,LivesExhausted,,,,,,,,,
training_episode,3027462,2832.2306000999997,1068.9320283076904,57134747,534.0625610351562,25.320484161376953,3.840625762939453,3,4,8,1,0,1,0,3,0,0,LivesExhausted,,,,,,,,,
training_episode,3028626,2832.8238493000026,1069.1190702691877,62475926,601.1387939453125,28.97056770324707,4.511387825012207,3,3,9,1,0,0,0,5,0,0,LivesExhausted,,,,,,,,,
ppo_rollout,3028992,2833.013937300002,1069.1765261440169,,,,,,,,,,,,,,,,,,,-0.01407385846056665,2.6657412792245547,0.36328819518287975,0.994509220123291,0.03358846,0.19923502604166668
training_episode,3033336,2835.763971200002,1069.6715350101554,1104732,2456.314208984375,98.3025894165039,22.563142776489258,4,6,18,3,1,1,0,47,1,0,LivesExhausted,,,,,,,,,
ppo_rollout,3035136,2836.729431800002,1069.942013494781,,,,,,,,,,,,,,,,,,,-0.011569996376056223,1.9634368618329365,0.3631137286623319,0.9973879456520081,0.05520815,0.26222330729166665
training_episode,3037302,2838.3939892000017,1070.0776606619224,2570938,2119.533935546875,86.81013488769531,19.19533920288086,4,5,15,3,1,1,0,57,0,0,LivesExhausted,,,,,,,,,
ppo_rollout,3041280,2840.470941300002,1070.6956919644083,,,,,,,,,,,,,,,,,,,-0.010445402469485998,3.643006440997124,0.36672464112440745,0.9940100908279419,0.032579508,0.21931966145833334
training_episode,3045048,2842.972127300003,1071.0790903503898,27496440,27389.33203125,300.9023742675781,273.3932800292969,1,35,46,27,2,2,4,112,1,1,MaxDuration,,,,,,,,,
training_episode,3047226,2844.0794349000025,1071.4278801805478,30638310,30977.33203125,305.1264953613281,309.2732849121094,1,51,39,31,2,4,4,131,2,1,MaxDuration,,,,,,,,,
ppo_rollout,3047424,2844.1864169,1071.4571948914365,,,,,,,,,,,,,,,,,,,-0.010316074148674186,3.4807123810052873,0.3700435454646746,0.9928704500198364,0.023260454,0.19246419270833334
training_episode,3049998,2846.063048600001,1071.6551066921431,50851007,874.4561767578125,41.229087829589844,7.244561672210693,3,3,12,1,0,0,0,23,0,0,LivesExhausted,,,,,,,,,
ppo_rollout,3053568,2847.8832905000017,1072.2237144289315,,,,,,,,,,,,,,,,,,,-0.011881712457397952,3.625645023584366,0.37941291158397994,0.989649772644043,0.02857802,0.179541015625
training_episode,3055116,2849.2385964000023,1072.2569895901743,38283527,909.67333984375,42.61885452270508,7.596733093261719,3,4,12,1,1,1,0,12,0,0,LivesExhausted,,,,,,,,,
training_episode,3058668,2851.0572662000013,1072.8188578536376,53155045,2365.236572265625,95.31195068359375,21.152366638183594,5,7,14,3,2,0,1,49,1,1,LivesExhausted,,,,,,,,,
ppo_rollout,3059712,2851.5885740000012,1072.9850820337867,,,,,,,,,,,,,,,,,,,-0.01964040461850042,1.4426280289888382,0.3892043175796668,0.9983046054840088,0.054401767,0.2735188802083333
training_episode,3063516,2854.101473300001,1073.373188955986,25820776,27389.33203125,300.4018859863281,273.8932800292969,0,37,44,27,2,3,6,150,0,1,MaxDuration,,,,,,,,,
training_episode,3065016,2854.869135500001,1073.609981587893,58496224,27389.33203125,303.1946105957031,273.3932800292969,1,37,39,27,1,1,5,198,1,1,MaxDuration,,,,,,,,,
ppo_rollout,3065856,2855.2954093000008,1073.7438900417033,,,,,,,,,,,,,,,,,,,-0.009648396520060488,2.503491306801637,0.3938860905667146,0.9962172508239746,0.053766932,0.25685221354166665
training_episode,3068628,2857.284953300001,1073.966387726191,56611102,2007.6717529296875,82.98931884765625,18.076717376708984,4,6,14,3,1,1,0,40,1,0,LivesExhausted,,,,,,,,,
training_episode,3069216,2857.580074900001,1074.0612404736917,66769815,716.23486328125,34.98013687133789,5.662348747253418,3,4,6,1,0,1,0,18,1,0,LivesExhausted,,,,,,,,,
training_episode,3069930,2857.950175500002,1074.1719804345125,10635071,27389.33203125,304.9062805175781,273.3932800292969,1,30,41,27,3,2,4,211,2,1,MaxDuration,,,,,,,,,
training_episode,3070146,2858.0641024000033,1074.2047378930042,53992877,1244.6300048828125,55.246734619140625,10.946300506591797,3,3,13,2,0,0,0,43,0,0,LivesExhausted,,,,,,,,,
ppo_rollout,3072000,2859.006213800003,1074.4992386417025,,,,,,,,,,,,,,,,,,,-0.003976129664806649,3.451793858408928,0.3959849754969279,0.99459308385849,0.040952597,0.21085611979166666
training_episode,3073452,2860.2896,1074.5247614087748,62057010,26254.666015625,301.2026672363281,262.046630859375,1,37,45,27,4,5,2,137,1,1,MaxDuration,,,,,,,,,
training_episode,3076422,2861.7746788000004,1075.0049690459928,18908662,1380.6346435546875,60.015933990478516,12.306346893310547,3,4,12,2,0,0,1,20,0,1,LivesExhausted,,,,,,,,,
training_episode,3076494,2861.8147885,1075.015061199164,44462538,1519.4305419921875,65.50558471679688,13.694305419921875,3,3,15,2,0,0,0,17,0,0,LivesExhausted,,,,,,,,,
training_episode,3077808,2862.4721360000003,1075.2272349804978,42367958,1477.41064453125,63.84529113769531,13.274106979370117,3,4,13,2,0,0,0,14,0,0,LivesExhausted,,,,,,,,,
ppo_rollout,3078144,2862.6451987,1075.279605519351,,,,,,,,,,,,,,,,,,,-0.011514375331656387,1.8872843270500501,0.3976551239689191,0.997880756855011,0.050245333,0.2657389322916667
training_episode,3081096,2864.678703900001,1075.5467954592486,44357809,1473.5965576171875,63.695316314697266,13.235965728759766,3,3,16,2,0,0,0,32,1,0,LivesExhausted,,,,,,,,,
training_episode,3083796,2866.039745600003,1075.9781000016837,48337511,1092.810791015625,49.85763931274414,9.428108215332031,3,3,6,2,0,0,0,11,0,0,LivesExhausted,,,,,,,,,
ppo_rollout,3084288,2866.288811000002,1076.056253704574,,,,,,,,,,,,,,,,,,,-0.01004259720017823,1.699370551109314,0.3969231908520063,0.9961710572242737,0.054976467,0.252880859375
training_episode,3084780,2867.090199500002,1075.9270847279104,56087457,1638.9761962890625,69.62646484375,14.889761924743652,3,3,14,2,0,0,0,54,1,0,LivesExhausted,,,,,,,,,
training_episode,3089172,2869.2910635000007,1076.6324961929047,59124598,963.5473022460938,44.75849533081055,8.135473251342773,3,3,7,1,0,0,0,13,0,0,LivesExhausted,,,,,,,,,
training_episode,3089196,2869.308036100003,1076.634492056444,1418919,770.76611328125,36.76983642578125,6.207661151885986,3,3,12,1,0,0,0,5,0,0,LivesExhausted,,,,,,,,,
ppo_rollout,3090432,2869.9295085000012,1076.8320235207611,,,,,,,,,,,,,,,,,,,-0.007727152396303912,3.111539101600647,0.39624224652846657,0.9913987517356873,0.03390112,0.21199544270833334
training_episode,3091704,2871.1533517000025,1076.816046126345,4456060,27389.33203125,304.8862609863281,272.8932800292969,2,33,43,27,4,4,8,152,3,1,MaxDuration,,,,,,,,,
training_episode,3094506,2872.5646293000027,1077.262446399363,13358025,487.49847412109375,23.320438385009766,3.3749845027923584,3,3,9,1,0,0,0,0,0,0,LivesExhausted,,,,,,,,,
ppo_rollout,3096576,2873.5888629,1077.5988311963888,,,,,,,,,,,,,,,,,,,-0.004452771943761036,5.928943388660749,0.39503466337919235,0.9885453581809998,0.020758854,0.13951822916666667
training_episode,3099126,2875.421919700002,1077.7986975641256,65408338,805.3246459960938,38.49954605102539,6.55324649810791,3,3,11,1,0,0,0,9,0,0,LivesExhausted,,,,,,,,,
training_episode,3100968,2876.356816200001,1078.0887762376908,57030018,2455.928955078125,98.28258514404297,23.059288024902344,3,6,18,3,0,3,0,59,1,0,LivesExhausted,,,,,,,,,
ppo_rollout,3102720,2877.2771826000026,1078.3528325888574,,,,,,,,,,,,,,,,,,,-0.008131656580371783,2.3059788316488268,0.4007514625787735,0.9958744049072266,0.05676134,0.224267578125
training_episode,3105114,2879.001820900001,1078.5383939178316,13043838,1093.8553466796875,49.89763259887695,8.938552856445312,4,4,13,2,2,0,1,32,0,0,LivesExhausted,,,,,,,,,
training_episode,3105330,2879.1151167000025,1078.5709755014177,16814082,750.9293212890625,36.34990692138672,6.009293079376221,3,4,8,1,0,1,1,14,0,0,LivesExhausted,,,,,,,,,
training_episode,3106704,2879.816193900002,1078.7855164439277,25925505,24077.33203125,306.4077453613281,239.77330017089844,2,25,47,24,3,5,4,156,0,1,MaxDuration,,,,,,,,,
ppo_rollout,3108864,2880.8990787000002,1079.1297838183448,,,,,,,,,,,,,,,,,,,-0.008807585564985251,2.6030957887570065,0.3999047646919886,0.9948393702507019,0.036854528,0.23141276041666667
training_episode,3110436,2882.2627483000033,1079.1646257214322,16395166,952.6697998046875,44.31856918334961,7.526698112487793,4,6,12,1,1,1,0,20,0,0,LivesExhausted,,,,,,,,,
training_episode,3110478,2882.2882725000018,1079.1696408985747,58077308,626.9306030273438,31.440624237060547,4.769306182861328,3,3,10,1,0,0,0,13,0,0,LivesExhausted,,,,,,,,,
training_episode,3112578,2883.364051200002,1079.4953203028954,5084434,23034.666015625,300.6721496582031,228.8466339111328,3,46,44,23,3,4,1,161,0,1,MaxDuration,,,,,,,,,
training_episode,3113742,2883.945864100002,1079.6811544767713,68026563,1649.8223876953125,70.05655670166016,13.998224258422852,5,6,15,2,3,1,0,26,0,0,LivesExhausted,,,,,,,,,
ppo_rollout,3115008,2884.570541600002,1079.8862274562994,,,,,,,,,,,,,,,,,,,-0.01396137154661119,1.9811074669162432,0.3994448098043601,0.9976816177368164,0.037471224,0.23684895833333333
training_episode,3116718,2885.985908800001,1079.949139909674,50432091,1155.362548828125,52.32722473144531,10.05362606048584,3,3,12,2,0,0,0,25,0,0,LivesExhausted,,,,,,,,,
training_episode,3116766,2886.0153083000005,1079.9547705226562,43310519,714.2247924804688,34.900150299072266,5.642248153686523,3,3,11,1,0,0,1,9,1,0,LivesExhausted,,,,,,,,,
training_episode,3117450,2886.3802779,1080.055190187246,47709137,27389.33203125,302.9343566894531,272.3932800292969,3,45,44,27,2,6,5,138,1,1,MaxDuration,,,,,,,,,
training_episode,3120504,2887.9185529000024,1080.5373984202008,40273378,2021.0850830078125,83.52943420410156,18.210851669311523,4,6,18,3,2,1,0,35,1,0,LivesExhausted,,,,,,,,,
ppo_rollout,3121152,2888.2615788000003,1080.6334242401824,,,,,,,,,,,,,,,,,,,-0.013794745372918745,1.5211461931467056,0.3934870960811774,0.9982402324676514,0.05634674,0.27423502604166666
training_episode,3121398,2888.9404466000015,1080.4646401325365,49698988,816.8892211914062,38.959468841552734,6.668891906738281,3,5,10,1,0,0,0,16,1,0,LivesExhausted,,,,,,,,,
training_episode,3124932,2890.793569900001,1080.994517401012,70854246,1598.982177734375,68.04612731933594,14.489821434020996,3,5,12,2,0,1,0,26,0,0,LivesExhausted,,,,,,,,,
training_episode,3125826,2891.2593699000026,1081.1295702288066,40587565,28554.666015625,305.2065734863281,284.546630859375,2,39,44,28,1,5,3,120,3,1,MaxDuration,,,,,,,,,
ppo_rollout,3127296,2892.036563400001,1081.3473244347292,,,,,,,,,,,,,,,,,,,-0.009670791334550207,2.8727020879586536,0.38887643193205196,0.9940745830535889,0.036949214,0.21663411458333334
training_episode,3127506,2892.709351900001,1081.1684201683722,20898513,1118.033935546875,50.85747146606445,9.680338859558105,3,3,11,2,0,0,0,17,0,0,LivesExhausted,,,,,,,,,
training_episode,3128136,2893.0370567000027,1081.2637165346812,70435330,2175.973388671875,89.04061126708984,20.259735107421875,3,4,18,3,1,1,0,50,1,0,LivesExhausted,,,,,,,,,
training_episode,3133020,2895.5005665999997,1082.03052561613,25087673,1582.2781982421875,67.37598419189453,14.322782516479492,3,3,14,2,0,0,0,36,1,0,LivesExhausted,,,,,,,,,
ppo_rollout,3133440,2895.7143307000006,1082.0956911321196,,,,,,,,,,,,,,,,,,,-0.012311251042410732,1.5667981336514154,0.3874504640698433,0.9974322319030762,0.048483577,0.25738932291666666
training_episode,3134694,2896.886373700003,1082.0907676804254,70121143,1228.9586181640625,54.636837005615234,10.789587020874023,3,3,14,2,0,0,0,19,0,0,LivesExhausted,,,,,,,,,
training_episode,3137508,2898.322649900001,1082.525439363437,65617796,777.169921875,37.389732360839844,6.27169942855835,3,3,6,1,0,0,1,9,1,0,LivesExhausted,,,,,,,,,
ppo_rollout,3139584,2899.3569007000006,1082.85530465118,,,,,,,,,,,,,,,,,,,-0.008208992541767657,2.2659663945436477,0.3835686499873797,0.9939097762107849,0.037195574,0.211865234375
training_episode,3145200,2902.8044958000028,1083.503902708816,41530126,1483.5657958984375,64.08528137207031,13.335658073425293,3,3,15,2,0,0,0,27,0,0,LivesExhausted,,,,,,,,,
ppo_rollout,3145728,2903.0790070000003,1083.5833239174394,,,,,,,,,,,,,,,,,,,-0.008823770160476366,5.078792961438497,0.38683468972643215,0.9924343228340149,0.020269774,0.15152994791666666
training_episode,3150372,2906.140816700001,1084.0396934300418,52840858,27389.33203125,305.2165832519531,272.3932800292969,3,41,42,27,6,1,5,185,2,1,MaxDuration,,,,,,,,,
ppo_rollout,3151872,2906.8971432,1084.273658382809,,,,,,,,,,,,,,,,,,,-0.010692819813266396,2.058643490076065,0.391689695417881,0.9952703714370728,0.036473006,0.20709635416666666
training_episode,3157200,2910.144142600002,1084.8947149330106,65513067,27389.33203125,305.7871398925781,272.8932800292969,2,42,38,27,3,4,3,186,2,1,MaxDuration,,,,,,,,,
ppo_rollout,3158016,2910.5740207000017,1085.0148381522652,,,,,,,,,,,,,,,,,,,-0.008621330425376073,2.300392560660839,0.4022147176166376,0.9924699068069458,0.044091154,0.21212565104166667
training_episode,3159186,2911.7363889000007,1084.9835211880156,43519977,1749.9522705078125,73.40727233886719,14.99952220916748,5,6,16,2,3,0,1,53,0,1,LivesExhausted,,,,,,,,,
training_episode,3162150,2913.253087600002,1085.4360760688473,63104300,505.75506591796875,24.66046905517578,3.5575504302978516,3,7,5,1,0,0,0,10,0,0,LivesExhausted,,,,,,,,,
training_episode,3162528,2913.447958500001,1085.4932180179526,72634639,24077.33203125,305.8371887207031,239.77330017089844,2,31,42,24,4,2,3,132,0,1,MaxDuration,,,,,,,,,
training_episode,3164064,2914.2586739,1085.7183092006376,19641765,27389.33203125,304.6059875488281,273.3932800292969,1,41,41,27,1,3,1,172,3,1,MaxDuration,,,,,,,,,
ppo_rollout,3164160,2914.312558200003,1085.731175641062,,,,,,,,,,,,,,,,,,,-0.018159818414521092,1.8621885870893797,0.4153432128330072,0.9971790313720703,0.046599478,0.2657877604166667
training_episode,3164586,2915.1011898000033,1085.5835849105167,45928744,1418.2916259765625,61.50568389892578,12.182916641235352,4,6,9,2,1,1,0,34,1,0,LivesExhausted,,,,,,,,,
training_episode,3168498,2917.1178317000013,1086.1741564116053,2047293,1088.92138671875,49.707664489746094,8.889213562011719,4,5,12,2,1,1,1,46,0,0,LivesExhausted,,,,,,,,,
training_episode,3169074,2917.4077916000024,1086.2636375773768,50955736,1306.20458984375,57.68632507324219,11.562045097351074,3,3,12,2,0,0,0,28,0,0,LivesExhausted,,,,,,,,,
ppo_rollout,3170304,2918.018024500001,1086.4579907943605,,,,,,,,,,,,,,,,,,,-0.009190127573674545,3.524157882730166,0.4225401389102141,0.9948128461837769,0.03308174,0.19798177083333332
training_episode,3171006,2918.9480030000013,1086.3523422619867,7283743,27389.33203125,302.5639953613281,273.3932800292969,1,37,48,27,4,4,3,144,4,1,MaxDuration,,,,,,,,,
training_episode,3171192,2919.048887300003,1086.3785165767533,43938893,399.16119384765625,22.440418243408203,2.491611957550049,3,3,7,1,0,0,0,1,0,0,LivesExhausted,,,,,,,,,
training_episode,3175086,2920.9801810000026,1086.9933389664436,67398189,2136.89306640625,87.50028228759766,19.36893081665039,4,5,19,3,1,1,0,51,0,0,LivesExhausted,,,,,,,,,
training_episode,3175164,2921.023275800002,1087.0040051736303,33675451,1115.3660888671875,50.74748992919922,9.153660774230957,4,5,10,2,1,0,0,23,0,0,LivesExhausted,,,,,,,,,
ppo_rollout,3176448,2921.691217200001,1087.1949716315828,,,,,,,,,,,,,,,,,,,-0.0074330654208703585,4.033550162116686,0.4244697856406371,0.9938472509384155,0.05214882,0.21930338541666666
training_episode,3181266,2924.6963128000025,1087.725240421412,12520193,1133.7994384765625,51.47736740112305,9.837994575500488,3,5,11,2,1,0,1,46,0,0,LivesExhausted,,,,,,,,,
training_episode,3181788,2924.9538555,1087.807930377109,9273594,29750.666015625,304.8762512207031,297.0066223144531,1,38,42,30,2,4,5,181,4,1,MaxDuration,,,,,,,,,
ppo_rollout,3182592,2925.3884627000007,1087.9211566530253,,,,,,,,,,,,,,,,,,,-0.013584006333258004,2.897301444907983,0.42881994843482973,0.9956390857696533,0.04609846,0.22490234375
training_episode,3187014,2928.1438930000004,1088.4075771067305,39226088,2466.984375,98.7226791381836,23.169843673706055,3,4,17,3,1,1,0,50,0,0,LivesExhausted,,,,,,,,,
training_episode,3188244,2928.758787300001,1088.5990385501211,53050316,1207.87548828125,53.79697799682617,10.578754425048828,3,6,8,2,0,1,1,15,0,0,LivesExhausted,,,,,,,,,
ppo_rollout,3188736,2929.0097047000017,1088.6737571689268,,,,,,,,,,,,,,,,,,,-0.006523143919184804,3.139889700214068,0.4301292536159356,0.9942556023597717,0.051775683,0.22088216145833334
ppo_rollout,3194880,2932.6633329000033,1089.412468236066,,,,,,,,,,,,,,,,,,,-0.01161175558809191,5.043444194396337,0.4202927159766356,0.9905387163162231,0.027536126,0.18606770833333333
training_episode,3196044,2933.834518200001,1089.3743257069839,43415248,1796.0906982421875,75.2276611328125,15.960906982421875,4,4,16,2,2,0,0,30,0,0,LivesExhausted,,,,,,,,,
training_episode,3200166,2935.9739042,1089.9844836570464,48965885,29750.666015625,300.8022766113281,297.5066223144531,0,37,39,30,2,2,8,151,7,1,MaxDuration,,,,,,,,,
ppo_rollout,3201024,2936.4009191000005,1090.1181712547298,,,,,,,,,,,,,,,,,,,-0.014514025175352193,1.7342669268449147,0.4133096421758334,0.997086763381958,0.04983306,0.26388346354166664
training_episode,3202338,2937.6265398000032,1090.1106579116142,42786874,1157.6763916015625,52.427207946777344,10.076764106750488,3,3,11,2,0,0,1,25,2,0,LivesExhausted,,,,,,,,,
ppo_rollout,3207168,2940.0638449,1090.849780545866,,,,,,,,,,,,,,,,,,,-0.00811684930328435,2.321051785349846,0.4118004754185677,0.9942285418510437,0.046072576,0.259228515625
training_episode,3207636,2940.873885600002,1090.7084508812839,25716047,27389.33203125,305.2366027832031,273.3932800292969,1,32,45,27,1,4,7,111,3,1,MaxDuration,,,,,,,,,
training_episode,3207780,2940.954954800003,1090.7273485316412,55668541,29750.666015625,304.8662414550781,297.0066223144531,1,33,47,30,2,1,7,145,1,1,MaxDuration,,,,,,,,,
training_episode,3209994,2942.089639200003,1091.0592108515239,47604408,1475.8009033203125,63.77530288696289,13.25800895690918,3,4,15,2,1,1,0,12,0,0,LivesExhausted,,,,,,,,,
training_episode,3212196,2943.174915900003,1091.4050614683674,4037144,792.01708984375,37.97963333129883,6.420170783996582,3,4,12,1,1,1,0,3,0,0,LivesExhausted,,,,,,,,,
ppo_rollout,3213312,2943.753085700002,1091.569811207824,,,,,,,,,,,,,,,,,,,-0.013294567643121506,2.85990722378095,0.42000802531838416,0.9953144788742065,0.057814855,0.24601236979166666
training_episode,3216228,2945.7803017000006,1091.80850932567,9692510,1145.0947265625,51.92729187011719,9.950947761535645,3,6,11,2,0,1,1,27,0,0,LivesExhausted,,,,,,,,,
training_episode,3217302,2946.3162894000016,1091.974412786206,70958975,28554.666015625,300.2517395019531,283.546630859375,4,38,45,28,5,1,4,113,6,1,MaxDuration,,,,,,,,,
training_episode,3218154,2946.7405891000017,1092.1063129560698,55040167,1086.6568603515625,49.60768127441406,9.366568565368652,3,5,9,2,0,1,1,15,0,0,LivesExhausted,,,,,,,,,
ppo_rollout,3219456,2947.3887716000027,1092.3078865677785,,,,,,,,,,,,,,,,,,,-0.0022250506134393316,3.345927268266678,0.4271383136510849,0.9949750304222107,0.045132488,0.2619140625
training_episode,3220842,2948.6502462000026,1092.310627260991,66246170,803.6071166992188,38.42955780029297,6.536070823669434,3,4,11,1,0,1,0,7,0,0,LivesExhausted,,,,,,,,,
training_episode,3224406,2950.475259900002,1092.8429205365653,42263229,1148.781494140625,52.077266693115234,9.487814903259277,4,5,12,2,1,0,0,4,0,0,LivesExhausted,,,,,,,,,
training_episode,3224754,2950.662995800001,1092.8913280134473,56506373,27389.33203125,304.2256164550781,273.3932800292969,1,44,38,27,2,5,4,157,2,1,MaxDuration,,,,,,,,,
ppo_rollout,3225600,2951.086073900002,1093.0213213798995,,,,,,,,,,,,,,,,,,,-0.012195940777504195,2.797552419702212,0.42024104396502177,0.9965187907218933,0.03922823,0.22644856770833333
training_episode,3226092,2951.8946824000013,1092.8885841472725,52736129,1745.03857421875,73.20722961425781,15.450387001037598,4,4,16,2,1,0,0,45,0,0,LivesExhausted,,,,,,,,,
training_episode,3228060,2952.8891731000003,1093.1869808751135,21317429,528.1903076171875,27.54053497314453,3.7819032669067383,3,3,7,1,0,0,0,3,0,0,LivesExhausted,,,,,,,,,
training_episode,3230712,2954.2246763000003,1093.590486166504,26344421,804.7621459960938,38.479549407958984,6.547621726989746,3,5,12,1,0,0,1,15,0,0,LivesExhausted,,,,,,,,,
ppo_rollout,3231744,2954.7877522000017,1093.7313509553398,,,,,,,,,,,,,,,,,,,-0.016741398508505274,1.8778952981034915,0.40579496150215466,0.9981674551963806,0.042634938,0.2505696614583333
training_episode,3232812,2955.9445250999997,1093.664638341152,16918811,1649.0146484375,70.01654815673828,14.49014663696289,4,5,13,2,1,1,0,26,0,0,LivesExhausted,,,,,,,,,
training_episode,3234786,2957.0018057000016,1093.9411649206752,62580655,1264.2510986328125,56.02660369873047,11.142510414123535,3,6,12,2,0,1,0,29,0,0,LivesExhausted,,,,,,,,,
training_episode,3235716,2957.489459800003,1094.075243202663,42577416,478.4010009765625,24.200458526611328,3.2840096950531006,3,3,6,1,0,0,1,10,0,0,LivesExhausted,,,,,,,,,
training_episode,3236334,2957.8212303,1094.1614614321202,23516738,26254.666015625,301.3728332519531,261.546630859375,2,41,42,27,1,2,3,171,5,1,MaxDuration,,,,,,,,,
ppo_rollout,3237888,2958.6149289000023,1094.3931798531924,,,,,,,,,,,,,,,,,,,-0.008313330231855313,2.905179025729497,0.39442731961607935,0.9960761070251465,0.037245255,0.21778971354166668
training_episode,3239334,2959.9475764000017,1094.3889769628279,29067375,789.41796875,37.869651794433594,6.3941802978515625,3,5,8,1,0,0,0,24,0,0,LivesExhausted,,,,,,,,,
training_episode,3240420,2960.5011750000012,1094.5511615951305,19118120,822.8668823242188,39.189430236816406,6.728669166564941,3,3,9,1,0,0,1,10,0,0,LivesExhausted,,,,,,,,,
training_episode,3242184,2961.374675500003,1094.823977128995,24145112,1064.83642578125,48.747825622558594,9.148364067077637,3,5,9,2,1,1,0,22,1,0,LivesExhausted,,,,,,,,,
ppo_rollout,3244032,2962.3213821000027,1095.0979254318083,,,,,,,,,,,,,,,,,,,-0.014257342575971658,2.3488332256674767,0.3933812859157721,0.9974905848503113,0.05286784,0.246337890625
training_episode,3244152,2962.9386540000014,1094.910282945061,16080979,28554.666015625,303.0444641113281,285.046630859375,1,33,47,28,3,3,5,142,2,1,MaxDuration,,,,,,,,,
training_episode,3245970,2963.8498897000027,1095.1870441483638,73681929,628.3858642578125,31.5106258392334,4.783858299255371,3,4,6,1,0,1,0,5,0,0,LivesExhausted,,,,,,,,,
training_episode,3249642,2965.7259188000025,1095.7324071655537,50746278,1836.7767333984375,76.83800506591797,16.367767333984375,4,4,19,2,2,0,0,63,0,0,LivesExhausted,,,,,,,,,
ppo_rollout,3250176,2966.0115928000014,1095.8069104954977,,,,,,,,,,,,,,,,,,,-0.011180463476921431,2.192485948900382,0.39909527003765105,0.9968878626823425,0.046774805,0.23605143229166667
ppo_rollout,3256320,2969.8363866,1096.464443190414,,,,,,,,,,,,,,,,,,,-0.009894109356294697,3.870067813495795,0.39513275027275085,0.9934204816818237,0.036888976,0.19524739583333334
training_episode,3257268,2970.9000957000026,1096.3909573110448,27810627,27389.33203125,303.4949035644531,273.3932800292969,1,48,47,27,1,2,2,142,1,1,MaxDuration,,,,,,,,,
training_episode,3257394,2970.9757942000033,1096.4054323024602,34932199,1495.3389892578125,64.55538177490234,12.953390121459961,4,5,8,2,1,0,0,22,0,0,LivesExhausted,,,,,,,,,
ppo_rollout,3262464,2973.598273900003,1097.143494007056,,,,,,,,,,,,,,,,,,,-0.012635484439670108,3.715980344514052,0.395651026815176,0.989607036113739,0.030683026,0.2041015625
training_episode,3263550,2974.703628500003,1097.1008905669194,66874544,1154.7235107421875,52.307228088378906,9.547234535217285,4,6,8,2,1,1,0,16,1,0,LivesExhausted,,,,,,,,,
training_episode,3266220,2976.0811262000025,1097.4902435440192,7597930,1752.7127685546875,73.51729583740234,16.027128219604492,3,4,14,2,0,1,0,50,0,0,LivesExhausted,,,,,,,,,
training_episode,3267150,2976.5654117000013,1097.6241231446809,11472903,27389.33203125,303.6150207519531,272.8932800292969,2,40,42,27,2,0,4,147,1,1,MaxDuration,,,,,,,,,
ppo_rollout,3268608,2977.300521500001,1097.8428198283573,,,,,,,,,,,,,,,,,,,-0.01703883607357663,1.5348918279012045,0.41298209751645726,0.9978808760643005,0.051403213,0.26803385416666664
training_episode,3271854,2979.4791589000015,1098.1295137529812,3618228,1018.1563110351562,46.90813446044922,8.681562423706055,3,4,10,2,0,0,1,5,0,0,LivesExhausted,,,,,,,,,
training_episode,3273684,2980.4262602000017,1098.39456312545,28753188,1223.3714599609375,54.40687561035156,10.733715057373047,3,4,13,2,0,0,1,32,0,0,LivesExhausted,,,,,,,,,
ppo_rollout,3274752,2980.9915992000024,1098.5445248751566,,,,,,,,,,,,,,,,,,,-0.014995391172124072,1.7678389777739842,0.4342670202255249,0.997894287109375,0.066034414,0.26617838541666666
training_episode,3275310,2981.8441319000012,1098.4175748693494,73996116,582.10888671875,28.790563583374023,4.321088790893555,3,4,9,1,0,0,1,19,0,0,LivesExhausted,,,,,,,,,
training_episode,3276084,2982.228556000002,1098.5355208301473,34199096,26254.666015625,306.2175598144531,261.546630859375,2,29,46,27,1,3,3,149,0,1,MaxDuration,,,,,,,,,
training_episode,3280572,2984.4649037000017,1099.216142878041,69911685,940.3712158203125,43.83864974975586,7.903712272644043,3,4,12,1,0,0,1,16,0,0,LivesExhausted,,,,,,,,,
training_episode,3280668,2984.5167879,1099.229199614716,9901968,27389.33203125,304.2556457519531,272.8932800292969,2,57,43,27,2,4,5,172,4,1,MaxDuration,,,,,,,,,
ppo_rollout,3280896,2984.6363482000015,1099.2615572676614,,,,,,,,,,,,,,,,,,,-0.012944762583356351,6.376168131828308,0.44090571279327073,0.9913421869277954,0.02020975,0.17864583333333334
training_episode,3282642,2986.0719817000027,1099.317772685157,61533365,29750.666015625,305.5569152832031,297.0066223144531,1,42,43,30,3,3,4,170,1,1,MaxDuration,,,,,,,,,
training_episode,3283320,2986.4126421,1099.4194016307201,30009936,410.6726989746094,22.900428771972656,2.606727123260498,3,3,3,1,0,0,0,5,0,0,LivesExhausted,,,,,,,,,
ppo_rollout,3287040,2988.282359300003,1099.9763759840887,,,,,,,,,,,,,,,,,,,-0.015704271987002964,2.183751751482487,0.4408047263820966,0.9973041415214539,0.042140543,0.2138671875
training_episode,3287418,2989.033413500001,1099.8264472897297,26972795,837.6151733398438,39.76933288574219,6.8761515617370605,3,5,9,1,0,1,0,9,0,0,LivesExhausted,,,,,,,,,
training_episode,3287592,2989.153041200003,1099.840642043603,64675235,2379.863525390625,95.89207458496094,22.298635482788086,3,5,20,3,0,2,0,39,1,0,LivesExhausted,,,,,,,,,
training_episode,3292656,2991.7083945000013,1100.5938968026646,54830709,899.0354614257812,42.19892501831055,7.490354537963867,3,3,12,1,0,0,0,15,0,0,LivesExhausted,,,,,,,,,
ppo_rollout,3293184,2991.9803163000033,1100.6703426687234,,,,,,,,,,,,,,,,,,,-0.009072573172549407,5.871090805530548,0.44812825297315917,0.9906968474388123,0.015564997,0.16363932291666666
training_episode,3293436,2992.6800122000022,1100.4972087139058,31266684,1098.9991455078125,50.10759735107422,9.489992141723633,3,3,10,2,0,0,0,26,0,0,LivesExhausted,,,,,,,,,
training_episode,3296400,2994.193326800003,1100.9309153470647,18070830,620.489990234375,31.19061851501465,4.704899787902832,3,3,4,1,0,0,0,21,0,0,LivesExhausted,,,,,,,,,
training_episode,3296592,2994.296410500003,1100.9571358533333,29381562,543.4622192382812,26.26050567626953,3.934621810913086,3,3,9,1,0,0,0,14,0,0,LivesExhausted,,,,,,,,,
ppo_rollout,3299328,2995.6748812000005,1101.3638431545558,,,,,,,,,,,,,,,,,,,-0.008926339600778495,2.8391640534003577,0.45211066703001657,0.9946321845054626,0.04450248,0.23260091145833334
training_episode,3299916,2996.5441389000007,1101.2405781585996,35351115,27389.33203125,303.0144348144531,272.8932800292969,2,33,47,27,3,3,3,124,4,1,MaxDuration,,,,,,,,,
training_episode,3303804,2998.495846400001,1101.8204357249826,65303609,1422.045166015625,61.65565872192383,12.720452308654785,3,6,12,2,0,1,0,23,0,0,LivesExhausted,,,,,,,,,
training_episode,3305136,2999.172274800003,1102.0160554866425,28334272,931.2347412109375,43.468711853027344,7.812347412109375,3,3,10,1,0,0,1,11,1,0,LivesExhausted,,,,,,,,,
ppo_rollout,3305472,2999.350359600001,1102.0626481398538,,,,,,,,,,,,,,,,,,,-0.012999535844816517,1.4559022928277652,0.4573693163692951,0.9980347752571106,0.04666175,0.26259765625
training_episode,3305754,3000.060040200002,1101.8959473156474,73053555,1823.7344970703125,76.3178939819336,16.73734474182129,3,5,18,2,0,0,0,46,0,0,LivesExhausted,,,,,,,,,
training_episode,3308268,3001.334928700002,1102.265518041648,35141657,437.4841003417969,20.930383682250977,2.8748409748077393,3,4,8,1,0,0,0,11,0,0,LivesExhausted,,,,,,,,,
training_episode,3310056,3002.234149900003,1102.530926879987,3304041,24077.33203125,303.0644836425781,240.27330017089844,1,31,45,24,1,3,3,150,3,1,MaxDuration,,,,,,,,,
training_episode,3310548,3002.4844384000025,1102.602883685273,36712592,1267.6605224609375,56.16658020019531,10.676605224609375,4,8,10,2,1,1,0,12,0,0,LivesExhausted,,,,,,,,,
ppo_rollout,3311616,3003.0394000000015,1102.7547623917283,,,,,,,,,,,,,,,,,,,-0.010682575051517536,2.4577588761846223,0.45760657638311386,0.9975194931030273,0.034888368,0.25174153645833336
training_episode,3312756,3004.175417100003,1102.7172318711923,12415464,1467.4503173828125,63.45535659790039,13.174503326416016,3,5,8,2,0,0,0,34,1,0,LivesExhausted,,,,,,,,,
training_episode,3315870,3005.738110000002,1103.1799440437603,10739800,1464.7508544921875,63.345375061035156,13.14750862121582,3,5,14,2,0,1,1,31,0,1,LivesExhausted,,,,,,,,,
training_episode,3316938,3006.2970644000015,1103.3300864636929,71063704,29750.666015625,302.1936340332031,296.5066223144531,2,29,40,30,1,2,6,147,1,1,MaxDuration,,,,,,,,,
ppo_rollout,3317760,3006.7286267000018,1103.4451099237936,,,,,,,,,,,,,,,,,,,-0.016274904587771744,1.7240460857748985,0.4449480342368285,0.9984107613563538,0.05045131,0.2672526041666667
training_episode,3319248,3008.0292660000014,1103.4626682385472,22155261,1214.93017578125,54.07693099975586,10.649301528930664,3,4,14,2,0,1,0,38,0,0,LivesExhausted,,,,,,,,,
training_episode,3319770,3008.294657600003,1103.5388410550481,5922266,1955.850341796875,80.93888092041016,18.058504104614258,3,6,15,2,0,4,0,46,0,0,LivesExhausted,,,,,,,,,
training_episode,3319950,3008.391142800003,1103.5632809735039,36922050,26254.666015625,305.2165832519531,261.046630859375,3,53,37,27,5,4,4,194,1,1,MaxDuration,,,,,,,,,
training_episode,3320322,3008.577953600001,1103.6184041789486,29486291,544.3169555664062,28.18054962158203,3.943169593811035,3,6,5,1,0,0,0,12,0,0,LivesExhausted,,,,,,,,,
training_episode,3321870,3009.351051400001,1103.8492828726678,47499679,1096.320556640625,49.997615814208984,8.963205337524414,4,6,10,2,1,1,1,16,0,0,LivesExhausted,,,,,,,,,
ppo_rollout,3323904,3010.352158200003,1104.1578610482172,,,,,,,,,,,,,,,,,,,-0.010989891224501966,4.351218425234159,0.44331550374627116,0.9930582046508789,0.02520016,0.18644205729166666
training_episode,3325626,3011.7715234000025,1104.2092582925034,25506589,1190.871337890625,53.12709045410156,10.408713340759277,3,4,12,2,0,0,1,12,0,0,LivesExhausted,,,,,,,,,
training_episode,3325680,3011.803204300002,1104.2155726681844,62266468,1076.3560791015625,49.20774841308594,9.26356029510498,3,5,13,2,0,1,0,18,0,0,LivesExhausted,,,,,,,,,
training_episode,3328908,3013.4101524,1104.6979440713455,28962646,1330.5225830078125,58.64616394042969,11.805225372314453,3,4,16,2,0,1,1,37,0,0,LivesExhausted,,,,,,,,,
ppo_rollout,3330048,3013.972639900003,1104.8700163749609,,,,,,,,,,,,,,,,,,,-0.0095023369503906,4.5179312318563465,0.4502121336758137,0.9899182915687561,0.040754717,0.19744466145833334
training_episode,3333438,3016.2178735000016,1105.1714895290033,33256535,786.6017456054688,37.749671936035156,6.366017818450928,3,3,10,1,0,0,0,3,0,0,LivesExhausted,,,,,,,,,
ppo_rollout,3336192,3017.615872100003,1105.5721276009513,,,,,,,,,,,,,,,,,,,-0.011447255567569906,4.442402777075768,0.45530277440945305,0.9907237887382507,0.020662218,0.16199544270833333
training_episode,3336318,3018.2418497,1105.384580209043,28229543,2165.243896484375,88.61051940917969,19.65243911743164,4,6,18,3,1,1,0,33,1,0,LivesExhausted,,,,,,,,,
training_episode,3337188,3018.6673676000028,1105.5169694477593,15766792,621.4215087890625,31.230619430541992,4.71421480178833,3,3,10,1,1,0,0,10,0,0,LivesExhausted,,,,,,,,,
training_episode,3339444,3019.817399800002,1105.843022237426,19746494,546.867431640625,26.050500869750977,3.9686741828918457,3,4,10,1,0,0,1,10,0,0,LivesExhausted,,,,,,,,,
training_episode,3339600,3019.9031415000027,1105.863282204873,2989854,416.1048278808594,20.070363998413086,2.66104793548584,3,4,5,1,0,0,0,7,0,0,LivesExhausted,,,,,,,,,
ppo_rollout,3342336,3021.370425000001,1106.2317855315603,,,,,,,,,,,,,,,,,,,-0.012880900032663097,2.639779678483804,0.4627094636360804,0.9964627623558044,0.035267808,0.22770182291666666
training_episode,3345390,3023.5711205000007,1106.4366825433829,17023540,1051.7587890625,48.237911224365234,9.017587661743164,3,4,9,2,1,0,0,20,0,0,LivesExhausted,,,,,,,,,
training_episode,3346026,3023.9055467,1106.5246411719213,38911901,1233.9683837890625,54.826805114746094,10.33968448638916,4,4,12,2,1,0,1,30,0,0,LivesExhausted,,,,,,,,,
training_episode,3346890,3024.3596561000013,1106.6441761479887,70540059,27389.33203125,302.8042297363281,272.8932800292969,2,38,38,27,1,4,3,118,1,1,MaxDuration,,,,,,,,,
ppo_rollout,3348480,3025.1653756000014,1106.8750247532744,,,,,,,,,,,,,,,,,,,-0.007852907785369704,2.8074276645978293,0.46652798851331073,0.9956812262535095,0.04357684,0.23494466145833334
training_episode,3351162,3027.054078600002,1107.0704100370406,34513283,914.0531005859375,42.798824310302734,7.640531539916992,3,4,10,1,0,0,0,12,0,0,LivesExhausted,,,,,,,,,
training_episode,3351510,3027.2427921000017,1107.1163531204757,31685600,1121.474853515625,50.987449645996094,9.714747428894043,3,3,13,2,0,0,1,9,1,0,LivesExhausted,,,,,,,,,
training_episode,3353694,3028.380411000002,1107.4216395728752,29695749,423.2333984375,21.09038734436035,2.7323338985443115,3,3,6,1,0,0,0,11,0,0,LivesExhausted,,,,,,,,,
ppo_rollout,3354624,3028.8456834999997,1107.55857199154,,,,,,,,,,,,,,,,,,,-0.015344972177020584,1.8221331069866815,0.47134509856502216,0.9980049729347229,0.05350625,0.26417643229166665
training_episode,3355152,3029.6851521000026,1107.4259639403133,9168865,1619.084716796875,68.83629608154297,14.690847396850586,3,4,15,2,0,0,0,24,0,0,LivesExhausted,,,,,,,,,
training_episode,3356286,3030.2627334999997,1107.5891086590495,22574177,27389.33203125,302.7742004394531,273.3932800292969,1,42,45,27,4,3,5,169,1,1,MaxDuration,,,,,,,,,
training_episode,3357102,3030.6695547000018,1107.7096791346858,25192402,548.7650756835938,28.360553741455078,3.9876508712768555,3,4,6,1,0,1,0,7,0,0,LivesExhausted,,,,,,,,,
training_episode,3357108,3030.6773302,1107.7088169523008,17232998,28554.666015625,306.5178527832031,285.546630859375,0,35,46,28,2,1,5,161,3,1,MaxDuration,,,,,,,,,
training_episode,3358914,3031.5665402000013,1107.979638731071,40901752,1422.5,61.675655364990234,12.225000381469727,4,7,12,2,1,0,0,40,2,0,LivesExhausted,,,,,,,,,
ppo_rollout,3360768,3032.492869700003,1108.2525646078343,,,,,,,,,,,,,,,,,,,-0.014535461220657454,2.056850790977478,0.4765785180032253,0.9983162879943848,0.051412303,0.25787760416666666
training_episode,3361662,3033.5359738000006,1108.1661892372313,41006481,23034.666015625,300.2617492675781,229.3466339111328,2,37,48,23,5,4,2,134,3,1,MaxDuration,,,,,,,,,
training_episode,3362640,3034.0457714000004,1108.3023307352335,61952281,1185.240478515625,52.907127380371094,9.85240364074707,4,6,12,2,1,1,1,10,0,0,LivesExhausted,,,,,,,,,
training_episode,3362820,3034.1410423000016,1108.3268553168004,62894842,1036.8128662109375,47.63801193237305,8.368127822875977,4,4,13,2,1,0,0,14,2,0,LivesExhausted,,,,,,,,,
training_episode,3362832,3034.152386200003,1108.326666549414,2361480,1481.2369384765625,63.99526596069336,13.312369346618652,3,3,15,2,0,0,0,23,1,0,LivesExhausted,,,,,,,,,
training_episode,3364470,3035.0434658000013,1108.540960916079,6131724,1413.8236083984375,61.325714111328125,12.138236045837402,4,7,15,2,2,1,0,28,0,0,LivesExhausted,,,,,,,,,
ppo_rollout,3366912,3036.3741523000026,1108.8593931843413,,,,,,,,,,,,,,,,,,,-0.01602605783264153,1.8741309920946756,0.48072977364063263,0.9983892440795898,0.0508777,0.26829427083333335
training_episode,3366954,3036.9982667000004,1108.6453479140537,74205574,946.5821533203125,44.078609466552734,7.965821266174316,3,4,9,1,0,1,0,35,0,0,LivesExhausted,,,,,,,,,
training_episode,3367380,3037.2386738000023,1108.6978540895982,69283311,792.0285034179688,37.97963333129883,6.420284748077393,3,4,9,1,0,1,1,18,0,0,LivesExhausted,,,,,,,,,
training_episode,3367800,3037.4664752999997,1108.7529779789172,39121359,919.1019897460938,42.988792419433594,7.6910200119018555,3,4,9,1,0,0,0,26,0,0,LivesExhausted,,,,,,,,,
training_episode,3369618,3038.3803652000024,1109.0178302209354,53678690,1276.2135009765625,56.50652313232422,10.76213550567627,4,4,11,2,1,0,0,27,0,0,LivesExhausted,,,,,,,,,
training_episode,3371106,3039.130371700001,1109.2337569297172,30219394,576.1349487304688,27.550535202026367,4.261349201202393,3,3,8,1,0,0,0,10,0,0,LivesExhausted,,,,,,,,,
training_episode,3371928,3039.535625700002,1109.35630149867,24249841,789.6375732421875,37.869651794433594,6.3963751792907715,3,3,9,1,0,0,0,16,0,0,LivesExhausted,,,,,,,,,
ppo_rollout,3373056,3040.0938957,1109.523625165312,,,,,,,,,,,,,,,,,,,-0.014499783281159277,1.504369997481505,0.48152805492281914,0.9895021319389343,0.06463187,0.277783203125
training_episode,3375054,3041.667627400002,1109.6064440429918,60276617,976.8096313476562,45.268409729003906,7.768095970153809,4,4,12,1,1,0,0,13,0,0,LivesExhausted,,,,,,,,,
training_episode,3378012,3043.1893323000004,1110.0236071894171,59019869,1113.440673828125,50.6775016784668,9.634406089782715,3,3,11,2,0,0,0,22,0,0,LivesExhausted,,,,,,,,,
training_episode,3378960,3043.7248500000023,1110.1397683828081,10844529,1517.70068359375,65.4355697631836,13.677007675170898,3,5,14,2,1,1,1,12,1,1,LivesExhausted,,,,,,,,,
ppo_rollout,3379200,3043.851404600002,1110.1724594351763,,,,,,,,,,,,,,,,,,,-0.003877246361419869,5.06933388809363,0.4842039021352927,0.986696183681488,0.025115997,0.2259765625
training_episode,3383208,3046.437480200002,1110.545685571689,70330601,726.948974609375,35.40006637573242,5.769489765167236,3,5,3,1,0,0,0,13,0,0,LivesExhausted,,,,,,,,,
training_episode,3384306,3046.9988354000016,1110.7014419175903,37131508,1157.8870849609375,52.427207946777344,10.07887077331543,3,4,7,2,0,0,1,21,0,0,LivesExhausted,,,,,,,,,
ppo_rollout,3385344,3047.5440443000007,1110.8433383700578,,,,,,,,,,,,,,,,,,,-0.01062172749079764,4.897499582668146,0.4847681929667791,0.9916049242019653,0.035536904,0.17438151041666666
ppo_rollout,3391488,3051.1812707000026,1111.5327799655522,,,,,,,,,,,,,,,,,,,-0.013026949101670956,3.1536654849847157,0.49176728253563246,0.9955375790596008,0.04068455,0.19524739583333334
training_episode,3395340,3053.6683386000004,1111.8889229328172,56820560,26254.666015625,303.5249328613281,261.546630859375,2,40,47,27,2,4,1,133,3,1,MaxDuration,,,,,,,,,
ppo_rollout,3397632,3054.8467351,1112.2102987889436,,,,,,,,,,,,,,,,,,,-0.006292549006563301,3.6541029175122577,0.49833872988820077,0.9928725957870483,0.03684625,0.23359375
training_episode,3399294,3056.2646028000017,1112.2381212954308,41111210,663.8278198242188,32.910484313964844,5.138278007507324,3,3,9,1,0,0,1,8,0,0,LivesExhausted,,,,,,,,,
training_episode,3400824,3057.0435128000026,1112.455215557309,67607647,28554.666015625,302.8943176269531,285.546630859375,0,39,43,28,4,4,6,133,0,1,MaxDuration,,,,,,,,,
training_episode,3403302,3058.2972528000028,1112.8094225909958,37759882,27389.33203125,302.8843078613281,273.3932800292969,1,41,41,27,0,5,3,126,0,1,MaxDuration,,,,,,,,,
ppo_rollout,3403776,3058.5404156000004,1112.8759269091672,,,,,,,,,,,,,,,,,,,-0.008749591995729134,3.17623141904672,0.4967353249589602,0.9881629943847656,0.04090135,0.219140625
training_episode,3408018,3061.1946620000017,1113.2967276812788,65617796,1377.68359375,59.90595245361328,12.276836395263672,3,4,15,2,0,0,1,13,1,0,LivesExhausted,,,,,,,,,
ppo_rollout,3409920,3062.1237359000006,1113.5800817003162,,,,,,,,,,,,,,,,,,,-0.013172617182135582,2.6085754156112673,0.49952801590164503,0.995593249797821,0.039285157,0.23802083333333332
training_episode,3411456,3063.4798175000033,1113.5885343563216,52212484,27389.33203125,303.2947082519531,273.3932800292969,1,39,49,27,4,5,2,178,0,1,MaxDuration,,,,,,,,,
training_episode,3412590,3064.0613789000017,1113.7472713503932,48861156,1850.705078125,77.38812255859375,17.007051467895508,3,6,12,2,0,4,0,37,0,0,LivesExhausted,,,,,,,,,
ppo_rollout,3416064,3065.8314205000024,1114.237389948492,,,,,,,,,,,,,,,,,,,-0.007066061501973309,2.9408234576384227,0.5038915415604909,0.9941877722740173,0.041348573,0.25139973958333334
training_episode,3416106,3066.4108331000025,1114.0405464020853,42158500,810.6491088867188,38.709510803222656,6.106490612030029,4,4,10,1,1,0,0,5,0,0,LivesExhausted,,,,,,,,,
training_episode,3418146,3067.453852300001,1114.3267884656348,50955736,1002.486083984375,46.288238525390625,8.524860382080078,3,3,12,2,0,0,0,21,0,0,LivesExhausted,,,,,,,,,
training_episode,3418230,3067.5033347999997,1114.3361968742138,51165194,2061.039794921875,85.09976959228516,19.110397338867188,3,5,20,3,0,1,0,44,0,0,LivesExhausted,,,,,,,,,
training_episode,3419808,3068.3392236,1114.5469098386166,2989854,27389.33203125,304.9463195800781,272.3932800292969,3,33,44,27,4,2,4,159,2,1,MaxDuration,,,,,,,,,
training_episode,3420678,3068.7846070000014,1114.668651621009,66665086,25150.666015625,303.0644836425781,250.5066375732422,2,40,43,26,4,4,3,126,3,1,MaxDuration,,,,,,,,,
training_episode,3421542,3069.2202378,1114.7919454788107,12834380,567.93603515625,28.270551681518555,4.179360389709473,3,3,7,1,0,0,0,12,0,0,LivesExhausted,,,,,,,,,
ppo_rollout,3422208,3069.573631700001,1114.8805699457034,,,,,,,,,,,,,,,,,,,-0.020835430828932053,1.8553697362542152,0.5017871941129367,0.9982205629348755,0.054907497,0.2718587239583333
training_episode,3423342,3070.727523200003,1114.830923335242,57972579,392.07373046875,22.160411834716797,2.4207375049591064,3,3,6,1,0,0,0,7,0,0,LivesExhausted,,,,,,,,,
training_episode,3425496,3071.815861500003,1115.1371548447214,49175343,664.6889038085938,32.94047927856445,5.1468892097473145,3,4,6,1,0,1,0,8,0,0,LivesExhausted,,,,,,,,,
training_episode,3426450,3072.2983829000004,1115.2725331208583,64989422,2104.294189453125,86.20000457763672,19.542940139770508,3,4,18,3,0,1,0,47,0,0,LivesExhausted,,,,,,,,,
training_episode,3426708,3072.4350685000027,1115.3068896824425,34303825,1301.03271484375,57.47636032104492,11.010327339172363,4,8,12,2,1,2,0,27,0,0,LivesExhausted,,,,,,,,,
ppo_rollout,3428352,3073.2682322,1115.5394651464617,,,,,,,,,,,,,,,,,,,-0.012153654098316717,1.7611137996117274,0.506930747628212,0.9981325268745422,0.059181154,0.270458984375
training_episode,3430080,3074.6953304000017,1115.5837022570183,44567267,1267.19775390625,56.146583557128906,11.171977996826172,3,4,12,2,0,0,0,25,0,0,LivesExhausted,,,,,,,,,
training_episode,3433326,3076.3128542000013,1116.0522881515703,22469448,1295.2493896484375,57.25639724731445,11.452494621276855,3,5,12,2,0,1,1,14,1,0,LivesExhausted,,,,,,,,,
ppo_rollout,3434496,3076.9182542000017,1116.2129495354334,,,,,,,,,,,,,,,,,,,-0.005925597535679117,3.1182399739821753,0.5069743196169535,0.9941461682319641,0.0428461,0.2361328125
training_episode,3435336,3077.8990711000006,1116.1301656237404,33780180,28554.666015625,300.2917785644531,284.546630859375,2,43,44,28,4,4,5,192,0,1,MaxDuration,,,,,,,,,
training_episode,3435588,3078.0602421000003,1116.1535934254741,24040383,1764.8538818359375,73.99739837646484,15.648538589477539,4,5,15,2,1,0,0,23,0,0,LivesExhausted,,,,,,,,,
training_episode,3436140,3078.341832000002,1116.2308111076593,38807172,424.5048828125,23.440441131591797,2.7450485229492188,3,5,5,1,0,1,0,0,0,0,LivesExhausted,,,,,,,,,
training_episode,3438012,3079.2846899000033,1116.4969615432492,28439001,1533.3065185546875,66.05570220947266,13.3330659866333,4,6,14,2,1,0,0,18,1,0,LivesExhausted,,,,,,,,,
training_episode,3438516,3079.5463670000026,1116.5657503477353,73053555,508.99395751953125,24.37046241760254,3.5899391174316406,3,3,10,1,0,0,0,0,0,0,LivesExhausted,,,,,,,,,
ppo_rollout,3440640,3080.595272300001,1116.8750503960835,,,,,,,,,,,,,,,,,,,-0.009406159474747256,3.696535046895345,0.5052180449167888,0.9952511191368103,0.027627861,0.19202473958333333
training_episode,3441630,3081.6339762000025,1116.8198516048012,37969340,988.3623046875,45.72833251953125,8.383623123168945,3,4,11,1,0,0,0,27,1,0,LivesExhausted,,,,,,,,,
training_episode,3443874,3082.7569939000023,1117.1409250922331,4770247,960.4462890625,44.628517150878906,8.104462623596191,3,4,12,1,0,1,0,11,0,0,LivesExhausted,,,,,,,,,
training_episode,3445662,3083.652791700002,1117.3962286786586,33989638,1474.2764892578125,63.725311279296875,12.742765426635742,4,7,14,2,1,1,0,23,0,0,LivesExhausted,,,,,,,,,
ppo_rollout,3446784,3084.2572683,1117.5410156039998,,,,,,,,,,,,,,,,,,,-0.006238361400513289,2.165219748020172,0.5106792762875557,0.9960541725158691,0.057060882,0.23680013020833332
training_episode,3447282,3085.056251400001,1117.4130126267942,1209461,1022.2510375976562,47.07810592651367,8.72251033782959,3,3,13,2,0,0,0,6,0,0,LivesExhausted,,,,,,,,,
training_episode,3450798,3086.831575600001,1117.909388797558,67502918,914.1962280273438,42.798824310302734,7.641962051391602,3,3,8,1,0,0,1,25,0,0,LivesExhausted,,,,,,,,,
training_episode,3452520,3087.7644297000006,1118.12933875122,50013175,935.4251098632812,43.6386833190918,7.354250431060791,4,6,11,1,1,3,0,11,0,0,LivesExhausted,,,,,,,,,
ppo_rollout,3452928,3087.987136400003,1118.1808237794176,,,,,,,,,,,,,,,,,,,-0.009580453908226143,2.4031904925902685,0.5126534163951874,0.9968626499176025,0.05274192,0.24786783854166666
training_episode,3454524,3089.3696684000024,1118.197033956481,50851007,26254.666015625,302.3938293457031,261.546630859375,2,33,42,27,2,2,1,180,1,1,MaxDuration,,,,,,,,,
training_episode,3457032,3090.663757000002,1118.540311015786,47080763,781.9073486328125,37.5697021484375,6.319073677062988,3,3,6,1,0,0,1,15,0,0,LivesExhausted,,,,,,,,,
ppo_rollout,3459072,3091.7103062000024,1118.8215121783253,,,,,,,,,,,,,,,,,,,-0.011686517455382272,1.6233616173267365,0.5091936230659485,0.9981727600097656,0.059939776,0.2762858072916667
training_episode,3462144,3093.818563500001,1119.052048121179,23097822,27389.33203125,305.3467102050781,272.8932800292969,2,35,46,27,5,5,2,154,1,1,MaxDuration,,,,,,,,,
training_episode,3463206,3094.3719352000007,1119.1951299080536,46766576,1133.06787109375,51.44737243652344,9.33067798614502,4,5,11,2,1,1,0,26,0,0,LivesExhausted,,,,,,,,,
ppo_rollout,3465216,3095.4486055000016,1119.4551878015338,,,,,,,,,,,,,,,,,,,-0.011347922737089296,2.930491344134013,0.5091216668486596,0.995754599571228,0.02888866,0.22005208333333334
training_episode,3468906,3097.8232185000015,1119.7882368767578,68864395,1033.01220703125,47.4980354309082,8.830121994018555,3,4,10,2,0,1,0,15,0,0,LivesExhausted,,,,,,,,,
ppo_rollout,3471360,3099.1290289000026,1120.108252231149,,,,,,,,,,,,,,,,,,,-0.0077670970737623675,2.1600324695309,0.5059377074241638,0.9960521459579468,0.04725561,0.24871419270833334
training_episode,3471654,3099.855484900003,1119.9405962345986,17232998,28554.666015625,302.6040344238281,285.046630859375,1,34,46,28,4,0,5,142,4,1,MaxDuration,,,,,,,,,
training_episode,3475116,3101.687518400002,1120.395262058065,34094367,1140.8226318359375,51.74732208251953,9.908226013183594,3,4,11,2,0,1,0,14,0,0,LivesExhausted,,,,,,,,,
ppo_rollout,3477504,3102.9519101000005,1120.7083128426339,,,,,,,,,,,,,,,,,,,-0.013569936567607025,3.086879486342271,0.5037753497560818,0.9940392374992371,0.03689703,0.20826822916666668
training_episode,3479136,3104.3598791000004,1120.7257326778274,21841074,678.4439086914062,33.490386962890625,5.2844390869140625,3,4,9,1,0,0,0,24,1,0,LivesExhausted,,,,,,,,,
training_episode,3480150,3104.894281500001,1120.8594188652085,52526671,29750.666015625,302.2737121582031,297.0066223144531,1,57,45,30,6,2,2,174,4,1,MaxDuration,,,,,,,,,
ppo_rollout,3483648,3106.696206700002,1121.3352604245795,,,,,,,,,,,,,,,,,,,-0.01471768250145639,1.8109314863880475,0.5131267204880714,0.9970127940177917,0.06458671,0.2550130208333333
training_episode,3485988,3108.404458600002,1121.471818236311,30847768,1061.6171875,48.627845764160156,9.116171836853027,3,4,11,2,0,0,0,18,0,0,LivesExhausted,,,,,,,,,
training_episode,3487104,3108.970107500001,1121.6267379309304,45824015,1556.2730712890625,66.35576629638672,14.06273078918457,3,5,14,2,0,0,1,25,1,1,LivesExhausted,,,,,,,,,
training_episode,3487134,3108.9893389000026,1121.6294492774907,42472687,26254.666015625,302.7441711425781,261.046630859375,3,40,41,27,3,7,3,163,1,1,MaxDuration,,,,,,,,,
ppo_rollout,3489792,3110.3394596,1121.9971470409212,,,,,,,,,,,,,,,,,,,-0.011956737535850455,2.556762294967969,0.513115789492925,0.9954113960266113,0.045940787,0.23527018229166666
training_episode,3491220,3111.615580200003,1121.9959246301232,23516738,27389.33203125,305.7571105957031,272.3932800292969,3,42,47,27,3,2,4,185,1,1,MaxDuration,,,,,,,,,
training_episode,3491520,3111.7700697,1122.036629247678,48756427,997.7821655273438,46.098270416259766,8.477821350097656,3,4,11,1,0,0,0,15,0,0,LivesExhausted,,,,,,,,,
training_episode,3492690,3112.3522918000017,1122.2026533442438,8540491,1002.8505859375,46.29823684692383,8.5285062789917,3,4,12,2,0,0,0,8,1,0,LivesExhausted,,,,,,,,,
training_episode,3493128,3112.580167600001,1122.2612147829193,68654937,1101.1640625,50.187583923339844,9.511640548706055,3,3,13,2,0,0,0,19,2,0,LivesExhausted,,,,,,,,,
ppo_rollout,3495936,3114.003396400003,1122.6500279484399,,,,,,,,,,,,,,,,,,,-0.012443955267857139,2.2446510111292204,0.5119631449381511,0.9969692826271057,0.0716778,0.255419921875
training_episode,3495948,3114.574314200003,1122.448093166772,38911901,763.8549194335938,36.85982131958008,6.138549327850342,3,3,11,1,0,0,0,18,0,0,LivesExhausted,,,,,,,,,
training_episode,3496764,3114.9980897000023,1122.5573497339656,56192186,596.935791015625,30.260597229003906,4.469357967376709,3,4,7,1,0,0,0,8,0,0,LivesExhausted,,,,,,,,,
training_episode,3498552,3115.9395186,1122.7920115637894,67817105,27389.33203125,303.3547668457031,272.3932800292969,3,42,44,27,3,5,5,164,2,1,MaxDuration,,,,,,,,,
validation,3500004,,,,,,,,,,,,,,,,,,7749.752033996582,1279.4044799804688,11146.967559373392,,,,,,
training_episode,3500130,3235.092412400001,1081.9258165807316,30533581,712.8497924804688,34.84016036987305,5.628498077392578,3,5,7,1,0,0,0,22,0,0,LivesExhausted,,,,,,,,,
ppo_rollout,3502080,3236.0685223,1082.2020534691692,,,,,,,,,,,,,,,,,,,-0.012548533757217229,1.8536652093132338,0.513200634221236,0.9981372356414795,0.059338406,0.28204752604166666
training_episode,3505392,3238.2774056000017,1082.48663129912,68340750,940.4069213867188,43.83864974975586,7.904069423675537,3,4,10,1,0,1,0,31,0,0,LivesExhausted,,,,,,,,,
training_episode,3507972,3239.603412700002,1082.8399507939553,51793568,26254.666015625,302.6340637207031,262.046630859375,1,34,45,27,4,3,3,151,0,1,MaxDuration,,,,,,,,,
ppo_rollout,3508224,3239.7351266000005,1082.8737112474284,,,,,,,,,,,,,,,,,,,-0.008520580079251279,4.3375592023134235,0.5092558319369952,0.9943691492080688,0.030201375,0.196826171875
training_episode,3510678,3241.4942800000026,1083.0430957909934,72320452,401.1054382324219,22.52042007446289,2.511054515838623,3,3,1,1,0,0,0,0,0,0,LivesExhausted,,,,,,,,,
ppo_rollout,3514368,3243.361179000003,1083.5573980334666,,,,,,,,,,,,,,,,,,,-0.008383652383539204,3.9315828224023184,0.5019445329904556,0.9939394593238831,0.031156555,0.19635416666666666
training_episode,3516864,3245.2467603000005,1083.6969450282697,60486075,2372.355712890625,95.59201049804688,21.723556518554688,4,6,20,3,1,1,0,43,0,0,LivesExhausted,,,,,,,,,
training_episode,3520236,3246.9626070000013,1084.1627779792902,9901968,1922.0062255859375,79.60859680175781,17.720062255859375,3,4,17,2,0,0,0,62,0,0,LivesExhausted,,,,,,,,,
ppo_rollout,3520512,3247.111560700003,1084.1980431497889,,,,,,,,,,,,,,,,,,,-0.012721186057509234,1.444774038096269,0.4928052298724651,0.9978945255279541,0.054741297,0.2742838541666667
training_episode,3523734,3249.2879515000022,1084.4634432517137,49698988,568.6990356445312,29.14057159423828,4.186990261077881,3,5,4,1,0,0,0,5,1,0,LivesExhausted,,,,,,,,,
ppo_rollout,3526656,3250.7789921000003,1084.8648919444947,,,,,,,,,,,,,,,,,,,-0.012994642495565737,2.36655044456323,0.49511787270506225,0.9962450265884399,0.04032678,0.2588704427083333
training_episode,3527946,3251.992355800001,1084.8567936230936,16080979,27389.33203125,306.0073547363281,272.8932800292969,2,38,47,27,3,3,3,163,1,1,MaxDuration,,,,,,,,,
training_episode,3528054,3252.0527507000006,1084.8698561979324,51898297,742.0614013671875,35.99996566772461,5.920614242553711,3,3,11,1,1,0,0,4,0,0,LivesExhausted,,,,,,,,,
training_episode,3528768,3252.419290400001,1084.9671229093012,57658392,26254.666015625,300.6020812988281,261.546630859375,2,41,47,27,3,4,5,145,1,1,MaxDuration,,,,,,,,,
training_episode,3532770,3254.407835000002,1085.5338909912616,66141441,827.8939819335938,39.28941345214844,6.778939723968506,3,4,10,1,0,1,1,22,1,0,LivesExhausted,,,,,,,,,
ppo_rollout,3532800,3254.431402000002,1085.535248286053,,,,,,,,,,,,,,,,,,,-0.007813385031962146,3.498376177748044,0.5014657730857531,0.9956281185150146,0.052832827,0.24016927083333334
training_episode,3533184,3255.186135400003,1085.4015263756448,61428636,27389.33203125,303.4748840332031,273.8932800292969,0,23,44,27,3,1,3,100,3,1,MaxDuration,,,,,,,,,
training_episode,3534654,3255.925470600003,1085.6065447187993,50746278,25150.666015625,300.8323059082031,250.0066375732422,3,37,47,26,5,5,2,144,2,1,MaxDuration,,,,,,,,,
training_episode,3537234,3257.219286200001,1085.9674124448266,23726196,714.9227294921875,33.710350036621094,5.649227142333984,3,4,11,1,0,0,0,18,1,0,LivesExhausted,,,,,,,,,
ppo_rollout,3538944,3258.071241200003,1086.2082925775885,,,,,,,,,,,,,,,,,,,-0.012927429537133625,1.8149172748128573,0.4959653250873089,0.9984418749809265,0.046008784,0.26541341145833336
training_episode,3541314,3259.8429510000024,1086.3449722059931,72529910,1250.3115234375,55.4766960144043,11.0031156539917,3,4,14,2,0,0,0,14,0,0,LivesExhausted,,,,,,,,,
training_episode,3543762,3261.0823740000014,1086.6827616050887,16918811,1222.7332763671875,54.386878967285156,10.227333068847656,4,6,11,2,1,1,1,20,0,0,LivesExhausted,,,,,,,,,
ppo_rollout,3545088,3261.7625154000016,1086.8626956322887,,,,,,,,,,,,,,,,,,,-0.013153357004436353,3.698408348361651,0.4984482410053412,0.9932981729507446,0.037899714,0.20911458333333333
training_episode,3546048,3262.7999808000022,1086.8113340893635,56611102,829.0444946289062,39.439388275146484,6.790444850921631,3,4,12,1,0,1,0,7,1,0,LivesExhausted,,,,,,,,,
training_episode,3551058,3265.3197830000026,1087.5069628670415,6550640,886.8782958984375,41.7190055847168,6.868782997131348,4,5,13,1,1,0,0,29,1,0,LivesExhausted,,,,,,,,,
ppo_rollout,3551232,3265.412294200003,1087.5294388729005,,,,,,,,,,,,,,,,,,,-0.014498531981371344,3.3190959175427754,0.49698384578029314,0.9937000274658203,0.02996643,0.19773763020833332
training_episode,3553266,3267.028524000001,1087.6140119063125,71168433,26254.666015625,303.3047180175781,261.046630859375,3,35,42,27,2,5,4,167,2,1,MaxDuration,,,,,,,,,
ppo_rollout,3557376,3269.0924524,1088.1845808271212,,,,,,,,,,,,,,,,,,,-0.016671476974928132,1.632090417544047,0.49363126754760744,0.9983900189399719,0.05937193,0.27390950520833335
training_episode,3557670,3269.8064932000016,1088.0368631595322,29800478,1239.9742431640625,55.06676483154297,10.899742126464844,3,3,8,2,0,0,1,15,0,0,LivesExhausted,,,,,,,,,
training_episode,3558870,3270.422061600002,1088.198994798512,20584326,1012.0057373046875,46.668174743652344,8.620057106018066,3,3,12,2,0,0,1,11,0,0,LivesExhausted,,,,,,,,,
ppo_rollout,3563520,3272.7823387000026,1088.8350129069331,,,,,,,,,,,,,,,,,,,-0.009842661795361588,3.0055922865867615,0.49829366654157636,0.9953232407569885,0.03390506,0.22672526041666666
training_episode,3564402,3273.7876039000002,1088.7700826265566,44671996,27389.33203125,303.7651672363281,272.8932800292969,2,39,42,27,2,3,2,135,2,1,MaxDuration,,,,,,,,,
training_episode,3565206,3274.192653500002,1088.8809478540961,4560789,24077.33203125,303.5950012207031,238.77330017089844,4,34,47,24,4,2,1,163,2,1,MaxDuration,,,,,,,,,
training_episode,3568812,3276.015511400001,1089.3757943395308,63418487,27389.33203125,300.3218078613281,273.8932800292969,0,37,41,27,5,1,5,190,2,1,MaxDuration,,,,,,,,,
training_episode,3569316,3276.2760153000017,1089.443008870901,42577416,712.2330322265625,34.230262756347656,5.622330665588379,3,3,10,1,0,0,1,21,0,0,LivesExhausted,,,,,,,,,
ppo_rollout,3569664,3276.4599890000027,1089.4880486819206,,,,,,,,,,,,,,,,,,,-0.01711406206789737,1.8228786771496137,0.497123068322738,0.9977185130119324,0.049691472,0.2596842447916667
training_episode,3570774,3277.5748857,1089.4561145129658,27391711,1190.05517578125,53.09709548950195,10.400551795959473,3,6,10,2,0,0,0,22,0,0,LivesExhausted,,,,,,,,,
training_episode,3572940,3278.6696666000025,1089.752967917978,7074285,595.2535400390625,30.20059585571289,4.452535629272461,3,4,4,1,0,0,0,18,0,0,LivesExhausted,,,,,,,,,
training_episode,3575070,3279.7726500000026,1090.0359206300463,54621251,360.1235046386719,17.72031021118164,2.1012349128723145,3,4,5,1,0,0,0,12,0,0,LivesExhausted,,,,,,,,,
ppo_rollout,3575808,3280.1629027000017,1090.131223987883,,,,,,,,,,,,,,,,,,,-0.01701747867045924,2.70045199294885,0.4991407255331675,0.9962192177772522,0.04119255,0.23837890625
training_episode,3579078,3282.3961218000004,1090.3857630800835,22364719,676.0140380859375,33.390403747558594,5.260140419006348,3,4,5,1,0,0,0,14,0,0,LivesExhausted,,,,,,,,,
training_episode,3580494,3283.1245215000017,1090.5751446686327,13358025,24077.33203125,306.0774230957031,240.27330017089844,1,29,45,24,0,4,1,121,0,1,MaxDuration,,,,,,,,,
ppo_rollout,3581952,3283.851369,1090.7777476819172,,,,,,,,,,,,,,,,,,,-0.012798847834346816,2.635047756632169,0.507020278275013,0.9965770840644836,0.02921806,0.22960611979166667
training_episode,3582510,3284.711949700002,1090.6618464146288,69492769,596.7801513671875,28.590559005737305,4.467801570892334,3,3,10,1,0,0,0,8,1,0,LivesExhausted,,,,,,,,,
training_episode,3585270,3286.1758128,1091.015881145189,1523648,837.3320922851562,39.759334564208984,6.873321056365967,3,5,8,1,0,1,0,23,0,0,LivesExhausted,,,,,,,,,
training_episode,3586938,3287.0441188000004,1091.2351250428246,55877999,764.197998046875,36.879817962646484,6.141979694366455,3,4,9,1,0,0,0,28,1,0,LivesExhausted,,,,,,,,,
training_episode,3587976,3287.5708580000028,1091.3760204647722,36817321,453.3739318847656,22.530420303344727,3.0337393283843994,3,3,8,1,0,0,0,0,0,0,LivesExhausted,,,,,,,,,
ppo_rollout,3588096,3287.6392330000017,1091.3898228200144,,,,,,,,,,,,,,,,,,,-0.011092899264379714,2.3429977357387544,0.507170191903909,0.9947431087493896,0.03791223,0.20096028645833333
training_episode,3593718,3291.0663064,1091.961590993,29276833,1040.985107421875,47.8079833984375,8.90985107421875,3,3,6,2,0,0,0,8,0,0,LivesExhausted,,,,,,,,,
training_episode,3593898,3291.161000600001,1091.9848647163747,17547185,26254.666015625,301.8633117675781,261.046630859375,3,31,47,27,2,6,3,158,5,1,MaxDuration,,,,,,,,,
ppo_rollout,3594240,3291.3348547000023,1092.0310933624548,,,,,,,,,,,,,,,,,,,-0.020171949341117094,1.3748569041490555,0.5122577498356501,0.9987296462059021,0.061082248,0.284130859375
training_episode,3595536,3292.5619528000025,1092.0177210158029,28857917,24077.33203125,305.5268859863281,240.77330017089844,0,27,48,24,0,2,1,164,3,1,MaxDuration,,,,,,,,,
training_episode,3596268,3292.933187800001,1092.1169045651534,73891387,1859.1826171875,77.71819305419922,16.591825485229492,4,9,13,2,1,0,0,46,0,0,LivesExhausted,,,,,,,,,
ppo_rollout,3600384,3295.0203642000015,1092.6742787746437,,,,,,,,,,,,,,,,,,,-0.014899143332149834,1.6113807916641236,0.5193903411428133,0.9982808828353882,0.049502965,0.2647623697916667
training_episode,3600702,3295.7386511000004,1092.5326250606108,28753188,1280.98876953125,56.686492919921875,11.309886932373047,3,3,8,2,0,0,1,38,0,0,LivesExhausted,,,,,,,,,
training_episode,3605034,3298.002370800001,1093.09624271905,61533365,26254.666015625,301.8232727050781,262.046630859375,1,36,45,27,3,1,2,174,2,1,MaxDuration,,,,,,,,,
training_episode,3605964,3298.4764471000017,1093.2210848952216,37236237,940.153564453125,43.828651428222656,7.901535511016846,3,3,10,1,0,0,0,14,1,0,LivesExhausted,,,,,,,,,
ppo_rollout,3606528,3298.7878624000004,1093.2888534930241,,,,,,,,,,,,,,,,,,,-0.010908000794006511,3.3217725773652393,0.5258734752734502,0.9946878552436829,0.04643942,0.22978515625
training_episode,3607266,3299.7513659000033,1093.1932742805677,31580871,2256.37841796875,91.61116027832031,21.063783645629883,3,6,17,3,0,2,0,42,0,0,LivesExhausted,,,,,,,,,
training_episode,3607278,3299.761844200002,1093.1934395024657,64465777,27389.33203125,304.1455383300781,272.3932800292969,3,26,48,27,1,4,3,151,5,1,MaxDuration,,,,,,,,,
training_episode,3610554,3301.4707283000025,1093.6198734250631,47185492,798.411865234375,38.2195930480957,6.484118938446045,3,3,7,1,0,0,0,11,0,0,LivesExhausted,,,,,,,,,
training_episode,3612216,3302.3201679000013,1093.8418494706607,22155261,1375.4019775390625,59.81596755981445,12.254019737243652,3,4,12,2,0,1,0,34,0,0,LivesExhausted,,,,,,,,,
ppo_rollout,3612672,3302.5498288000017,1093.9038583144354,,,,,,,,,,,,,,,,,,,-0.012966014832879106,2.5182864372928937,0.5268250192205112,0.9963569045066833,0.042293638,0.233447265625
training_episode,3613104,3303.3281486000014,1093.776893322356,24564028,1058.9371337890625,48.51786422729492,9.089371681213379,3,4,12,2,0,1,1,27,0,0,LivesExhausted,,,,,,,,,
training_episode,3616866,3305.250314500001,1094.2789973070885,16290437,1931.51123046875,79.97867584228516,17.315113067626953,4,8,12,2,2,3,0,56,0,0,LivesExhausted,,,,,,,,,
ppo_rollout,3618816,3306.247083000002,1094.53888628202,,,,,,,,,,,,,,,,,,,-0.013207963207969442,2.1202868233124414,0.5291604116559029,0.9962571263313293,0.054625217,0.24903971354166668
training_episode,3619086,3306.956861400002,1094.38560939312,61219178,1294.4786376953125,57.226402282714844,11.44478702545166,3,4,7,2,0,0,0,34,0,0,LivesExhausted,,,,,,,,,
training_episode,3619722,3307.2946991000026,1094.466120900873,56820560,1241.165771484375,55.116756439208984,10.91165828704834,3,4,13,2,0,1,0,8,0,0,LivesExhausted,,,,,,,,,
ppo_rollout,3624960,3309.9239051000004,1095.179256059206,,,,,,,,,,,,,,,,,,,-0.009898122719217401,2.5013715182741483,0.5288247595230738,0.9950833916664124,0.050466225,0.2596842447916667
training_episode,3625062,3310.526931700002,1095.0105752918553,24878215,956.7127075195312,44.47854232788086,8.067127227783203,3,4,12,1,0,1,0,18,0,0,LivesExhausted,,,,,,,,,
training_episode,3628242,3312.137627600001,1095.4381755655036,52317213,1822.1090087890625,76.25788116455078,15.721090316772461,5,8,16,2,2,1,0,34,0,0,LivesExhausted,,,,,,,,,
training_episode,3629340,3312.7037806000008,1095.5824125459987,41949042,2629.762451171875,103.95379638671875,24.797624588012695,3,5,20,3,0,3,0,63,3,1,LivesExhausted,,,,,,,,,
training_episode,3630288,3313.1863564000014,1095.7089669850477,16604624,30977.33203125,304.7160949707031,309.2732849121094,1,42,41,31,1,1,5,199,2,1,MaxDuration,,,,,,,,,
ppo_rollout,3631104,3313.616442800001,1095.813007534367,,,,,,,,,,,,,,,,,,,-0.017632773731990407,1.7282133539517721,0.5309820964932441,0.9980179667472839,0.056001693,0.2833170572916667
training_episode,3631554,3314.4190800000033,1095.6834100773992,68759666,27389.33203125,300.0915832519531,272.3932800292969,3,37,44,27,1,1,3,155,3,1,MaxDuration,,,,,,,,,
training_episode,3633960,3315.611352300002,1096.015067471392,60904991,1035.8011474609375,47.60801696777344,8.858011245727539,3,3,11,2,0,0,1,9,0,0,LivesExhausted,,,,,,,,,
training_episode,3636486,3316.8739798000024,1096.3594101393232,33884909,870.8969116210938,41.0791130065918,7.208968639373779,3,3,13,1,1,0,0,0,0,0,LivesExhausted,,,,,,,,,
ppo_rollout,3637248,3317.257597,1096.4623318036522,,,,,,,,,,,,,,,,,,,-0.014951386451139114,3.9393368790547054,0.5368444030483563,0.9935983419418335,0.03875233,0.22981770833333334
training_episode,3642936,3320.6609067000027,1097.0514913611783,69073853,1206.53662109375,53.746986389160156,10.5653657913208,3,4,8,2,0,0,2,10,0,1,LivesExhausted,,,,,,,,,
ppo_rollout,3643392,3320.911715000002,1097.1059494124486,,,,,,,,,,,,,,,,,,,-0.00868792864397013,4.692672100663185,0.544898954530557,0.9930710792541504,0.023980761,0.17737630208333333
training_episode,3647148,3323.359495300003,1097.4280709498653,28124814,28554.666015625,304.9263000488281,284.546630859375,2,46,44,28,1,6,6,197,4,1,MaxDuration,,,,,,,,,
ppo_rollout,3649536,3324.5451311000033,1097.7549878507637,,,,,,,,,,,,,,,,,,,-0.009751017102583621,4.360711413621902,0.5458735664685567,0.9911520481109619,0.042122435,0.19025065104166666
training_episode,3650652,3325.6785605000005,1097.7164309743578,15976250,1487.858154296875,64.25531768798828,13.378582000732422,3,4,9,2,1,0,1,20,0,1,LivesExhausted,,,,,,,,,
ppo_rollout,3655680,3328.2028126000005,1098.3946008819617,,,,,,,,,,,,,,,,,,,-0.01409937941255824,2.672507225473722,0.5462427084644635,0.9942203760147095,0.049539503,0.22076822916666666
training_episode,3661782,3331.8526530000017,1099.0227904295016,1314190,27389.33203125,305.9773254394531,272.3932800292969,3,44,41,27,4,2,5,189,1,1,MaxDuration,,,,,,,,,
ppo_rollout,3661824,3331.8815326000004,1099.025869969192,,,,,,,,,,,,,,,,,,,-0.014938484008113543,2.028756288687388,0.547403167684873,0.9968525767326355,0.053723242,0.27228190104166666
training_episode,3665922,3334.5928507999997,1099.361200609697,47290221,27389.33203125,304.8061828613281,273.3932800292969,1,35,44,27,2,1,4,107,2,1,MaxDuration,,,,,,,,,
training_episode,3666426,3334.8499330000013,1099.4275825484344,34199096,26254.666015625,301.0925598144531,261.546630859375,2,46,42,27,4,6,3,141,1,1,MaxDuration,,,,,,,,,
ppo_rollout,3667968,3335.6240182,1099.6347250129654,,,,,,,,,,,,,,,,,,,-0.007931920131280397,3.6045570880174638,0.5477189953128497,0.9842173457145691,0.029569307,0.210205078125
training_episode,3669840,3337.151983800002,1099.6921979625174,64361048,1575.926025390625,67.13593292236328,14.259260177612305,3,5,9,2,0,2,0,38,1,0,LivesExhausted,,,,,,,,,
training_episode,3670278,3337.3870164,1099.7459934865708,26658608,23034.666015625,302.5940246582031,229.3466339111328,2,32,48,23,3,3,1,169,1,1,MaxDuration,,,,,,,,,
training_episode,3671430,3337.9648100000013,1099.9007506013818,4141873,991.9038696289062,45.868309020996094,8.419038772583008,3,3,11,1,0,0,0,22,0,0,LivesExhausted,,,,,,,,,
training_episode,3672060,3338.2784438000017,1099.9861341164972,48965885,1018.1265258789062,46.90813446044922,8.681264877319336,3,3,11,2,0,0,0,17,0,0,LivesExhausted,,,,,,,,,
ppo_rollout,3674112,3339.309193000001,1100.2610982240958,,,,,,,,,,,,,,,,,,,-0.015037840655228745,1.7336354061961174,0.5545695771773657,0.9976374506950378,0.068129174,0.282470703125
training_episode,3674934,3340.2881591000005,1100.184722084027,28334272,812.961669921875,38.799495697021484,6.629616737365723,3,3,13,1,0,0,1,10,1,0,LivesExhausted,,,,,,,,,
training_episode,3676740,3341.207972,1100.4223714332738,32523432,817.1538696289062,38.959468841552734,6.671538829803467,3,5,10,1,0,0,1,23,1,0,LivesExhausted,,,,,,,,,
training_episode,3677346,3341.514635300002,1100.5027364394132,11787090,1077.7509765625,49.267738342285156,9.277509689331055,3,4,13,2,0,0,0,10,0,0,LivesExhausted,,,,,,,,,
training_episode,3678030,3341.875158900002,1100.5886890193244,67921834,1603.3092041015625,68.2161636352539,14.533092498779297,3,7,16,2,0,2,0,28,0,0,LivesExhausted,,,,,,,,,
training_episode,3678846,3342.299403600002,1100.6931324098323,33465993,668.9266357421875,32.58053970336914,5.189266204833984,3,3,10,1,0,0,0,22,0,0,LivesExhausted,,,,,,,,,
ppo_rollout,3680256,3343.044761500001,1100.869495492096,,,,,,,,,,,,,,,,,,,-0.010359984469444802,1.554668308297793,0.5508837386965751,0.9977684020996094,0.07520761,0.3096516927083333
training_episode,3682074,3344.5254969000016,1100.9256779213877,34932199,511.77386474609375,26.90052032470703,3.6177382469177246,3,4,6,1,0,0,0,10,0,0,LivesExhausted,,,,,,,,,
training_episode,3682908,3344.951891200002,1101.0346694937834,61323907,1131.391357421875,51.38738250732422,9.813913345336914,3,3,12,2,0,0,1,39,0,0,LivesExhausted,,,,,,,,,
training_episode,3683490,3345.247751900002,1101.1112698328207,53573961,24077.33203125,302.8042297363281,239.77330017089844,2,33,50,24,2,1,1,193,2,1,MaxDuration,,,,,,,,,
training_episode,3684912,3345.9837423999998,1101.294053914588,65303609,1456.4830322265625,63.01543045043945,12.56482982635498,4,8,11,2,1,0,0,19,0,0,LivesExhausted,,,,,,,,,
training_episode,3685422,3346.2344161,1101.3639637044075,35665302,1419.461181640625,61.5556755065918,12.694612503051758,3,3,13,2,0,0,0,40,0,0,LivesExhausted,,,,,,,,,
ppo_rollout,3686400,3346.7280861,1101.4937291472118,,,,,,,,,,,,,,,,,,,-0.010533405227276187,1.878304724395275,0.5398741434017817,0.9967424869537354,0.062346384,0.29049479166666664
training_episode,3687336,3347.7830262000025,1101.426218826797,11368174,765.0537719726562,36.89981460571289,6.150537014007568,3,3,10,1,0,0,0,13,0,0,LivesExhausted,,,,,,,,,
training_episode,3687390,3347.8141676000014,1101.4321032769378,25401860,27389.33203125,306.1374816894531,272.8932800292969,2,28,47,27,1,1,3,102,2,1,MaxDuration,,,,,,,,,
training_episode,3689268,3348.743667300001,1101.6871897437745,18489746,1048.60888671875,48.107933044433594,8.986088752746582,3,4,11,2,0,1,1,20,0,0,LivesExhausted,,,,,,,,,
training_episode,3691404,3349.836853200002,1101.965308093649,45614557,712.560302734375,33.870323181152344,5.625602722167969,3,3,10,1,0,0,1,16,0,0,LivesExhausted,,,,,,,,,
training_episode,3691752,3350.0162240000027,1102.010185369179,13776941,1948.495849609375,80.64881896972656,17.98495864868164,3,4,17,2,0,0,0,35,1,0,LivesExhausted,,,,,,,,,
training_episode,3692028,3350.1711520000026,1102.041606977576,64675235,1239.439208984375,55.04676818847656,10.894392013549805,3,4,10,2,0,1,0,18,1,0,LivesExhausted,,,,,,,,,
training_episode,3692046,3350.1866383000015,1102.0418856047584,9692510,1350.74267578125,59.44602966308594,12.007427215576172,3,5,12,2,0,1,1,26,1,0,LivesExhausted,,,,,,,,,
ppo_rollout,3692544,3350.4361069000006,1102.108466535282,,,,,,,,,,,,,,,,,,,-0.007463451393414288,2.0310561522841453,0.5285819604992866,0.9960903525352478,0.06483098,0.2850260416666667
training_episode,3693456,3351.5041397000023,1102.02937130509,27077524,713.2550659179688,34.86015701293945,5.632550239562988,3,3,10,1,0,0,0,17,0,0,LivesExhausted,,,,,,,,,
training_episode,3695094,3352.346667500002,1102.2410169636782,71901536,609.3644409179688,30.750608444213867,4.593644618988037,3,5,5,1,0,1,0,7,0,0,LivesExhausted,,,,,,,,,
training_episode,3697656,3353.6650376,1102.5716517730025,43310519,716.236572265625,34.98013687133789,5.662365436553955,3,3,10,1,0,0,1,9,1,0,LivesExhausted,,,,,,,,,
training_episode,3698460,3354.0978115,1102.6690954924766,55982728,571.7858276367188,28.040546417236328,4.21785831451416,3,3,8,1,0,0,0,22,0,0,LivesExhausted,,,,,,,,,
ppo_rollout,3698688,3354.217796000001,1102.697625780529,,,,,,,,,,,,,,,,,,,-0.012651854489619533,2.143207600216071,0.5275016114115715,0.9727479815483093,0.054493967,0.24928385416666668
training_episode,3699030,3354.966621800002,1102.553442995329,53364503,2422.897216796875,96.98230743408203,21.228971481323242,6,9,17,3,4,1,0,45,0,0,LivesExhausted,,,,,,,,,
training_episode,3701376,3356.1392030000025,1102.8672459984364,34513283,1858.659423828125,77.70819091796875,17.08659553527832,3,6,12,2,0,1,0,27,0,0,LivesExhausted,,,,,,,,,
training_episode,3703638,3357.265322700001,1103.1710764585735,21526887,1091.903564453125,49.81764602661133,9.419035911560059,3,6,8,2,0,1,1,9,0,0,LivesExhausted,,,,,,,,,
ppo_rollout,3704832,3357.8700609000007,1103.3279825625546,,,,,,,,,,,,,,,,,,,-0.005641895418132966,2.9975687538584075,0.5283177807927132,0.9777596592903137,0.04150567,0.23336588541666667
training_episode,3705126,3358.5815301000002,1103.1817946934525,71587349,1252.1722412109375,55.54668426513672,10.521722793579102,4,6,7,2,1,1,1,31,0,0,LivesExhausted,,,,,,,,,
training_episode,3706506,3359.318760500002,1103.3504898619155,66874544,1437.845703125,62.27555465698242,12.878457069396973,3,7,12,2,0,2,0,36,1,0,LivesExhausted,,,,,,,,,
training_episode,3709092,3360.605187000001,1103.6976358746538,61847552,1488.7987060546875,64.29532623291016,13.38798713684082,3,3,15,2,0,0,0,24,0,0,LivesExhausted,,,,,,,,,
training_episode,3709782,3360.953179100001,1103.7886582500412,61742823,577.1419067382812,27.260528564453125,4.271418571472168,3,4,9,1,0,0,0,9,0,0,LivesExhausted,,,,,,,,,
ppo_rollout,3710976,3361.5895452000004,1103.9348945200306,,,,,,,,,,,,,,,,,,,-0.007809974373473475,2.6522303452094396,0.5251328890522321,0.9913929104804993,0.042811435,0.23131510416666667
training_episode,3712668,3363.0514421000007,1103.9581356155786,39854462,1451.271240234375,62.81546401977539,13.012711524963379,3,4,13,2,0,0,0,9,0,0,LivesExhausted,,,,,,,,,
training_episode,3713004,3363.226673600002,1104.0005210310717,11053987,1866.2860107421875,78.00825500488281,17.162860870361328,3,6,14,2,0,3,0,40,0,0,LivesExhausted,,,,,,,,,
training_episode,3716856,3365.232259800003,1104.4872130819565,24668757,1498.965087890625,64.6954116821289,13.489651679992676,3,4,13,2,0,0,1,29,1,1,LivesExhausted,,,,,,,,,
ppo_rollout,3717120,3365.373012100001,1104.5194653416763,,,,,,,,,,,,,,,,,,,-0.01083419262819613,1.3878259484966595,0.5258981570601463,0.9979003667831421,0.06431047,0.2861328125
training_episode,3718950,3366.8914269000015,1104.5648725964857,57448934,1154.7115478515625,52.307228088378906,10.047114372253418,3,4,10,2,1,1,0,17,1,0,LivesExhausted,,,,,,,,,
training_episode,3722292,3368.5797490000004,1105.0033774931417,63627945,1850.5755615234375,77.38812255859375,17.005754470825195,3,5,16,2,0,0,0,47,0,0,LivesExhausted,,,,,,,,,
ppo_rollout,3723264,3369.092497400001,1105.1237099822342,,,,,,,,,,,,,,,,,,,-0.007211775559699163,4.168614909549555,0.5271223803361257,0.9921103715896606,0.0362452,0.21442057291666666
training_episode,3727782,3371.9525495000016,1105.5262330286234,10844529,26254.666015625,300.2217102050781,261.546630859375,2,37,41,27,3,4,6,96,2,1,MaxDuration,,,,,,,,,
training_episode,3727866,3372.0004482000004,1105.535440242887,72739368,1771.572265625,74.25745391845703,16.215723037719727,3,3,17,2,1,0,0,51,0,0,LivesExhausted,,,,,,,,,
training_episode,3728250,3372.193160900002,1105.5861340413164,21107971,1087.4395751953125,49.647674560546875,9.374395370483398,3,5,9,2,0,1,1,12,0,0,LivesExhausted,,,,,,,,,
training_episode,3728616,3372.3831088000006,1105.632391014661,34827470,29750.666015625,304.8462219238281,296.5066223144531,2,34,41,30,1,3,6,144,0,1,MaxDuration,,,,,,,,,
training_episode,3729138,3372.6473678,1105.7005353134623,1104732,2573.671630859375,102.33345031738281,24.23671531677246,3,5,13,3,0,2,0,49,0,1,LivesExhausted,,,,,,,,,
ppo_rollout,3729408,3372.8101166000015,1105.7272336930343,,,,,,,,,,,,,,,,,,,-0.01708460695032651,1.4989262277881303,0.5297985975941022,0.998269259929657,0.04739509,0.26168619791666664
training_episode,3731916,3374.643841500001,1105.869589586436,25192402,526.179931640625,27.460533142089844,3.761798858642578,3,4,5,1,0,1,0,7,0,0,LivesExhausted,,,,,,,,,
training_episode,3733578,3375.4807973000025,1106.0877617749845,6131724,1035.2816162109375,47.58802032470703,8.352815628051758,4,6,11,2,2,0,1,30,0,0,LivesExhausted,,,,,,,,,
training_episode,3734454,3375.9314978,1106.1995785262939,63523216,1253.4354248046875,55.596675872802734,11.034354209899902,3,3,12,2,1,0,0,27,0,0,LivesExhausted,,,,,,,,,
ppo_rollout,3735552,3376.4909074000025,1106.3414954896132,,,,,,,,,,,,,,,,,,,-0.01337631770487254,1.89864868024985,0.5364507034420967,0.9979298710823059,0.049360055,0.25262044270833334
training_episode,3739848,3379.2043440000016,1106.7244295658961,57134747,1152.953125,52.237239837646484,9.529531478881836,4,6,12,2,1,1,0,14,0,0,LivesExhausted,,,,,,,,,
training_episode,3740712,3379.6523676000033,1106.8333642422508,31895058,2409.435546875,96.45219421386719,22.5943546295166,3,5,13,3,0,1,0,47,2,0,LivesExhausted,,,,,,,,,
ppo_rollout,3741696,3380.1513471,1106.9610842160034,,,,,,,,,,,,,,,,,,,-0.006670024467166513,2.3695817892750104,0.5338901539643606,0.9947834610939026,0.050210416,0.23224283854166666
training_episode,3746490,3383.096611500001,1107.4144283272115,10425613,28554.666015625,305.8772277832031,284.546630859375,2,39,36,28,4,3,4,179,2,1,MaxDuration,,,,,,,,,
ppo_rollout,3747840,3383.817950300003,1107.577315046669,,,,,,,,,,,,,,,,,,,-0.009241470804166358,3.268554597099622,0.5269872158765793,0.9943928122520447,0.032721978,0.18810221354166667
training_episode,3748212,3384.5585479,1107.4448696789818,3827686,1443.41357421875,62.49551773071289,12.934135437011719,3,3,12,2,0,0,0,24,0,0,LivesExhausted,,,,,,,,,
training_episode,3750474,3385.7136998000024,1107.735128407799,42367958,670.4776000976562,33.16044235229492,5.204775810241699,3,3,8,1,0,0,0,13,0,0,LivesExhausted,,,,,,,,,
ppo_rollout,3753984,3387.4680148000007,1108.197622412573,,,,,,,,,,,,,,,,,,,-0.00517483377091897,2.9508521392941476,0.5228903904557228,0.9923279285430908,0.050969202,0.214892578125
training_episode,3756966,3389.5627257000015,1108.3925284858458,35874760,1214.4671630859375,54.066932678222656,10.644671440124512,3,3,15,2,0,0,0,12,0,0,LivesExhausted,,,,,,,,,
training_episode,3757932,3390.066259000003,1108.5128469165998,50117904,1956.525634765625,80.96888732910156,18.065256118774414,3,3,17,2,0,0,0,24,1,0,LivesExhausted,,,,,,,,,
ppo_rollout,3760128,3391.2154802000005,1108.7847475201554,,,,,,,,,,,,,,,,,,,-0.0196760055279204,1.1970957159996032,0.5155577118198077,0.9984772801399231,0.05438426,0.26583658854166664
training_episode,3764724,3394.109485300003,1109.193447148697,30219394,29750.666015625,303.9253234863281,297.0066223144531,1,39,42,30,1,2,5,177,1,1,MaxDuration,,,,,,,,,
ppo_rollout,3766272,3394.938630800003,1109.3785218475346,,,,,,,,,,,,,,,,,,,-0.01583370824228041,1.7478189473350842,0.5212137694160144,0.998310923576355,0.04549001,0.2578938802083333
training_episode,3767076,3395.9271031000026,1109.2923627722134,40273378,2039.30078125,84.23958587646484,17.893007278442383,5,9,16,3,2,2,0,36,1,0,LivesExhausted,,,,,,,,,
training_episode,3767964,3396.3770874,1109.4068482497205,26030234,26254.666015625,300.3418273925781,261.546630859375,2,38,42,27,3,4,1,150,1,1,MaxDuration,,,,,,,,,
training_episode,3770616,3397.7045015000003,1109.7539525098102,21317429,1072.6207275390625,49.05777359008789,9.226207733154297,3,3,10,2,0,0,0,22,0,0,LivesExhausted,,,,,,,,,
training_episode,3770856,3397.825549100002,1109.785050912577,29381562,27389.33203125,303.3047180175781,272.8932800292969,2,37,48,27,4,6,2,176,2,1,MaxDuration,,,,,,,,,
ppo_rollout,3772416,3398.6368624000024,1109.9791336153658,,,,,,,,,,,,,,,,,,,-0.012900615392330414,3.5134727438290914,0.5289708644151687,0.9961228966712952,0.034615006,0.19894205729166667
training_episode,3774270,3400.1216993000016,1110.0396791023763,65094151,550.1644897460938,28.410554885864258,4.001645088195801,3,3,8,1,0,0,1,6,0,0,LivesExhausted,,,,,,,,,
training_episode,3776166,3401.0734733000027,1110.2865109044678,46661847,28554.666015625,302.6340637207031,285.546630859375,0,34,42,28,0,5,5,143,3,1,MaxDuration,,,,,,,,,
training_episode,3778476,3402.2357085000003,1110.5861920618895,5398621,2139.023193359375,87.57029724121094,19.89023208618164,3,5,19,3,0,3,0,22,0,0,LivesExhausted,,,,,,,,,
ppo_rollout,3778560,3402.283424000001,1110.5953058894834,,,,,,,,,,,,,,,,,,,-0.020552197952444354,1.5533734371264776,0.534415602684021,0.9985595941543579,0.05840132,0.26516927083333336
training_episode,3782832,3404.990883800001,1110.9668510414115,54516522,1252.0565185546875,55.54668426513672,11.0205659866333,3,3,13,2,0,0,0,10,0,0,LivesExhausted,,,,,,,,,
training_episode,3784170,3405.664003200003,1111.140146662838,9064136,1031.0006103515625,47.41804885864258,8.310006141662598,4,6,6,2,1,2,1,23,1,0,LivesExhausted,,,,,,,,,
ppo_rollout,3784704,3405.933459400003,1111.2090254008433,,,,,,,,,,,,,,,,,,,-0.0027925009325069066,5.0225350022315975,0.5361267015337944,0.9913326501846313,0.037004087,0.24054361979166666
training_episode,3788712,3408.5595085000023,1111.528782335178,54307064,788.5245971679688,37.82965850830078,6.3852458000183105,3,10,4,1,0,0,0,16,0,0,LivesExhausted,,,,,,,,,
training_episode,3788748,3408.582405600002,1111.531877233016,43729435,1078.2728271484375,49.28773498535156,8.78272819519043,4,5,10,2,1,0,0,19,0,0,LivesExhausted,,,,,,,,,
ppo_rollout,3790848,3409.6489426000007,1111.800089633075,,,,,,,,,,,,,,,,,,,-0.0075446688802912835,3.7952874511480332,0.5376978794733683,0.9924030900001526,0.031659853,0.206298828125
training_episode,3794610,3412.087110800003,1112.1081838705784,36188947,27389.33203125,305.6269836425781,273.3932800292969,1,34,45,27,4,2,5,177,4,1,MaxDuration,,,,,,,,,
training_episode,3795876,3412.7334302000017,1112.2685312627962,70016414,1349.6160888671875,59.39603805541992,11.996161460876465,3,5,13,2,0,1,1,21,0,0,LivesExhausted,,,,,,,,,
ppo_rollout,3796992,3413.3076521000003,1112.408369536787,,,,,,,,,,,,,,,,,,,-0.01578155068758254,1.796003246307373,0.5403426706790924,0.9982903003692627,0.04890786,0.256591796875
training_episode,3797418,3414.076077700003,1112.2827709680819,56925289,482.4805603027344,23.38043975830078,3.324805736541748,3,3,8,1,0,0,0,8,0,0,LivesExhausted,,,,,,,,,
training_episode,3799134,3414.9556489000024,1112.4987820043127,70225872,2119.485107421875,86.81013488769531,19.19485092163086,4,5,16,3,2,1,0,28,1,0,LivesExhausted,,,,,,,,,
ppo_rollout,3803136,3417.061228300001,1112.9844465479691,,,,,,,,,,,,,,,,,,,-0.01569267379042382,2.407672856251399,0.5329911922415097,0.9979518055915833,0.050742377,0.26267903645833335
training_episode,3803280,3417.6964903000007,1112.8197049662983,53783419,26254.666015625,301.6631164550781,261.546630859375,2,40,44,27,4,2,3,142,1,1,MaxDuration,,,,,,,,,
training_episode,3803766,3417.9496154000008,1112.8794827348113,41425397,1184.716552734375,52.88713073730469,10.34716510772705,3,3,12,2,0,0,0,39,0,0,LivesExhausted,,,,,,,,,
training_episode,3807198,3419.7093090000017,1113.3104179294435,26239692,27389.33203125,304.8161926269531,273.3932800292969,1,38,40,27,5,3,5,147,1,1,MaxDuration,,,,,,,,,
training_episode,3807594,3419.921762500002,1113.35704861757,58915140,740.4227905273438,35.92997741699219,5.904227256774902,3,3,11,1,0,0,0,8,2,0,LivesExhausted,,,,,,,,,
training_episode,3808368,3420.3232669000026,1113.452648425159,59334056,1838.777587890625,76.91802215576172,16.887775421142578,3,5,16,2,0,3,0,28,0,0,LivesExhausted,,,,,,,,,
ppo_rollout,3809280,3420.7854578000006,1113.5688124825726,,,,,,,,,,,,,,,,,,,-0.01717018357012421,1.9093592002987863,0.5257679656147957,0.9981896877288818,0.04662035,0.2562662760416667
training_episode,3810708,3422.1095878000015,1113.5552214883392,27810627,27389.33203125,303.6150207519531,272.8932800292969,2,47,48,27,3,2,2,149,1,1,MaxDuration,,,,,,,,,
training_episode,3812538,3423.032926,1113.7894616909682,11472903,956.8016967773438,44.47854232788086,8.06801700592041,3,5,9,1,0,0,0,14,0,0,LivesExhausted,,,,,,,,,
training_episode,3813402,3423.504822900002,1113.8883095744325,3408770,892.2552490234375,41.92897033691406,7.422552585601807,3,3,8,1,0,0,0,18,0,0,LivesExhausted,,,,,,,,,
ppo_rollout,3815424,3424.5748920000005,1114.1306936849433,,,,,,,,,,,,,,,,,,,-0.0029380183026660235,4.872316828370094,0.5284308592478434,0.9922031760215759,0.03385694,0.20013020833333334
training_episode,3815724,3425.357413900001,1113.9637529549186,14928960,1590.991943359375,67.72605895996094,14.409919738769531,3,3,14,2,0,0,0,51,0,0,LivesExhausted,,,,,,,,,
ppo_rollout,3821568,3428.460443400003,1114.6600822992586,,,,,,,,,,,,,,,,,,,-0.011170282977400348,0.9521576489011446,0.5251145556569099,0.998611569404602,0.06351292,0.30475260416666666
training_episode,3823836,3430.2353054000014,1114.7445173747637,19851223,1587.54248046875,67.59603118896484,14.3754243850708,3,3,12,2,0,0,0,30,0,0,LivesExhausted,,,,,,,,,
training_episode,3827280,3432.0026053,1115.1739786239025,10739800,583.7299194335938,28.680561065673828,4.33729887008667,3,3,9,1,0,0,0,14,0,0,LivesExhausted,,,,,,,,,
ppo_rollout,3827712,3432.2258796000024,1115.2272997970892,,,,,,,,,,,,,,,,,,,-0.006550610992902269,3.2448531319697698,0.5270914574464162,0.9941208958625793,0.04601681,0.24788411458333334
training_episode,3832290,3435.102477700002,1115.6261057358433,46871305,27389.33203125,303.4148254394531,272.8932800292969,2,34,40,27,1,4,5,146,3,1,MaxDuration,,,,,,,,,
ppo_rollout,3833856,3435.9174815000006,1115.817251328828,,,,,,,,,,,,,,,,,,,-0.008143998756228637,4.320634585618973,0.5307678853472074,0.9892395734786987,0.027507836,0.20192057291666668
training_episode,3834972,3437.0570074000025,1115.7720083615966,21736345,1482.797607421875,64.06527709960938,13.327977180480957,3,5,9,2,0,0,1,32,0,1,LivesExhausted,,,,,,,,,
training_episode,3839652,3439.4235676000026,1116.3649735293502,27705898,1414.0513916015625,61.33571243286133,12.64051342010498,3,3,14,2,1,0,0,8,0,0,LivesExhausted,,,,,,,,,
training_episode,3839796,3439.4979980000026,1116.3826820753384,31999787,28554.666015625,300.1916809082031,284.546630859375,2,36,46,28,2,2,6,162,5,1,MaxDuration,,,,,,,,,
ppo_rollout,3840000,3439.607118900003,1116.4065741403756,,,,,,,,,,,,,,,,,,,-0.01602003277124216,1.6279364079236984,0.5271760116020838,0.9977219700813293,0.048786018,0.26095377604166664
training_episode,3843246,3441.8552640000016,1116.6204576346759,46138202,587.9180908203125,29.91058921813965,4.379180908203125,3,5,3,1,0,0,1,8,0,0,LivesExhausted,,,,,,,,,
training_episode,3844812,3442.654056200001,1116.8162520064245,44986183,888.1680908203125,41.76899719238281,7.381680965423584,3,4,6,1,0,0,1,15,0,0,LivesExhausted,,,,,,,,,
ppo_rollout,3846144,3443.3493780000026,1116.977563930487,,,,,,,,,,,,,,,,,,,-0.015622519358294085,1.9739870558182397,0.5305055866638819,0.9975346922874451,0.050145987,0.2581380208333333
training_episode,3846786,3444.2259298000026,1116.8796932619844,58391495,23034.666015625,300.5920715332031,229.3466339111328,2,33,44,23,5,2,3,158,1,1,MaxDuration,,,,,,,,,
training_episode,3848850,3445.268410300003,1117.1408266750557,7179014,26254.666015625,302.5639953613281,261.546630859375,2,51,39,27,8,1,5,164,3,1,MaxDuration,,,,,,,,,
training_episode,3850056,3445.896013400001,1117.2873426906524,62790113,24077.33203125,305.4067687988281,240.27330017089844,1,32,45,24,3,4,3,150,1,1,MaxDuration,,,,,,,,,
training_episode,3851016,3446.3863757,1117.406924294092,29591020,1139.072265625,51.68733215332031,9.890722274780273,3,5,11,2,0,1,0,20,1,0,LivesExhausted,,,,,,,,,
ppo_rollout,3852288,3447.0136009000016,1117.5726138690554,,,,,,,,,,,,,,,,,,,-0.00719610044422249,5.669391868511836,0.5379281496008237,0.9919935464859009,0.039180286,0.214892578125
training_episode,3853986,3448.4209969000003,1117.6089008460938,49803717,913.04931640625,42.75883102416992,7.6304931640625,3,3,12,1,1,0,1,30,0,0,LivesExhausted,,,,,,,,,
training_episode,3854046,3448.4551382000027,1117.6152350967525,14824231,470.1319274902344,25.2504825592041,3.2013192176818848,3,4,7,1,0,0,0,12,0,0,LivesExhausted,,,,,,,,,
ppo_rollout,3858432,3450.690571400002,1118.162269309059,,,,,,,,,,,,,,,,,,,-0.014693499946345886,1.3122252295414607,0.5425886422395706,0.9984127283096313,0.09259067,0.30608723958333334
training_episode,3861342,3452.7298501000005,1118.344662814603,52631400,1399.8162841796875,60.785804748535156,11.998162269592285,4,5,13,2,1,0,1,29,1,1,LivesExhausted,,,,,,,,,
training_episode,3861894,3453.0147842000006,1118.4122401302516,31266684,1528.55712890625,65.86566162109375,13.785572052001953,3,3,15,2,0,0,1,38,2,1,LivesExhausted,,,,,,,,,
ppo_rollout,3864576,3454.3858991000016,1118.744724208974,,,,,,,,,,,,,,,,,,,-0.01290808993508108,5.026543044050535,0.5507683331767718,0.9903004169464111,0.02516673,0.19368489583333334
training_episode,3867792,3456.6207544000026,1118.951795645099,23621467,1206.5703125,53.746986389160156,10.565701484680176,3,4,13,2,0,0,0,28,1,0,LivesExhausted,,,,,,,,,
training_episode,3870684,3458.0733537000015,1119.3180722608215,39959191,1745.192626953125,73.21723175048828,15.451925277709961,4,5,14,2,1,1,0,30,0,0,LivesExhausted,,,,,,,,,
ppo_rollout,3870720,3458.097137500001,1119.320784261804,,,,,,,,,,,,,,,,,,,-0.010477659798925742,4.629720316330592,0.5556354353825251,0.989158034324646,0.022671478,0.15615234375
training_episode,3871116,3458.859596500002,1119.1885336765786,32313974,26254.666015625,301.1726379394531,261.546630859375,2,41,44,27,2,4,3,163,1,1,MaxDuration,,,,,,,,,
training_episode,3873126,3459.860739400003,1119.4456342978892,12310735,345.3938903808594,20.320369720458984,1.9539389610290527,3,3,2,1,0,0,0,0,0,0,LivesExhausted,,,,,,,,,
ppo_rollout,3876864,3461.7705535000023,1119.907844868667,,,,,,,,,,,,,,,,,,,-0.013143556859965126,1.9911850308378538,0.5611046378811201,0.9976047277450562,0.06301222,0.28997395833333334
training_episode,3877716,3462.756549200003,1119.8350056967952,32418703,798.7117919921875,38.23958969116211,6.487117290496826,3,3,13,1,0,0,1,13,2,0,LivesExhausted,,,,,,,,,
training_episode,3879426,3463.625182900003,1120.0478675212362,11682361,29750.666015625,301.4429016113281,297.0066223144531,1,41,45,30,1,2,6,138,1,1,MaxDuration,,,,,,,,,
ppo_rollout,3883008,3465.4223740000016,1120.5006434808683,,,,,,,,,,,,,,,,,,,-0.009312016875871148,3.852814041574796,0.5699291899800301,0.9949110150337219,0.036475133,0.20211588541666667
training_episode,3883026,3465.9956949000007,1120.3204913709599,42053771,26254.666015625,301.9834289550781,262.046630859375,1,35,49,27,3,0,5,183,2,1,MaxDuration,,,,,,,,,
training_episode,3883026,3465.9956949000007,1120.3204913709599,51584110,632.4920043945312,29.9805908203125,4.824920177459717,3,4,9,1,0,0,0,17,0,0,LivesExhausted,,,,,,,,,
training_episode,3885168,3467.0879719000004,1120.585353324879,26134963,363.2782287597656,17.830312728881836,2.132782459259033,3,4,6,1,0,0,0,14,0,0,LivesExhausted,,,,,,,,,
training_episode,3885792,3467.408583700002,1120.6617005756932,53259774,1580.102783203125,67.29596710205078,14.30102825164795,3,5,15,2,0,0,0,29,3,0,LivesExhausted,,,,,,,,,
training_episode,3886212,3467.6247503000013,1120.712960554277,53888148,26254.666015625,301.2727355957031,261.046630859375,3,42,45,27,4,4,2,166,1,1,MaxDuration,,,,,,,,,
training_episode,3888000,3468.5286142000004,1120.9364063143958,51479381,879.3167114257812,41.4190559387207,7.293166637420654,3,3,12,1,0,0,0,6,0,0,LivesExhausted,,,,,,,,,
ppo_rollout,3889152,3469.115376900001,1121.0788853829772,,,,,,,,,,,,,,,,,,,-0.010283182704976449,2.3357071255644164,0.5799986417094867,0.9957473874092102,0.06933039,0.2684733072916667
training_episode,3890610,3470.4082884000018,1121.0813474035726,39645004,846.3695678710938,40.1192741394043,6.963696002960205,3,3,12,1,0,0,1,7,0,0,LivesExhausted,,,,,,,,,
training_episode,3891348,3470.783037600002,1121.1729335553089,64151590,1133.383056640625,51.467369079589844,9.833830833435059,3,3,11,2,1,0,0,9,0,0,LivesExhausted,,,,,,,,,
training_episode,3892074,3471.1762037000008,1121.2550938357308,43101061,1066.0244140625,48.80781555175781,9.16024398803711,3,3,12,2,0,0,0,24,0,0,LivesExhausted,,,,,,,,,
training_episode,3894834,3472.5506074000004,1121.6061161787288,68969124,1286.6986083984375,56.91645431518555,10.866986274719238,4,5,12,2,1,0,0,15,0,0,LivesExhausted,,,,,,,,,
ppo_rollout,3895296,3472.787599700001,1121.6626091202634,,,,,,,,,,,,,,,,,,,-0.014827828333363869,1.3793871094783148,0.5926693270603816,0.9981777667999268,0.08297476,0.30369466145833335
training_episode,3895830,3473.6078392000018,1121.551476259116,33256535,660.680419921875,31.2606201171875,5.106803894042969,3,4,10,1,0,0,0,4,0,0,LivesExhausted,,,,,,,,,
training_episode,3899040,3475.1992686000012,1121.9615620979182,37864611,1653.7215576171875,70.20658874511719,15.037215232849121,3,5,14,2,0,0,1,31,1,1,LivesExhausted,,,,,,,,,
ppo_rollout,3901440,3476.410417000003,1122.2610486154222,,,,,,,,,,,,,,,,,,,-0.008119216155804073,2.1986571272214253,0.6000585526227951,0.9962490797042847,0.07353365,0.2918782552083333
training_episode,3903306,3477.919025500003,1122.3107758924436,31057226,1663.1673583984375,70.57666778564453,15.131674766540527,3,4,11,2,0,1,0,24,1,0,LivesExhausted,,,,,,,,,
training_episode,3903384,3477.964368000001,1122.3185711487424,6445911,746.7913818359375,36.18993377685547,5.96791410446167,3,4,11,1,0,1,1,6,0,0,LivesExhausted,,,,,,,,,
training_episode,3903966,3478.264134300003,1122.3891715128957,9587781,26254.666015625,301.4228820800781,261.046630859375,3,39,44,27,4,0,4,147,2,1,MaxDuration,,,,,,,,,
training_episode,3906684,3479.6188938000014,1122.7332990290818,63104300,478.1780700683594,22.610422134399414,3.28178071975708,3,5,8,1,0,0,0,10,1,0,LivesExhausted,,,,,,,,,
training_episode,3907518,3480.0351493000016,1122.8386589100933,41530126,27389.33203125,303.2947082519531,272.3932800292969,3,32,49,27,1,2,1,179,2,1,MaxDuration,,,,,,,,,
ppo_rollout,3907584,3480.075088900001,1122.844737593041,,,,,,,,,,,,,,,,,,,-0.005407320257897179,3.9783743838469188,0.6021875143051147,0.9939302206039429,0.036468994,0.24293619791666668
training_episode,3910308,3482.072252400001,1122.9830160200838,18594475,1305.55712890625,57.65633010864258,11.055571556091309,4,5,12,2,1,0,0,21,0,0,LivesExhausted,,,,,,,,,
training_episode,3913308,3483.6217539000027,1123.3446902261855,38283527,1242.2724609375,55.166748046875,10.922724723815918,3,4,11,2,1,1,0,14,0,0,LivesExhausted,,,,,,,,,
ppo_rollout,3913728,3483.859140800003,1123.3887025355698,,,,,,,,,,,,,,,,,,,-0.010011018246101837,3.949098427097003,0.605022222797076,0.9950294494628906,0.058879796,0.20431315104166667
training_episode,3915606,3485.4189136000023,1123.4247868230186,2361480,1581.438720703125,67.3559799194336,14.314388275146484,3,3,8,2,0,0,0,23,1,0,LivesExhausted,,,,,,,,,
ppo_rollout,3919872,3487.609546300002,1123.942330115074,,,,,,,,,,,,,,,,,,,-0.011985801270930097,2.856699558595816,0.6088071097930272,0.9954908490180969,0.04604733,0.23738606770833334
training_episode,3922686,3489.616333400001,1124.102372646236,70854246,1338.43603515625,58.956111907958984,11.884359359741211,3,3,14,2,0,0,0,20,0,0,LivesExhausted,,,,,,,,,
ppo_rollout,3926016,3491.321899900002,1124.5070241482026,,,,,,,,,,,,,,,,,,,-0.012147148371635315,2.253263758122921,0.6134294708569844,0.9960339069366455,0.069808505,0.2687174479166667
training_episode,3927804,3492.8190587999998,1124.536923865001,54411793,29750.666015625,303.7751770019531,296.5066223144531,2,40,42,30,2,3,4,127,2,1,MaxDuration,,,,,,,,,
training_episode,3930192,3494.080147200002,1124.8144960697248,72948826,393.2870788574219,19.870359420776367,2.432870626449585,3,4,5,1,0,0,0,1,0,0,LivesExhausted,,,,,,,,,
training_episode,3932100,3495.115660800002,1125.0271469127795,5712808,26254.666015625,302.1936340332031,261.546630859375,2,36,41,27,3,3,5,167,3,1,MaxDuration,,,,,,,,,
ppo_rollout,3932160,3495.156592800002,1125.031138261508,,,,,,,,,,,,,,,,,,,-0.009545336481338988,2.143743695318699,0.6102674861749013,0.9950265288352966,0.057234567,0.270556640625
training_episode,3932370,3495.843464200003,1124.8701608840179,35246386,352.1400146484375,18.130319595336914,2.021399974822998,3,3,5,1,0,0,1,0,0,0,LivesExhausted,,,,,,,,,
training_episode,3936168,3497.840173300003,1125.3138522582813,5503350,689.1483764648438,33.90031814575195,5.391483783721924,3,4,4,1,0,0,0,22,0,0,LivesExhausted,,,,,,,,,
training_episode,3937848,3498.699299600001,1125.51770323623,42996332,986.0729370117188,45.63834762573242,8.360729217529297,3,5,9,1,0,1,0,14,0,0,LivesExhausted,,,,,,,,,
ppo_rollout,3938304,3498.9331365,1125.5728092990953,,,,,,,,,,,,,,,,,,,-0.01608309974253643,3.525978363553683,0.6105300525824229,0.9918107986450195,0.044556048,0.23448893229166667
training_episode,3940014,3500.367749300003,1125.600017537562,54202335,27389.33203125,305.8572082519531,272.3932800292969,3,43,41,27,3,5,2,169,2,1,MaxDuration,,,,,,,,,
training_episode,3941064,3500.9024131000006,1125.7280366493399,71063704,863.5317993164062,40.79916000366211,7.135317802429199,3,4,10,1,0,0,1,19,0,0,LivesExhausted,,,,,,,,,
training_episode,3943164,3501.945786700002,1125.9923026152192,59229327,951.1426391601562,44.25857925415039,8.011425971984863,3,4,6,1,0,1,1,21,0,0,LivesExhausted,,,,,,,,,
training_episode,3944406,3502.590428200001,1126.1396617323169,60381346,766.7061157226562,36.559871673583984,6.167060852050781,3,3,10,1,0,0,0,14,0,0,LivesExhausted,,,,,,,,,
ppo_rollout,3944448,3502.6155972000015,1126.1435605874651,,,,,,,,,,,,,,,,,,,-0.010280042653903365,1.8641445601979891,0.6083826392889022,0.9980285167694092,0.061123285,0.293798828125
training_episode,3946674,3504.3101021,1126.2342329906558,20270139,27389.33203125,302.9944152832031,273.3932800292969,1,27,45,27,3,2,3,188,2,1,MaxDuration,,,,,,,,,
training_episode,3947358,3504.661339000002,1126.3165305228363,55040167,1157.4442138671875,52.41720962524414,10.074442863464355,3,5,15,2,0,2,0,13,0,0,LivesExhausted,,,,,,,,,
training_episode,3948726,3505.3825604000012,1126.475051427599,56401644,342.6311340332031,17.06029510498047,1.9263112545013428,3,3,5,1,0,0,0,10,0,0,LivesExhausted,,,,,,,,,
training_episode,3949806,3505.9185603000005,1126.6108815893363,19537036,27389.33203125,304.0954895019531,272.3932800292969,3,47,40,27,3,5,6,176,5,1,MaxDuration,,,,,,,,,
training_episode,3950058,3506.055319500003,1126.6388120091945,43415248,1022.6224975585938,47.07810592651367,7.726224899291992,5,5,5,2,2,0,0,19,2,0,LivesExhausted,,,,,,,,,
training_episode,3950286,3506.1776498,1126.6645317373846,39016630,1347.4791259765625,59.3160514831543,11.974791526794434,3,6,11,2,0,1,0,41,0,0,LivesExhausted,,,,,,,,,
ppo_rollout,3950592,3506.336285100002,1126.7008292353019,,,,,,,,,,,,,,,,,,,-0.016512602431854855,1.909240653614203,0.6049545049667359,0.9979278445243835,0.059345335,0.27093098958333334
training_episode,3952032,3507.6136625,1126.701050988394,10216155,816.0599365234375,38.91947555541992,6.660599231719971,3,4,10,1,0,0,0,4,1,0,LivesExhausted,,,,,,,,,
training_episode,3953160,3508.198751300002,1126.8346750693963,73158284,538.4391479492188,27.950544357299805,3.8843913078308105,3,3,6,1,0,0,1,11,0,0,LivesExhausted,,,,,,,,,
training_episode,3954630,3508.9492226,1127.012603810142,43519977,746.1898193359375,36.15993881225586,5.961898326873779,3,3,4,1,0,0,0,26,0,0,LivesExhausted,,,,,,,,,
training_episode,3955428,3509.3894315,1127.0986241926853,15138418,1259.289306640625,55.83663558959961,11.092893600463867,3,4,13,2,0,1,0,27,0,0,LivesExhausted,,,,,,,,,
ppo_rollout,3956736,3510.0753594000016,1127.2510116923384,,,,,,,,,,,,,,,,,,,-0.01870738240686478,1.7042793144782384,0.6062084515889485,0.9983906745910645,0.06267499,0.27236328125
training_episode,3958278,3511.417650700001,1127.2592422068954,10006697,1147.781005859375,52.02727508544922,9.977808952331543,3,3,11,2,0,0,1,14,0,0,LivesExhausted,,,,,,,,,
training_episode,3959094,3511.8249037000023,1127.3608760587017,49070614,27389.33203125,303.3447570800781,272.8932800292969,2,38,45,27,2,2,3,168,2,1,MaxDuration,,,,,,,,,
training_episode,3960084,3512.3293556000026,1127.4808251356337,64779964,980.2670288085938,45.41838455200195,8.3026704788208,3,4,11,1,0,0,0,23,0,0,LivesExhausted,,,,,,,,,
ppo_rollout,3962880,3513.7369150000013,1127.8249043298106,,,,,,,,,,,,,,,,,,,-0.010445541366546724,2.823849554856618,0.6121433546145757,0.9940967559814453,0.040154185,0.24112955729166666
ppo_rollout,3969024,3517.391203000003,1128.3999336254656,,,,,,,,,,,,,,,,,,,-0.009660463236893216,4.812865554292997,0.6191822995742162,0.9917292594909668,0.02560099,0.179150390625
ppo_rollout,3975168,3521.130392700001,1128.9465474613803,,,,,,,,,,,,,,,,,,,-0.011747027790018667,7.60645692050457,0.6207009146610896,0.9786938428878784,0.024875803,0.15950520833333334
ppo_rollout,3981312,3524.8278572000017,1129.5053719765517,,,,,,,,,,,,,,,,,,,-0.016905237348206963,1.4617204959193866,0.6212108333905538,0.9009579420089722,0.06294118,0.2884440104166667
training_episode,3986610,3528.069577600003,1129.9692118634243,4874976,27389.33203125,304.5459289550781,272.8932800292969,2,29,40,27,2,5,5,121,4,1,MaxDuration,,,,,,,,,
ppo_rollout,3987456,3528.5199487000027,1130.0647461180095,,,,,,,,,,,,,,,,,,,-0.013897888519568368,1.7522556920846304,0.6212061733007431,0.7986593246459961,0.059199374,0.2879231770833333
training_episode,3989256,3529.983098800003,1130.106260666269,20165410,29750.666015625,300.7622375488281,297.5066223144531,0,31,47,30,4,1,4,167,3,1,MaxDuration,,,,,,,,,
training_episode,3991650,3531.1999920000017,1130.3947692124932,51374652,893.562255859375,41.97896194458008,7.435622692108154,3,3,9,1,0,0,0,27,0,0,LivesExhausted,,,,,,,,,
training_episode,3992058,3531.414336400001,1130.4416926815754,58600953,27389.33203125,305.1965637207031,272.3932800292969,3,31,41,27,4,1,6,167,4,1,MaxDuration,,,,,,,,,
ppo_rollout,3993600,3532.191121400003,1130.6296467947395,,,,,,,,,,,,,,,,,,,-0.015080167803292473,2.4061064809560775,0.6259236435095469,0.9811959862709045,0.055834364,0.2850423177083333
training_episode,3994464,3533.1594755000006,1130.5643087154217,5084434,26254.666015625,301.5229797363281,261.546630859375,2,25,47,27,2,4,6,125,2,1,MaxDuration,,,,,,,,,
training_episode,3995286,3533.583945100003,1130.6611253824142,2256751,1102.6513671875,50.24757385253906,9.526514053344727,3,4,12,2,0,1,1,18,0,0,LivesExhausted,,,,,,,,,
training_episode,3995418,3533.658616500001,1130.6745879027103,54725980,26254.666015625,302.6440734863281,261.546630859375,2,43,44,27,3,2,3,131,2,1,MaxDuration,,,,,,,,,
training_episode,3996510,3534.228611600003,1130.8012127123588,18803933,27389.33203125,303.5249328613281,272.8932800292969,2,43,43,27,2,3,2,161,1,1,MaxDuration,,,,,,,,,
training_episode,3998904,3535.401813100001,1131.1031139890656,16185708,610.1036987304688,29.040569305419922,4.60103702545166,3,4,8,1,0,0,0,7,1,0,LivesExhausted,,,,,,,,,
ppo_rollout,3999744,3535.8227929000022,1131.2060118034083,,,,,,,,,,,,,,,,,,,-0.016412409001107638,2.4720359325408934,0.6296913226445516,0.998130202293396,0.056449328,0.28924153645833334
training_episode,3999786,3536.400125,1131.0332141785002,68445479,786.9163818359375,37.49971389770508,6.369163513183594,3,4,11,1,0,0,1,19,0,0,LivesExhausted,,,,,,,,,
validation,4000002,,,,,,,,,,,,,,,,,,8708.602969055175,1288.8872680664062,11840.595668632714,,,,,,
training_episode,4000848,3660.5859560999997,1092.95289005111,52736129,1745.6885986328125,73.23723602294922,15.456886291503906,4,4,14,2,1,0,0,43,0,0,LivesExhausted,,,,,,,,,
training_episode,4000986,3660.6591485000026,1092.968735327202,66560357,1860.1385498046875,77.76820373535156,16.60138511657715,4,6,14,2,1,1,0,43,0,0,LivesExhausted,,,,,,,,,
training_episode,4004046,3662.1854147000013,1093.3487922069078,3513499,728.4781494140625,35.46005630493164,5.784781455993652,3,4,4,1,0,0,0,15,0,0,LivesExhausted,,,,,,,,,
training_episode,4005630,3662.9999892000014,1093.5380867622741,52003026,1815.0218505859375,75.97782135009766,16.650218963623047,3,4,18,2,0,1,0,34,0,0,LivesExhausted,,,,,,,,,
ppo_rollout,4005888,3663.138746200002,1093.5670957469335,,,,,,,,,,,,,,,,,,,-0.005230292891307424,3.2662210325400034,0.6333484609921773,0.9943646192550659,0.05436547,0.27130533854166666
training_episode,4008294,3664.8925122,1093.7002890690126,59962430,392.6061096191406,22.190412521362305,2.4260611534118652,3,4,1,1,0,0,1,5,0,0,LivesExhausted,,,,,,,,,
training_episode,4009158,3665.348686700003,1093.7998926398286,24145112,908.9307250976562,42.58885955810547,7.589306831359863,3,5,9,1,1,1,0,24,1,0,LivesExhausted,,,,,,,,,
training_episode,4009968,3665.757055000002,1093.8990063540907,58182037,1786.3585205078125,74.84757995605469,16.363584518432617,3,5,19,2,3,2,0,42,0,0,LivesExhausted,,,,,,,,,
training_episode,4010796,3666.176958,1093.9995657460024,45719286,2004.3153076171875,82.85929107666016,18.543153762817383,3,6,18,3,0,1,0,28,0,0,LivesExhausted,,,,,,,,,
ppo_rollout,4012032,3666.7981898,1094.1512983071561,,,,,,,,,,,,,,,,,,,-0.009038200117841674,1.4960760613282522,0.6284749507904053,0.996901273727417,0.0653357,0.29931640625
training_episode,4012878,3667.825723500002,1094.0754284723032,56087457,270.3117370605469,17.35030174255371,1.2031173706054688,3,3,4,1,0,0,0,0,0,0,LivesExhausted,,,,,,,,,
training_episode,4015602,3669.2137992000025,1094.40392949452,5189163,1402.9031982421875,60.89578628540039,12.529032707214355,3,4,14,2,0,1,1,26,0,1,LivesExhausted,,,,,,,,,
training_episode,4016196,3669.5131065000023,1094.4765377417239,25297131,1329.7694091796875,58.61616897583008,11.797694206237793,3,4,14,2,0,0,0,23,0,0,LivesExhausted,,,,,,,,,
ppo_rollout,4018176,3670.5356857000006,1094.7110569321985,,,,,,,,,,,,,,,,,,,-0.004381923261098564,4.350816823045412,0.6275100668271383,0.9916099309921265,0.030151159,0.23377278645833333
training_episode,4018230,3671.1257603000013,1094.5498090677322,17442456,449.4152526855469,21.86040496826172,2.994152307510376,3,3,7,1,0,0,0,11,0,0,LivesExhausted,,,,,,,,,
training_episode,4023318,3673.701307500003,1095.1674246858995,24354570,1347.588134765625,59.3260498046875,11.975881576538086,3,5,14,2,1,1,0,11,0,0,LivesExhausted,,,,,,,,,
ppo_rollout,4024320,3674.2142962,1095.287230296309,,,,,,,,,,,,,,,,,,,-0.008992513154710953,2.4914623126387596,0.6210683802763621,0.9955971837043762,0.055213347,0.22677408854166667
training_episode,4028508,3676.8989161000027,1095.6265298348046,70749517,925.359375,43.23875045776367,7.753593444824219,3,3,10,1,0,0,1,18,0,0,LivesExhausted,,,,,,,,,
training_episode,4030092,3677.7048673000027,1095.8171319926232,3094583,2470.049072265625,98.85270690917969,23.200490951538086,3,5,19,3,1,1,0,63,0,0,LivesExhausted,,,,,,,,,
ppo_rollout,4030464,3677.897283800001,1095.860946892929,,,,,,,,,,,,,,,,,,,-0.012438807194121182,2.682319316267967,0.6130351066589356,0.9953926801681519,0.03799498,0.25218098958333335
training_episode,4030686,3678.5920055000024,1095.7143368912803,71692078,29750.666015625,301.7932434082031,297.5066223144531,0,42,44,30,3,3,3,106,2,1,MaxDuration,,,,,,,,,
training_episode,4033674,3680.159847500003,1096.0594558793814,15766792,586.2531127929688,29.83058738708496,4.362530708312988,3,3,3,1,1,0,0,8,0,0,LivesExhausted,,,,,,,,,
training_episode,4035078,3680.9244475000014,1096.2132088151202,29172104,23034.666015625,301.4328918457031,228.8466339111328,3,36,41,23,4,3,6,152,1,1,MaxDuration,,,,,,,,,
training_episode,4035522,3681.1639221000005,1096.2625097384548,52421942,1324.8883056640625,58.42620086669922,11.748882293701172,3,4,14,2,2,1,1,23,0,0,LivesExhausted,,,,,,,,,
training_episode,4035978,3681.392555600003,1096.3182923431011,14405315,946.4759521484375,44.06861114501953,7.96475887298584,3,3,11,1,0,0,1,8,0,0,LivesExhausted,,,,,,,,,
ppo_rollout,4036608,3681.7379991000016,1096.386543797181,,,,,,,,,,,,,,,,,,,-0.01307405838354801,3.7146960268417994,0.6122042089700699,0.9943946003913879,0.033441108,0.21295572916666666
training_episode,4040574,3684.334017100002,1096.69046868351,32942348,1300.6763916015625,57.47636032104492,11.50676441192627,3,4,13,2,0,1,0,26,0,0,LivesExhausted,,,,,,,,,
training_episode,4042314,3685.2064604000007,1096.9029940214634,12939109,1166.466796875,52.76715087890625,9.664668083190918,4,5,7,2,1,0,1,18,1,0,LivesExhausted,,,,,,,,,
ppo_rollout,4042752,3685.428490000002,1096.9557572395056,,,,,,,,,,,,,,,,,,,-0.017107827022361258,4.318913261095683,0.6161399642626445,0.99483722448349,0.03625026,0.19352213541666666
training_episode,4045986,3687.6085542,1097.1842429945082,47813866,29750.666015625,300.1216125488281,297.0066223144531,1,40,41,30,2,4,6,139,1,1,MaxDuration,,,,,,,,,
training_episode,4046832,3688.031885100001,1097.2876932950567,22678906,782.9296875,37.619693756103516,6.329297065734863,3,3,6,1,0,0,0,16,1,0,LivesExhausted,,,,,,,,,
ppo_rollout,4048896,3689.0836831000015,1097.534333132189,,,,,,,,,,,,,,,,,,,-0.01439958051002274,5.263705692688624,0.6200612346331279,0.9924982190132141,0.035779264,0.19215494791666668
training_episode,4049256,3689.844535,1097.4055848670057,48232782,27389.33203125,303.0945129394531,273.3932800292969,1,44,44,27,1,3,2,193,0,1,MaxDuration,,,,,,,,,
training_episode,4052334,3691.471439000001,1097.7557505084626,60590804,991.27490234375,45.838314056396484,8.412748336791992,3,4,11,1,0,0,1,29,1,0,LivesExhausted,,,,,,,,,
training_episode,4052568,3691.599155,1097.7811592873225,71796807,1233.6552734375,54.81680679321289,10.836552619934082,3,3,15,2,1,0,0,14,0,0,LivesExhausted,,,,,,,,,
ppo_rollout,4055040,3692.903996300003,1098.0626639801167,,,,,,,,,,,,,,,,,,,-0.010084633903655533,4.774619350830714,0.6242168347040812,0.9916592240333557,0.023842903,0.18028971354166667
training_episode,4055424,3693.679144400001,1097.9361881360057,42263229,1131.224609375,51.377384185791016,9.312246322631836,4,4,12,2,1,0,1,8,1,0,LivesExhausted,,,,,,,,,
training_episode,4060158,3696.1090783,1098.4951780339345,39749733,828.7134399414062,39.41939163208008,6.787134170532227,3,3,11,1,0,0,0,9,0,0,LivesExhausted,,,,,,,,,
ppo_rollout,4061184,3696.6330615000006,1098.6170205251785,,,,,,,,,,,,,,,,,,,-0.013944970965773488,2.446528501311938,0.6333923002084096,0.9959657192230225,0.07815906,0.25763346354166666
ppo_rollout,4067328,3700.353180000002,1099.172917326772,,,,,,,,,,,,,,,,,,,-0.008177212777081878,4.1326364775498705,0.6387548893690109,0.9927685260772705,0.042508125,0.24886067708333334
training_episode,4071108,3702.8177805000014,1099.4621505383036,13986399,26254.666015625,300.1916809082031,261.546630859375,2,35,43,27,2,2,5,128,4,1,MaxDuration,,,,,,,,,
training_episode,4071882,3703.2132747000032,1099.553738321988,9483052,24077.33203125,302.9643859863281,238.27330017089844,5,30,45,24,3,2,5,124,3,1,MaxDuration,,,,,,,,,
ppo_rollout,4073472,3704.0551514,1099.7330853619644,,,,,,,,,,,,,,,,,,,-0.01652199779637158,1.3447668773432573,0.6427849431832632,0.9971420168876648,0.089544594,0.307421875
training_episode,4073778,3704.768401000001,1099.6039587522919,48337511,452.96514892578125,22.23041343688965,3.029651403427124,3,4,6,1,0,0,0,7,0,0,LivesExhausted,,,,,,,,,
training_episode,4076454,3706.136728200003,1099.9200242619902,43938893,462.026123046875,22.3004150390625,3.1202611923217773,3,3,7,1,0,0,0,0,0,0,LivesExhausted,,,,,,,,,
training_episode,4076868,3706.3558729000033,1099.9666896017982,39121359,882.48583984375,41.549034118652344,7.324858665466309,3,4,8,1,0,0,0,21,0,0,LivesExhausted,,,,,,,,,
training_episode,4077366,3706.616339600001,1100.023748462731,31685600,28554.666015625,306.5879211425781,284.546630859375,2,36,42,28,6,2,3,110,6,1,MaxDuration,,,,,,,,,
ppo_rollout,4079616,3707.7582747000015,1100.291792978356,,,,,,,,,,,,,,,,,,,-0.007429372121502335,3.1107322295506794,0.6565002709627151,0.9924459457397461,0.053074982,0.25263671875
training_episode,4080678,3708.8487432,1100.2546295482475,66769815,721.6688232421875,35.190101623535156,5.71668815612793,3,4,9,1,0,0,0,24,1,0,LivesExhausted,,,,,,,,,
training_episode,4081530,3709.3031229000007,1100.3495440429213,66036712,708.945068359375,34.6801872253418,5.589450359344482,3,5,10,1,0,0,1,5,0,0,LivesExhausted,,,,,,,,,
training_episode,4083246,3710.1725928000014,1100.5541919866446,19013391,435.080078125,21.360393524169922,2.8508009910583496,3,3,6,1,0,0,0,12,0,0,LivesExhausted,,,,,,,,,
ppo_rollout,4085760,3711.430619300001,1100.8585149762546,,,,,,,,,,,,,,,,,,,-0.015428273860986033,1.4652848954002062,0.6610581537087759,0.9985982775688171,0.079055205,0.31525065104166666
training_episode,4086522,3712.370252200002,1100.7851378989665,58496224,1942.9130859375,80.42877197265625,17.92913055419922,3,6,16,2,0,2,0,31,0,0,LivesExhausted,,,,,,,,,
training_episode,4087404,3712.8071904000026,1100.8931491429373,7283743,707.8488159179688,34.640193939208984,5.578487873077393,3,3,11,1,0,0,0,7,0,0,LivesExhausted,,,,,,,,,
training_episode,4088100,3713.153750100002,1100.9778412461105,73472471,1231.7225341796875,54.74681854248047,10.817224502563477,3,4,14,2,0,1,0,9,1,0,LivesExhausted,,,,,,,,,
training_episode,4088364,3713.2905793000027,1101.0083678317205,11263445,26254.666015625,300.2217102050781,261.546630859375,2,45,47,27,1,5,2,174,1,1,MaxDuration,,,,,,,,,
training_episode,4088700,3713.466425900002,1101.0467124417466,52840858,26254.666015625,301.0825500488281,260.546630859375,4,44,44,27,6,1,3,155,1,1,MaxDuration,,,,,,,,,
training_episode,4091172,3714.7320201,1101.337048773135,48023324,521.986328125,25.580490112304688,3.719862937927246,3,3,8,1,0,0,0,23,0,0,LivesExhausted,,,,,,,,,
ppo_rollout,4091904,3715.100384600002,1101.4248812661808,,,,,,,,,,,,,,,,,,,-0.015856290992815048,1.7982768788933754,0.6639230618874232,0.9982016682624817,0.062289927,0.306884765625
training_episode,4092366,3715.8840898000017,1101.3169143874618,68236021,877.0765991210938,41.33906936645508,7.27076530456543,3,5,10,1,0,1,0,21,0,0,LivesExhausted,,,,,,,,,
training_episode,4095168,3717.281295800003,1101.656741615695,37026779,494.4471130371094,23.350439071655273,3.4444708824157715,3,3,8,1,0,0,0,9,0,0,LivesExhausted,,,,,,,,,
training_episode,4096416,3717.911807800003,1101.8055865138901,22574177,25150.666015625,302.1035461425781,250.5066375732422,2,45,40,26,3,7,1,122,2,1,MaxDuration,,,,,,,,,
ppo_rollout,4098048,3718.7248161000025,1102.0035637640462,,,,,,,,,,,,,,,,,,,-0.013763173626891027,1.8786895632743836,0.6715271532535553,0.9977231621742249,0.06731358,0.28509114583333334
training_episode,4099002,3719.7425785000014,1101.9585128530416,72844097,639.3992919921875,31.940635681152344,4.8939924240112305,3,4,8,1,0,0,1,7,0,0,LivesExhausted,,,,,,,,,
training_episode,4099206,3719.8458468000026,1101.9827618734098,42682145,2138.18017578125,87.54029083251953,19.88180160522461,3,3,18,3,2,0,0,38,0,0,LivesExhausted,,,,,,,,,
training_episode,4099806,3720.152763500002,1102.0531307813317,57763121,545.8089599609375,28.240550994873047,3.9580893516540527,3,5,7,1,0,0,0,10,0,0,LivesExhausted,,,,,,,,,
training_episode,4102128,3721.3518662000024,1102.3219914403903,34408554,394.5747375488281,19.32034683227539,2.4457473754882812,3,4,6,1,0,0,0,10,0,0,LivesExhausted,,,,,,,,,
ppo_rollout,4104192,3722.3911394000024,1102.5687108909083,,,,,,,,,,,,,,,,,,,-0.010034536155095945,4.432768537600835,0.6748912592728933,0.9919046759605408,0.035397325,0.22247721354166666
training_episode,4106802,3724.2621768000026,1102.7155997724863,8645220,815.664794921875,38.90947723388672,6.6566481590271,3,5,11,1,0,0,0,17,1,0,LivesExhausted,,,,,,,,,
training_episode,4110084,3725.9167634000005,1103.1067683459028,65827254,569.701416015625,27.340530395507812,4.197013854980469,3,3,10,1,0,0,0,10,0,0,LivesExhausted,,,,,,,,,
ppo_rollout,4110336,3726.0518138000007,1103.134418253859,,,,,,,,,,,,,,,,,,,-0.009899763658177107,3.730204737186432,0.6785112584630648,0.9940807223320007,0.041193794,0.203515625
training_episode,4115958,3729.4094264000014,1103.6487361413504,37550424,1069.6488037109375,48.947792053222656,9.196487426757812,3,4,6,2,0,0,2,16,0,1,LivesExhausted,,,,,,,,,
ppo_rollout,4116480,3729.678072300001,1103.7091996150402,,,,,,,,,,,,,,,,,,,-0.006229105485059941,2.5868724013368287,0.6828562065958976,0.9931950569152832,0.04606538,0.23157552083333333
ppo_rollout,4122624,3733.3802209000023,1104.2604171203766,,,,,,,,,,,,,,,,,,,-0.012125191969486575,2.9982138867179553,0.689077015221119,0.9873422980308533,0.05561016,0.27268880208333335
training_episode,4122912,3734.095914100002,1104.1258968286868,58810411,27389.33203125,303.2346496582031,272.8932800292969,2,41,48,27,3,2,7,122,2,1,MaxDuration,,,,,,,,,
training_episode,4124496,3734.904631600002,1104.3109280766562,68131292,26254.666015625,301.0725402832031,262.046630859375,1,30,40,27,3,4,5,154,2,1,MaxDuration,,,,,,,,,
training_episode,4126782,3736.0575887000014,1104.582009785335,6341182,669.2530517578125,32.210601806640625,5.192530632019043,3,4,9,1,0,0,1,0,0,0,LivesExhausted,,,,,,,,,
training_episode,4127916,3736.6232751000025,1104.7182699705058,10949258,26254.666015625,306.1575012207031,261.546630859375,2,34,44,27,1,3,2,178,0,1,MaxDuration,,,,,,,,,
ppo_rollout,4128768,3737.0636522000023,1104.8160760037904,,,,,,,,,,,,,,,,,,,-0.011449818332524349,2.728494707743327,0.6964248796304067,0.9745819568634033,0.052549914,0.2574869791666667
training_episode,4130826,3738.657884700002,1104.8954270207225,53469232,1165.7274169921875,52.73715591430664,10.157273292541504,3,3,14,2,0,0,0,17,2,0,LivesExhausted,,,,,,,,,
training_episode,4134420,3740.4910144000023,1105.31477928525,35036928,1217.0018310546875,54.16691589355469,10.170019149780273,4,4,11,2,1,0,0,19,1,0,LivesExhausted,,,,,,,,,
ppo_rollout,4134912,3740.7518474000026,1105.369232892034,,,,,,,,,,,,,,,,,,,-0.018660190074782198,2.397737003862858,0.7017058650652568,0.9961467981338501,0.061145213,0.2757649739583333
training_episode,4135506,3741.6177056000015,1105.2721911729448,74205574,27389.33203125,302.4739074707031,272.8932800292969,2,45,43,27,2,1,4,146,0,1,MaxDuration,,,,,,,,,
training_episode,4135734,3741.7385286000026,1105.2974355071822,12729651,27389.33203125,306.0674133300781,273.3932800292969,1,34,47,27,2,4,2,158,3,1,MaxDuration,,,,,,,,,
training_episode,4137660,3742.7092333,1105.5253673424602,55773270,1287.4915771484375,56.946449279785156,11.37491512298584,3,3,14,2,0,0,2,16,0,1,LivesExhausted,,,,,,,,,
training_episode,4138074,3742.9171913000027,1105.5745528163154,30114665,446.02227783203125,21.360393524169922,2.9602229595184326,3,3,7,1,0,0,2,19,0,1,LivesExhausted,,,,,,,,,
training_episode,4138932,3743.338617100002,1105.6792941714868,21003242,782.4473266601562,37.589698791503906,6.3244733810424805,3,4,6,1,0,0,0,18,0,0,LivesExhausted,,,,,,,,,
training_episode,4140450,3744.100806300001,1105.8596480717301,62580655,498.7419128417969,23.240436553955078,3.4874188899993896,3,4,8,1,0,0,0,0,0,0,LivesExhausted,,,,,,,,,
ppo_rollout,4141056,3744.4238931,1105.9260698637486,,,,,,,,,,,,,,,,,,,-0.01745297384914011,3.552511223157247,0.7079706976811091,0.9952893257141113,0.05165543,0.25234375
training_episode,4143048,3746.0028469999997,1105.9916847948941,7807388,878.9465942382812,41.4090576171875,7.28946590423584,3,5,11,1,0,1,0,10,0,0,LivesExhausted,,,,,,,,,
training_episode,4143516,3746.281524000002,1106.034336569522,62057010,476.80487060546875,25.520488739013672,3.2680487632751465,3,3,5,1,0,0,0,2,0,0,LivesExhausted,,,,,,,,,
training_episode,4146330,3747.7399895000017,1106.3547662369117,47394950,537.1549072265625,27.32052993774414,3.871549129486084,3,3,7,1,0,0,0,10,0,0,LivesExhausted,,,,,,,,,
ppo_rollout,4147200,3748.2030643,1106.4501919600548,,,,,,,,,,,,,,,,,,,-0.008480808711222683,4.176529055833816,0.7066011071205139,0.9927025437355042,0.057376,0.26070963541666664
training_episode,4148196,3749.2700839999998,1106.4009546024479,27182253,817.9020385742188,38.989463806152344,6.679019927978516,3,3,11,1,0,0,0,19,0,0,LivesExhausted,,,,,,,,,
training_episode,4150674,3750.5422029,1106.6863870484137,17861372,422.0148010253906,20.620376586914062,2.7201480865478516,3,4,6,1,0,0,0,12,0,0,LivesExhausted,,,,,,,,,
training_episode,4152486,3751.4612374000026,1106.898282355153,15347876,30977.33203125,304.3457336425781,309.2732849121094,1,33,38,31,2,3,6,130,4,1,MaxDuration,,,,,,,,,
ppo_rollout,4153344,3751.8995048000033,1106.9976673645997,,,,,,,,,,,,,,,,,,,-0.009658772440161556,2.5655381957689922,0.6996959701180459,0.9954924583435059,0.067326516,0.27054036458333336
training_episode,4155354,3753.445040100003,1107.0773530999375,5922266,1795.0726318359375,75.18765258789062,16.450725555419922,3,5,13,2,0,2,0,43,0,0,LivesExhausted,,,,,,,,,
training_episode,4156566,3754.066107100003,1107.2170498379758,58077308,691.6734008789062,34.000301361083984,5.416734218597412,3,3,6,1,0,0,0,9,0,0,LivesExhausted,,,,,,,,,
ppo_rollout,4159488,3755.5640233000013,1107.5534791030063,,,,,,,,,,,,,,,,,,,-0.011741565876097109,5.622109390298525,0.6982143392165502,0.9905681610107422,0.033124458,0.217431640625
training_episode,4163322,3758.145332400003,1107.8129321149072,13043838,27389.33203125,304.4658508300781,271.3932800292969,5,36,45,27,5,3,4,132,2,1,MaxDuration,,,,,,,,,
training_episode,4163718,3758.365258900001,1107.8534717029172,34722741,1368.9190673828125,59.566009521484375,12.189189910888672,3,4,14,2,0,0,0,18,2,0,LivesExhausted,,,,,,,,,
ppo_rollout,4165632,3759.3811649000017,1108.0632203228065,,,,,,,,,,,,,,,,,,,-0.009606469240194808,1.8378685906529426,0.7023994872967402,0.9960726499557495,0.071930915,0.31765950520833336
training_episode,4167492,3760.885752000002,1108.114490790838,23830925,626.7797241210938,31.440624237060547,4.767796993255615,3,5,5,1,0,1,0,13,0,0,LivesExhausted,,,,,,,,,
training_episode,4170012,3762.187988700003,1108.4007531056197,63732674,430.6727600097656,20.97038459777832,2.806727886199951,3,4,7,1,0,0,0,0,0,0,LivesExhausted,,,,,,,,,
training_episode,4171752,3763.063820700001,1108.6051682280465,36607863,25150.666015625,300.1015930175781,250.0066375732422,3,43,44,26,1,3,6,140,1,1,MaxDuration,,,,,,,,,
ppo_rollout,4171776,3763.0814019000027,1108.6063665520614,,,,,,,,,,,,,,,,,,,-0.012254824046976864,2.6901077459255855,0.7096700529257457,0.9946622252464294,0.062514886,0.2760416666666667
training_episode,4173474,3764.513015700002,1108.6358268903348,52107755,560.2543334960938,28.810564041137695,4.102543354034424,3,4,8,1,0,0,0,13,0,0,LivesExhausted,,,,,,,,,
training_episode,4174182,3764.8698753999997,1108.7187972350605,22050532,343.5923156738281,20.250368118286133,1.9359230995178223,3,3,3,1,0,0,0,9,0,0,LivesExhausted,,,,,,,,,
training_episode,4175574,3765.589533000002,1108.876568571022,45405099,24077.33203125,305.3066711425781,239.27330017089844,3,36,46,24,5,1,2,111,4,1,MaxDuration,,,,,,,,,
training_episode,4177776,3766.731939700003,1109.124850634509,41739584,737.9849853515625,35.83999252319336,5.879849433898926,3,4,10,1,0,1,0,23,0,0,LivesExhausted,,,,,,,,,
ppo_rollout,4177920,3766.8088307,1109.140438970353,,,,,,,,,,,,,,,,,,,-0.008905226240555446,3.0112832446893054,0.7165869558850925,0.9947280287742615,0.05598939,0.2696451822916667
training_episode,4181142,3769.0050413999998,1109.3490069853851,54935438,541.0709228515625,28.050546646118164,3.9107093811035156,3,3,3,1,0,0,0,21,1,0,LivesExhausted,,,,,,,,,
training_episode,4182222,3769.5502921000007,1109.4750503169707,47709137,1248.2774658203125,55.39670944213867,10.98277473449707,3,5,12,2,1,2,0,31,0,0,LivesExhausted,,,,,,,,,
ppo_rollout,4184064,3770.4942039000016,1109.6858326084214,,,,,,,,,,,,,,,,,,,-0.016486119009399166,1.6961610153317452,0.7117524599035581,0.9981802701950073,0.08416829,0.3074869791666667
training_episode,4186536,3772.2894190000006,1109.8130432181454,19955952,739.7799682617188,35.90998077392578,5.897799968719482,3,4,8,1,0,0,0,4,1,0,LivesExhausted,,,,,,,,,
training_episode,4186686,3772.3700489000003,1109.8290850922251,30638310,29750.666015625,300.0415344238281,296.5066223144531,2,35,42,30,2,2,5,123,2,1,MaxDuration,,,,,,,,,
training_episode,4189524,3773.801167700003,1110.160237337932,25506589,491.4845275878906,23.620445251464844,3.4148452281951904,3,3,6,1,0,0,1,9,1,0,LivesExhausted,,,,,,,,,
ppo_rollout,4190208,3774.1435617000025,1110.2407556835458,,,,,,,,,,,,,,,,,,,-0.004515200851407523,2.2091757958134015,0.7071830327312152,0.9965308904647827,0.081320405,0.31416015625
training_episode,4191900,3775.5503573000024,1110.275219053823,57239476,27389.33203125,304.5058898925781,272.8932800292969,2,25,49,27,2,2,2,151,1,1,MaxDuration,,,,,,,,,
training_episode,4192344,3775.7679019000025,1110.3288414233227,43205790,1055.2032470703125,48.367889404296875,9.052032470703125,3,3,13,2,0,0,1,16,1,0,LivesExhausted,,,,,,,,,
training_episode,4195092,3777.194164100001,1110.6371072665183,41634855,1004.614501953125,46.37822341918945,8.546144485473633,3,4,9,2,0,0,1,12,0,0,LivesExhausted,,,,,,,,,
training_episode,4196280,3777.833857100002,1110.7635112416542,18070830,660.7969360351562,32.7805061340332,5.107969284057617,3,4,10,1,0,0,0,23,1,0,LivesExhausted,,,,,,,,,
ppo_rollout,4196352,3777.8774454000013,1110.7697538228879,,,,,,,,,,,,,,,,,,,-0.011408087283295268,2.5008838256200154,0.7146386951208115,0.9954973459243774,0.05530223,0.2587076822916667
training_episode,4199622,3780.091562700003,1110.9841998113768,43624706,1489.197265625,64.30532836914062,13.391972541809082,3,4,16,2,0,0,1,51,0,1,LivesExhausted,,,,,,,,,
training_episode,4199772,3780.170479700002,1111.000687020152,67188731,27389.33203125,303.7151184082031,272.8932800292969,2,47,42,27,0,5,2,183,1,1,MaxDuration,,,,,,,,,
training_episode,4201170,3780.866570600003,1111.165898492233,69283311,861.6980590820312,40.72917175292969,7.11698055267334,3,5,5,1,0,1,1,21,0,0,LivesExhausted,,,,,,,,,
ppo_rollout,4202496,3781.529289000002,1111.32181687037,,,,,,,,,,,,,,,,,,,-0.014218542267917656,2.8066480363408726,0.7268379007776579,0.9958588480949402,0.07080036,0.26171875
training_episode,4206048,3783.8665978000026,1111.5740714658016,6864827,2247.90869140625,91.27108764648438,20.47908592224121,4,5,16,3,2,1,0,21,0,0,LivesExhausted,,,,,,,,,
training_episode,4206582,3784.1328016000007,1111.636990705342,9273594,1281.3685302734375,56.70648956298828,11.313684463500977,3,4,13,2,0,0,1,12,1,0,LivesExhausted,,,,,,,,,
training_episode,4206642,3784.167856,1111.6425486597125,60067159,984.6011962890625,45.5783576965332,8.346012115478516,3,4,10,1,0,0,0,22,0,0,LivesExhausted,,,,,,,,,
training_episode,4206984,3784.346015400002,1111.6805870499463,4037144,1413.5313720703125,61.325714111328125,12.135313987731934,4,4,15,2,2,0,0,19,0,0,LivesExhausted,,,,,,,,,
ppo_rollout,4208640,3785.175585300003,1111.8744441722997,,,,,,,,,,,,,,,,,,,-0.012862726277671755,2.285005123913288,0.7234769920508067,0.997000515460968,0.0643929,0.28717447916666666
training_episode,4210854,3786.8785548000014,1111.959081619503,3722957,28554.666015625,305.5569152832031,285.046630859375,1,32,46,28,5,5,6,165,1,1,MaxDuration,,,,,,,,,
training_episode,4211106,3787.009307700002,1111.9872326264676,40797023,784.7138671875,37.679683685302734,6.34713888168335,3,3,9,1,0,0,0,11,0,0,LivesExhausted,,,,,,,,,
training_episode,4213542,3788.2306580000004,1112.2717649470012,19327578,1441.6209716796875,62.43552780151367,12.91620922088623,3,7,13,2,0,2,1,19,0,1,LivesExhausted,,,,,,,,,
training_episode,4214304,3788.615445800002,1112.35992680965,2885125,1404.71728515625,60.975772857666016,12.547173500061035,3,3,12,2,1,0,0,25,1,0,LivesExhausted,,,,,,,,,
training_episode,4214544,3788.736714800001,1112.3876683055491,3304041,1526.84326171875,65.80564880371094,13.768431663513184,3,3,14,2,0,0,1,22,1,1,LivesExhausted,,,,,,,,,
ppo_rollout,4214784,3788.866816400001,1112.4128147646754,,,,,,,,,,,,,,,,,,,-0.015477184169382478,3.068838228782018,0.7209922124942144,0.9966625571250916,0.04870868,0.2522786458333333
training_episode,4216866,3790.468205500001,1112.4921174332217,36922050,1045.0916748046875,47.96795654296875,8.950916290283203,3,6,12,2,0,1,0,29,0,0,LivesExhausted,,,,,,,,,
training_episode,4217184,3790.631398100002,1112.5281139479298,3618228,28554.666015625,300.2917785644531,285.546630859375,0,34,45,28,1,3,6,155,2,1,MaxDuration,,,,,,,,,
training_episode,4218792,3791.4195683,1112.7209542497628,7493201,726.78515625,35.39006805419922,5.76785135269165,3,4,4,1,0,1,1,11,0,0,LivesExhausted,,,,,,,,,
training_episode,4218978,3791.5188528,1112.7408734587527,70121143,976.7685546875,45.268409729003906,8.267684936523438,3,3,11,1,0,0,0,8,0,0,LivesExhausted,,,,,,,,,
training_episode,4220124,3792.147509300001,1112.858608387573,62475926,557.0108032226562,27.120525360107422,4.070107936859131,3,4,9,1,0,0,1,5,0,0,LivesExhausted,,,,,,,,,
training_episode,4220466,3792.3244342,1112.8968718865208,51269923,1130.0753173828125,51.327392578125,9.800753593444824,3,6,8,2,0,2,0,30,0,0,LivesExhausted,,,,,,,,,
ppo_rollout,4220928,3792.5660572000015,1112.9477868913514,,,,,,,,,,,,,,,,,,,-0.013297741933880995,2.705291337768237,0.7203339944283168,0.9957849383354187,0.08291664,0.27190755208333334
training_episode,4221426,3793.3702698000016,1112.8431183235289,23202551,431.925048828125,21.93040657043457,2.8192503452301025,3,3,5,1,0,0,0,12,0,0,LivesExhausted,,,,,,,,,
training_episode,4223976,3794.6310486,1113.145374583493,48442240,1278.400146484375,56.586509704589844,11.284000396728516,3,3,15,2,0,0,1,24,0,0,LivesExhausted,,,,,,,,,
training_episode,4224978,3795.124027200003,1113.264802340897,56506373,781.62060546875,37.5597038269043,6.316205978393555,3,4,6,1,0,1,0,19,0,0,LivesExhausted,,,,,,,,,
training_episode,4226556,3795.9038636000005,1113.4518027523418,19118120,911.9734497070312,42.708839416503906,7.619733810424805,3,3,14,1,0,0,0,7,0,0,LivesExhausted,,,,,,,,,
ppo_rollout,4227072,3796.1736182000022,1113.5086076501193,,,,,,,,,,,,,,,,,,,-0.01055584092779706,3.6420397664109867,0.7261039242148399,0.9891001582145691,0.07345809,0.26238606770833334
training_episode,4228062,3797.241020700003,1113.4563165602212,8331033,692.2881469726562,34.030296325683594,5.422881126403809,3,3,10,1,0,0,0,4,0,0,LivesExhausted,,,,,,,,,
training_episode,4230210,3798.3173061000016,1113.7063228515399,62894842,375.37310791015625,17.89031410217285,2.2537307739257812,3,6,5,1,0,0,0,6,0,0,LivesExhausted,,,,,,,,,
training_episode,4230690,3798.5549427000005,1113.7630135192514,17651914,2150.638671875,88.04039764404297,19.00638771057129,5,10,16,3,3,4,0,36,0,0,LivesExhausted,,,,,,,,,
training_episode,4232922,3799.670522200002,1114.0234331552374,40692294,1536.0849609375,66.16572570800781,13.860848426818848,3,4,15,2,0,0,0,21,0,0,LivesExhausted,,,,,,,,,
ppo_rollout,4233216,3799.826026300001,1114.0552148178224,,,,,,,,,,,,,,,,,,,-0.014768883968160177,2.0692274381717044,0.725026152531306,0.993800699710846,0.062925585,0.27618815104166666
training_episode,4235640,3801.600979900002,1114.172692608948,11996548,403.60382080078125,22.62042236328125,2.5360381603240967,3,5,3,1,0,0,0,12,0,0,LivesExhausted,,,,,,,,,
ppo_rollout,4239360,3803.519401200003,1114.588767093574,,,,,,,,,,,,,,,,,,,-0.005549380256949613,4.33825995773077,0.7243431329727172,0.9922178983688354,0.047583103,0.2635579427083333
training_episode,4239978,3804.384860600003,1114.4976534606697,53992877,744.9195556640625,36.109947204589844,5.949195861816406,3,3,9,1,0,0,0,32,0,0,LivesExhausted,,,,,,,,,
training_episode,4242594,3805.709369600001,1114.797160784224,36084218,457.3490295410156,21.790403366088867,3.0734901428222656,3,4,7,1,0,0,0,8,0,0,LivesExhausted,,,,,,,,,
ppo_rollout,4245504,3807.2063627000025,1115.1231626407466,,,,,,,,,,,,,,,,,,,-0.006387511621384571,4.786013798912366,0.7190352946519851,0.9885120391845703,0.050938714,0.22568359375
training_episode,4247454,3808.779958700001,1115.1744248963455,65722525,27389.33203125,304.9863586425781,272.8932800292969,2,43,45,27,6,0,5,160,0,1,MaxDuration,,,,,,,,,
ppo_rollout,4251648,3811.0012370000004,1115.62493308107,,,,,,,,,,,,,,,,,,,-0.018426496582105756,1.4044353311260542,0.7240135669708252,0.9977861642837524,0.08230435,0.30120442708333334
training_episode,4252500,3812.0158955000006,1115.551486818295,69178582,1996.5682373046875,82.54922485351562,17.965681076049805,4,4,18,2,1,0,0,50,1,0,LivesExhausted,,,,,,,,,
training_episode,4252716,3812.136387800001,1115.572888108093,10111426,940.0718994140625,43.81865310668945,7.900718688964844,3,3,10,1,0,0,1,5,0,0,LivesExhausted,,,,,,,,,
training_episode,4255200,3813.410231400001,1115.8516240823653,7597930,428.4646301269531,20.660377502441406,2.7846460342407227,3,3,7,1,0,0,1,11,0,0,LivesExhausted,,,,,,,,,
training_episode,4255392,3813.5178777,1115.8704735288934,27601169,26254.666015625,303.4248352050781,261.546630859375,2,34,44,27,3,4,1,122,1,1,MaxDuration,,,,,,,,,
training_episode,4257744,3814.7655094,1116.122076051189,55354354,936.6188354492188,43.68867492675781,7.866188049316406,3,5,12,1,0,0,1,7,1,0,LivesExhausted,,,,,,,,,
ppo_rollout,4257792,3814.7951734000017,1116.1259796302954,,,,,,,,,,,,,,,,,,,-0.015032698411960154,1.9205217868089677,0.7339450135827065,0.9975626468658447,0.06192403,0.295458984375
training_episode,4260216,3816.578920600001,1116.2394617350806,32628161,888.2496948242188,41.76899719238281,7.382497310638428,3,3,10,1,0,0,0,22,0,0,LivesExhausted,,,,,,,,,
training_episode,4262232,3817.6521490000014,1116.4537348214012,57344205,1288.2615966796875,56.976444244384766,11.382615089416504,3,6,9,2,0,1,1,22,0,0,LivesExhausted,,,,,,,,,
training_episode,4263144,3818.1265085000014,1116.553888539128,34618012,27389.33203125,304.8762512207031,272.3932800292969,3,45,42,27,3,7,3,156,1,1,MaxDuration,,,,,,,,,
ppo_rollout,4263936,3818.5350886000015,1116.641827576684,,,,,,,,,,,,,,,,,,,-0.017980612554432205,2.165145117541154,0.7389889816443126,0.9979251027107239,0.06107745,0.27438151041666664
training_episode,4266318,3820.277949700001,1116.7559157142023,59752972,25150.666015625,300.8523254394531,250.0066375732422,3,45,46,26,4,3,2,151,2,1,MaxDuration,,,,,,,,,
training_episode,4266888,3820.5851922,1116.8153006275477,24982944,26254.666015625,301.6230773925781,262.046630859375,1,44,48,27,2,5,2,216,7,1,MaxDuration,,,,,,,,,
training_episode,4268862,3821.622502600003,1117.0286958211393,28020085,1036.6019287109375,47.63801193237305,8.866019248962402,3,5,10,2,0,0,0,33,0,0,LivesExhausted,,,,,,,,,
ppo_rollout,4270080,3822.269027100003,1117.158412902128,,,,,,,,,,,,,,,,,,,-0.01637818043042595,1.9763783196608224,0.7438635935386022,0.9979389309883118,0.08573673,0.3065592447916667
training_episode,4270410,3823.043348500003,1117.0184616597467,19432307,1601.5426025390625,68.14614868164062,14.515425682067871,3,3,15,2,0,0,0,38,0,0,LivesExhausted,,,,,,,,,
training_episode,4270632,3823.1564455000007,1117.0434851094558,15243147,2119.00048828125,86.79013061523438,19.690006256103516,3,5,15,3,0,3,0,28,2,0,LivesExhausted,,,,,,,,,
training_episode,4275510,3825.685406300003,1117.5801316436637,20060681,1830.325927734375,76.58795166015625,16.803258895874023,3,5,14,2,1,2,0,46,0,0,LivesExhausted,,,,,,,,,
training_episode,4275774,3825.8195447,1117.6099525978252,37655153,1303.127685546875,57.56634521484375,11.53127670288086,3,7,10,2,0,1,0,24,1,0,LivesExhausted,,,,,,,,,
ppo_rollout,4276224,3826.0471531000003,1117.6610817603882,,,,,,,,,,,,,,,,,,,-0.007364642136963084,3.827922577659289,0.7469789152344067,0.9915629029273987,0.06688063,0.27239583333333334
training_episode,4278690,3827.8047912,1117.7921115090744,73577200,445.07403564453125,24.260459899902344,2.950740337371826,3,4,2,1,0,0,0,12,0,0,LivesExhausted,,,,,,,,,
training_episode,4278972,3827.945420400003,1117.8247153672496,7702659,1635.294921875,69.47643280029297,14.352949142456055,4,6,14,2,1,1,0,31,0,0,LivesExhausted,,,,,,,,,
training_episode,4281924,3829.4617868000023,1118.1529516131004,1733106,1198.514892578125,53.427040100097656,10.485148429870605,3,3,8,2,0,0,0,37,2,0,LivesExhausted,,,,,,,,,
ppo_rollout,4282368,3829.687249900002,1118.2030595610172,,,,,,,,,,,,,,,,,,,-0.007067446003202349,2.877460322280725,0.7455378557244937,0.9917909502983093,0.04916076,0.2539876302083333
training_episode,4284510,3831.3271802000017,1118.2835081644846,71273162,1057.8946533203125,48.47787094116211,9.078946113586426,3,4,11,2,1,0,0,22,0,0,LivesExhausted,,,,,,,,,
training_episode,4284954,3831.5544988,1118.3330424614865,6026995,1091.5113525390625,49.807647705078125,9.415112495422363,3,5,13,2,0,2,0,10,0,0,LivesExhausted,,,,,,,,,
training_episode,4288254,3833.2124551000015,1118.7102333173775,45090912,652.2141723632812,31.200618743896484,5.022141456604004,3,3,9,1,0,0,0,18,0,0,LivesExhausted,,,,,,,,,
ppo_rollout,4288512,3833.3613908000007,1118.7340724754918,,,,,,,,,,,,,,,,,,,-0.010740453924518079,2.3114477331439653,0.7420602788527807,0.9956269860267639,0.05744404,0.27122395833333335
training_episode,4293342,3836.3192280000003,1119.1305375903926,35979489,903.8280029296875,42.388893127441406,7.538280487060547,3,4,6,1,0,1,0,12,0,0,LivesExhausted,,,,,,,,,
training_episode,4293798,3836.5382025,1119.1855191750824,69806956,25150.666015625,300.4219055175781,250.5066375732422,2,34,39,26,1,3,1,188,1,1,MaxDuration,,,,,,,,,
ppo_rollout,4294656,3836.9648220000017,1119.2846948649972,,,,,,,,,,,,,,,,,,,-0.013651672012444275,2.6203881134589513,0.7371797238787016,0.9957181811332703,0.048236,0.2574381510416667
training_episode,4299522,3839.952439300003,1119.6810554205128,20898513,1038.0189208984375,47.68800354003906,8.880189895629883,3,5,9,2,1,0,0,14,0,0,LivesExhausted,,,,,,,,,
ppo_rollout,4300800,3840.610047600003,1119.822097712724,,,,,,,,,,,,,,,,,,,-0.014726361153104032,1.8006611903508505,0.7368954221407572,0.9964798092842102,0.076269455,0.28875325520833334
training_episode,4302744,3842.1984600000033,1119.8651097267882,26449150,1874.54345703125,78.33832550048828,17.245433807373047,3,3,17,2,0,0,0,33,1,0,LivesExhausted,,,,,,,,,
training_episode,4303560,3842.618606,1119.9550205894152,10530342,29750.666015625,305.5769348144531,296.0066223144531,3,44,42,30,3,0,5,161,7,1,MaxDuration,,,,,,,,,
training_episode,4305462,3843.566049500001,1120.1738033251922,30428852,475.4609069824219,22.640422821044922,3.2546091079711914,3,3,7,1,0,0,0,5,0,0,LivesExhausted,,,,,,,,,
training_episode,4306482,3844.1102944000013,1120.2805513342241,4665518,1312.9656982421875,57.95627975463867,11.629657745361328,3,4,12,2,0,0,0,16,1,0,LivesExhausted,,,,,,,,,
ppo_rollout,4306944,3844.354092400001,1120.3296825634518,,,,,,,,,,,,,,,,,,,-0.017095911031356083,1.4409678091605505,0.7395245144764583,0.9986165761947632,0.07320924,0.31785481770833335
training_episode,4307016,3844.952718700002,1120.1739826481464,38074069,27389.33203125,305.0163879394531,273.3932800292969,1,31,46,27,2,1,2,153,0,1,MaxDuration,,,,,,,,,
training_episode,4310838,3846.873565500002,1120.608183918749,45928744,670.0862426757812,31.85063362121582,5.200862884521484,3,4,8,1,0,1,0,8,0,0,LivesExhausted,,,,,,,,,
training_episode,4311282,3847.105928000001,1120.6559114012518,20479597,1057.2598876953125,48.4578742980957,9.072598457336426,3,4,9,2,0,0,0,23,0,0,LivesExhausted,,,,,,,,,
training_episode,4311840,3847.391590700001,1120.717737810384,20374868,959.9720458984375,44.6085205078125,8.099720001220703,3,5,6,1,0,0,0,17,0,0,LivesExhausted,,,,,,,,,
ppo_rollout,4313088,3848.020197200003,1120.8589817533707,,,,,,,,,,,,,,,,,,,-0.009986370279996966,1.637149029970169,0.7492191776633262,0.9985083341598511,0.069388814,0.314501953125
training_episode,4316622,3850.3686455000025,1121.0931724797097,57553663,956.713623046875,44.47854232788086,8.067136764526367,3,5,11,1,0,2,0,24,0,0,LivesExhausted,,,,,,,,,
training_episode,4317492,3850.800795500003,1121.1932866133627,59438785,1248.5745849609375,55.406707763671875,10.985746383666992,3,3,14,2,0,0,1,33,0,0,LivesExhausted,,,,,,,,,
training_episode,4318374,3851.2420310000016,1121.2938489037792,60800262,27389.33203125,303.7151184082031,272.8932800292969,2,42,40,27,4,7,3,115,1,1,MaxDuration,,,,,,,,,
ppo_rollout,4319232,3851.6726726000015,1121.3912414536464,,,,,,,,,,,,,,,,,,,-0.006420786566256235,2.709625949462255,0.7558914562066396,0.9962061643600464,0.05440357,0.2672526041666667
training_episode,4321326,3853.2870656000014,1121.464849732684,14719502,30977.33203125,303.0845031738281,309.2732849121094,1,51,42,31,4,2,7,193,2,1,MaxDuration,,,,,,,,,
training_episode,4322454,3853.8363486000017,1121.5977039529027,5293892,690.7041625976562,33.970306396484375,5.407041549682617,3,3,8,1,0,0,0,17,0,0,LivesExhausted,,,,,,,,,
ppo_rollout,4325376,3855.348429900001,1121.915717514588,,,,,,,,,,,,,,,,,,,-0.0027974089374765755,3.8434439768393833,0.7469753190875054,0.9950721859931946,0.045735743,0.253857421875
training_episode,4325970,3856.2080932999997,1121.8196464854145,50222633,1663.74365234375,70.60667419433594,15.137436866760254,3,5,16,2,1,1,0,15,0,0,LivesExhausted,,,,,,,,,
training_episode,4328730,3857.6135243000026,1122.126406062278,40901752,1154.3121337890625,52.2872314453125,9.543121337890625,4,5,11,2,1,0,0,23,2,0,LivesExhausted,,,,,,,,,
ppo_rollout,4331520,3859.0157069000015,1122.4416610316332,,,,,,,,,,,,,,,,,,,-0.011544157366733998,1.3597402354081471,0.7391893645127614,0.9984230995178223,0.07358471,0.30768229166666666
training_episode,4333764,3860.729828200001,1122.5245466141678,18280288,1504.6619873046875,64.92546081542969,13.546619415283203,3,4,14,2,0,0,0,28,0,0,LivesExhausted,,,,,,,,,
ppo_rollout,4337664,3862.7149150000005,1122.9573228807644,,,,,,,,,,,,,,,,,,,-0.00549724590285526,4.425627440710863,0.7378883004188538,0.9929254651069641,0.04463084,0.22809244791666666
training_episode,4340166,3864.5379028000025,1123.0750245340814,55459083,29750.666015625,305.0263977050781,297.0066223144531,1,47,45,30,1,6,5,152,0,1,MaxDuration,,,,,,,,,
training_episode,4340298,3864.612735900002,1123.0874337501295,48546969,1223.4510498046875,54.416873931884766,10.23451042175293,4,5,13,2,1,1,0,21,2,0,LivesExhausted,,,,,,,,,
ppo_rollout,4343808,3866.3980986000024,1123.4766542981863,,,,,,,,,,,,,,,,,,,-0.006901928596198559,4.316998929778735,0.737511866291364,0.9929707050323486,0.039250385,0.20857747395833334
training_episode,4346844,3868.464296600003,1123.6613980954783,59857701,1254.102294921875,55.626670837402344,11.041022300720215,3,5,11,2,0,0,1,32,0,0,LivesExhausted,,,,,,,,,
training_episode,4348374,3869.239782200002,1123.831616743992,40587565,28554.666015625,304.4258117675781,284.546630859375,2,39,42,28,1,6,2,133,3,1,MaxDuration,,,,,,,,,
ppo_rollout,4349952,3870.094536700002,1123.9911476966577,,,,,,,,,,,,,,,,,,,-0.01703522159950808,1.9708214804530144,0.7437801818052928,0.9974325895309448,0.06579595,0.28836263020833336
training_episode,4353042,3872.2039293000016,1124.1768459201276,2152022,25150.666015625,303.4448547363281,250.0066375732422,3,36,46,26,1,2,3,163,1,1,MaxDuration,,,,,,,,,
training_episode,4354572,3872.974556100002,1124.3482075402417,40168649,1491.0640869140625,64.38534545898438,13.410640716552734,3,5,14,2,0,1,1,14,0,1,LivesExhausted,,,,,,,,,
ppo_rollout,4356096,3873.7360935000033,1124.5205906797264,,,,,,,,,,,,,,,,,,,-0.001854352777202924,4.257269189755122,0.7448392982284228,0.9921147227287292,0.06617065,0.2789713541666667
training_episode,4357284,3874.895683100003,1124.490658936675,4246602,1770.5972900390625,74.22744750976562,15.705972671508789,4,6,15,2,1,0,0,11,1,0,LivesExhausted,,,,,,,,,
training_episode,4357668,3875.093568700002,1124.53233005723,31161955,27389.33203125,302.8142395019531,272.8932800292969,2,34,44,27,2,2,4,194,3,1,MaxDuration,,,,,,,,,
training_episode,4358592,3875.588813800001,1124.6270462129899,50327362,678.6543579101562,33.490386962890625,5.286543369293213,3,3,10,1,1,0,0,15,0,0,LivesExhausted,,,,,,,,,
training_episode,4362162,3877.4434972000017,1125.0098172030168,55144896,606.9041748046875,29.7305850982666,4.569041728973389,3,4,8,1,0,0,0,15,0,0,LivesExhausted,,,,,,,,,
ppo_rollout,4362240,3877.488694300002,1125.0168198846313,,,,,,,,,,,,,,,,,,,-0.01118419659032952,3.3479656090339023,0.7402136534452438,0.9942702651023865,0.08645192,0.26199544270833336
training_episode,4364244,3879.0998156000023,1125.0661770674126,69597498,1232.826904296875,54.78681182861328,10.828268051147461,3,4,13,2,1,0,1,15,0,0,LivesExhausted,,,,,,,,,
training_episode,4365210,3879.600298700003,1125.170034001368,11577632,27389.33203125,303.9853820800781,272.8932800292969,2,41,42,27,2,4,4,162,1,1,MaxDuration,,,,,,,,,
ppo_rollout,4368384,3881.221857800003,1125.5177261307438,,,,,,,,,,,,,,,,,,,-0.011298010201426224,4.936342617869377,0.7463510006666183,0.9923730492591858,0.03610829,0.22071940104166668
training_episode,4369458,3882.324729400003,1125.474632997864,11158716,1399.9527587890625,60.785804748535156,12.499527931213379,3,6,8,2,0,3,0,33,0,0,LivesExhausted,,,,,,,,,
training_episode,4371870,3883.5262132000025,1125.7475191335468,70540059,1249.9620361328125,55.466697692871094,10.49962043762207,4,6,12,2,1,1,1,24,1,0,LivesExhausted,,,,,,,,,
ppo_rollout,4374528,3884.868682200002,1126.042694838968,,,,,,,,,,,,,,,,,,,-0.01642163524714609,2.4369063153862953,0.7399151225884756,0.9961955547332764,0.0663393,0.261474609375
training_episode,4376826,3886.631264200001,1126.1232935357702,51060465,26254.666015625,304.3657531738281,260.546630859375,4,46,47,27,3,4,6,116,3,1,MaxDuration,,,,,,,,,
ppo_rollout,4380672,3888.6631570000027,1126.5239037519436,,,,,,,,,,,,,,,,,,,-0.009350306436923953,3.8314679245154064,0.7377370685338974,0.9935294389724731,0.034698196,0.22451171875
training_episode,4380756,3889.270259500001,1126.369654898496,72006265,2335.916259765625,94.15170288085938,21.859161376953125,3,6,20,3,0,2,0,71,0,0,LivesExhausted,,,,,,,,,
training_episode,4386564,3892.256215700003,1126.997750637826,17128269,1055.08740234375,48.367889404296875,8.550873756408691,4,5,12,2,1,1,0,17,0,0,LivesExhausted,,,,,,,,,
ppo_rollout,4386816,3892.3915285000003,1127.0233140422374,,,,,,,,,,,,,,,,,,,-0.013721231487579644,2.612008203069369,0.7383944004774093,0.9968460202217102,0.06947497,0.28582356770833334
training_episode,4389744,3894.4417083000008,1127.1818475660812,73786658,29750.666015625,305.8271789550781,296.5066223144531,2,42,42,30,4,2,3,126,2,1,MaxDuration,,,,,,,,,
ppo_rollout,4392960,3896.0916823000007,1127.5299346669071,,,,,,,,,,,,,,,,,,,-0.003866425649418185,3.1461609681447347,0.7363517622152964,0.9919339418411255,0.05860762,0.3021647135416667
training_episode,4393422,3896.893466100002,1127.416501944284,50536820,631.3650512695312,30.640605926513672,4.813650608062744,3,3,9,1,0,0,0,7,0,0,LivesExhausted,,,,,,,,,
training_episode,4393860,3897.120650300003,1127.463169420161,46242931,30977.33203125,304.7461242675781,309.2732849121094,1,47,43,31,1,3,2,153,4,1,MaxDuration,,,,,,,,,
training_episode,4394874,3897.6397670000006,1127.5731629202662,8435762,1628.80615234375,69.22637939453125,14.788061141967773,3,6,9,2,0,1,0,12,0,0,LivesExhausted,,,,,,,,,
training_episode,4396962,3898.684068100003,1127.8066966177203,13672212,538.8312377929688,25.840496063232422,3.888312339782715,3,3,8,1,0,0,0,4,0,0,LivesExhausted,,,,,,,,,
training_episode,4398876,3899.654248400002,1128.0169265787665,17966101,696.7718505859375,33.34041213989258,5.467718601226807,3,5,11,1,0,0,1,5,0,0,LivesExhausted,,,,,,,,,
ppo_rollout,4399104,3899.772226600002,1128.0412661011585,,,,,,,,,,,,,,,,,,,-0.016570162148370097,1.642450990776221,0.7272989387313525,0.9981765747070312,0.054711204,0.31207682291666666
training_episode,4400262,3900.9053789000027,1128.0104418325595,30324123,26254.666015625,300.0915832519531,261.546630859375,2,49,42,27,5,4,4,136,4,1,MaxDuration,,,,,,,,,
training_episode,4402584,3902.0815820000025,1128.2654930406316,50641549,403.08673095703125,19.32034683227539,2.530867338180542,3,4,7,1,0,0,0,1,2,0,LivesExhausted,,,,,,,,,
training_episode,4403262,3902.4311338000007,1128.3381689588753,45195641,1159.155029296875,52.47719955444336,10.09154987335205,3,4,12,2,0,1,0,31,0,0,LivesExhausted,,,,,,,,,
training_episode,4404714,3903.185037000003,1128.4922334569803,4351331,1061.581298828125,48.61784744262695,9.115813255310059,3,3,7,2,0,0,1,28,0,0,LivesExhausted,,,,,,,,,
ppo_rollout,4405248,3903.4635162000013,1128.5485266398705,,,,,,,,,,,,,,,,,,,-0.008782728660541276,2.6617451389630635,0.7283368657032648,0.9958559274673462,0.050790936,0.2652506510416667
training_episode,4407780,3905.285616500001,1128.6703285867077,3199312,926.7994995117188,43.29874038696289,7.7679948806762695,3,3,11,1,0,0,0,18,0,0,LivesExhausted,,,,,,,,,
training_episode,4407864,3905.33424,1128.677785079927,19222849,801.4898681640625,38.349571228027344,6.514898777008057,3,5,8,1,0,1,0,31,0,0,LivesExhausted,,,,,,,,,
training_episode,4408182,3905.504432200003,1128.710023641385,36398405,25150.666015625,302.5539855957031,250.0066375732422,3,36,44,26,3,4,3,185,1,1,MaxDuration,,,,,,,,,
training_episode,4409370,3906.1256250000006,1128.8346620956409,22888364,812.7498168945312,38.799495697021484,6.627498149871826,3,3,5,1,0,0,0,7,2,0,LivesExhausted,,,,,,,,,
ppo_rollout,4411392,3907.1570555,1129.0541786105584,,,,,,,,,,,,,,,,,,,-0.01655358404580814,1.9611220012108486,0.7244114210208257,0.997636616230011,0.07017544,0.3138509114583333
training_episode,4411536,3907.7910384000024,1128.9078552691112,40063920,618.4365844726562,30.580604553222656,4.684365749359131,3,3,7,1,0,0,1,2,0,0,LivesExhausted,,,,,,,,,
training_episode,4413294,3908.6677113000005,1129.104422778411,57030018,993.532470703125,45.938297271728516,8.435323715209961,3,4,10,1,0,2,0,29,0,0,LivesExhausted,,,,,,,,,
training_episode,4413396,3908.7274055000016,1129.1132745122811,55668541,29750.666015625,304.6960754394531,296.5066223144531,2,48,43,30,4,1,3,137,1,1,MaxDuration,,,,,,,,,
ppo_rollout,4417536,3910.7653680000003,1129.583491801035,,,,,,,,,,,,,,,,,,,-0.018554866263487686,1.6827978839476903,0.7208119034767151,0.9984384179115295,0.096893646,0.31028645833333335
training_episode,4418028,3911.5695909000024,1129.4770289344303,9168865,1702.003662109375,72.11699676513672,15.520036697387695,3,4,14,2,0,0,0,24,0,0,LivesExhausted,,,,,,,,,
training_episode,4418652,3911.878636600002,1129.5473122960834,46347660,939.3643188476562,43.79865646362305,7.893643379211426,3,3,13,1,0,0,0,10,1,0,LivesExhausted,,,,,,,,,
training_episode,4420482,3912.791803400003,1129.7513954509006,71377891,1377.58154296875,59.89595413208008,12.2758150100708,3,5,13,2,0,1,1,34,0,0,LivesExhausted,,,,,,,,,
training_episode,4421028,3913.0658624000025,1129.8118037012669,30009936,1893.842041015625,79.0984878540039,16.43842124938965,5,6,17,2,2,0,0,19,0,0,LivesExhausted,,,,,,,,,
training_episode,4422828,3913.9612762000033,1130.013223915707,33675451,849.97119140625,39.99929428100586,6.499711990356445,4,4,12,1,1,0,0,22,0,0,LivesExhausted,,,,,,,,,
ppo_rollout,4423680,3914.388692100001,1130.1074951825422,,,,,,,,,,,,,,,,,,,-0.005728468318314602,2.7971788023908934,0.7185550332069397,0.9932694435119629,0.037150573,0.26241861979166664
training_episode,4426206,3916.2467477000027,1130.2163232180135,38178798,543.0782470703125,28.13054847717285,3.9307823181152344,3,5,5,1,0,1,1,5,0,0,LivesExhausted,,,,,,,,,
training_episode,4427718,3916.998491100003,1130.3854239567431,35560573,1386.6986083984375,60.265892028808594,11.866986274719238,4,5,15,2,1,0,0,34,1,0,LivesExhausted,,,,,,,,,
training_episode,4429188,3917.7147820000027,1130.5539699699345,22783635,530.0909423828125,24.820472717285156,3.8009090423583984,3,3,9,1,0,0,0,4,0,0,LivesExhausted,,,,,,,,,
training_episode,4429698,3917.9771966000008,1130.6084179979578,19746494,29750.666015625,302.2536926269531,296.5066223144531,2,33,47,30,4,1,5,117,4,1,MaxDuration,,,,,,,,,
ppo_rollout,4429824,3918.048796700001,1130.6199156404189,,,,,,,,,,,,,,,,,,,-0.008650924486573786,2.727891487379869,0.7083004891872406,0.9954465627670288,0.059485767,0.263916015625
training_episode,4430190,3918.796643200003,1130.497548957377,13881670,1823.6312255859375,76.32789611816406,16.736312866210938,3,4,17,2,0,0,0,30,0,0,LivesExhausted,,,,,,,,,
training_episode,4435452,3921.449808600002,1131.0745302088928,64570506,1043.34375,47.90796661376953,8.93343734741211,3,5,7,2,0,1,0,15,0,0,LivesExhausted,,,,,,,,,
ppo_rollout,4435968,3921.7377694000024,1131.1230533087557,,,,,,,,,,,,,,,,,,,-0.012756594790456195,2.2907827054460843,0.6953995317220688,0.9963205456733704,0.06054907,0.2703776041666667
ppo_rollout,4442112,3925.362358300001,1131.6438062354564,,,,,,,,,,,,,,,,,,,-0.017087133694440128,1.7543861011664073,0.6865037327011426,0.9976279735565186,0.0685504,0.284326171875
training_episode,4444836,3927.3291033000023,1131.7706978682163,32732890,26254.666015625,305.4167785644531,261.546630859375,2,39,45,27,3,3,4,145,2,1,MaxDuration,,,,,,,,,
ppo_rollout,4448256,3929.0893724000016,1132.1340846168832,,,,,,,,,,,,,,,,,,,-0.008223022128610561,4.57014182806015,0.6912888755400975,0.9875447154045105,0.03235155,0.194287109375
training_episode,4453926,3932.5828376000027,1132.5701667146993,72634639,1809.03955078125,75.74777221679688,16.090394973754883,4,7,16,2,1,0,0,27,0,0,LivesExhausted,,,,,,,,,
ppo_rollout,4454400,3932.839766600002,1132.616700489401,,,,,,,,,,,,,,,,,,,-0.00997237404420351,1.7927337825298308,0.6935837611556053,0.9933167695999146,0.05869368,0.28782552083333335
training_episode,4454682,3933.554954200001,1132.482462268278,25820776,27389.33203125,300.2117004394531,273.3932800292969,1,40,44,27,3,3,5,147,3,1,MaxDuration,,,,,,,,,
ppo_rollout,4460544,3936.527765900002,1133.1163566631653,,,,,,,,,,,,,,,,,,,-0.013060219977827121,1.7664057711760204,0.6876206934452057,0.9967826008796692,0.057322055,0.2979329427083333
training_episode,4463262,3938.4630822,1133.249672993469,56296915,1861.2142333984375,77.79821014404297,17.11214256286621,3,6,11,2,0,1,0,30,0,0,LivesExhausted,,,,,,,,,
training_episode,4463766,3938.7183287000007,1133.3041937714024,66350899,24077.33203125,300.3818664550781,239.77330017089844,2,43,42,24,3,3,4,128,2,1,MaxDuration,,,,,,,,,
training_episode,4465602,3939.660310000003,1133.4992483146336,27286982,317.4173889160156,15.300254821777344,1.6741738319396973,3,4,3,1,0,0,0,5,1,0,LivesExhausted,,,,,,,,,
training_episode,4465878,3939.8091617000027,1133.5264772248515,4456060,27389.33203125,305.7170715332031,272.8932800292969,2,22,43,27,1,2,5,150,2,1,MaxDuration,,,,,,,,,
training_episode,4466598,3940.1749402000023,1133.6039814956227,19641765,27389.33203125,303.3747863769531,273.3932800292969,1,33,46,27,0,1,1,159,2,1,MaxDuration,,,,,,,,,
ppo_rollout,4466688,3940.2274773000026,1133.6117078856444,,,,,,,,,,,,,,,,,,,-0.01793238310298572,1.6141421511769294,0.6869587734341621,0.9978433847427368,0.058899254,0.28172200520833335
training_episode,4468404,3941.661162800003,1133.6347330336785,73996116,421.1253662109375,23.31043815612793,2.7112536430358887,3,3,6,1,0,0,0,5,0,0,LivesExhausted,,,,,,,,,
training_episode,4470006,3942.508928700001,1133.7973054315785,49384801,700.6218872070312,34.3602409362793,5.506218910217285,3,3,8,1,0,0,0,14,0,0,LivesExhausted,,,,,,,,,
training_episode,4470288,3942.6794111000017,1133.819804728378,9378323,1327.47607421875,58.52618408203125,11.774761199951172,3,3,14,2,0,0,0,34,1,0,LivesExhausted,,,,,,,,,
training_episode,4472058,3943.640015000001,1133.9924493589963,65198880,26254.666015625,305.0263977050781,261.046630859375,3,42,39,27,2,7,4,157,3,1,MaxDuration,,,,,,,,,
ppo_rollout,4472832,3944.0589302000008,1134.0682477513553,,,,,,,,,,,,,,,,,,,-0.0033189005684107543,3.0674376567204793,0.6902209093173345,0.9945725202560425,0.05214787,0.26805013020833335
training_episode,4474314,3945.3903303000006,1134.0611765679928,28229543,678.913818359375,33.51038360595703,4.789138317108154,4,4,9,1,1,0,0,9,0,0,LivesExhausted,,,,,,,,,
ppo_rollout,4478976,3947.756318800002,1134.5624294666375,,,,,,,,,,,,,,,,,,,-0.0118241670075804,2.225749595463276,0.6938021495938301,0.9962573647499084,0.069705956,0.26219075520833335
ppo_rollout,4485120,3951.3897902000026,1135.0740468894571,,,,,,,,,,,,,,,,,,,-0.011648194633501892,4.88291373650233,0.6987532074252765,0.9906091094017029,0.03243087,0.210986328125
training_episode,4491144,3955.1350109000014,1135.5222988906335,70644788,27389.33203125,303.8352355957031,273.3932800292969,1,31,50,27,1,3,5,91,2,1,MaxDuration,,,,,,,,,
ppo_rollout,4491264,3955.2090278000032,1135.5313887160512,,,,,,,,,,,,,,,,,,,-0.008398376224795357,2.870351095000903,0.7024853095412255,0.9695401787757874,0.044720292,0.24029947916666666
ppo_rollout,4497408,3958.9719974,1136.003993701802,,,,,,,,,,,,,,,,,,,-0.015460149990394712,1.5581686332821847,0.7069517274697622,0.9528917074203491,0.061010037,0.2958170572916667
training_episode,4499274,3960.4993765,1136.0370428781962,73263013,1590.4276123046875,67.7060546875,13.904275894165039,4,5,8,2,1,1,0,45,0,0,LivesExhausted,,,,,,,,,
validation,4500000,,,,,,,,,,,,,,,,,,6447.334049987793,1116.4439697265625,10367.539240898543,,,,,,
training_episode,4502706,4067.9383318,1106.8766615268776,55249625,29750.666015625,300.8623352050781,296.5066223144531,2,43,38,30,2,5,5,146,2,1,MaxDuration,,,,,,,,,
ppo_rollout,4503552,4068.3830901,1106.9636020656312,,,,,,,,,,,,,,,,,,,-0.018112744664540513,1.5822577863931655,0.7114675998687744,0.9971272349357605,0.0561889,0.288232421875
training_episode,4504962,4069.707201000001,1106.9499051167732,12520193,1030.6083984375,47.39805221557617,8.806083679199219,3,4,7,2,0,0,1,49,0,0,LivesExhausted,,,,,,,,,
training_episode,4505094,4069.7799720000003,1106.9625461314743,73367742,27389.33203125,305.7370910644531,272.3932800292969,3,46,46,27,2,1,4,128,1,1,MaxDuration,,,,,,,,,
training_episode,4506396,4070.4352722000003,1107.1042035178637,69911685,27389.33203125,303.2346496582031,273.3932800292969,1,30,45,27,0,2,5,175,1,1,MaxDuration,,,,,,,,,
training_episode,4508166,4071.335828500003,1107.2940651179192,46452389,26254.666015625,300.8723449707031,261.546630859375,2,31,41,27,7,1,2,173,2,1,MaxDuration,,,,,,,,,
training_episode,4509198,4071.845290000001,1107.4089703442537,39540275,1214.7835693359375,54.066932678222656,10.647835731506348,3,5,9,2,0,0,0,28,1,0,LivesExhausted,,,,,,,,,
ppo_rollout,4509696,4072.1064931,1107.460231612674,,,,,,,,,,,,,,,,,,,-0.01458137248409912,2.1608726446827253,0.7114026755094528,0.9963457584381104,0.056511473,0.2753092447916667
training_episode,4510428,4073.039762800003,1107.3861937697645,26763337,26254.666015625,300.8923645019531,262.046630859375,1,33,44,27,2,3,6,126,3,1,MaxDuration,,,,,,,,,
training_episode,4513638,4074.7035342000017,1107.721816352015,38597714,543.967041015625,26.73051643371582,3.9396705627441406,3,3,8,1,0,0,0,16,0,0,LivesExhausted,,,,,,,,,
training_episode,4513704,4074.7452107999998,1107.7266838762218,30952497,1402.5162353515625,60.88578796386719,12.525162696838379,3,5,13,2,0,2,0,32,0,0,LivesExhausted,,,,,,,,,
training_episode,4514514,4075.1640116000017,1107.8116088455295,32837619,1185.0042724609375,52.89712905883789,10.350042343139648,3,3,12,2,0,0,0,28,0,0,LivesExhausted,,,,,,,,,
training_episode,4514538,4075.1805501000017,1107.8130022703454,35141657,956.7359619140625,44.48854064941406,8.067359924316406,3,5,6,1,0,2,0,11,1,0,LivesExhausted,,,,,,,,,
ppo_rollout,4515840,4075.856706100003,1107.9486659188753,,,,,,,,,,,,,,,,,,,-0.014081346998379256,1.9460534945130348,0.7093950678904851,0.9978078007698059,0.043134093,0.2583984375
ppo_rollout,4521984,4079.543778700001,1108.4533578509577,,,,,,,,,,,,,,,,,,,-0.007236884419883912,3.2606791282693544,0.7102314442396164,0.9881570935249329,0.043326,0.24710286458333333
training_episode,4523898,4081.0600747000026,1108.5105137376715,22993093,1870.52978515625,78.17829132080078,17.205297470092773,3,5,12,2,0,1,0,41,1,0,LivesExhausted,,,,,,,,,
training_episode,4524324,4081.2896296,1108.5525435849602,15662063,2175.435302734375,89.01060485839844,20.25435447692871,3,3,17,3,0,0,0,42,1,0,LivesExhausted,,,,,,,,,
training_episode,4526292,4082.2799858,1108.765693618388,29486291,343.7936096191406,16.39027976989746,1.9379360675811768,3,3,7,1,0,0,0,7,0,0,LivesExhausted,,,,,,,,,
ppo_rollout,4528128,4083.234326200003,1108.9561945895057,,,,,,,,,,,,,,,,,,,-0.011136482163177181,4.184750290711721,0.7142700831095378,0.9905741810798645,0.042582467,0.23658854166666668
ppo_rollout,4534272,4087.065515100003,1109.4199452511234,,,,,,,,,,,,,,,,,,,-0.014793702028691768,2.614907989402612,0.7226564238468806,0.9954200983047485,0.062775664,0.25335286458333334
ppo_rollout,4540416,4090.7406783000006,1109.92515954027,,,,,,,,,,,,,,,,,,,-0.013364590153408547,4.81846394042174,0.7238910958170891,0.98634934425354,0.031827237,0.21474609375
training_episode,4540968,4091.6094199,1109.8244074604224,13253296,26254.666015625,300.0315246582031,261.046630859375,3,36,44,27,6,1,6,168,1,1,MaxDuration,,,,,,,,,
training_episode,4541880,4092.0831584000007,1109.9187929934126,16499895,27389.33203125,306.5178527832031,272.8932800292969,2,37,49,27,6,4,4,176,0,1,MaxDuration,,,,,,,,,
training_episode,4543626,4092.9616750000023,1110.1071450907239,26868066,458.2698974609375,22.15041160583496,3.0826988220214844,3,3,6,1,0,0,0,3,0,0,LivesExhausted,,,,,,,,,
training_episode,4544550,4093.4349285000026,1110.2045297847947,25716047,462.3046875,22.23041343688965,3.123046636581421,3,4,8,1,0,0,1,2,0,0,LivesExhausted,,,,,,,,,
ppo_rollout,4546560,4094.4454079000025,1110.421448342593,,,,,,,,,,,,,,,,,,,-0.023155850012941907,1.897510782877604,0.7324676300088565,0.8587603569030762,0.058354422,0.27537434895833335
training_episode,4546818,4095.1334153000025,1110.2978923745047,9797239,557.2189331054688,26.590513229370117,4.0721893310546875,3,3,9,1,0,0,0,16,0,0,LivesExhausted,,,,,,,,,
training_episode,4550412,4096.963291400003,1110.6792217425618,21422158,30977.33203125,305.8872375488281,308.7732849121094,2,43,42,31,3,2,4,180,6,1,MaxDuration,,,,,,,,,
training_episode,4551090,4097.311745500003,1110.7502388604853,33151806,28554.666015625,304.5759582519531,285.046630859375,1,43,44,28,1,6,3,106,0,1,MaxDuration,,,,,,,,,
training_episode,4551180,4097.364778700001,1110.7578274844213,68026563,753.4293823242188,36.339908599853516,6.034293174743652,3,3,11,1,0,0,0,11,0,0,LivesExhausted,,,,,,,,,
ppo_rollout,4552704,4098.150647100003,1110.916701713163,,,,,,,,,,,,,,,,,,,-0.017191562902492782,2.030464014907678,0.7464369172851245,0.997931957244873,0.058672827,0.28956705729166665
training_episode,4555500,4100.1302502,1111.0622643702081,36503134,2247.23388671875,91.24108123779297,19.972339630126953,5,7,19,3,2,2,0,81,0,0,LivesExhausted,,,,,,,,,
training_episode,4555530,4100.148887900003,1111.0645307159157,11891819,910.32666015625,42.64884948730469,7.603265762329102,3,6,9,1,0,1,0,20,0,0,LivesExhausted,,,,,,,,,
training_episode,4556856,4100.8101341,1111.2087248584817,36293676,1046.88720703125,48.03794479370117,8.9688720703125,3,4,10,2,0,0,0,36,1,0,LivesExhausted,,,,,,,,,
ppo_rollout,4558848,4101.833286600002,1111.417183846303,,,,,,,,,,,,,,,,,,,-0.015118559350958094,1.810252273082733,0.7532896930972736,0.9983086585998535,0.07196671,0.29982096354166665
training_episode,4560054,4103.002887900002,1111.3942945172837,49908446,26254.666015625,301.2827453613281,262.046630859375,1,43,46,27,5,7,5,159,6,1,MaxDuration,,,,,,,,,
training_episode,4562880,4104.428335500001,1111.6968374218552,60695533,27389.33203125,304.8562316894531,273.3932800292969,1,36,42,27,5,2,3,139,3,1,MaxDuration,,,,,,,,,
training_episode,4564512,4105.2256954,1111.878454116333,6655369,1475.358642578125,63.76530456542969,12.75358772277832,4,5,14,2,1,0,1,35,0,1,LivesExhausted,,,,,,,,,
training_episode,4564770,4105.358509400001,1111.9053280116923,23935654,1846.8251953125,77.23809051513672,16.968252182006836,3,4,16,2,0,0,0,44,0,0,LivesExhausted,,,,,,,,,
ppo_rollout,4564992,4105.474595400003,1111.9279620229206,,,,,,,,,,,,,,,,,,,-0.012939498478469128,3.9256911158561705,0.7489338934421539,0.9936907291412354,0.044161588,0.26357421875
training_episode,4565538,4106.336632800001,1111.8275018010108,8854678,2017.8248291015625,83.389404296875,17.678247451782227,5,10,14,3,2,2,0,35,1,0,LivesExhausted,,,,,,,,,
training_episode,4567662,4107.452870100002,1112.0424614607432,12206006,838.5117797851562,39.809326171875,6.885117530822754,3,3,12,1,0,0,1,11,1,0,LivesExhausted,,,,,,,,,
training_episode,4568244,4107.747049200003,1112.1045052882894,40378107,617.1732788085938,31.06061553955078,4.6717329025268555,3,5,4,1,0,0,0,21,0,0,LivesExhausted,,,,,,,,,
ppo_rollout,4571136,4109.235728300002,1112.4053965848016,,,,,,,,,,,,,,,,,,,-0.015900387993315234,5.158843322594961,0.7426060318946839,0.9899304509162903,0.06523038,0.23369140625
ppo_rollout,4577280,4112.884397700003,1112.9123888236913,,,,,,,,,,,,,,,,,,,-0.009871393302455544,3.135750602185726,0.7421065772573153,0.9930438995361328,0.060306504,0.2751953125
training_episode,4577766,4113.690584400003,1112.8124262334825,59648243,1899.5892333984375,79.32853698730469,16.995893478393555,4,6,16,2,1,1,0,37,1,0,LivesExhausted,,,,,,,,,
training_episode,4577958,4113.798115200003,1112.830010564928,2570938,2617.51416015625,103.46369171142578,23.675140380859375,5,7,20,3,2,1,0,66,1,1,LivesExhausted,,,,,,,,,
training_episode,4579728,4114.694203500003,1113.01782672074,46557118,305.336181640625,14.740242004394531,1.5533618927001953,3,3,5,1,0,0,0,1,0,0,LivesExhausted,,,,,,,,,
training_episode,4582872,4116.282819600001,1113.3520705084447,44776725,907.0122680664062,42.51887130737305,7.070122718811035,4,5,9,1,2,0,1,10,0,0,LivesExhausted,,,,,,,,,
training_episode,4583028,4116.363435200001,1113.368163950112,67293460,576.5865478515625,27.460533142089844,4.265865325927734,3,4,8,1,0,0,0,5,0,0,LivesExhausted,,,,,,,,,
ppo_rollout,4583424,4116.566316600001,1113.4094892428675,,,,,,,,,,,,,,,,,,,-0.012538245025401315,4.181695328156153,0.744216920932134,0.9902549982070923,0.037508328,0.22794596354166666
training_episode,4587192,4119.0556964000025,1113.6513652896565,64256319,26254.666015625,300.0415344238281,261.046630859375,3,35,39,27,7,3,3,148,4,1,MaxDuration,,,,,,,,,
ppo_rollout,4589568,4120.253707800002,1113.9042217986587,,,,,,,,,,,,,,,,,,,-0.0034688637630703547,3.0843483924865724,0.7411667466163635,0.9934559464454651,0.072357886,0.2569498697916667
ppo_rollout,4595712,4123.9391541,1114.398595195316,,,,,,,,,,,,,,,,,,,-0.013650543079711497,3.0589191615581512,0.7431693747639656,0.9929628372192383,0.081503384,0.24622395833333333
training_episode,4596240,4124.769084900003,1114.3023779987982,10635071,26254.666015625,301.4929504394531,261.546630859375,2,39,45,27,0,2,4,178,1,1,MaxDuration,,,,,,,,,
training_episode,4600998,4127.210445800003,1114.7960736245325,4979705,26254.666015625,301.8733215332031,261.546630859375,2,48,37,27,4,4,2,145,1,1,MaxDuration,,,,,,,,,
ppo_rollout,4601856,4127.643978600001,1114.8868516418997,,,,,,,,,,,,,,,,,,,-0.013858624076237901,2.163565761347612,0.7519625842571258,0.9936723113059998,0.06743983,0.2787272135416667
training_episode,4603740,4129.1963612,1114.9239700148557,15452605,26254.666015625,300.6321105957031,261.546630859375,2,37,45,27,3,7,3,224,3,1,MaxDuration,,,,,,,,,
training_episode,4603872,4129.269160800002,1114.936280663295,52945587,1470.43017578125,63.565338134765625,12.704301834106445,4,5,11,2,2,0,0,46,0,0,LivesExhausted,,,,,,,,,
training_episode,4607916,4131.3283276,1115.3594279147653,24249841,721.8426513671875,34.800167083740234,5.71842622756958,3,3,10,1,0,0,0,15,0,0,LivesExhausted,,,,,,,,,
ppo_rollout,4608000,4131.376393400002,1115.3667836611107,,,,,,,,,,,,,,,,,,,-0.014313322803354822,2.1906559472282727,0.7597887913386027,0.9942206144332886,0.06822055,0.278857421875
training_episode,4609962,4132.9312317,1115.4218982985067,53678690,1782.492431640625,74.68754577636719,15.824925422668457,4,5,13,2,1,0,0,35,2,0,LivesExhausted,,,,,,,,,
training_episode,4610562,4133.254519000002,1115.4798183382807,54097606,1256.487548828125,55.71665573120117,11.064874649047852,3,3,14,2,0,0,0,9,0,0,LivesExhausted,,,,,,,,,
ppo_rollout,4614144,4135.078198800002,1115.8541092013745,,,,,,,,,,,,,,,,,,,-0.013986001959225784,1.4525025472044946,0.763267404337724,0.9980644583702087,0.08473954,0.283984375
training_episode,4614282,4135.703238000002,1115.7188353368012,18175559,648.6724243164062,31.000614166259766,4.986724376678467,3,3,11,1,1,0,0,36,0,0,LivesExhausted,,,,,,,,,
training_episode,4618410,4137.758956200003,1116.1621662566379,18385017,2135.92919921875,87.45027160644531,18.85929298400879,5,6,12,3,3,1,1,30,0,1,LivesExhausted,,,,,,,,,
training_episode,4619436,4138.278469200002,1116.2699741888114,57867850,27389.33203125,303.3647766113281,272.8932800292969,2,47,38,27,4,3,3,191,1,1,MaxDuration,,,,,,,,,
training_episode,4619520,4138.326673000003,1116.277269781403,65931983,30977.33203125,305.3867492675781,309.2732849121094,1,56,41,31,0,5,7,157,1,1,MaxDuration,,,,,,,,,
ppo_rollout,4620288,4138.7181069,1116.3572586152063,,,,,,,,,,,,,,,,,,,-0.017790295593052483,2.214382076760133,0.7627869407335918,0.9970863461494446,0.06807951,0.28439127604166664
training_episode,4621080,4139.6996185000025,1116.283891553084,33361264,1279.607666015625,56.63650131225586,11.296075820922852,3,4,14,2,0,1,0,10,0,0,LivesExhausted,,,,,,,,,
training_episode,4621152,4139.745316800003,1116.2889613634786,35351115,408.9758605957031,22.84042739868164,2.5897583961486816,3,4,7,1,0,0,1,11,1,0,LivesExhausted,,,,,,,,,
training_episode,4623288,4140.868818500003,1116.5019233028372,41215939,25150.666015625,300.7722473144531,250.0066375732422,3,34,48,26,5,4,4,129,0,1,MaxDuration,,,,,,,,,
training_episode,4625880,4142.219376700003,1116.7636427033754,62266468,842.5664672851562,39.96929931640625,6.92566442489624,3,5,6,1,0,0,0,9,0,0,LivesExhausted,,,,,,,,,
training_episode,4625958,4142.262254600002,1116.7709130108437,44043622,1203.4156494140625,53.617008209228516,10.53415584564209,3,3,9,2,0,0,0,26,0,0,LivesExhausted,,,,,,,,,
ppo_rollout,4626432,4142.521525200002,1116.8154400300032,,,,,,,,,,,,,,,,,,,-0.010411238716915249,4.801415667931239,0.7620653981963793,0.9911993741989136,0.04828869,0.22841796875
training_episode,4629696,4144.718127600001,1117.011062627032,18699204,635.1432495117188,31.770631790161133,4.851432800292969,3,3,6,1,0,0,0,2,1,0,LivesExhausted,,,,,,,,,
training_episode,4630500,4145.122829200001,1117.0959681534155,21212700,787.9486083984375,37.809661865234375,6.379486083984375,3,5,5,1,0,0,0,15,1,0,LivesExhausted,,,,,,,,,
training_episode,4632264,4146.019655100001,1117.27979733571,44357809,2280.44921875,92.56136322021484,20.80449104309082,4,5,18,3,1,0,0,45,0,0,LivesExhausted,,,,,,,,,
ppo_rollout,4632576,4146.181940800001,1117.3113158430644,,,,,,,,,,,,,,,,,,,-0.012034285437160482,1.7875173360109329,0.7634487082560857,0.9955762028694153,0.06823935,0.2921223958333333
training_episode,4634598,4147.7624263,1117.3730613434097,69388040,864.9140014648438,40.849151611328125,7.149139881134033,3,3,11,1,0,0,0,6,0,0,LivesExhausted,,,,,,,,,
training_episode,4637442,4149.194760300001,1117.6727697556182,37445695,922.740966796875,43.13876724243164,7.727409362792969,3,3,5,1,0,0,1,8,0,0,LivesExhausted,,,,,,,,,
training_episode,4637664,4149.310295200001,1117.695151737612,29695749,1372.2625732421875,59.695987701416016,12.222625732421875,3,4,12,2,0,0,1,33,1,0,LivesExhausted,,,,,,,,,
ppo_rollout,4638720,4149.878897300001,1117.796474258092,,,,,,,,,,,,,,,,,,,-0.009071143582696095,4.27967071980238,0.7629780898491542,0.9921729564666748,0.074386515,0.2611490885416667
training_episode,4640550,4151.406658300002,1117.8259279230192,5817537,485.9141540527344,25.87049674987793,3.3591418266296387,3,3,6,1,0,0,0,2,0,0,LivesExhausted,,,,,,,,,
training_episode,4640766,4151.517166900001,1117.84820185757,61638094,1131.067626953125,51.36738586425781,9.810675621032715,3,3,13,2,0,0,1,22,0,0,LivesExhausted,,,,,,,,,
training_episode,4643994,4153.202035600003,1118.1719454515035,6236453,541.7789916992188,26.88051986694336,3.917789936065674,3,3,8,1,0,0,0,14,0,0,LivesExhausted,,,,,,,,,
ppo_rollout,4644864,4153.653842300002,1118.2597723232518,,,,,,,,,,,,,,,,,,,-0.014817140841235718,2.694737729926904,0.7587383449077606,0.9950675964355469,0.05379514,0.24508463541666667
training_episode,4645200,4154.4063016,1118.1381075343977,20689055,810.700439453125,38.709510803222656,6.607004642486572,3,3,11,1,0,0,0,26,0,0,LivesExhausted,,,,,,,,,
training_episode,4646532,4155.1135631,1118.2683528229174,14195857,27389.33203125,304.7160949707031,272.8932800292969,2,55,42,27,4,4,3,121,3,1,MaxDuration,,,,,,,,,
training_episode,4648740,4156.2356435,1118.497698096169,61952281,383.6047668457031,18.370325088500977,2.336047649383545,3,4,5,1,0,0,0,8,0,0,LivesExhausted,,,,,,,,,
training_episode,4650696,4157.222242800002,1118.7027607327602,67712376,989.875732421875,45.78832244873047,8.398756980895996,3,4,9,1,0,0,0,35,1,0,LivesExhausted,,,,,,,,,
ppo_rollout,4651008,4157.390742200001,1118.7324666862532,,,,,,,,,,,,,,,,,,,-0.011480128163627038,1.8484325975179672,0.76424683680137,0.9976937770843506,0.08446468,0.29181315104166666
training_episode,4655514,4160.248450400002,1119.0471087255326,8749949,27389.33203125,300.6020812988281,273.3932800292969,1,47,45,27,3,4,7,143,2,1,MaxDuration,,,,,,,,,
ppo_rollout,4657152,4161.0590954,1119.22274911895,,,,,,,,,,,,,,,,,,,-0.011653248246875591,2.3324697121977804,0.7685963814457257,0.9963012933731079,0.08913088,0.2874348958333333
training_episode,4659558,4162.8314823,1119.3241955174112,32104516,26254.666015625,302.2136535644531,261.046630859375,3,36,44,27,5,1,5,183,2,1,MaxDuration,,,,,,,,,
training_episode,4662876,4164.511927900003,1119.6692627439063,8016846,573.20849609375,27.610536575317383,4.23208475112915,3,4,8,1,0,0,0,17,0,0,LivesExhausted,,,,,,,,,
ppo_rollout,4663296,4164.725266900001,1119.712754419239,,,,,,,,,,,,,,,,,,,-0.007307184425493081,3.4970129882295926,0.7705666815241178,0.9933789968490601,0.053112593,0.2635579427083333
ppo_rollout,4669440,4168.460547400002,1120.1833259313141,,,,,,,,,,,,,,,,,,,-0.005873125465586782,2.9941529681285224,0.7722054521242777,0.9887176752090454,0.06778902,0.2806315104166667
training_episode,4672932,4170.8139703000015,1120.3884980906694,25087673,2027.923828125,83.78948974609375,18.279237747192383,4,4,12,3,1,0,0,38,3,0,LivesExhausted,,,,,,,,,
training_episode,4673922,4171.3201658,1120.4898723240556,41006481,24077.33203125,302.1335754394531,239.27330017089844,3,43,37,24,5,2,2,149,2,1,MaxDuration,,,,,,,,,
ppo_rollout,4675584,4172.174569900002,1120.658764791825,,,,,,,,,,,,,,,,,,,-0.011075066697473327,1.7600514551003774,0.7658055032293002,0.9959869980812073,0.088628255,0.31666666666666665
training_episode,4679964,4174.943333000003,1120.964675857553,72110994,1104.5059814453125,50.317562103271484,9.545060157775879,3,4,9,2,0,0,1,17,0,0,LivesExhausted,,,,,,,,,
training_episode,4680126,4175.030409400002,1120.9800986030627,58286766,26254.666015625,301.0625305175781,262.046630859375,1,37,40,27,2,4,3,145,2,1,MaxDuration,,,,,,,,,
ppo_rollout,4681728,4175.861238900001,1121.1407018000564,,,,,,,,,,,,,,,,,,,-0.012597799380697931,2.2669878909985224,0.7585930044452349,0.9955080151557922,0.0597098,0.29192708333333334
training_episode,4685046,4178.117211600002,1121.3294799371774,62999571,26254.666015625,302.5239562988281,261.546630859375,2,32,47,27,3,2,2,180,4,1,MaxDuration,,,,,,,,,
training_episode,4685874,4178.525249500002,1121.4181368320574,16395166,1042.3994140625,47.857975006103516,7.923994064331055,5,8,9,2,2,1,0,27,0,0,LivesExhausted,,,,,,,,,
training_episode,4687092,4179.155156800003,1121.5405564384278,5608079,27389.33203125,303.2646789550781,272.8932800292969,2,40,40,27,4,2,5,120,1,1,MaxDuration,,,,,,,,,
training_episode,4687338,4179.288199400002,1121.5637152453226,73681929,1416.5059814453125,61.43569564819336,12.665060043334961,3,5,12,2,0,1,0,7,0,0,LivesExhausted,,,,,,,,,
ppo_rollout,4687872,4179.576415300002,1121.6141384182622,,,,,,,,,,,,,,,,,,,-0.008290064936348547,3.1515836377938586,0.7584479038914045,0.9936542510986328,0.065891825,0.2720540364583333
training_episode,4691844,4182.109121100002,1121.8846434035477,21631616,28554.666015625,302.7341613769531,285.546630859375,0,27,46,28,1,0,5,148,2,1,MaxDuration,,,,,,,,,
training_episode,4692774,4182.573093200001,1121.9825441017351,21945803,1028.5465087890625,47.31806564331055,8.785465240478516,3,3,8,2,0,0,1,14,0,0,LivesExhausted,,,,,,,,,
ppo_rollout,4694016,4183.2043954,1122.110123321181,,,,,,,,,,,,,,,,,,,-0.016514206080076595,2.1920667270819347,0.755609164138635,0.9972801804542542,0.066551395,0.27413736979166664
training_episode,4697448,4185.465891100001,1122.3238039016592,16814082,816.664794921875,38.93947219848633,6.666647911071777,3,3,9,1,0,0,1,12,0,0,LivesExhausted,,,,,,,,,
ppo_rollout,4700160,4186.836169400001,1122.6042314126566,,,,,,,,,,,,,,,,,,,-0.013354555486390989,4.049986747900645,0.7669325138131777,0.9903813600540161,0.042971883,0.23155924479166667
training_episode,4705992,4190.357433900001,1123.0526450866732,12101277,1677.6019287109375,71.15679168701172,15.276020050048828,3,4,17,2,0,0,0,28,0,0,LivesExhausted,,,,,,,,,
ppo_rollout,4706304,4190.5244752,1123.082332021312,,,,,,,,,,,,,,,,,,,-0.014661632707187285,2.4212601741154987,0.7760869185129802,0.9938955903053284,0.051286276,0.24998372395833332
training_episode,4709262,4192.574700100002,1123.238662840682,61114449,26254.666015625,302.7041320800781,262.046630859375,1,37,42,27,1,7,2,153,0,1,MaxDuration,,,,,,,,,
training_episode,4711944,4193.942866700003,1123.5117286439302,28648459,1086.23779296875,49.59768295288086,9.362378120422363,3,6,5,2,0,1,0,31,0,0,LivesExhausted,,,,,,,,,
ppo_rollout,4712448,4194.209255000002,1123.560536323312,,,,,,,,,,,,,,,,,,,-0.008981237262681437,1.7082469080885252,0.7877165973186493,0.9965033531188965,0.08734121,0.3084798177083333
training_episode,4716750,4196.9800412,1123.8438004702512,66979273,1439.5997314453125,62.35554122924805,12.895997047424316,3,3,14,2,0,0,0,31,0,0,LivesExhausted,,,,,,,,,
ppo_rollout,4718592,4197.931884100002,1124.0277665943172,,,,,,,,,,,,,,,,,,,-0.012587759849460175,1.6267530580361684,0.7958837166428566,0.9980155229568481,0.07354043,0.29786783854166665
training_episode,4721718,4200.075450200002,1124.1983759542125,71482620,27389.33203125,305.5869445800781,273.3932800292969,1,30,48,27,4,7,5,101,3,1,MaxDuration,,,,,,,,,
training_episode,4722666,4200.5548275,1124.2957642361591,27496440,28554.666015625,306.5779113769531,285.546630859375,0,41,46,28,3,3,3,138,2,1,MaxDuration,,,,,,,,,
training_episode,4722960,4200.705467300002,1124.325434564608,67398189,2260.508056640625,91.77119445800781,20.605079650878906,4,7,13,3,1,3,0,52,0,0,LivesExhausted,,,,,,,,,
training_episode,4723590,4201.024454800001,1124.3900269618584,12624922,1288.14794921875,56.96644592285156,10.881479263305664,4,4,12,2,1,0,0,19,0,0,LivesExhausted,,,,,,,,,
training_episode,4723980,4201.221061800003,1124.4302383783686,32209245,29750.666015625,305.3266906738281,297.5066223144531,0,42,41,30,2,2,6,135,2,1,MaxDuration,,,,,,,,,
ppo_rollout,4724736,4201.609101500002,1124.5063226641523,,,,,,,,,,,,,,,,,,,-0.019610028195893393,1.9141141628225644,0.7961602449417114,0.9981504678726196,0.07554506,0.3043131510416667
training_episode,4727940,4203.760419800001,1124.693019547707,38492985,26254.666015625,300.7522277832031,260.546630859375,4,38,46,27,4,5,2,134,6,1,MaxDuration,,,,,,,,,
training_episode,4729854,4204.736654200002,1124.8870949564634,51688839,1299.5743408203125,57.426368713378906,11.495742797851562,3,3,13,2,0,0,0,19,0,0,LivesExhausted,,,,,,,,,
training_episode,4730526,4205.084054400002,1124.9539697191547,70435330,1308.529541015625,57.78630828857422,11.585295677185059,3,3,12,2,1,0,1,40,0,0,LivesExhausted,,,,,,,,,
ppo_rollout,4730880,4205.290785300003,1124.9828469739225,,,,,,,,,,,,,,,,,,,-0.013952411951807638,1.941714962820212,0.7948729857802391,0.9975799322128296,0.07544414,0.302783203125
training_episode,4732062,4206.485749900003,1124.944260208772,44881454,1581.1094970703125,67.33597564697266,14.311095237731934,3,4,12,2,0,1,0,44,1,0,LivesExhausted,,,,,,,,,
training_episode,4733502,4207.225363000001,1125.088767915378,59543514,1002.9876098632812,46.30823516845703,8.529875755310059,3,4,11,2,0,0,0,21,1,0,LivesExhausted,,,,,,,,,
training_episode,4735746,4208.383187200001,1125.3124512054887,29905207,1073.2235107421875,49.0877685546875,9.232234954833984,3,4,10,2,0,0,0,28,0,0,LivesExhausted,,,,,,,,,
ppo_rollout,4737024,4209.0359025,1125.4415761068697,,,,,,,,,,,,,,,,,,,-0.003967065123530725,2.7663450012604396,0.8022390653689703,0.9890584945678711,0.05937223,0.2838053385416667
training_episode,4738926,4210.602934300001,1125.4744448582946,3932415,1292.777587890625,57.15641403198242,10.927776336669922,4,6,11,2,1,0,0,14,0,0,LivesExhausted,,,,,,,,,
training_episode,4740558,4211.421270100003,1125.643267667552,58705682,2023.017333984375,83.58944702148438,18.730173110961914,3,3,11,3,0,0,0,44,1,0,LivesExhausted,,,,,,,,,
ppo_rollout,4743168,4212.751226200002,1125.9074522372036,,,,,,,,,,,,,,,,,,,-0.004208648086447889,1.649444468319416,0.8059400608142216,0.9947555661201477,0.06042604,0.3130696614583333
training_episode,4744266,4213.877364100001,1125.8671266559936,6969556,1673.567138671875,70.98675537109375,15.235671997070312,3,6,15,2,0,3,0,21,0,0,LivesExhausted,,,,,,,,,
training_episode,4744608,4214.0516728,1125.9017136938605,47918595,1029.0333251953125,47.33806228637695,8.790334701538086,3,5,12,2,0,1,0,7,0,0,LivesExhausted,,,,,,,,,
training_episode,4746870,4215.214554000002,1126.1277306739908,35455844,1161.6802978515625,52.587181091308594,9.616802215576172,4,6,12,2,2,1,1,9,0,0,LivesExhausted,,,,,,,,,
ppo_rollout,4749312,4216.510169500001,1126.3608550867502,,,,,,,,,,,,,,,,,,,-0.015991095857073864,3.4765066246191663,0.7937336991230647,0.9943032264709473,0.06333607,0.24728190104166667
training_episode,4752006,4218.462210200003,1126.4782670115944,1837835,1421.16015625,61.62566375732422,12.711601257324219,3,3,14,2,0,0,1,15,1,1,LivesExhausted,,,,,,,,,
training_episode,4753362,4219.155408400002,1126.6145803817597,33570722,1215.1788330078125,54.08692932128906,10.151788711547852,4,7,11,2,1,0,0,25,2,0,LivesExhausted,,,,,,,,,
ppo_rollout,4755456,4220.240848500001,1126.820996884628,,,,,,,,,,,,,,,,,,,-0.014245134157439074,1.9640584816535314,0.790930291513602,0.9967525005340576,0.07749194,0.30364583333333334
training_episode,4756536,4221.343980400001,1126.782375964843,44462538,500.33990478515625,26.440509796142578,3.50339937210083,3,3,8,1,0,0,0,9,1,0,LivesExhausted,,,,,,,,,
training_episode,4758060,4222.128569,1126.9339439198873,67607647,27389.33203125,302.8042297363281,273.3932800292969,1,27,46,27,5,5,6,147,3,1,MaxDuration,,,,,,,,,
training_episode,4758522,4222.360480500003,1126.9814649829484,23412009,1219.6890869140625,54.26689910888672,10.696890830993652,3,4,13,2,0,0,0,27,1,0,LivesExhausted,,,,,,,,,
training_episode,4758684,4222.446081100003,1126.9969843546944,55563812,23034.666015625,300.1116027832031,229.3466339111328,2,32,45,23,3,5,1,142,2,1,MaxDuration,,,,,,,,,
ppo_rollout,4761600,4223.9345278,1127.2902003242077,,,,,,,,,,,,,,,,,,,-0.014467306656297297,2.3201075946291287,0.7870627899964651,0.995932936668396,0.07179677,0.2730794270833333
training_episode,4762152,4224.778598500001,1127.1956361667787,29067375,1015.1565551757812,46.78815460205078,8.651564598083496,3,4,11,2,0,0,2,31,0,1,LivesExhausted,,,,,,,,,
training_episode,4766568,4227.010360400003,1127.6452134243027,2675667,769.4136962890625,36.76983642578125,6.194136619567871,3,4,12,1,0,0,1,5,0,0,LivesExhausted,,,,,,,,,
ppo_rollout,4767744,4227.5963004000005,1127.7670953465667,,,,,,,,,,,,,,,,,,,-0.014553610371270528,1.6749084800481797,0.7826140468319257,0.9980888366699219,0.06301918,0.29415690104166664
training_episode,4769652,4229.1458513,1127.8050385833474,13567483,26254.666015625,301.2226867675781,261.546630859375,2,38,39,27,4,2,2,191,0,1,MaxDuration,,,,,,,,,
training_episode,4770312,4229.481824800001,1127.8714976451217,35770031,620.7257690429688,31.200618743896484,4.7072577476501465,3,4,9,1,0,0,0,32,0,0,LivesExhausted,,,,,,,,,
ppo_rollout,4773888,4231.289678900001,1128.2347374621388,,,,,,,,,,,,,,,,,,,-0.010575692708759259,4.621322695414225,0.7844247212012608,0.9921432733535767,0.039448973,0.24765625
training_episode,4775466,4232.647358900002,1128.245656931143,47604408,1057.3026123046875,48.4478759765625,9.073026657104492,3,4,14,2,0,1,1,9,0,0,LivesExhausted,,,,,,,,,
training_episode,4777986,4233.912926700003,1128.5036047550602,46033473,1479.7872314453125,63.93527603149414,13.297872543334961,3,4,14,2,0,1,1,41,0,1,LivesExhausted,,,,,,,,,
ppo_rollout,4780032,4234.966945200002,1128.7058581219355,,,,,,,,,,,,,,,,,,,-0.007663568089871357,2.343813319504261,0.7803468734025956,0.9937699437141418,0.07047367,0.28056640625
training_episode,4780812,4235.925647200002,1128.6345413452134,38388256,27389.33203125,304.5058898925781,272.8932800292969,2,37,48,27,4,4,3,134,3,1,MaxDuration,,,,,,,,,
ppo_rollout,4786176,4238.627619400002,1129.1805814914937,,,,,,,,,,,,,,,,,,,-0.015677379128950026,2.5284249067306517,0.7767335489392281,0.9952619075775146,0.058899578,0.25900065104166664
training_episode,4786686,4239.4357165,1129.0856425467396,8226304,1069.14599609375,48.92779541015625,9.191460609436035,3,5,11,2,0,2,0,22,0,0,LivesExhausted,,,,,,,,,
training_episode,4787262,4239.725176400003,1129.1444140407507,13148567,1847.451171875,77.26809692382812,16.474512100219727,4,8,14,2,1,4,0,22,2,0,LivesExhausted,,,,,,,,,
ppo_rollout,4792320,4242.288324500001,1129.6544773544656,,,,,,,,,,,,,,,,,,,-0.008549471822334453,3.3578178053100904,0.7774273494879405,0.9931694865226746,0.05620809,0.24733072916666668
training_episode,4793148,4243.280440000002,1129.5854864591504,22259990,1071.3809814453125,49.007781982421875,9.2138090133667,3,4,13,2,0,1,1,43,0,0,LivesExhausted,,,,,,,,,
training_episode,4794180,4243.8178272000005,1129.6856262944536,39226088,23034.666015625,300.9624328613281,228.8466339111328,3,34,44,23,2,1,0,149,1,1,MaxDuration,,,,,,,,,
training_episode,4795218,4244.354670100001,1129.7872992991463,7912117,27389.33203125,305.7671203613281,272.8932800292969,2,32,45,27,3,4,4,167,6,1,MaxDuration,,,,,,,,,
training_episode,4795260,4244.382123500003,1129.7898870721215,72425181,27389.33203125,304.7861633300781,273.3932800292969,1,30,47,27,2,1,2,172,1,1,MaxDuration,,,,,,,,,
training_episode,4798062,4245.778416500001,1130.0782870235778,50432091,489.90643310546875,23.31043815612793,3.399064064025879,3,3,9,1,0,0,0,15,0,0,LivesExhausted,,,,,,,,,
training_episode,4798170,4245.8368233,1130.0881780639675,70958975,515.445068359375,24.59046745300293,3.6544504165649414,3,3,8,1,0,0,1,1,0,0,LivesExhausted,,,,,,,,,
ppo_rollout,4798464,4246.016954300001,1130.1094771043079,,,,,,,,,,,,,,,,,,,-0.006307652645045891,2.638849967221419,0.7761915733416875,0.9939152002334595,0.07392519,0.28492838541666665
training_episode,4800798,4247.787405000003,1130.187917208158,16709353,1241.101806640625,55.10675811767578,10.411017417907715,4,7,13,2,1,1,0,11,0,0,LivesExhausted,,,,,,,,,
training_episode,4802586,4248.6868072,1130.3695042574896,31371413,762.1748046875,36.789833068847656,5.621747970581055,4,5,5,1,1,0,1,6,1,0,LivesExhausted,,,,,,,,,
training_episode,4803270,4249.0330971,1130.438358618169,64046861,928.93359375,43.378726959228516,7.789336204528809,3,5,4,1,0,0,1,18,0,0,LivesExhausted,,,,,,,,,
ppo_rollout,4804608,4249.698544100003,1130.5761926738064,,,,,,,,,,,,,,,,,,,-0.011217551059477653,1.6129312793413797,0.7727218722303708,0.9976031184196472,0.09511589,0.3296875
training_episode,4808670,4252.293627700001,1130.841475451199,48128053,1113.45556640625,50.6775016784668,9.63455581665039,3,5,10,2,0,1,0,11,1,0,LivesExhausted,,,,,,,,,
training_episode,4809648,4252.785045500001,1130.9407714103097,25925505,1191.3450927734375,53.14708709716797,9.913451194763184,4,4,10,2,1,0,0,34,0,0,LivesExhausted,,,,,,,,,
ppo_rollout,4810752,4253.3518344,1131.0496256368665,,,,,,,,,,,,,,,,,,,-0.0045849186843649175,4.418481850624085,0.7695656572779019,0.9917161464691162,0.06466656,0.27350260416666666
training_episode,4812168,4254.643239300003,1131.0391328584635,31476142,27389.33203125,305.8071594238281,273.3932800292969,1,41,45,27,1,5,1,165,3,1,MaxDuration,,,,,,,,,
training_episode,4814652,4255.882217800001,1131.293525902332,30743039,438.1979675292969,20.670377731323242,2.381979465484619,4,5,6,1,1,0,2,9,0,1,LivesExhausted,,,,,,,,,
training_episode,4814784,4255.9542040000015,1131.3054063116508,59124598,913.3850708007812,42.768829345703125,7.633851051330566,3,4,9,1,0,0,0,14,0,0,LivesExhausted,,,,,,,,,
training_episode,4815690,4256.4294668,1131.3919418992402,46976034,1325.8314208984375,58.45619583129883,11.75831413269043,3,5,12,2,0,0,1,21,1,0,LivesExhausted,,,,,,,,,
ppo_rollout,4816896,4257.046256100002,1131.5113132956399,,,,,,,,,,,,,,,,,,,-0.013792089473766585,2.2816198940078416,0.7646619255344073,0.9958388805389404,0.062355574,0.25979817708333336
training_episode,4821348,4259.873620800001,1131.8054076671303,14300586,1229.524658203125,54.65683364868164,10.295246124267578,4,6,10,2,1,1,0,32,0,0,LivesExhausted,,,,,,,,,
training_episode,4822584,4260.5215234000025,1131.9233979955247,63942132,1299.411376953125,57.4163703918457,10.99411392211914,4,7,12,2,1,2,0,12,1,0,LivesExhausted,,,,,,,,,
training_episode,4822728,4260.593293600003,1131.9381287212748,54830709,28554.666015625,300.3318176269531,285.046630859375,1,50,44,28,2,5,2,160,1,1,MaxDuration,,,,,,,,,
ppo_rollout,4823040,4260.752899200001,1131.9689533991925,,,,,,,,,,,,,,,,,,,-0.014974755008006468,2.7361720100045206,0.7668990979592005,0.995551586151123,0.06415924,0.2757975260416667
training_episode,4826586,4263.1081414,1132.1753612412363,66455628,935.1853637695312,43.628684997558594,7.851853370666504,3,4,11,1,0,0,0,17,0,0,LivesExhausted,,,,,,,,,
training_episode,4827090,4263.353744900003,1132.228355616599,26344421,750.4305419921875,36.32991027832031,6.004305362701416,3,5,4,1,0,0,1,13,0,0,LivesExhausted,,,,,,,,,
ppo_rollout,4829184,4264.4005086,1132.4414745427882,,,,,,,,,,,,,,,,,,,-0.01263660672896852,2.4990309064586955,0.7661720757683118,0.9958953857421875,0.06420037,0.27736002604166665
training_episode,4829412,4265.065667400002,1132.3183220632627,1628377,25150.666015625,302.1636047363281,250.5066375732422,2,26,47,26,0,2,5,155,1,1,MaxDuration,,,,,,,,,
training_episode,4830096,4265.4098003,1132.38732645578,26972795,570.4860229492188,29.210573196411133,4.204859733581543,3,5,7,1,0,1,0,4,0,0,LivesExhausted,,,,,,,,,
training_episode,4830270,4265.503176300001,1132.403329773134,69702227,1482.3095703125,64.04527282714844,13.323095321655273,3,3,10,2,0,0,1,42,1,1,LivesExhausted,,,,,,,,,
training_episode,4833240,4267.003755700003,1132.7011356724493,15033689,546.011474609375,26.180503845214844,3.9601144790649414,3,4,9,1,0,1,0,5,0,0,LivesExhausted,,,,,,,,,
training_episode,4835166,4267.9906591,1132.8904831810485,49280072,1579.06103515625,67.2559585571289,13.790610313415527,4,7,16,2,1,1,0,33,1,0,LivesExhausted,,,,,,,,,
ppo_rollout,4835328,4268.0827395000015,1132.9039981465894,,,,,,,,,,,,,,,,,,,-0.018462008200973892,1.91843591829141,0.7643174688021342,0.9975759983062744,0.072061755,0.27540690104166665
training_episode,4836882,4269.427997500003,1132.9110135672213,15871521,27389.33203125,300.6621398925781,273.8932800292969,0,33,46,27,4,1,3,150,2,1,MaxDuration,,,,,,,,,
training_episode,4840146,4271.120749400001,1133.2262148476918,72215723,2201.870849609375,89.45069885253906,20.518707275390625,3,5,19,3,0,2,0,63,1,0,LivesExhausted,,,,,,,,,
training_episode,4840224,4271.164965900003,1133.2327453149744,27915356,1318.6680908203125,58.17624282836914,11.186680793762207,4,5,12,2,1,0,1,34,0,0,LivesExhausted,,,,,,,,,
training_episode,4841208,4271.713783200001,1133.3175033963496,13462754,743.0841674804688,36.03995895385742,5.930841445922852,3,3,10,1,0,0,0,18,0,0,LivesExhausted,,,,,,,,,
ppo_rollout,4841472,4271.8693146000005,1133.338040902437,,,,,,,,,,,,,,,,,,,-0.014608686621068045,1.4903028930226963,0.7651200339198112,0.9978891611099243,0.10639011,0.29029947916666665
training_episode,4841778,4272.615469,1133.2117376650353,2780396,1240.1473388671875,55.07676315307617,10.901473999023438,3,3,8,2,0,0,0,28,0,0,LivesExhausted,,,,,,,,,
training_episode,4844400,4274.0017114,1133.4576649977894,26553879,436.4111022949219,21.840404510498047,2.8641107082366943,3,3,7,1,0,0,0,14,0,0,LivesExhausted,,,,,,,,,
training_episode,4846554,4275.099150900001,1133.6705486654491,62371197,1197.0030517578125,53.36705017089844,10.470030784606934,3,3,11,2,0,0,1,19,0,0,LivesExhausted,,,,,,,,,
training_episode,4847532,4275.614999700003,1133.7625114375653,44253080,538.7501831054688,26.080501556396484,3.8875017166137695,3,3,10,1,0,0,0,11,0,0,LivesExhausted,,,,,,,,,
ppo_rollout,4847616,4275.668954300003,1133.7678505546587,,,,,,,,,,,,,,,,,,,-0.012362473081642142,4.858651172121366,0.7717194020748138,0.9939250946044922,0.036206786,0.23211263020833334
training_episode,4850658,4277.766640000002,1133.923004271219,36712592,26254.666015625,300.0215148925781,261.546630859375,2,36,42,27,3,2,5,154,1,1,MaxDuration,,,,,,,,,
training_episode,4852626,4278.7734991,1134.1161201967584,47499679,1110.3382568359375,50.55752182006836,9.10338306427002,4,9,9,2,1,1,1,17,0,0,LivesExhausted,,,,,,,,,
training_episode,4853250,4279.0824804,1134.1800543060174,65513067,1036.8795166015625,47.64801025390625,8.368795394897461,4,4,7,2,1,0,1,34,1,0,LivesExhausted,,,,,,,,,
ppo_rollout,4853760,4279.337698800002,1134.231589472613,,,,,,,,,,,,,,,,,,,-0.007824270530060554,3.121764858067036,0.7727944865822792,0.9951375722885132,0.06293772,0.2566731770833333
training_episode,4854900,4280.4697166000005,1134.1979552319488,18908662,725.690673828125,35.350074768066406,5.756906509399414,3,3,10,1,0,0,0,17,0,0,LivesExhausted,,,,,,,,,
training_episode,4858764,4282.534409900003,1134.553405751491,6760098,1124.7642822265625,51.117427825927734,9.747642517089844,3,3,11,2,0,0,0,27,1,0,LivesExhausted,,,,,,,,,
ppo_rollout,4859904,4283.111156500003,1134.6667929980435,,,,,,,,,,,,,,,,,,,-0.004517472254034752,2.48609764923652,0.7681340530514718,0.995006263256073,0.07175643,0.28349609375
training_episode,4864752,4286.162735600003,1134.9900365644896,41320668,1093.7923583984375,49.89763259887695,9.437923431396484,3,3,10,2,0,0,0,14,0,0,LivesExhausted,,,,,,,,,
training_episode,4865286,4286.436072500001,1135.0422396857055,60171888,2111.98583984375,86.51007080078125,19.619857788085938,3,4,18,3,0,1,0,44,1,0,LivesExhausted,,,,,,,,,
ppo_rollout,4866048,4286.862434000002,1135.1071033692044,,,,,,,,,,,,,,,,,,,-0.014675332951204231,1.5766402681668599,0.7660122975707054,0.9980592727661133,0.06423674,0.29471028645833336
training_episode,4866534,4287.687832700001,1135.0019380808078,49489530,26254.666015625,302.1435852050781,261.546630859375,2,29,46,27,1,2,4,180,2,1,MaxDuration,,,,,,,,,
training_episode,4869384,4289.141717000002,1135.281676681423,42891603,694.60595703125,34.12028121948242,5.446059703826904,3,5,7,1,0,0,1,11,1,0,LivesExhausted,,,,,,,,,
ppo_rollout,4872192,4290.5216272,1135.5710152146696,,,,,,,,,,,,,,,,,,,-0.012182791951151255,2.691205706695716,0.7696424235900243,0.9959927797317505,0.06024916,0.260400390625
training_episode,4872534,4291.243268400001,1135.4597479664055,14614773,1501.9910888671875,64.81543731689453,13.51991081237793,3,4,12,2,0,1,0,19,0,0,LivesExhausted,,,,,,,,,
training_episode,4875150,4292.5703421,1135.7181388936756,37759882,451.6940612792969,21.76040267944336,3.0169408321380615,3,4,6,1,0,0,0,6,0,0,LivesExhausted,,,,,,,,,
training_episode,4876266,4293.1282274000005,1135.830504404281,12415464,26254.666015625,300.3218078613281,261.546630859375,2,44,41,27,3,2,4,197,2,1,MaxDuration,,,,,,,,,
training_episode,4877490,4293.745153900003,1135.9523737848722,33047077,27389.33203125,302.3037414550781,272.8932800292969,2,41,38,27,5,2,6,137,0,1,MaxDuration,,,,,,,,,
ppo_rollout,4878336,4294.17971,1136.0344301938867,,,,,,,,,,,,,,,,,,,-0.018749907137438033,1.7076367825269698,0.7747605855266253,0.9983006119728088,0.07302033,0.314892578125
training_episode,4880154,4295.693669800003,1136.0572645831164,2047293,650.8516235351562,32.39057159423828,5.008516311645508,3,4,11,1,0,0,0,21,0,0,LivesExhausted,,,,,,,,,
training_episode,4880322,4295.784562600002,1136.0723353049646,61009720,920.6790161132812,43.058780670166016,7.706789970397949,3,5,10,1,0,1,1,11,1,0,LivesExhausted,,,,,,,,,
ppo_rollout,4884480,4297.882484400001,1136.4852384236117,,,,,,,,,,,,,,,,,,,-0.013146798240874584,4.378836121658484,0.7834213505188624,0.9917885661125183,0.05152553,0.22291666666666668
training_episode,4889322,4300.931811900002,1136.8052817001226,10320884,1789.029052734375,74.95760345458984,15.890291213989258,4,4,17,2,2,0,0,55,0,0,LivesExhausted,,,,,,,,,
training_episode,4889772,4301.166405400003,1136.8479010393594,14510044,27389.33203125,304.3056945800781,273.3932800292969,1,31,44,27,1,2,4,144,4,1,MaxDuration,,,,,,,,,
training_episode,4890144,4301.361816500001,1136.8827382159375,23307280,2013.4068603515625,83.21936798095703,18.634069442749023,3,5,18,3,0,2,1,30,0,1,LivesExhausted,,,,,,,,,
ppo_rollout,4890624,4301.606282500001,1136.9297138829904,,,,,,,,,,,,,,,,,,,-0.009989703483491515,1.4399090553323428,0.7907536471883456,0.9982505440711975,0.07169084,0.32960611979166665
training_episode,4893990,4303.8918591,1137.10803157201,1418919,720.3193969726562,35.13011169433594,5.7031941413879395,3,3,8,1,0,0,0,7,0,0,LivesExhausted,,,,,,,,,
training_episode,4895724,4304.7611306,1137.281222226059,15557334,307.3692932128906,14.440235137939453,1.573693037033081,3,3,5,1,0,0,0,9,0,0,LivesExhausted,,,,,,,,,
ppo_rollout,4896768,4305.304779400001,1137.3801045236166,,,,,,,,,,,,,,,,,,,-0.004019925166115475,4.669512127836545,0.7912154346704483,0.9920681715011597,0.04657133,0.26220703125
training_episode,4897182,4306.083308900001,1137.270611991712,48651698,1518.4705810546875,65.465576171875,13.68470573425293,3,6,13,2,0,1,1,33,0,1,LivesExhausted,,,,,,,,,
training_episode,4899444,4307.219467900002,1137.4957873666788,24459299,394.185302734375,18.8503360748291,2.4418530464172363,3,4,7,1,0,0,0,7,0,0,LivesExhausted,,,,,,,,,
training_episode,4900284,4307.646753700003,1137.5779584969355,41844313,2045.990234375,84.49964141845703,18.959903717041016,3,5,11,3,0,2,0,61,0,0,LivesExhausted,,,,,,,,,
training_episode,4902858,4308.934939400002,1137.835235145764,8959407,26254.666015625,302.6540832519531,261.046630859375,3,44,44,27,6,3,2,152,0,1,MaxDuration,,,,,,,,,
ppo_rollout,4902912,4308.970002100003,1137.838508416289,,,,,,,,,,,,,,,,,,,-0.014931112388148903,2.3009652853012086,0.7995826572179794,0.9969858527183533,0.057805702,0.24671223958333333
training_episode,4903782,4309.967828700002,1137.776938228123,37340966,568.6796875,29.150571823120117,4.186797142028809,3,3,9,1,0,0,0,10,0,0,LivesExhausted,,,,,,,,,
training_episode,4904526,4310.3476028000005,1137.8492993961836,1942564,902.1407470703125,42.318904876708984,7.521407127380371,3,3,12,1,0,0,1,28,0,0,LivesExhausted,,,,,,,,,
training_episode,4906026,4311.103396100003,1137.9977581697965,25611318,28554.666015625,305.2966613769531,284.546630859375,2,52,45,28,3,1,4,180,2,1,MaxDuration,,,,,,,,,
training_episode,4906932,4311.573989500001,1138.0836817250215,38702443,689.7919311523438,33.93031311035156,5.397919654846191,3,3,3,1,0,0,0,10,0,0,LivesExhausted,,,,,,,,,
training_episode,4908210,4312.220682700001,1138.2093731174336,67084002,635.53955078125,30.69060707092285,4.855395317077637,3,3,10,1,0,0,1,16,0,0,LivesExhausted,,,,,,,,,
ppo_rollout,4909056,4312.6487135000025,1138.292572875933,,,,,,,,,,,,,,,,,,,-0.008951832451081524,4.505102239052454,0.8113251293698946,0.9940663576126099,0.073584996,0.2777018229166667
training_episode,4909950,4313.6643033,1138.231826765897,43834164,658.619873046875,32.70051956176758,5.086198329925537,3,5,10,1,0,0,0,9,0,0,LivesExhausted,,,,,,,,,
training_episode,4911726,4314.578630800002,1138.4022451085277,45300370,1535.9832763671875,66.15572357177734,13.859831809997559,3,5,15,2,0,1,1,37,0,1,LivesExhausted,,,,,,,,,
training_episode,4911888,4314.664646000001,1138.4170968081303,1000003,875.3283081054688,41.25908279418945,7.253283500671387,3,4,11,1,0,1,0,21,0,0,LivesExhausted,,,,,,,,,
training_episode,4913394,4315.4337944,1138.5631744312598,68550208,586.8037109375,28.680561065673828,4.368037223815918,3,3,9,1,0,0,0,14,0,0,LivesExhausted,,,,,,,,,
training_episode,4913568,4315.529897300003,1138.5781391699215,28962646,25150.666015625,300.6020812988281,250.0066375732422,3,29,45,26,2,1,2,188,3,1,MaxDuration,,,,,,,,,
training_episode,4914018,4315.764025300003,1138.6206407933555,62161739,1055.38818359375,48.38788604736328,9.053881645202637,3,4,8,2,0,1,1,16,0,0,LivesExhausted,,,,,,,,,
ppo_rollout,4915200,4316.3695334,1138.73475428048,,,,,,,,,,,,,,,,,,,-0.00647193516100136,2.0038668711980185,0.8130759994188944,0.9970850944519043,0.10239643,0.3485188802083333
training_episode,4916364,4317.511878900001,1138.703062758584,60276617,420.18756103515625,23.280437469482422,2.701875686645508,3,3,6,1,0,0,1,14,0,0,LivesExhausted,,,,,,,,,
training_episode,4920762,4319.734506000001,1139.1352855517364,65408338,764.4278564453125,36.629859924316406,6.144278526306152,3,4,10,1,0,0,0,10,0,0,LivesExhausted,,,,,,,,,
ppo_rollout,4921344,4320.029058600001,1139.1923371910993,,,,,,,,,,,,,,,,,,,-0.0070231580932158975,4.547410460313161,0.8140620306134224,0.9920895099639893,0.06944776,0.29833984375
training_episode,4922550,4321.188589900001,1139.165740533883,7388472,1822.2530517578125,76.26788330078125,16.722530364990234,3,6,15,2,0,2,0,44,0,0,LivesExhausted,,,,,,,,,
ppo_rollout,4927488,4323.651059800002,1139.6590362747565,,,,,,,,,,,,,,,,,,,-0.0070944105585416155,6.273844708005587,0.812104361752669,0.9874575734138489,0.0376147,0.1990234375
training_episode,4932006,4326.5077280000005,1139.9508125413429,14091128,26254.666015625,302.2937316894531,262.546630859375,0,25,45,27,2,0,1,137,5,1,MaxDuration,,,,,,,,,
training_episode,4932270,4326.6416651,1139.9765411092815,17756643,1956.5694580078125,80.96888732910156,18.06569480895996,3,5,19,2,0,2,0,37,0,0,LivesExhausted,,,,,,,,,
ppo_rollout,4933632,4327.361453200003,1140.1016654968055,,,,,,,,,,,,,,,,,,,-0.008886169779968138,3.633351410925388,0.8168020983537038,0.989510715007782,0.054867726,0.25750325520833334
ppo_rollout,4939776,4331.064434400003,1140.5454882557813,,,,,,,,,,,,,,,,,,,-0.01833641971461475,1.9649142622947693,0.81302969455719,0.9963960647583008,0.079659484,0.321923828125
training_episode,4944882,4334.193210400001,1140.9002229376017,20793784,2658.86474609375,105.10404205322266,25.088645935058594,3,4,18,3,0,1,0,74,1,1,LivesExhausted,,,,,,,,,
ppo_rollout,4945920,4334.7257489,1140.9995202707112,,,,,,,,,,,,,,,,,,,-0.005239119495187575,2.947936821480592,0.8118703439831734,0.9922506213188171,0.08577999,0.30418294270833335
training_episode,4947882,4336.2947179,1141.039140991824,53155045,26254.666015625,301.2527160644531,261.546630859375,2,28,48,27,3,2,2,180,1,1,MaxDuration,,,,,,,,,
training_episode,4948368,4336.552134000001,1141.0834799386269,42786874,565.7745971679688,29.02056884765625,4.157745838165283,3,5,5,1,0,0,1,14,1,0,LivesExhausted,,,,,,,,,
training_episode,4948680,4336.713743400003,1141.1129008760013,64884693,26254.666015625,306.5679016113281,261.046630859375,3,38,42,27,4,2,2,160,0,1,MaxDuration,,,,,,,,,
training_episode,4950600,4337.745252300003,1141.2841723185663,31790329,27389.33203125,304.8262023925781,273.3932800292969,1,35,43,27,5,1,2,153,0,1,MaxDuration,,,,,,,,,
ppo_rollout,4952064,4338.522010000001,1141.4172818729112,,,,,,,,,,,,,,,,,,,-0.006985118121762449,4.7444367617368695,0.8112241725126902,0.9825844168663025,0.04268314,0.27179361979166666
training_episode,4954848,4340.547944600003,1141.5259232798562,28543730,1315.05224609375,58.026268005371094,11.650522232055664,3,4,12,2,0,0,0,33,0,0,LivesExhausted,,,,,,,,,
training_episode,4954986,4340.621088100001,1141.5384801922257,63209029,1241.9403076171875,55.146751403808594,9.919403076171875,5,7,10,2,2,1,0,29,2,0,LivesExhausted,,,,,,,,,
training_episode,4955298,4340.795918,1141.5643798069016,63837403,821.7180786132812,39.13943862915039,6.2171807289123535,4,5,9,1,1,0,0,10,0,0,LivesExhausted,,,,,,,,,
training_episode,4957368,4341.891057500001,1141.7531979382231,49594259,28554.666015625,305.0063781738281,284.546630859375,2,41,44,28,2,4,3,168,0,1,MaxDuration,,,,,,,,,
ppo_rollout,4958208,4342.313129100003,1141.8356651372235,,,,,,,,,,,,,,,,,,,-0.015883072128053753,2.907124928633372,0.8189011598626773,0.9960893988609314,0.068892576,0.27731119791666664
training_episode,4959222,4343.3736726000025,1141.790316427309,24773486,753.4954223632812,36.44989013671875,6.034954071044922,3,4,7,1,0,0,0,15,0,0,LivesExhausted,,,,,,,,,
training_episode,4959570,4343.5498501,1141.8241233920264,45509828,797.5741577148438,38.1995964050293,6.475741386413574,3,4,10,1,0,0,0,18,0,0,LivesExhausted,,,,,,,,,
training_episode,4960722,4344.1326888,1141.9361136895482,39435546,974.6129760742188,45.18842315673828,8.246129035949707,3,3,9,1,0,0,0,20,0,0,LivesExhausted,,,,,,,,,
training_episode,4961532,4344.550393200003,1142.0127633381082,8121575,708.500732421875,34.6801872253418,5.585007190704346,3,3,8,1,0,0,1,11,0,0,LivesExhausted,,,,,,,,,
training_episode,4962294,4344.943664800001,1142.0847732046293,62685384,467.86920166015625,22.680423736572266,3.178692102432251,3,4,7,1,0,1,0,15,0,0,LivesExhausted,,,,,,,,,
ppo_rollout,4964352,4345.990705600001,1142.283160799956,,,,,,,,,,,,,,,,,,,-0.018350301638323192,1.6106036568681399,0.8201532930135726,0.9983109831809998,0.104326315,0.33600260416666666
training_episode,4964790,4346.769876500002,1142.1791677634485,74100845,559.4351806640625,27.130525588989258,4.094351768493652,3,3,10,1,0,0,0,10,0,0,LivesExhausted,,,,,,,,,
training_episode,4966086,4347.466571300003,1142.294234712198,17337727,630.1307373046875,31.570627212524414,4.801307201385498,3,3,10,1,0,0,1,2,0,0,LivesExhausted,,,,,,,,,
training_episode,4968204,4348.582277900001,1142.488213974699,2466209,28554.666015625,301.6330871582031,284.546630859375,2,33,43,28,2,1,5,174,1,1,MaxDuration,,,,,,,,,
training_episode,4968798,4348.8867866,1142.5448037208282,56715831,1925.939697265625,79.75862884521484,17.759395599365234,3,5,17,2,1,1,0,58,0,0,LivesExhausted,,,,,,,,,
ppo_rollout,4970496,4349.769963900002,1142.7031868930042,,,,,,,,,,,,,,,,,,,-0.009249696273279066,2.6330267240603766,0.8197827210028966,0.9962099194526672,0.08216428,0.320458984375
training_episode,4972098,4351.1527147000015,1142.7082260758598,53050316,652.4378051757812,32.4505615234375,5.024377822875977,3,4,8,1,0,0,1,14,0,0,LivesExhausted,,,,,,,,,
training_episode,4973040,4351.654367500003,1142.7929656226304,17023540,1312.1033935546875,57.92628479003906,11.62103271484375,3,3,13,2,0,0,0,20,0,0,LivesExhausted,,,,,,,,,
training_episode,4976274,4353.2839298,1143.1080720316402,17442456,563.9840087890625,26.920520782470703,4.139840126037598,3,4,8,1,0,0,0,19,0,0,LivesExhausted,,,,,,,,,
ppo_rollout,4976640,4353.476017600002,1143.141705588983,,,,,,,,,,,,,,,,,,,-0.015804605570156127,1.9788491825262706,0.8267598127325376,0.9974034428596497,0.08136251,0.30149739583333335
training_episode,4979070,4355.254946700003,1143.23272941178,22259990,420.5470886230469,23.290437698364258,2.7054710388183594,3,3,1,1,0,0,0,18,0,0,LivesExhausted,,,,,,,,,
ppo_rollout,4982784,4357.148567800003,1143.5882716562705,,,,,,,,,,,,,,,,,,,-0.007200716146811222,4.308526260654132,0.8347450653711955,0.9927893877029419,0.048593193,0.26632486979166664
training_episode,4985322,4359.0189541,1143.6798170631748,66246170,30977.33203125,305.3166809082031,309.2732849121094,1,51,47,31,2,2,8,140,2,1,MaxDuration,,,,,,,,,
ppo_rollout,4988928,4360.8428776,1144.0283770888045,,,,,,,,,,,,,,,,,,,-0.007859856526677807,2.055323405067126,0.8364324887593587,0.9940455555915833,0.09029564,0.2994140625
training_episode,4990878,4362.390567900002,1144.0695009577155,59124598,1002.571044921875,46.288238525390625,8.525710105895996,3,3,11,2,0,0,0,16,0,0,LivesExhausted,,,,,,,,,
ppo_rollout,4995072,4364.517844200003,1144.472809668527,,,,,,,,,,,,,,,,,,,-0.008599266375919493,2.5593017215530076,0.8376211027304331,0.9913946986198425,0.059201833,0.27911783854166666
training_episode,4995390,4365.231932500003,1144.3584389659454,58077308,786.2539672851562,37.59969711303711,6.362539768218994,3,4,11,1,0,1,0,10,0,0,LivesExhausted,,,,,,,,,
training_episode,4996992,4366.075987300002,1144.504130146887,44148351,29750.666015625,302.2336730957031,297.5066223144531,0,32,45,30,1,1,5,139,1,1,MaxDuration,,,,,,,,,
training_episode,4997982,4366.603574500001,1144.5925682805532,39645004,430.5867919921875,21.600399017333984,2.8058676719665527,3,3,5,1,0,0,2,0,0,1,LivesExhausted,,,,,,,,,
training_episode,4999806,4367.529572300002,1144.7675206849333,69178582,474.819091796875,23.420440673828125,3.2481908798217773,3,4,7,1,0,0,0,28,0,0,LivesExhausted,,,,,,,,,
validation,5000004,,,,,,,,,,,,,,,,,,5473.6301953125,1169.945068359375,9620.739317985437,,,,,,
ppo_rollout,5001216,4465.500422100002,1119.967646906652,,,,,,,,,,,,,,,,,,,-0.015205663956779365,1.6428869754076003,0.8380403161048889,0.9973061084747314,0.09802874,0.33990885416666666
