kind,total_timesteps,wall_seconds,transitions_per_second,seed,final_score,survival_time,episode_reward,life_loss_count,collisions,obstacles_avoided,max_level,hearts_collected,shields_collected,boosts_collected,gold_collected,diamonds_collected,turbo_activations,terminal_reason,mean_final_score,median_final_score,std_final_score,policy_gradient_loss,value_loss,entropy_loss,explained_variance,approx_kl,clip_fraction
training_episode,1524,0.8926860999999917,1707.20704623945,57658392,231.90597534179688,12.680194854736328,0.8190596103668213,3,3,3,1,0,0,1,10,0,0,LivesExhausted,,,,,,,,,
training_episode,1758,1.0310924999976123,1704.9876708482227,67607647,296.5585632324219,14.6202392578125,1.465585470199585,3,5,3,1,0,0,0,6,0,0,LivesExhausted,,,,,,,,,
training_episode,1800,1.0620224999984202,1694.8793457790937,62371197,273.1683654785156,14.960247039794922,1.2316834926605225,3,5,1,1,0,0,0,5,0,0,LivesExhausted,,,,,,,,,
training_episode,1944,1.1471996000000217,1694.5612603072414,24040383,319.6040344238281,16.190275192260742,1.696040153503418,3,6,4,1,0,0,0,4,0,0,LivesExhausted,,,,,,,,,
training_episode,2214,1.2892489000005298,1717.2789521085417,43938893,353.34521484375,18.440326690673828,2.033452033996582,3,6,4,1,0,0,0,0,0,0,LivesExhausted,,,,,,,,,
training_episode,2256,1.3200947000004817,1708.9683035612345,39121359,354.0643615722656,18.760334014892578,2.0406436920166016,3,6,3,1,0,0,0,5,0,0,LivesExhausted,,,,,,,,,
training_episode,3432,1.9684433999973407,1743.5096178049298,15557334,283.0359802246094,15.9002685546875,1.330359697341919,3,3,4,1,0,0,0,9,0,0,LivesExhausted,,,,,,,,,
training_episode,3882,2.2071512999973493,1758.828223513568,3304041,331.8392639160156,17.680309295654297,1.8183925151824951,3,4,3,1,0,0,1,5,0,0,LivesExhausted,,,,,,,,,
training_episode,4092,2.3179175999975996,1765.377682107525,55982728,340.2062072753906,17.880313873291016,1.902061939239502,3,6,3,1,0,0,0,18,0,0,LivesExhausted,,,,,,,,,
training_episode,4530,2.545589599998493,1779.5484393881407,21526887,367.6476135253906,18.920337677001953,2.176476001739502,3,8,3,1,0,0,0,0,0,0,LivesExhausted,,,,,,,,,
training_episode,4836,2.710271299998567,1784.3232151713214,64570506,421.1212463378906,21.850404739379883,2.711212396621704,3,5,4,1,0,0,0,5,0,0,LivesExhausted,,,,,,,,,
training_episode,5268,2.9431411000005028,1789.9243770538558,22783635,562.3118286132812,28.90056610107422,4.1231184005737305,3,4,6,1,0,1,1,7,0,0,LivesExhausted,,,,,,,,,
ppo_rollout,6144,3.3884684999975434,1813.208533591047,,,,,,,,,,,,,,,,,,,,,,,,
training_episode,6378,4.060542699997313,1570.7260017248975,31161955,416.5524597167969,20.7703800201416,2.665524482727051,3,7,5,1,0,0,0,0,0,0,LivesExhausted,,,,,,,,,
training_episode,6558,4.151391399998829,1579.7113228113951,37969340,521.4613037109375,26.02050018310547,3.214613199234009,4,6,5,1,1,0,0,10,0,0,LivesExhausted,,,,,,,,,
training_episode,6618,4.185002399997757,1581.3611002955572,49594259,426.5459899902344,21.030385971069336,2.7654597759246826,3,3,6,1,0,0,0,19,0,0,LivesExhausted,,,,,,,,,
training_episode,7188,4.468476899997768,1608.6018034475217,26972795,326.3183898925781,19.560352325439453,1.763183832168579,3,6,4,1,0,1,0,0,0,0,LivesExhausted,,,,,,,,,
training_episode,7854,4.818056699998124,1630.1178024748149,67398189,531.8991088867188,27.69053840637207,3.818990707397461,3,6,7,1,0,0,0,14,0,0,LivesExhausted,,,,,,,,,
training_episode,7920,4.855493299997761,1631.1421951717352,69492769,389.6355285644531,22.060409545898438,2.396355152130127,3,7,3,1,0,0,0,10,0,0,LivesExhausted,,,,,,,,,
training_episode,8484,5.1438372999982676,1649.3523230221253,36398405,358.60833740234375,17.530305862426758,2.08608341217041,3,4,6,1,0,0,0,13,0,0,LivesExhausted,,,,,,,,,
training_episode,8610,5.208446299999196,1653.084145266378,45928744,340.715087890625,16.580284118652344,1.9071509838104248,3,4,4,1,0,0,0,5,0,0,LivesExhausted,,,,,,,,,
training_episode,8922,5.369084800000564,1661.7357207692198,15766792,403.67578125,19.660354614257812,2.5367579460144043,3,6,4,1,0,0,0,6,0,0,LivesExhausted,,,,,,,,,
training_episode,9516,5.672072099998331,1677.6937655645809,28857917,393.507568359375,19.360347747802734,2.435075521469116,3,6,4,1,0,0,0,4,0,0,LivesExhausted,,,,,,,,,
training_episode,9906,5.878869599997415,1685.0178136294016,24982944,339.77923583984375,16.530282974243164,1.897792100906372,3,5,4,1,0,0,0,8,0,0,LivesExhausted,,,,,,,,,
training_episode,10194,6.025977900000726,1691.6756365798774,24668757,398.3376770019531,19.480350494384766,2.4833765029907227,3,5,5,1,0,0,0,5,0,0,LivesExhausted,,,,,,,,,
training_episode,10656,6.257170699998824,1703.0061206420344,56715831,368.7590026855469,18.100318908691406,2.1875901222229004,3,8,2,1,0,0,0,8,0,0,LivesExhausted,,,,,,,,,
training_episode,10716,6.289828799999668,1703.7029688312923,56192186,356.8362731933594,17.530305862426758,2.0683627128601074,3,9,2,1,0,0,1,5,0,0,LivesExhausted,,,,,,,,,
training_episode,11070,6.471568199998728,1710.5591191949698,32628161,263.58734130859375,12.910200119018555,1.1358733177185059,3,4,3,1,0,0,0,9,0,0,LivesExhausted,,,,,,,,,
training_episode,11238,6.557777300000453,1713.6903993368644,49908446,395.77069091796875,19.290346145629883,2.457706928253174,3,3,7,1,0,0,0,0,0,0,LivesExhausted,,,,,,,,,
training_episode,12000,6.945813499998621,1727.6594023151329,42053771,361.0323791503906,17.440303802490234,2.110323667526245,3,6,5,1,0,0,0,0,0,0,LivesExhausted,,,,,,,,,
ppo_rollout,12288,7.098872200000187,1730.9791828622688,,,,,,,,,,,,,,,,,,,-0.0056697500695008785,0.046609181553746264,-1.416635235150655,-0.5316051244735718,0.006032254,0.039453125
training_episode,12348,7.691996800000197,1605.304880001989,1209461,278.94451904296875,13.56021499633789,1.289445161819458,3,5,3,1,0,1,0,0,1,0,LivesExhausted,,,,,,,,,
training_episode,12552,7.797868199999357,1609.670704616556,63418487,322.2768859863281,15.780265808105469,1.722768783569336,3,5,3,1,0,0,1,4,0,0,LivesExhausted,,,,,,,,,
training_episode,13158,8.118158599998424,1620.8109065524484,21003242,271.0124206542969,17.370302200317383,1.2101242542266846,3,6,2,1,0,0,0,7,0,0,LivesExhausted,,,,,,,,,
training_episode,13290,8.187785999998596,1623.1494081553035,29276833,482.9059753417969,25.760494232177734,3.329059600830078,3,5,5,1,0,0,0,5,0,0,LivesExhausted,,,,,,,,,
training_episode,14004,8.562856399999873,1635.4355773150894,50641549,414.212158203125,23.030431747436523,2.6421215534210205,3,7,4,1,0,0,0,0,1,0,LivesExhausted,,,,,,,,,
training_episode,14724,8.913032000000385,1651.963103015827,6864827,365.4952087402344,18.100318908691406,2.154952049255371,3,5,4,1,0,0,0,9,1,0,LivesExhausted,,,,,,,,,
training_episode,14742,8.927219799999875,1651.3539859296627,48546969,409.5242919921875,22.850427627563477,2.595242977142334,3,4,2,1,0,0,0,5,0,0,LivesExhausted,,,,,,,,,
training_episode,15246,9.181166300000768,1660.5733413192531,61009720,336.87628173828125,16.300277709960938,1.868762731552124,3,5,3,1,0,0,0,0,0,0,LivesExhausted,,,,,,,,,
training_episode,15870,9.490498499999376,1672.1987785995693,64465777,328.9244689941406,15.540260314941406,1.7892448902130127,3,6,3,1,0,0,0,4,1,0,LivesExhausted,,,,,,,,,
training_episode,15894,9.507717000000412,1671.694687588967,57867850,471.3642272949219,22.800426483154297,3.213642120361328,3,5,6,1,0,0,0,5,0,0,LivesExhausted,,,,,,,,,
training_episode,16542,9.829414499999984,1682.907969747336,12834380,315.1284484863281,14.960247039794922,1.6512844562530518,3,4,4,1,0,0,0,5,0,0,LivesExhausted,,,,,,,,,
training_episode,16650,9.888509799999156,1683.7724123003268,46871305,740.0560913085938,35.80999755859375,5.90056037902832,3,7,5,1,0,1,1,18,0,0,LivesExhausted,,,,,,,,,
training_episode,16884,10.010450099998707,1686.637447001727,31580871,376.79705810546875,17.97031593322754,2.267970323562622,3,6,3,1,0,0,0,8,0,0,LivesExhausted,,,,,,,,,
training_episode,17490,10.3141856000002,1695.722830506333,26344421,276.6139221191406,13.300209045410156,1.266139030456543,3,5,3,1,0,0,0,5,0,0,LivesExhausted,,,,,,,,,
training_episode,17706,10.424080299999332,1698.5671148370886,27915356,427.27740478515625,20.48037338256836,2.2727739810943604,4,5,7,1,1,0,0,5,0,0,LivesExhausted,,,,,,,,,
training_episode,17856,10.502031500000157,1700.2424721350085,50851007,341.9867248535156,16.540283203125,1.9198672771453857,3,6,3,1,0,0,0,14,0,0,LivesExhausted,,,,,,,,,
ppo_rollout,18432,10.78440430000046,1709.1347363524949,,,,,,,,,,,,,,,,,,,-0.005013603521122908,0.023163120937533678,-1.4115051845709483,0.3882179260253906,0.0048910207,0.035074869791666664
training_episode,19416,11.840977299998485,1639.7295179345106,70854246,364.1175537109375,21.060386657714844,2.1411755084991455,3,6,4,1,0,0,0,6,0,0,LivesExhausted,,,,,,,,,
training_episode,19494,11.882532699997682,1640.5593396771214,34827470,430.2605285644531,23.670446395874023,2.802605152130127,3,6,6,1,1,1,0,0,0,0,LivesExhausted,,,,,,,,,
training_episode,19596,11.935330699998303,1641.848097263261,11158716,474.4528503417969,25.420486450195312,3.244528293609619,3,6,6,1,0,0,0,8,0,0,LivesExhausted,,,,,,,,,
training_episode,20844,12.555058499998268,1660.2073180306468,46452389,538.3673095703125,27.950544357299805,3.8836731910705566,3,6,5,1,0,0,0,3,0,0,LivesExhausted,,,,,,,,,
training_episode,20886,12.58266200000071,1659.903127017067,9901968,469.6723937988281,25.23048210144043,3.1967239379882812,3,5,4,1,0,0,0,4,0,0,LivesExhausted,,,,,,,,,
training_episode,21126,12.704823799998849,1662.832978447282,17337727,300.53515625,14.220230102539062,1.5053515434265137,3,5,3,1,0,0,0,0,0,0,LivesExhausted,,,,,,,,,
training_episode,21672,12.978016699998989,1669.9007638048183,67293460,666.7215576171875,33.02046585083008,5.167215824127197,3,6,4,1,0,0,0,12,1,0,LivesExhausted,,,,,,,,,
training_episode,21948,13.127218199999334,1671.9460030001721,59962430,412.1611633300781,19.57035255432129,2.6216115951538086,3,7,5,1,0,1,0,3,0,0,LivesExhausted,,,,,,,,,
training_episode,22458,13.390992699998606,1677.0974716461715,59334056,271.211669921875,13.430212020874023,1.2121167182922363,3,5,1,1,0,0,0,5,0,0,LivesExhausted,,,,,,,,,
training_episode,22938,13.636347100000421,1682.122039853275,21841074,307.8791198730469,15.070249557495117,1.5787911415100098,3,5,4,1,0,0,0,6,0,0,LivesExhausted,,,,,,,,,
training_episode,23472,13.898337799997535,1688.8350490376024,2361480,685.1961059570312,33.12044906616211,5.351961135864258,3,6,9,1,0,0,0,10,1,0,LivesExhausted,,,,,,,,,
training_episode,23754,14.043094099997688,1691.5075716827896,25192402,493.0310974121094,23.90045166015625,3.4303109645843506,3,5,6,1,0,0,0,8,0,0,LivesExhausted,,,,,,,,,
training_episode,24426,14.385128999998415,1698.0035424084617,50536820,470.99609375,22.920429229736328,3.209960699081421,3,5,8,1,0,0,0,9,0,0,LivesExhausted,,,,,,,,,
ppo_rollout,24576,14.465615799999796,1698.9252541879584,,,,,,,,,,,,,,,,,,,-0.00694994335838904,0.022159247084831198,-1.4054161856571834,0.5634428262710571,0.0058303135,0.05587565104166667
training_episode,24582,15.040647399997397,1634.3711375086325,51479381,455.2669372558594,21.93040657043457,3.0526695251464844,3,5,6,1,0,0,0,3,0,0,LivesExhausted,,,,,,,,,
training_episode,25476,15.494923300000664,1644.1514105461179,12939109,466.8124694824219,25.120479583740234,3.1681246757507324,3,3,7,1,0,0,0,14,0,0,LivesExhausted,,,,,,,,,
training_episode,25566,15.543779600000562,1644.7737074192094,22364719,385.2529602050781,21.890405654907227,2.352529525756836,3,3,8,1,0,0,1,8,0,0,LivesExhausted,,,,,,,,,
training_episode,26298,15.920635399997991,1651.8184946313963,41844313,367.3388671875,21.180389404296875,2.1733884811401367,3,5,3,1,0,0,0,20,0,0,LivesExhausted,,,,,,,,,
training_episode,26346,15.949421799999982,1651.846714593756,31476142,436.55487060546875,23.920452117919922,2.865548610687256,3,8,3,1,0,0,0,5,0,0,LivesExhausted,,,,,,,,,
training_episode,26586,16.069225699997332,1654.4667737166958,8226304,341.89959716796875,16.670286178588867,1.9189958572387695,3,7,4,1,0,0,0,10,0,0,LivesExhausted,,,,,,,,,
training_episode,26982,16.274288999997225,1657.952614704372,6969556,369.404052734375,21.2703914642334,2.194040536880493,3,8,2,1,0,1,0,0,0,0,LivesExhausted,,,,,,,,,
training_episode,27606,16.60312469999917,1662.69907013355,45509828,344.62237548828125,16.970293045043945,1.9462237358093262,3,5,4,1,0,0,0,15,0,0,LivesExhausted,,,,,,,,,
training_episode,28320,16.966117899999517,1669.209194874262,42682145,293.6964111328125,14.430234909057617,1.4369640350341797,3,5,3,1,0,0,1,5,0,0,LivesExhausted,,,,,,,,,
training_episode,28386,17.00524939999741,1669.2492613489292,53678690,346.8325500488281,17.000293731689453,1.9683253765106201,3,7,2,1,0,0,0,3,0,0,LivesExhausted,,,,,,,,,
training_episode,28566,17.09965860000011,1670.5596683667013,23202551,384.7895812988281,18.890336990356445,2.347895860671997,3,5,4,1,0,0,0,7,0,0,LivesExhausted,,,,,,,,,
training_episode,28608,17.12448779999977,1670.590112482102,49175343,276.93853759765625,13.520214080810547,1.2693853378295898,3,6,2,1,0,0,0,9,0,0,LivesExhausted,,,,,,,,,
training_episode,30066,17.841071899998497,1685.2126468927315,58496224,296.6228332519531,13.990224838256836,1.4662283658981323,3,6,3,1,0,0,0,0,0,0,LivesExhausted,,,,,,,,,
training_episode,30186,17.903610099998332,1686.0286741835835,34618012,448.8949279785156,21.470396041870117,2.9889492988586426,3,4,7,1,0,0,0,13,0,0,LivesExhausted,,,,,,,,,
training_episode,30432,18.030625199997303,1687.7950521651658,52212484,330.0493469238281,15.520259857177734,1.8004934787750244,3,6,3,1,0,0,0,1,0,0,LivesExhausted,,,,,,,,,
training_episode,30504,18.072101800000382,1687.9054986287956,10949258,890.5990600585938,41.85898208618164,7.4059906005859375,3,7,9,1,0,0,0,25,1,0,LivesExhausted,,,,,,,,,
ppo_rollout,30720,18.183018199997605,1689.4884920702575,,,,,,,,,,,,,,,,,,,-0.0054775911781083176,0.025823846451627712,-1.399156967798869,0.5455917119979858,0.0048784255,0.03863932291666667
training_episode,30804,18.80596449999939,1637.990968237816,58286766,433.3819580078125,20.690378189086914,2.8338193893432617,3,5,5,1,0,0,0,1,0,0,LivesExhausted,,,,,,,,,
training_episode,31926,19.385075599999254,1646.9370900983863,33780180,530.0613403320312,27.62053680419922,3.8006134033203125,3,4,9,1,0,0,0,15,0,0,LivesExhausted,,,,,,,,,
training_episode,33126,19.98922820000007,1657.1925473340627,30743039,383.0596008300781,21.81040382385254,2.3305959701538086,3,5,2,1,0,0,0,12,0,0,LivesExhausted,,,,,,,,,
training_episode,33126,19.98922820000007,1657.1925473340627,12520193,475.9278259277344,25.480487823486328,3.2592782974243164,3,4,5,1,0,0,0,25,0,0,LivesExhausted,,,,,,,,,
training_episode,33144,20.00346680000075,1656.9127907367915,38911901,402.66290283203125,22.590421676635742,2.5266289710998535,3,5,2,1,0,0,0,10,0,0,LivesExhausted,,,,,,,,,
training_episode,33192,20.0313129999995,1657.0057090117273,72739368,409.3875427246094,19.89035987854004,2.5938754081726074,3,3,7,1,0,0,0,14,0,0,LivesExhausted,,,,,,,,,
training_episode,33936,20.415834399998857,1662.2391882254833,28229543,345.5721130371094,16.74028778076172,1.9557209014892578,3,6,5,1,0,0,0,5,1,0,LivesExhausted,,,,,,,,,
training_episode,33954,20.42915119999816,1662.0367467838341,42891603,625.1090087890625,31.370622634887695,4.251090049743652,4,8,2,1,1,0,0,12,0,0,LivesExhausted,,,,,,,,,
training_episode,35220,21.05376079999769,1672.8602711209612,58077308,359.0500183105469,17.260299682617188,2.0905001163482666,3,3,6,1,0,0,0,8,0,0,LivesExhausted,,,,,,,,,
training_episode,35394,21.146512999999686,1673.7511286139954,1523648,383.94207763671875,18.350324630737305,2.3394205570220947,3,7,4,1,0,0,0,5,0,0,LivesExhausted,,,,,,,,,
training_episode,36192,21.543904099999054,1679.9183579730839,47290221,394.0630798339844,18.640331268310547,2.4406306743621826,3,4,5,1,0,0,0,3,0,0,LivesExhausted,,,,,,,,,
training_episode,36552,21.726998499998444,1682.3308566989874,9168865,592.382568359375,28.55055809020996,4.423825740814209,3,4,8,1,0,0,0,9,0,0,LivesExhausted,,,,,,,,,
ppo_rollout,36864,21.889121699998213,1684.1242195662428,,,,,,,,,,,,,,,,,,,-0.006560216974078988,0.028966931145017347,-1.3893204460541406,0.6030390858650208,0.006078502,0.05377604166666667
training_episode,36918,22.488139499997487,1641.665376542338,70644788,294.0762023925781,14.140228271484375,1.4407618045806885,3,3,6,1,0,0,0,9,0,0,LivesExhausted,,,,,,,,,
training_episode,36954,22.510514800000237,1641.632824852127,8121575,530.6181640625,25.150480270385742,3.8061814308166504,3,5,8,1,0,0,0,8,0,0,LivesExhausted,,,,,,,,,
training_episode,37812,22.935035499998776,1648.65670253713,50327362,339.9499816894531,20.11036491394043,1.8994996547698975,3,6,4,1,0,0,0,4,0,0,LivesExhausted,,,,,,,,,
training_episode,38268,23.175563000000693,1651.2220220927904,1314190,914.6950073242188,42.81882095336914,7.146949768066406,4,7,8,1,1,1,0,11,0,0,LivesExhausted,,,,,,,,,
training_episode,39846,23.9756739000004,1661.9345160512603,10111426,504.36029052734375,24.380462646484375,3.54360294342041,3,5,6,1,0,0,0,5,0,0,LivesExhausted,,,,,,,,,
training_episode,40032,24.074052500000107,1662.8691824942985,59648243,532.9677734375,25.640491485595703,3.8296775817871094,3,3,9,1,0,0,0,25,0,0,LivesExhausted,,,,,,,,,
training_episode,40098,24.112600399999792,1662.9479747029004,43101061,577.927490234375,29.51058006286621,4.279274940490723,3,7,3,1,0,0,0,14,0,0,LivesExhausted,,,,,,,,,
training_episode,40674,24.408798699998442,1666.3663173232117,72844097,487.1172790527344,23.8304500579834,3.3711729049682617,3,4,6,1,0,0,1,15,0,0,LivesExhausted,,,,,,,,,
training_episode,40866,24.510847400000785,1667.2618181286825,44776725,445.0853576660156,21.630399703979492,2.9508533477783203,3,4,6,1,0,0,0,15,0,0,LivesExhausted,,,,,,,,,
training_episode,40896,24.530805999998847,1667.1282631317504,6341182,822.68359375,39.1794319152832,5.72683572769165,5,11,5,1,2,0,0,1,1,0,LivesExhausted,,,,,,,,,
training_episode,41652,24.912987600000633,1671.8990379138206,63942132,262.1695861816406,12.910200119018555,1.1216957569122314,3,4,4,1,0,0,0,0,0,0,LivesExhausted,,,,,,,,,
training_episode,42510,25.355561799999123,1676.5552400421068,39749733,421.16900634765625,20.640377044677734,2.7116901874542236,3,6,5,1,0,0,0,7,0,0,LivesExhausted,,,,,,,,,
training_episode,42696,25.453734700000496,1677.3962840116806,27601169,482.8379821777344,23.710447311401367,3.3283798694610596,3,4,7,1,0,0,0,7,1,0,LivesExhausted,,,,,,,,,
ppo_rollout,43008,25.617306799998914,1678.865008557489,,,,,,,,,,,,,,,,,,,-0.0072424115613102915,0.03198621094537278,-1.3887038777271907,0.6420602202415466,0.006118762,0.04949544270833333
training_episode,43272,26.312757199997577,1644.5254927523895,5922266,408.02850341796875,20.01036262512207,2.58028507232666,3,4,6,1,0,0,0,13,0,0,LivesExhausted,,,,,,,,,
training_episode,43290,26.325679499997932,1644.4019991963892,46138202,443.65960693359375,21.790403366088867,2.936595916748047,3,4,5,1,0,0,0,5,0,0,LivesExhausted,,,,,,,,,
training_episode,44802,27.073615999997855,1654.8214320541279,15452605,654.4847412109375,32.54054641723633,5.044847011566162,3,3,9,1,0,0,0,20,0,0,LivesExhausted,,,,,,,,,
training_episode,45414,27.383174200000212,1658.4636853385555,29172104,404.53131103515625,22.650423049926758,2.5453131198883057,3,4,1,1,0,0,0,0,0,0,LivesExhausted,,,,,,,,,
training_episode,45432,27.39722559999791,1658.2700987067635,72634639,627.7360229492188,31.48062515258789,4.777359962463379,3,5,7,1,0,0,0,14,0,0,LivesExhausted,,,,,,,,,
training_episode,45528,27.448988599997392,1658.6403478634666,9483052,467.1424560546875,25.13047981262207,3.171424388885498,3,5,3,1,0,0,0,10,0,0,LivesExhausted,,,,,,,,,
training_episode,46854,28.090400400000362,1667.9719524396453,39330817,628.5857543945312,29.81058692932129,4.785857200622559,3,6,7,1,0,0,0,0,0,0,LivesExhausted,,,,,,,,,
training_episode,47106,28.21780410000065,1669.3715723966955,13881670,675.270263671875,31.78063201904297,5.252702236175537,3,4,9,1,0,0,0,5,0,0,LivesExhausted,,,,,,,,,
training_episode,47304,28.31873099999939,1670.4138331622635,34932199,442.63409423828125,20.85038185119629,2.9263408184051514,3,5,6,1,0,0,0,8,0,0,LivesExhausted,,,,,,,,,
training_episode,47604,28.497814199999993,1670.4439037292907,34722741,389.51068115234375,18.250322341918945,2.395106792449951,3,3,7,1,0,0,0,3,1,0,LivesExhausted,,,,,,,,,
training_episode,47976,28.69923469999776,1671.6822069127768,8435762,433.8602600097656,20.38037109375,2.8386025428771973,3,5,6,1,0,0,0,3,0,0,LivesExhausted,,,,,,,,,
training_episode,49080,29.25358579999738,1677.7430409917267,25716047,323.5202941894531,16.410280227661133,1.7352027893066406,3,3,5,1,0,0,1,0,0,0,LivesExhausted,,,,,,,,,
training_episode,49140,29.28959059999761,1677.7291520081544,53573961,635.7124633789062,30.89061164855957,4.857124328613281,3,4,9,1,0,0,0,3,0,0,LivesExhausted,,,,,,,,,
ppo_rollout,49152,29.301644999999553,1677.4484845475656,,,,,,,,,,,,,,,,,,,-0.008064610572182574,0.030346794923146566,-1.399384178717931,0.7102647423744202,0.005431885,0.07293294270833334
training_episode,49362,29.981353600000148,1646.4233289320118,42263229,301.9943542480469,14.640239715576172,1.5199434757232666,3,5,3,1,0,0,0,5,0,0,LivesExhausted,,,,,,,,,
training_episode,49536,30.074263299997256,1647.1226412387139,25506589,372.7098693847656,18.58032989501953,2.2270984649658203,3,5,4,1,0,0,0,6,0,0,LivesExhausted,,,,,,,,,
training_episode,50124,30.374820799999725,1650.1825749042923,8749949,283.9372253417969,17.89031410217285,1.339372158050537,3,4,4,1,0,0,1,13,0,0,LivesExhausted,,,,,,,,,
training_episode,51066,30.84862620000058,1655.3735543659004,47918595,292.67669677734375,14.180229187011719,1.4267668724060059,3,4,4,1,0,1,0,0,0,0,LivesExhausted,,,,,,,,,
training_episode,51204,30.923889800000325,1655.8072199571563,4874976,747.421630859375,36.209930419921875,5.974215984344482,3,5,7,1,0,1,0,9,0,0,LivesExhausted,,,,,,,,,
training_episode,51558,31.10975899999903,1657.2934557288472,13776941,340.8879699707031,20.140365600585938,1.9088797569274902,3,4,2,1,0,0,0,2,0,0,LivesExhausted,,,,,,,,,
training_episode,52362,31.520087900000362,1661.2263317958386,42577416,522.622314453125,27.330530166625977,3.7262229919433594,3,3,3,1,0,0,0,15,0,0,LivesExhausted,,,,,,,,,
training_episode,52920,31.796997599998576,1664.3080792006087,5398621,581.7387084960938,28.170549392700195,4.317386627197266,3,4,8,1,0,1,0,5,0,0,LivesExhausted,,,,,,,,,
training_episode,53142,31.910026699999435,1665.3699634792515,68550208,355.2263488769531,17.28030014038086,2.0522632598876953,3,6,3,1,0,0,0,10,0,0,LivesExhausted,,,,,,,,,
training_episode,53556,32.12170920000062,1667.2836325907265,4560789,346.29107666015625,16.61028480529785,1.9629106521606445,3,4,6,1,0,0,0,5,0,0,LivesExhausted,,,,,,,,,
training_episode,53928,32.31313589999991,1668.9188002950884,24249841,469.6410217285156,22.660423278808594,3.1964101791381836,3,3,7,1,0,0,0,14,0,0,LivesExhausted,,,,,,,,,
training_episode,54588,32.64658149999741,1672.0893120158487,18385017,384.9935607910156,18.550329208374023,2.349935293197632,3,5,5,1,0,0,0,0,0,0,LivesExhausted,,,,,,,,,
training_episode,55272,32.98462229999859,1675.6899471910085,71273162,405.5418701171875,19.580352783203125,2.5554187297821045,3,3,7,1,0,0,0,10,0,0,LivesExhausted,,,,,,,,,
ppo_rollout,55296,33.00218269999823,1675.525540315337,,,,,,,,,,,,,,,,,,,-0.006515735865104943,0.030129401246085763,-1.3958030104637147,0.7400350570678711,0.006220685,0.06305338541666666
training_episode,56970,34.382514799999626,1656.9468618392225,60800262,551.0703735351562,28.4505558013916,4.0107035636901855,3,3,7,1,0,0,0,10,0,0,LivesExhausted,,,,,,,,,
training_episode,57792,34.800723799999105,1660.655115454854,16185708,506.7138366699219,26.690515518188477,3.567138195037842,3,3,5,1,0,0,0,11,0,0,LivesExhausted,,,,,,,,,
training_episode,57882,34.84983780000039,1660.8972567441722,22469448,829.7747192382812,39.469383239746094,6.7977471351623535,3,7,8,1,0,1,0,8,0,0,LivesExhausted,,,,,,,,,
training_episode,58506,35.15520319999996,1664.2202198962134,66560357,512.5997924804688,26.93052101135254,3.625998020172119,3,4,3,1,0,0,1,5,0,0,LivesExhausted,,,,,,,,,
training_episode,58542,35.180441799999244,1664.0495970122029,9797239,803.356689453125,38.419559478759766,6.533566951751709,3,6,9,1,0,0,0,14,0,0,LivesExhausted,,,,,,,,,
training_episode,58668,35.245585999997274,1664.5488601041995,15033689,295.9967346191406,14.130228042602539,1.4599671363830566,3,3,6,1,0,0,0,1,0,0,LivesExhausted,,,,,,,,,
training_episode,60510,36.18785949999801,1672.1077409953834,66455628,450.1659240722656,21.890405654907227,3.0016589164733887,3,3,8,1,0,0,0,18,0,0,LivesExhausted,,,,,,,,,
ppo_rollout,61440,36.65640209999765,1676.1055772029504,,,,,,,,,,,,,,,,,,,-0.006887672463199124,0.033883436039711036,-1.3867406249046326,0.7085185050964355,0.0064826426,0.058024088541666664
training_episode,61836,37.42423069999859,1652.298493339566,59229327,569.3958740234375,27.440532684326172,4.193958759307861,3,3,6,1,0,0,0,24,0,0,LivesExhausted,,,,,,,,,
training_episode,62550,37.780170899997756,1655.6304143135496,21945803,833.5405883789062,39.61935806274414,6.8354058265686035,3,3,12,1,0,0,0,8,0,0,LivesExhausted,,,,,,,,,
training_episode,63858,38.440876199998456,1661.2004281006105,21107971,536.3544921875,27.870542526245117,3.8635449409484863,3,4,6,1,0,0,0,14,0,0,LivesExhausted,,,,,,,,,
training_episode,64776,38.908921199999895,1664.8109996943367,68131292,1118.169677734375,50.867469787597656,9.681696891784668,3,5,13,2,0,1,0,15,0,0,LivesExhausted,,,,,,,,,
training_episode,65112,39.09297180000067,1665.5679269693917,52003026,1239.3541259765625,55.04676818847656,10.39354133605957,4,6,10,2,1,1,0,25,0,0,LivesExhausted,,,,,,,,,
training_episode,65724,39.40524530000039,1667.8997808446418,4141873,315.9434814453125,15.520259857177734,1.6594347953796387,3,6,2,1,0,0,0,5,0,0,LivesExhausted,,,,,,,,,
training_episode,65724,39.40524530000039,1667.8997808446418,2256751,671.207275390625,32.36057662963867,5.212072372436523,3,5,10,1,0,1,0,19,1,0,LivesExhausted,,,,,,,,,
training_episode,67320,40.21043780000036,1674.192167089496,73053555,380.67681884765625,18.36032485961914,2.3067684173583984,3,4,5,1,0,0,0,0,0,0,LivesExhausted,,,,,,,,,
ppo_rollout,67584,40.34904900000038,1674.9837152295552,,,,,,,,,,,,,,,,,,,-0.006014066686232885,0.10705770881225665,-1.385820026199023,0.4251978397369385,0.007590577,0.06954752604166667
training_episode,67860,41.06391679999797,1652.545721113563,14928960,369.1512451171875,17.780311584472656,2.1915123462677,3,4,6,1,0,0,0,10,0,0,LivesExhausted,,,,,,,,,
training_episode,68466,41.382511600000726,1654.4670043661342,17547185,1078.0906982421875,49.267738342285156,8.780906677246094,4,6,11,2,1,0,0,32,1,0,LivesExhausted,,,,,,,,,
training_episode,68592,41.45084669999778,1654.7792255351849,23307280,435.9212646484375,23.90045166015625,2.859212636947632,3,5,8,1,0,1,0,5,0,0,LivesExhausted,,,,,,,,,
training_episode,69300,41.816248999999516,1657.2505104415463,14195857,784.53662109375,37.66968536376953,6.34536600112915,3,3,9,1,0,0,1,14,0,0,LivesExhausted,,,,,,,,,
training_episode,70566,42.46897859999808,1661.5892900236406,67188731,355.74896240234375,17.460304260253906,2.0574896335601807,3,3,5,1,0,0,0,15,0,0,LivesExhausted,,,,,,,,,
training_episode,71592,42.9954390999992,1665.1068461817692,32942348,732.1018676757812,35.600032806396484,5.321018695831299,4,4,3,1,1,0,0,25,0,0,LivesExhausted,,,,,,,,,
training_episode,71748,43.076322699998855,1665.6017854560716,8645220,656.1489868164062,32.39057159423828,5.061489582061768,3,5,7,1,0,0,0,16,0,0,LivesExhausted,,,,,,,,,
training_episode,73098,43.750512899998284,1670.7918411626865,71377891,436.56317138671875,21.060386657714844,2.865631580352783,3,4,4,1,0,0,0,7,0,0,LivesExhausted,,,,,,,,,
training_episode,73242,43.827102399998694,1671.1577081126445,41425397,811.7537841796875,38.74950408935547,6.617537498474121,3,4,8,1,0,0,1,11,0,0,LivesExhausted,,,,,,,,,
ppo_rollout,73728,44.076182900000276,1672.7401319500273,,,,,,,,,,,,,,,,,,,-0.005024112285173033,0.17222607725610337,-1.38231463432312,0.34180504083633423,0.0062236455,0.04855143229166667
training_episode,73734,44.64555299999847,1651.5418680109647,12310735,765.0487670898438,36.909812927246094,6.150487422943115,3,4,8,1,0,1,1,11,0,0,LivesExhausted,,,,,,,,,
training_episode,74148,44.85704489999989,1652.984501437815,65827254,444.84722900390625,21.29039192199707,2.948472023010254,3,5,5,1,0,0,0,6,0,0,LivesExhausted,,,,,,,,,
training_episode,76704,46.15654789999826,1661.8227204986206,38388256,511.74615478515625,24.720470428466797,3.6174612045288086,3,4,6,1,0,0,0,10,0,0,LivesExhausted,,,,,,,,,
training_episode,78636,47.115294499999436,1669.0121718330963,54411793,998.478515625,46.128265380859375,7.984785079956055,4,4,7,1,1,0,0,9,0,0,LivesExhausted,,,,,,,,,
training_episode,79044,47.325392299997475,1670.2238726081139,21736345,412.6225891113281,19.500350952148438,2.626225709915161,3,3,7,1,0,0,0,9,0,0,LivesExhausted,,,,,,,,,
training_episode,79332,47.471097499997995,1671.1642278757795,67817105,1114.7103271484375,50.72749328613281,9.647103309631348,3,5,8,2,0,0,0,16,1,0,LivesExhausted,,,,,,,,,
ppo_rollout,79872,47.7456259999999,1672.865279847837,,,,,,,,,,,,,,,,,,,-0.006040780420880765,0.3215050846338272,-1.3765434682369233,0.31397420167922974,0.008775893,0.068310546875
training_episode,80466,48.598997999997664,1655.7131486538851,32209245,1163.3189697265625,52.64717102050781,10.133188247680664,3,6,12,2,0,1,0,19,0,0,LivesExhausted,,,,,,,,,
training_episode,82320,49.52291459999833,1662.2608072426087,72215723,323.4771728515625,15.410257339477539,1.734771728515625,3,3,6,1,0,0,0,5,0,0,LivesExhausted,,,,,,,,,
training_episode,82362,49.54989949999799,1662.2031695544274,58810411,470.3804016113281,25.2504825592041,3.2038040161132812,3,6,4,1,0,0,0,5,0,0,LivesExhausted,,,,,,,,,
training_episode,82362,49.54989949999799,1662.2031695544274,53364503,530.06591796875,27.62053680419922,3.8006591796875,3,6,4,1,0,0,0,9,0,0,LivesExhausted,,,,,,,,,
training_episode,82524,49.631997799999226,1662.7176752494393,55354354,650.84912109375,32.39057159423828,5.008491039276123,3,4,7,1,0,0,1,10,0,0,LivesExhausted,,,,,,,,,
training_episode,84432,50.57356779999827,1669.4887007754846,11996548,367.1256408691406,17.240299224853516,2.1712563037872314,3,4,7,1,0,0,0,2,0,0,LivesExhausted,,,,,,,,,
training_episode,85110,50.92179759999999,1671.38640054608,73996116,488.83856201171875,23.21043586730957,3.38838529586792,3,4,8,1,0,0,0,9,0,0,LivesExhausted,,,,,,,,,
ppo_rollout,86016,51.37423759999729,1674.3022187448391,,,,,,,,,,,,,,,,,,,-0.002609964774455875,0.5403725711007913,-1.3754645943641663,0.4571381211280823,0.0072909356,0.05651041666666667
training_episode,86160,51.99395150000055,1657.115828174727,66350899,26254.666015625,300.2817687988281,261.546630859375,2,84,41,27,1,1,6,120,3,1,MaxDuration,,,,,,,,,
training_episode,87384,52.60369299999729,1661.176145941018,41320668,889.5655517578125,41.82898712158203,7.395655155181885,3,3,13,1,0,0,1,14,0,0,LivesExhausted,,,,,,,,,
training_episode,87756,52.79884399999719,1662.0818440647047,23097822,531.67138671875,27.680538177490234,3.816713809967041,3,5,7,1,0,0,0,9,0,0,LivesExhausted,,,,,,,,,
training_episode,87954,52.90262839999923,1662.5638963526674,55040167,312.0846862792969,14.910245895385742,1.6208467483520508,3,5,4,1,0,0,0,5,0,0,LivesExhausted,,,,,,,,,
training_episode,88206,53.03177969999888,1663.2668279092634,37445695,1028.1875,47.308067321777344,8.281874656677246,4,4,12,2,1,0,0,20,0,0,LivesExhausted,,,,,,,,,
training_episode,89772,53.80870329999743,1668.3546432906567,23621467,415.2518005371094,19.89035987854004,2.6525180339813232,3,3,7,1,1,0,0,3,0,0,LivesExhausted,,,,,,,,,
training_episode,90048,53.94750389999899,1669.178247188591,31266684,871.4681396484375,41.109107971191406,7.214681625366211,3,4,7,1,0,0,0,15,1,0,LivesExhausted,,,,,,,,,
training_episode,91188,54.53322809999736,1672.1548160103218,49489530,526.2003784179688,24.840473175048828,3.7620038986206055,3,3,10,1,0,0,0,0,0,0,LivesExhausted,,,,,,,,,
training_episode,91974,54.931378099998255,1674.3435752252303,63209029,697.7702026367188,33.48038864135742,5.4777021408081055,3,4,9,1,0,0,0,10,0,0,LivesExhausted,,,,,,,,,
ppo_rollout,92160,55.02760919999855,1674.7956405854977,,,,,,,,,,,,,,,,,,,-0.005179415293969214,0.8842643598715464,-1.3773463954528173,0.5990732908248901,0.004548853,0.045947265625
training_episode,94566,56.83379099999729,1663.9044894964777,20270139,542.6471557617188,28.11054801940918,3.926471710205078,3,6,4,1,0,1,1,3,1,0,LivesExhausted,,,,,,,,,
training_episode,94746,56.93097800000032,1664.2257577236678,7597930,879.383056640625,41.429054260253906,7.293830871582031,3,3,12,1,0,0,0,18,0,0,LivesExhausted,,,,,,,,,
training_episode,94902,57.011543900000106,1664.6102439614835,28753188,1352.3416748046875,59.506019592285156,12.023415565490723,3,4,16,2,0,1,0,38,0,0,LivesExhausted,,,,,,,,,
training_episode,95370,57.248767599998246,1665.8873893383675,21212700,547.1143798828125,28.290552139282227,3.9711437225341797,3,3,3,1,0,0,0,10,0,0,LivesExhausted,,,,,,,,,
training_episode,96624,57.875450399998954,1669.5161650094346,73577200,353.9908447265625,17.13029670715332,2.0399081707000732,3,3,5,1,0,0,0,3,0,0,LivesExhausted,,,,,,,,,
training_episode,97608,58.38437049999993,1671.8172888410284,40378107,388.2606506347656,18.650331497192383,2.382606029510498,3,4,6,1,0,0,1,0,0,0,LivesExhausted,,,,,,,,,
training_episode,98034,58.61721100000068,1672.4439516577966,32313974,1560.902587890625,66.53580474853516,14.109025955200195,3,3,15,2,0,0,1,31,1,1,LivesExhausted,,,,,,,,,
ppo_rollout,98304,58.7521756999995,1673.1976106205857,,,,,,,,,,,,,,,,,,,-0.005665004499799882,0.38323937927683194,-1.3805993318557739,0.6927973628044128,0.008105654,0.07864583333333333
training_episode,98448,59.4006303999995,1657.3561481933502,58915140,607.7579345703125,29.54058074951172,4.577579498291016,3,4,9,1,0,0,0,1,0,0,LivesExhausted,,,,,,,,,
training_episode,100146,60.31424949999928,1660.4036497213017,65094151,573.8794555664062,29.350576400756836,4.238794326782227,3,4,9,1,0,0,0,9,0,0,LivesExhausted,,,,,,,,,
training_episode,100212,60.353726400000596,1660.4111457150889,50222633,983.8005981445312,45.548362731933594,8.338006019592285,3,3,12,1,0,0,1,9,0,0,LivesExhausted,,,,,,,,,
training_episode,103116,61.8579138999994,1666.9815307173008,53992877,901.8828735351562,42.318904876708984,7.518828392028809,3,6,5,1,0,0,0,29,0,0,LivesExhausted,,,,,,,,,
training_episode,103224,61.914979699999094,1667.1894346111126,64989422,1014.796630859375,46.77815628051758,8.647966384887695,3,4,7,2,0,0,1,29,1,0,LivesExhausted,,,,,,,,,
ppo_rollout,104448,62.55438929999946,1669.7149659488548,,,,,,,,,,,,,,,,,,,-0.005543992635405933,0.40149159481128055,-1.3815757910410562,0.8353053331375122,0.005388314,0.050390625
training_episode,104706,63.252602900000056,1655.362707611198,46766576,1150.588134765625,52.13725662231445,10.005881309509277,3,4,11,2,0,0,0,24,2,0,LivesExhausted,,,,,,,,,
training_episode,104958,63.379168699997535,1656.03308078738,72948826,845.0744018554688,40.05928421020508,6.450743675231934,4,5,9,1,1,0,0,6,1,0,LivesExhausted,,,,,,,,,
training_episode,105378,63.583555699999124,1657.3153048753052,61428636,920.2112426757812,43.03878402709961,7.702112197875977,3,4,12,1,0,1,1,14,0,0,LivesExhausted,,,,,,,,,
training_episode,106104,63.950607599999785,1659.1554635987595,70330601,437.5737609863281,23.960453033447266,2.875737190246582,3,4,6,1,1,0,0,5,0,0,LivesExhausted,,,,,,,,,
training_episode,106956,64.38055370000075,1661.3091042738074,60381346,639.8466186523438,31.960636138916016,4.898466110229492,3,5,9,1,0,0,0,4,0,0,LivesExhausted,,,,,,,,,
training_episode,107688,64.7483293999976,1663.1780464131016,61219178,477.26641845703125,22.74042510986328,3.2726640701293945,3,5,8,1,0,0,0,8,0,0,LivesExhausted,,,,,,,,,
training_episode,108162,65.00403179999921,1663.9275596440975,14091128,27389.33203125,303.4348449707031,272.3932800292969,3,57,41,27,3,1,2,104,3,1,MaxDuration,,,,,,,,,
training_episode,109200,65.54422369999884,1666.0507034123577,31895058,376.1787109375,18.66033172607422,2.261786937713623,3,3,6,1,0,0,0,15,0,0,LivesExhausted,,,,,,,,,
training_episode,109848,65.86421159999736,1667.794957709695,22574177,288.2897644042969,14.03022575378418,1.3828974962234497,3,3,3,1,0,0,0,4,0,0,LivesExhausted,,,,,,,,,
training_episode,110016,65.95077469999887,1668.1532628001394,7074285,949.6959838867188,44.208587646484375,7.996959686279297,3,5,11,1,0,1,1,18,0,0,LivesExhausted,,,,,,,,,
ppo_rollout,110592,66.23873729999832,1669.5970440849997,,,,,,,,,,,,,,,,,,,-0.005581718617031583,0.6278725552062193,-1.3782190332810085,0.8327267169952393,0.0068314294,0.0490234375
training_episode,113700,68.44227129999854,1661.2540443262938,37340966,1463.0679931640625,63.275386810302734,13.1306791305542,3,4,13,2,0,0,1,16,1,1,LivesExhausted,,,,,,,,,
training_episode,114222,68.71083440000075,1662.357923570766,20584326,1223.3416748046875,54.416873931884766,10.733416557312012,3,5,11,2,0,0,0,12,0,0,LivesExhausted,,,,,,,,,
training_episode,114654,68.94640609999988,1662.9438209397865,61638094,980.6194458007812,45.428382873535156,8.306194305419922,3,7,9,1,0,1,1,13,0,0,LivesExhausted,,,,,,,,,
training_episode,114708,68.97843250000005,1662.9545764177797,33361264,855.2654418945312,40.469215393066406,7.052654266357422,3,3,7,1,0,0,0,9,0,0,LivesExhausted,,,,,,,,,
training_episode,115404,69.34910780000064,1664.1021587879598,26658608,967.2020263671875,44.88847351074219,8.172019958496094,3,7,6,1,0,0,0,18,0,0,LivesExhausted,,,,,,,,,
training_episode,116202,69.77497719999883,1665.3821278497237,55249625,2220.021240234375,90.17085266113281,20.200212478637695,4,8,18,3,1,0,0,36,1,0,LivesExhausted,,,,,,,,,
training_episode,116394,69.87558169999829,1665.7321079590074,30324123,440.1860046386719,22.430418014526367,2.901859760284424,3,4,5,1,0,0,0,11,0,0,LivesExhausted,,,,,,,,,
training_episode,116580,69.98270720000073,1665.840100566998,2989854,382.51666259765625,19.610353469848633,2.325166702270508,3,3,6,1,0,0,0,5,0,0,LivesExhausted,,,,,,,,,
ppo_rollout,116736,70.07703989999936,1665.8237871717104,,,,,,,,,,,,,,,,,,,-0.004759472252529425,0.47743216454982756,-1.3710676411787668,0.875518798828125,0.0060503543,0.058544921875
training_episode,116826,70.69811679999839,1652.4626862479972,37550424,349.70233154296875,17.610307693481445,1.997023105621338,3,4,5,1,0,0,0,9,0,0,LivesExhausted,,,,,,,,,
training_episode,117744,71.17014859999836,1654.4014915827045,40482836,481.81793212890625,25.710493087768555,3.318179130554199,3,3,6,1,0,0,0,10,0,0,LivesExhausted,,,,,,,,,
training_episode,119184,71.9090765999972,1657.4263727926195,33465993,419.02154541015625,23.230436325073242,2.690215587615967,3,3,3,1,0,0,1,8,0,0,LivesExhausted,,,,,,,,,
training_episode,119196,71.91953400000057,1657.352229228836,31999787,382.2332763671875,21.770402908325195,2.3223328590393066,3,3,3,1,0,0,0,0,0,0,LivesExhausted,,,,,,,,,
training_episode,119880,72.25106949999827,1659.2141933622572,32732890,520.4981079101562,25.43048667907715,3.7049808502197266,3,3,7,1,0,0,0,15,1,0,LivesExhausted,,,,,,,,,
training_episode,119964,72.2963299999974,1659.3373411901312,35874760,623.993408203125,31.33062171936035,4.739933967590332,3,3,5,1,0,0,0,15,0,0,LivesExhausted,,,,,,,,,
training_episode,121032,72.8224655999984,1662.014585784674,57763121,1017.8165893554688,46.898136138916016,8.678165435791016,3,5,9,2,0,0,1,5,0,0,LivesExhausted,,,,,,,,,
training_episode,121494,73.0600921999976,1662.9324757408942,8540491,271.6343078613281,12.740196228027344,1.2163429260253906,3,4,3,1,0,0,1,0,0,0,LivesExhausted,,,,,,,,,
training_episode,122808,73.72679969999808,1665.7172222274446,9064136,898.9373779296875,42.19892501831055,6.989373683929443,4,4,11,1,1,0,0,32,1,0,LivesExhausted,,,,,,,,,
ppo_rollout,122880,73.77017720000003,1665.7137703066267,,,,,,,,,,,,,,,,,,,-0.005618200897394369,0.1299518305187424,-1.3644554803768794,0.6573683619499207,0.008635318,0.07303059895833333
training_episode,124404,75.07425899999726,1657.0792926508211,19746494,929.1392822265625,43.39872360229492,7.291392803192139,4,5,12,1,2,0,0,15,1,0,LivesExhausted,,,,,,,,,
training_episode,125406,75.58630959999937,1659.109971946574,3618228,996.1307983398438,46.03828048706055,8.461307525634766,3,5,11,1,0,1,0,13,0,0,LivesExhausted,,,,,,,,,
training_episode,125640,75.70587259999957,1659.5806333787734,31685600,801.9517822265625,38.35956954956055,6.51951789855957,3,3,10,1,0,0,1,0,1,0,LivesExhausted,,,,,,,,,
training_episode,126156,75.98794649999763,1660.2106756497747,38597714,1315.64208984375,58.0562629699707,11.65641975402832,3,3,15,2,0,0,0,12,1,0,LivesExhausted,,,,,,,,,
training_episode,127188,76.51232610000079,1662.3203931058983,55877999,1031.70263671875,47.438045501708984,8.317026138305664,4,6,10,2,1,0,0,28,0,0,LivesExhausted,,,,,,,,,
ppo_rollout,129024,77.42520599999989,1666.4340550802046,,,,,,,,,,,,,,,,,,,-0.007552164723165333,0.07783488364269336,-1.353621714313825,0.8017014265060425,0.0067676865,0.08028971354166667
training_episode,129882,78.40446189999784,1656.563884918437,53469232,725.2324829101562,35.3400764465332,5.752325057983398,3,4,9,1,0,0,1,5,0,0,LivesExhausted,,,,,,,,,
training_episode,130086,78.50742119999995,1656.9898490055114,44357809,1396.458984375,60.64582824707031,11.964590072631836,4,5,9,2,1,0,0,19,0,0,LivesExhausted,,,,,,,,,
training_episode,130692,78.80463859999873,1658.4302944827173,48651698,944.6693725585938,44.00862121582031,7.946693420410156,3,5,9,1,0,0,0,13,0,0,LivesExhausted,,,,,,,,,
training_episode,132192,79.55688069999815,1661.6036078448597,3094583,1503.918212890625,64.88545227050781,13.53918170928955,3,4,14,2,0,1,1,38,0,1,LivesExhausted,,,,,,,,,
training_episode,132474,79.69868449999922,1662.1855282944011,1942564,1162.6551513671875,52.627174377441406,10.126550674438477,3,3,13,2,0,0,0,18,0,0,LivesExhausted,,,,,,,,,
ppo_rollout,135168,81.04350999999951,1667.8448403826637,,,,,,,,,,,,,,,,,,,-0.007332798064453527,0.0940714563553532,-1.3365309725205103,0.7843478918075562,0.00757873,0.07569986979166667
training_episode,135636,81.83824719999757,1657.3668747881495,71692078,873.2575073242188,41.17909622192383,7.232574462890625,3,4,11,1,0,0,0,14,0,0,LivesExhausted,,,,,,,,,
training_episode,136524,82.28911779999908,1659.0772103283082,30638310,743.8342895507812,36.06995391845703,5.938343048095703,3,3,11,1,0,0,0,5,0,0,LivesExhausted,,,,,,,,,
training_episode,136608,82.33561719999852,1659.1604538309389,16499895,1221.677978515625,54.346885681152344,10.716779708862305,3,4,15,2,0,1,0,30,1,0,LivesExhausted,,,,,,,,,
training_episode,137364,82.71476400000029,1660.695060436847,70225872,2052.839111328125,84.77970123291016,19.028392791748047,3,3,19,3,1,0,0,43,0,0,LivesExhausted,,,,,,,,,
training_episode,137376,82.72547230000055,1660.6251518493789,18280288,1441.5211181640625,62.42552947998047,11.915210723876953,5,7,14,2,2,0,0,16,2,0,LivesExhausted,,,,,,,,,
training_episode,137688,82.87951299999986,1661.3031980533021,30114665,930.8078002929688,43.44871520996094,7.808077812194824,3,3,13,1,0,0,1,36,0,0,LivesExhausted,,,,,,,,,
training_episode,139722,83.89687279999998,1665.401764533946,29067375,709.9797973632812,34.0402946472168,5.599797248840332,3,3,10,1,0,0,0,15,0,0,LivesExhausted,,,,,,,,,
training_episode,140106,84.09149450000041,1666.1138065514976,9587781,481.8490295410156,22.850427627563477,3.3184900283813477,3,3,8,1,0,0,0,5,0,0,LivesExhausted,,,,,,,,,
training_episode,140946,84.51832959999956,1667.6382586718885,6550640,570.0618286132812,27.110525131225586,4.200617790222168,3,3,9,1,0,0,0,4,0,0,LivesExhausted,,,,,,,,,
ppo_rollout,141312,84.7259183999995,1667.872153747003,,,,,,,,,,,,,,,,,,,-0.007434524229029194,0.09376265943671266,-1.318575882911682,0.8115525245666504,0.00906318,0.07513020833333334
training_episode,142200,85.81010199999946,1657.1475465674298,11263445,1026.90478515625,47.25807571411133,8.769046783447266,3,4,12,2,0,1,0,21,0,0,LivesExhausted,,,,,,,,,
training_episode,142500,85.96541190000062,1657.6434271700264,40901752,416.1452941894531,23.11043357849121,2.6614527702331543,3,3,8,1,0,0,0,10,1,0,LivesExhausted,,,,,,,,,
training_episode,142650,86.04727379999895,1657.8096399842216,23935654,1104.5867919921875,50.317562103271484,9.545866966247559,3,3,13,2,0,0,0,23,0,0,LivesExhausted,,,,,,,,,
training_episode,146946,88.28486390000035,1664.4529255484238,15662063,1288.1915283203125,56.976444244384766,11.381915092468262,3,4,10,2,0,0,0,25,2,0,LivesExhausted,,,,,,,,,
training_episode,147210,88.42365779999818,1664.825948876354,16814082,823.891845703125,39.22942352294922,6.738918304443359,3,4,8,1,0,0,0,5,0,0,LivesExhausted,,,,,,,,,
training_episode,147414,88.53130089999831,1665.1059964262065,48232782,835.4693603515625,39.68934631347656,6.85469388961792,3,3,11,1,0,0,1,22,0,0,LivesExhausted,,,,,,,,,
ppo_rollout,147456,88.5591757000002,1665.0561484392822,,,,,,,,,,,,,,,,,,,-0.005823345726821571,0.07785941961531838,-1.3140366345643997,0.8896172046661377,0.007431984,0.085595703125
training_episode,147744,89.26362169999993,1655.142343389817,18070830,999.2919311523438,46.158260345458984,8.492918968200684,3,4,11,1,0,0,1,40,0,0,LivesExhausted,,,,,,,,,
training_episode,150084,90.52691259999847,1657.8937212092942,57344205,2679.296630859375,105.90421295166016,24.792966842651367,4,6,19,3,1,2,0,38,0,1,LivesExhausted,,,,,,,,,
training_episode,150204,90.58934769999905,1658.0757430489984,16709353,1844.0465087890625,77.12806701660156,16.44046401977539,4,6,12,2,1,1,0,40,0,0,LivesExhausted,,,,,,,,,
training_episode,150708,90.85020919999806,1658.8624432138702,39016630,568.6459350585938,29.150571823120117,4.186459541320801,3,3,3,1,0,0,0,17,0,0,LivesExhausted,,,,,,,,,
training_episode,152340,91.67758449999747,1661.6929954126815,30533581,799.8558959960938,38.27958297729492,6.498558521270752,3,4,9,1,0,0,0,28,0,0,LivesExhausted,,,,,,,,,
training_episode,153174,92.0856810999976,1663.385644437656,15243147,1143.545654296875,51.857303619384766,9.935456275939941,3,3,9,2,0,0,0,44,2,0,LivesExhausted,,,,,,,,,
ppo_rollout,153600,92.30038699999932,1664.1317007695875,,,,,,,,,,,,,,,,,,,-0.006632796135575821,0.11849491416166226,-1.3136298050483068,0.8228006958961487,0.0071228533,0.07706705729166667
training_episode,153822,93.01573889999781,1653.7201318733341,52631400,651.0533447265625,31.130617141723633,5.010533332824707,3,4,9,1,0,0,0,15,0,0,LivesExhausted,,,,,,,,,
training_episode,153864,93.04287349999868,1653.689253266691,20793784,1206.0126953125,53.72698974609375,10.560126304626465,3,3,8,2,0,0,0,21,2,0,LivesExhausted,,,,,,,,,
training_episode,154578,93.39866619999884,1655.034341379084,65617796,647.1100463867188,32.240596771240234,4.971100807189941,3,3,11,1,0,0,0,5,1,0,LivesExhausted,,,,,,,,,
training_episode,155448,93.84059969999726,1656.5111529226997,54202335,936.7315063476562,43.698673248291016,7.867314338684082,3,3,11,1,0,0,1,7,1,0,LivesExhausted,,,,,,,,,
training_episode,156654,94.43694809999943,1658.8210774676754,50013175,493.7146911621094,23.590444564819336,3.4371469020843506,3,4,9,1,0,0,0,3,0,0,LivesExhausted,,,,,,,,,
training_episode,156996,94.6084630999976,1659.4287112989152,69388040,812.4775390625,38.77949905395508,6.624775409698486,3,4,10,1,0,0,0,5,0,0,LivesExhausted,,,,,,,,,
training_episode,157008,94.61937879999823,1659.3640963536207,34094367,427.1080017089844,20.250368118286133,2.7710800170898438,3,3,8,1,0,0,0,6,0,0,LivesExhausted,,,,,,,,,
ppo_rollout,159744,95.9876454999976,1664.2141722291126,,,,,,,,,,,,,,,,,,,-0.00707161798782181,0.10189854217072328,-1.313482148448626,0.8065649271011353,0.00861269,0.080859375
training_episode,160572,96.96888449999824,1655.912624219194,68759666,1260.2080078125,55.86663055419922,11.102080345153809,3,3,13,2,0,0,0,21,0,0,LivesExhausted,,,,,,,,,
training_episode,160662,97.01884359999895,1655.9875797159239,68340750,603.3733520507812,30.52060317993164,4.533733367919922,3,3,10,1,0,0,0,13,0,0,LivesExhausted,,,,,,,,,
training_episode,161076,97.2312493999998,1656.6278947763922,49698988,763.6520385742188,36.849822998046875,6.1365203857421875,3,4,12,1,0,0,0,5,0,0,LivesExhausted,,,,,,,,,
training_episode,162150,97.75762709999981,1658.6941071526921,11891819,1259.47998046875,55.83663558959961,11.094799041748047,3,3,15,2,0,0,0,20,0,0,LivesExhausted,,,,,,,,,
training_episode,163038,98.21332329999859,1660.0395396660235,34199096,1102.5284423828125,50.24757385253906,9.525283813476562,3,4,14,2,0,1,0,10,0,0,LivesExhausted,,,,,,,,,
training_episode,163680,98.5323544999992,1661.1802369951622,44881454,539.2776489257812,25.880496978759766,3.8927764892578125,3,4,9,1,0,1,0,9,1,0,LivesExhausted,,,,,,,,,
training_episode,164382,98.87539779999861,1662.5166993765795,67084002,651.0744018554688,30.980613708496094,5.010743618011475,3,3,9,1,1,0,1,13,0,0,LivesExhausted,,,,,,,,,
training_episode,164550,98.96422990000065,1662.721977084762,68654937,611.4640502929688,28.930566787719727,4.114640235900879,4,4,9,1,1,0,0,10,0,0,LivesExhausted,,,,,,,,,
ppo_rollout,165888,99.64630159999797,1664.768258694745,,,,,,,,,,,,,,,,,,,-0.005357693512147914,0.07885452471673489,-1.3115528225898743,0.8598929643630981,0.008049232,0.08455403645833333
training_episode,168720,101.62297629999739,1660.2544635371435,13567483,1028.7501220703125,47.32806396484375,8.787500381469727,3,3,13,2,0,0,0,19,0,0,LivesExhausted,,,,,,,,,
training_episode,169008,101.76560139999856,1660.757639860048,62266468,1292.6082763671875,57.14641571044922,11.426082611083984,3,3,14,2,0,0,0,19,0,0,LivesExhausted,,,,,,,,,
training_episode,170004,102.26025759999902,1662.4640304055094,43834164,1163.9842529296875,52.67716598510742,10.139842987060547,3,4,12,2,0,0,1,25,1,0,LivesExhausted,,,,,,,,,
training_episode,170076,102.30296459999954,1662.473816521254,62161739,1031.1007080078125,47.41804885864258,8.811007499694824,3,4,10,2,0,0,0,25,0,0,LivesExhausted,,,,,,,,,
training_episode,171540,103.07421550000072,1664.237745277807,3199312,1320.4515380859375,58.24623107910156,11.70451545715332,3,3,12,2,0,0,0,30,1,0,LivesExhausted,,,,,,,,,
ppo_rollout,172032,103.32223789999989,1665.0045865876486,,,,,,,,,,,,,,,,,,,-0.006808213169764107,0.2609577221795917,-1.303727893034617,0.9039492607116699,0.007867825,0.08474934895833333
training_episode,172662,104.19988860000012,1657.0267235391248,41006481,624.0208129882812,30.410600662231445,4.740207672119141,3,3,10,1,0,0,0,0,0,0,LivesExhausted,,,,,,,,,
training_episode,175272,105.50692829999753,1661.2368763275247,71587349,941.15771484375,43.858646392822266,7.911577224731445,3,3,10,1,0,0,0,20,0,0,LivesExhausted,,,,,,,,,
training_episode,176148,105.94220069999938,1662.680205207414,4665518,610.9282836914062,29.010568618774414,4.609282493591309,3,4,10,1,0,0,0,10,0,0,LivesExhausted,,,,,,,,,
ppo_rollout,178176,106.96445019999737,1665.7496922281603,,,,,,,,,,,,,,,,,,,-0.006739517730117465,0.24484176132827998,-1.292251921693484,0.9362521171569824,0.008381775,0.07394205729166667
training_episode,178446,107.6486647999991,1657.6703513372468,37131508,1301.90185546875,57.516353607177734,11.51901912689209,3,3,8,2,0,0,0,26,0,0,LivesExhausted,,,,,,,,,
training_episode,178632,107.74545719999878,1657.9074853097568,17023540,1680.30712890625,71.26681518554688,15.303071975708008,3,4,13,2,0,1,0,13,1,0,LivesExhausted,,,,,,,,,
training_episode,181032,108.9548778999997,1661.5318514344413,24354570,1044.73193359375,47.95795822143555,8.947319030761719,3,3,12,2,0,0,0,5,1,0,LivesExhausted,,,,,,,,,
ppo_rollout,184320,110.5850234999998,1666.7718120076208,,,,,,,,,,,,,,,,,,,-0.005544099448403964,0.45771341969569523,-1.2838555822769802,0.9274895191192627,0.0063894987,0.07491861979166667
training_episode,184644,111.30825229999755,1658.8527461768804,17756643,1668.317626953125,70.78671264648438,14.683176040649414,4,5,15,2,1,1,0,35,0,0,LivesExhausted,,,,,,,,,
training_episode,187542,112.78808509999726,1662.7820202260402,51688839,1218.897705078125,54.23690414428711,10.688976287841797,3,4,16,2,0,0,0,11,1,0,LivesExhausted,,,,,,,,,
training_episode,188622,113.33140419999836,1664.3400947113892,16395166,2013.6199951171875,83.21936798095703,18.636199951171875,3,4,18,3,0,0,0,39,1,0,LivesExhausted,,,,,,,,,
training_episode,189672,113.85825269999987,1665.860800619859,12624922,26254.666015625,304.1155090332031,261.046630859375,3,34,43,27,3,2,2,183,0,1,MaxDuration,,,,,,,,,
ppo_rollout,190464,114.26289579999866,1666.8928147364722,,,,,,,,,,,,,,,,,,,-0.005344796671609705,0.6814511368672053,-1.2794920444488525,0.9247530698776245,0.0055794795,0.05166015625
training_episode,192744,115.93015079999896,1662.5873309913932,38074069,1584.498046875,67.47600555419922,14.344980239868164,3,4,15,2,0,1,0,25,0,0,LivesExhausted,,,,,,,,,
training_episode,194508,116.83864769999855,1664.7573712033166,27391711,850.6110229492188,40.27924728393555,7.006110191345215,3,3,6,1,0,0,0,7,0,0,LivesExhausted,,,,,,,,,
ppo_rollout,196608,117.97528669999883,1666.5185184076518,,,,,,,,,,,,,,,,,,,-0.004576565955843156,0.9613436569770177,-1.2739391565322875,0.9247159957885742,0.0050442307,0.051676432291666664
training_episode,199032,119.72989729999972,1662.3416914932948,24145112,1156.2969970703125,52.367218017578125,10.062970161437988,3,3,13,2,0,0,0,25,1,0,LivesExhausted,,,,,,,,,
ppo_rollout,202752,121.5981298000006,1667.394065463653,,,,,,,,,,,,,,,,,,,-0.004959733297194665,0.7504547474284967,-1.2717454264561334,0.9400156736373901,0.0070221666,0.060628255208333336
training_episode,204942,123.23739049999858,1662.9855530737025,59543514,26254.666015625,301.8132629394531,261.546630859375,2,33,46,27,6,5,3,168,6,1,MaxDuration,,,,,,,,,
training_episode,205824,123.6779284999975,1664.1934619725148,38178798,1277.7708740234375,56.56651306152344,11.277709007263184,3,4,16,2,0,0,0,10,0,0,LivesExhausted,,,,,,,,,
training_episode,207270,124.43101430000024,1665.7422682441286,26030234,2705.61572265625,106.34430694580078,25.556154251098633,3,5,20,3,0,2,0,51,0,1,LivesExhausted,,,,,,,,,
ppo_rollout,208896,125.2837550999975,1667.382972622954,,,,,,,,,,,,,,,,,,,-0.005931214204368492,1.3396238272388776,-1.2695494830608367,0.909164547920227,0.005004383,0.05877278645833333
training_episode,209424,126.12800409999909,1660.4084199569247,9692510,609.5625610351562,30.000591278076172,4.595625400543213,3,3,8,1,0,0,0,15,1,0,LivesExhausted,,,,,,,,,
training_episode,214560,128.8253995999985,1665.5100676280185,56401644,23034.666015625,300.9324035644531,229.3466339111328,2,30,43,23,5,4,2,165,2,1,MaxDuration,,,,,,,,,
ppo_rollout,215040,129.0650671000003,1666.1363514682548,,,,,,,,,,,,,,,,,,,-0.003979640103837786,1.2713148276011148,-1.2640128215154012,0.938811182975769,0.004334012,0.035986328125
training_episode,216168,130.1883620999979,1660.424914432528,10320884,1767.6588134765625,74.107421875,15.176589012145996,5,8,14,2,2,1,0,47,1,0,LivesExhausted,,,,,,,,,
ppo_rollout,221184,132.69756099999722,1666.827923084469,,,,,,,,,,,,,,,,,,,-0.006717614670439313,1.408335236708323,-1.2539909909168878,0.9378743767738342,0.007637657,0.050862630208333336
training_episode,221460,133.41852649999782,1659.8894157327065,48128053,1300.945556640625,57.47636032104492,11.509455680847168,3,3,9,2,0,0,1,9,1,0,LivesExhausted,,,,,,,,,
training_episode,223932,134.6850291999981,1662.6346768464982,37026779,1498.9453125,64.6954116821289,13.489453315734863,3,3,16,2,0,0,0,33,0,0,LivesExhausted,,,,,,,,,
training_episode,224232,134.84816040000078,1662.8480457935761,41634855,25150.666015625,305.6970520019531,250.5066375732422,2,30,50,26,3,4,7,154,3,1,MaxDuration,,,,,,,,,
training_episode,225216,135.36984649999795,1663.7087639750216,40797023,27389.33203125,304.9263000488281,272.8932800292969,2,35,47,27,1,2,2,127,1,1,MaxDuration,,,,,,,,,
ppo_rollout,227328,136.5117715999986,1665.2629830789062,,,,,,,,,,,,,,,,,,,-0.006342108571940722,1.464506383240223,-1.2505683948596318,0.9466743469238281,0.0070045856,0.060693359375
training_episode,227478,137.15486849999797,1658.5484896586327,63732674,1100.245849609375,50.14759063720703,9.502457618713379,3,5,14,2,1,2,0,20,0,0,LivesExhausted,,,,,,,,,
training_episode,231864,139.34694160000072,1663.9331824416504,69178582,1533.9144287109375,66.08570861816406,13.339143753051758,4,5,13,2,1,1,0,42,0,0,LivesExhausted,,,,,,,,,
training_episode,232698,139.78815459999896,1664.6474850881373,14614773,1661.767333984375,70.52665710449219,15.11767292022705,3,3,15,2,0,0,0,21,1,0,LivesExhausted,,,,,,,,,
training_episode,233076,139.9909394999995,1664.9363225396512,6445911,1518.966552734375,65.4955825805664,13.689665794372559,3,4,13,2,0,0,0,25,0,0,LivesExhausted,,,,,,,,,
ppo_rollout,233472,140.19271809999918,1665.3646720328577,,,,,,,,,,,,,,,,,,,-0.006311852519866079,1.3216225410501161,-1.2485955039660135,0.9510848522186279,0.0060767923,0.060221354166666664
training_episode,235944,141.9930553999984,1661.6587292620695,47499679,1662.276123046875,70.54666137695312,14.622761726379395,4,6,14,2,1,1,0,29,1,0,LivesExhausted,,,,,,,,,
ppo_rollout,239616,143.8446741000007,1665.7968152051228,,,,,,,,,,,,,,,,,,,-0.007183664629701525,0.7557093595465024,-1.2457025349140167,0.9725291132926941,0.008569426,0.08592122395833333
training_episode,240072,144.63821760000064,1659.8102768655726,61323907,1608.0191650390625,68.39620208740234,14.580192565917969,3,3,14,2,0,0,0,37,0,0,LivesExhausted,,,,,,,,,
training_episode,240978,145.0920561999992,1660.862808835163,32837619,23034.666015625,300.2717590332031,228.3466339111328,4,30,47,23,3,2,2,149,2,1,MaxDuration,,,,,,,,,
training_episode,241488,145.35162359999958,1661.4055902434425,72320452,1650.0284423828125,70.05655670166016,15.000285148620605,3,3,9,2,0,0,0,20,2,0,LivesExhausted,,,,,,,,,
training_episode,241506,145.36518129999968,1661.3744628542663,58182037,1748.470947265625,73.35726165771484,15.984708786010742,3,5,12,2,2,2,0,22,0,0,LivesExhausted,,,,,,,,,
training_episode,241644,145.43772119999994,1661.4946796897427,54830709,1032.9661865234375,47.4980354309082,8.829662322998047,3,3,13,2,0,0,0,26,1,0,LivesExhausted,,,,,,,,,
training_episode,243042,146.1446556999981,1663.0235217010618,5817537,515.211669921875,24.730470657348633,3.6521167755126953,3,3,9,1,0,0,0,3,0,0,LivesExhausted,,,,,,,,,
training_episode,245490,147.35847119999744,1665.9374788627983,53050316,26254.666015625,300.5119934082031,262.046630859375,1,38,48,27,5,4,2,125,2,1,MaxDuration,,,,,,,,,
ppo_rollout,245760,147.50215279999975,1666.14517371302,,,,,,,,,,,,,,,,,,,-0.006363972921584112,1.0377755592266718,-1.242214979728063,0.9704809188842773,0.0070295506,0.068896484375
training_episode,246246,148.30140349999783,1660.4428157013606,53259774,941.0582885742188,43.858646392822266,7.91058349609375,3,5,11,1,0,0,0,14,0,0,LivesExhausted,,,,,,,,,
training_episode,246402,148.3897122999988,1660.505948699801,7179014,862.9828491210938,40.7691650390625,7.129828453063965,3,4,13,1,0,0,0,21,1,0,LivesExhausted,,,,,,,,,
training_episode,249504,149.9851729999973,1663.5244338452342,10739800,1518.6767578125,65.47557830810547,13.686767578125,3,3,17,2,0,0,0,38,1,0,LivesExhausted,,,,,,,,,
training_episode,250734,150.6368365999988,1664.493265122125,20374868,1841.3841552734375,77.02804565429688,16.413841247558594,4,4,18,2,1,0,0,36,0,0,LivesExhausted,,,,,,,,,
ppo_rollout,251904,151.2344168999989,1665.6526018582601,,,,,,,,,,,,,,,,,,,-0.006526715729463225,0.9352350081006686,-1.2358394106229147,0.9680551290512085,0.0089997975,0.08561197916666667
training_episode,253260,152.48472570000013,1660.8876648948176,46557118,1325.1466064453125,58.43619918823242,11.75146484375,3,3,13,2,0,0,0,29,1,0,LivesExhausted,,,,,,,,,
training_episode,254514,153.121508799999,1662.1701418344546,20165410,628.1702880859375,31.490625381469727,4.781702995300293,3,4,6,1,0,0,0,11,0,0,LivesExhausted,,,,,,,,,
training_episode,254550,153.1436493000001,1662.1649096355954,25087673,1594.416015625,67.8660888671875,14.444160461425781,3,3,15,2,0,0,0,42,0,0,LivesExhausted,,,,,,,,,
training_episode,255090,153.4216192999993,1662.6731041157846,44986183,2524.362548828125,100.3830337524414,23.743623733520508,3,4,21,3,0,1,0,64,1,1,LivesExhausted,,,,,,,,,
training_episode,255258,153.50954690000071,1662.8151483391475,28439001,1043.426513671875,47.90796661376953,8.934264183044434,3,3,10,2,0,0,0,16,0,0,LivesExhausted,,,,,,,,,
ppo_rollout,258048,154.90402819999872,1665.8572601277397,,,,,,,,,,,,,,,,,,,-0.0037888781943668922,0.191409058496356,-1.2269706885019938,0.9188611507415771,0.009015793,0.10691731770833333
training_episode,259068,155.95671500000026,1661.153224470005,40692294,790.8871459960938,37.92964172363281,6.408871173858643,3,4,10,1,0,0,0,10,0,0,LivesExhausted,,,,,,,,,
ppo_rollout,264192,158.54513089999818,1666.3520254471784,,,,,,,,,,,,,,,,,,,-0.004053675862572466,0.34270200493435066,-1.2223600665728251,0.9783233404159546,0.009473712,0.09078776041666667
training_episode,265152,159.6010585999975,1661.3423640537442,30847768,2475.9658203125,99.07275390625,22.75965690612793,4,6,21,3,2,2,0,50,0,0,LivesExhausted,,,,,,,,,
training_episode,265350,159.70517409999957,1661.4990810119327,11577632,2035.0526123046875,84.06954956054688,18.350526809692383,4,5,16,3,1,0,0,61,1,0,LivesExhausted,,,,,,,,,
ppo_rollout,270336,162.1842805999986,1666.8446473350903,,,,,,,,,,,,,,,,,,,-0.005782969709252938,0.4832280699163675,-1.2190819889307023,0.9772275686264038,0.010954212,0.08048502604166667
training_episode,274944,165.09965419999935,1665.321477093688,63627945,1930.2020263671875,79.92866516113281,17.302019119262695,4,5,18,2,1,0,0,48,0,0,LivesExhausted,,,,,,,,,
ppo_rollout,276480,165.9011989999999,1666.5340676651779,,,,,,,,,,,,,,,,,,,-0.0072065050121940056,1.009278933952252,-1.218056352933248,0.9685781002044678,0.0069003613,0.06121419270833333
training_episode,281802,169.17122899999958,1665.7797053658614,44253080,26254.666015625,302.5539855957031,262.546630859375,0,43,39,27,0,3,1,141,1,1,MaxDuration,,,,,,,,,
training_episode,282138,169.35315979999723,1665.9742300244027,10530342,1378.2138671875,59.92594909667969,12.282137870788574,3,4,13,2,1,0,0,25,0,0,LivesExhausted,,,,,,,,,
ppo_rollout,282624,169.61054199999853,1666.3115197167547,,,,,,,,,,,,,,,,,,,-0.006175375502789393,1.3622449710965157,-1.2194243729114533,0.9591567516326904,0.0077665164,0.064697265625
ppo_rollout,288768,173.24269469999854,1666.8408471713897,,,,,,,,,,,,,,,,,,,-0.006395089325572674,1.9004651859402657,-1.2162230471769968,0.9416598677635193,0.006148185,0.051318359375
training_episode,289860,174.36270189999777,1662.396813317583,51060465,1576.343505859375,67.14593505859375,13.763435363769531,4,4,10,2,1,0,0,17,1,0,LivesExhausted,,,,,,,,,
training_episode,289878,174.3763575999983,1662.3698532856774,38492985,1493.5057373046875,64.48536682128906,13.435057640075684,3,5,9,2,0,2,0,25,0,0,LivesExhausted,,,,,,,,,
training_episode,291246,175.07545249999748,1663.545607571708,22155261,27389.33203125,305.7571105957031,273.3932800292969,1,21,47,27,1,2,3,155,4,1,MaxDuration,,,,,,,,,
training_episode,291252,175.08293819999744,1663.5087518767962,72006265,23034.666015625,301.3027648925781,229.84661865234375,1,23,49,23,2,2,1,198,1,1,MaxDuration,,,,,,,,,
ppo_rollout,294912,176.92565950000062,1666.8695814583016,,,,,,,,,,,,,,,,,,,-0.0050309668789850544,1.9346051573753358,-1.209155652920405,0.954275906085968,0.0056058555,0.045491536458333336
training_episode,295410,177.75593689999732,1661.8854208295331,51898297,27389.33203125,302.8042297363281,272.8932800292969,2,40,49,27,1,1,2,189,0,1,MaxDuration,,,,,,,,,
training_episode,297222,178.66064019999976,1663.612084157305,59019869,1409.5303955078125,61.15574264526367,12.595304489135742,3,4,15,2,0,1,0,35,0,0,LivesExhausted,,,,,,,,,
training_episode,298740,179.4269920000006,1664.9668852499015,12415464,1441.990234375,62.445526123046875,12.919902801513672,3,5,14,2,0,1,0,32,0,0,LivesExhausted,,,,,,,,,
ppo_rollout,301056,180.58201220000046,1667.1427919773685,,,,,,,,,,,,,,,,,,,-0.0068575926794437695,1.8367935955524444,-1.2041973223288853,0.9646655321121216,0.007127796,0.06599934895833333
training_episode,301176,181.20704489999844,1662.05458604663,45300370,23034.666015625,300.1816711425781,229.3466339111328,2,26,47,23,2,2,2,186,2,1,MaxDuration,,,,,,,,,
training_episode,306348,183.77332229999956,1666.988419025827,40273378,2243.88916015625,91.11105346679688,20.43889045715332,4,5,20,3,1,1,0,26,0,0,LivesExhausted,,,,,,,,,
ppo_rollout,307200,184.23024769999756,1667.4786243584042,,,,,,,,,,,,,,,,,,,-0.00506907695865569,0.838832255701224,-1.1961722334225973,0.9753880500793457,0.010515443,0.08553059895833333
training_episode,307686,185.0408783999992,1662.800148056373,59752972,2128.748046875,87.17021179199219,19.7874813079834,3,6,20,3,0,0,0,39,1,0,LivesExhausted,,,,,,,,,
training_episode,311022,186.7434622999972,1665.5040887072846,22993093,2573.28955078125,102.32344818115234,24.232894897460938,3,3,21,3,0,0,0,42,1,1,LivesExhausted,,,,,,,,,
training_episode,312960,187.71360359999744,1667.2206702018918,39226088,1240.4833984375,55.09675979614258,10.904834747314453,3,3,11,2,0,0,0,26,1,0,LivesExhausted,,,,,,,,,
ppo_rollout,313344,187.9180583999987,1667.4501783805263,,,,,,,,,,,,,,,,,,,-0.005904893467474418,1.0612952219943206,-1.1913574208815894,0.9581999778747559,0.011601803,0.07454427083333333
training_episode,315732,189.6883295000007,1664.4777295062786,68445479,1573.685791015625,67.04591369628906,14.236858367919922,3,4,15,2,0,0,0,31,1,0,LivesExhausted,,,,,,,,,
training_episode,317382,190.58630110000013,1665.2928262324085,26553879,762.8472290039062,36.80982971191406,6.128472328186035,3,3,5,1,0,0,0,15,0,0,LivesExhausted,,,,,,,,,
ppo_rollout,319488,191.69225189999997,1666.671432117492,,,,,,,,,,,,,,,,,,,-0.005308212200179696,1.0911223952968916,-1.1907439798116684,0.97324538230896,0.0075887945,0.065185546875
training_episode,324312,194.79749739999897,1664.8673844821258,58391495,1307.15966796875,57.726318359375,11.5715970993042,3,4,12,2,0,2,1,9,0,0,LivesExhausted,,,,,,,,,
ppo_rollout,325632,195.52248639999743,1665.445269214847,,,,,,,,,,,,,,,,,,,-0.005005304604613532,1.0479915534456572,-1.1928550998369853,0.9833008646965027,0.005741549,0.0724609375
training_episode,326250,196.38386940000055,1661.2871566120546,59124598,24077.33203125,303.2246398925781,239.77330017089844,2,21,46,24,4,2,1,157,0,1,MaxDuration,,,,,,,,,
training_episode,327774,197.16729479999776,1662.4156675298855,73472471,27389.33203125,304.3357238769531,272.8932800292969,2,27,49,27,2,2,4,113,0,1,MaxDuration,,,,,,,,,
ppo_rollout,331776,199.25218269999823,1665.1059752732283,,,,,,,,,,,,,,,,,,,-0.005294109551080813,2.017757656176885,-1.1925755669673284,0.9738278985023499,0.005343731,0.0583984375
training_episode,333102,200.5176068999972,1661.210729320771,52945587,1290.931640625,57.08642578125,11.409316062927246,3,3,12,2,0,0,1,25,0,0,LivesExhausted,,,,,,,,,
training_episode,333210,200.57609669999874,1661.2647542861575,64046861,1767.69580078125,74.107421875,16.176958084106445,3,3,14,2,0,0,0,29,0,0,LivesExhausted,,,,,,,,,
training_episode,337494,202.7626992000005,1664.4777433501397,11472903,756.275390625,36.559871673583984,6.062753677368164,3,4,10,1,0,0,0,13,0,0,LivesExhausted,,,,,,,,,
ppo_rollout,337920,202.9770693999999,1664.8185974843923,,,,,,,,,,,,,,,,,,,-0.005544937122613192,1.6795761734247208,-1.192813695470492,0.9789680242538452,0.0052030752,0.053694661458333334
training_episode,337926,203.54362430000037,1660.2141244273764,65513067,27389.33203125,306.2075500488281,272.8932800292969,2,33,47,27,3,6,3,145,0,1,MaxDuration,,,,,,,,,
training_episode,340068,204.66368460000012,1661.594242596763,59857701,1291.3736572265625,57.106422424316406,11.413736343383789,3,3,13,2,0,0,1,39,0,0,LivesExhausted,,,,,,,,,
training_episode,341178,205.2219918999981,1662.4826454576632,11682361,607.9074096679688,30.69060707092285,4.579073905944824,3,3,5,1,0,0,0,16,0,0,LivesExhausted,,,,,,,,,
training_episode,342768,206.04088720000072,1663.592137745361,1000003,465.9212646484375,22.50041961669922,3.159212589263916,3,3,7,1,0,0,0,5,0,0,LivesExhausted,,,,,,,,,
ppo_rollout,344064,206.69638759999725,1664.5864206675888,,,,,,,,,,,,,,,,,,,-0.006193982142334183,1.6213176930944124,-1.1889042129119238,0.9784533977508545,0.00742775,0.06780598958333334
training_episode,345474,207.95195669999885,1661.316418861097,13148567,1452.588623046875,62.8554573059082,13.025886535644531,3,4,11,2,1,1,0,19,0,0,LivesExhausted,,,,,,,,,
training_episode,347814,209.0975995000008,1663.4050358861182,54516522,24077.33203125,306.5879211425781,239.77330017089844,2,18,48,24,1,2,2,164,1,1,MaxDuration,,,,,,,,,
ppo_rollout,350208,210.29696169999806,1665.3022334178745,,,,,,,,,,,,,,,,,,,-0.006293009251627761,1.3253953392306963,-1.1822968651851018,0.9820639491081238,0.0077745463,0.08203125
training_episode,350502,211.00014200000078,1661.1458015037672,17966101,1492.375244140625,64.43535614013672,12.923752784729004,4,5,14,2,1,0,0,11,0,0,LivesExhausted,,,,,,,,,
training_episode,352374,211.93216050000046,1662.6735610520955,37655153,24077.33203125,305.3066711425781,238.77330017089844,4,25,48,24,3,4,0,140,2,1,MaxDuration,,,,,,,,,
training_episode,355890,213.6589000999993,1665.6923715016408,13358025,1578.9642333984375,67.2559585571289,14.289643287658691,3,3,16,2,0,0,0,12,2,0,LivesExhausted,,,,,,,,,
ppo_rollout,356352,213.8866295000007,1666.0788981201783,,,,,,,,,,,,,,,,,,,-0.006262233570062866,1.3479145988821983,-1.180533810456594,0.9840049743652344,0.0070211324,0.058024088541666664
training_episode,361302,216.94704089999868,1665.3926161018321,56611102,2214.737548828125,89.97080993652344,20.647375106811523,3,5,19,3,0,1,0,53,0,0,LivesExhausted,,,,,,,,,
ppo_rollout,362496,217.55546999999933,1666.2233314565758,,,,,,,,,,,,,,,,,,,-0.005703408692109709,1.5339018389582635,-1.1795699298381805,0.9826288819313049,0.0070652403,0.056412760416666666
training_episode,364092,218.88933589999942,1663.3610701178109,65198880,26254.666015625,302.6240539550781,262.546630859375,0,25,40,27,8,1,1,190,3,1,MaxDuration,,,,,,,,,
training_episode,365226,219.46391949999816,1664.1733221209652,47394950,1860.71435546875,77.7882080078125,17.10714340209961,3,4,11,2,0,3,0,21,0,0,LivesExhausted,,,,,,,,,
ppo_rollout,368640,221.19729249999727,1666.5665109802578,,,,,,,,,,,,,,,,,,,-0.005593268012550349,1.400079110264778,-1.1744054903586705,0.9827266335487366,0.007834308,0.06326497395833333
training_episode,371394,223.13392309999836,1664.4443607687492,7702659,2034.8121337890625,84.0595474243164,16.848121643066406,7,7,15,3,4,0,0,34,0,0,LivesExhausted,,,,,,,,,
training_episode,374166,224.52757579999889,1666.4590024937233,45824015,1776.458984375,74.4574966430664,15.764589309692383,4,5,17,2,1,1,0,38,0,0,LivesExhausted,,,,,,,,,
ppo_rollout,374784,224.84942059999958,1666.8221737014371,,,,,,,,,,,,,,,,,,,-0.006057470745872706,1.2114422651628654,-1.1647347768147787,0.9867395162582397,0.009865917,0.08072916666666667
training_episode,375216,225.63652309999816,1662.9222735971287,28124814,665.7220458984375,31.820632934570312,5.157219886779785,3,3,10,1,0,0,0,24,1,0,LivesExhausted,,,,,,,,,
training_episode,377328,226.69499119999819,1664.4743582671756,5503350,23034.666015625,301.2126770019531,229.8466339111328,1,25,49,23,4,2,2,156,0,1,MaxDuration,,,,,,,,,
training_episode,380100,228.08614169999782,1666.4756445393614,26868066,480.9661865234375,23.06043243408203,3.309661626815796,3,3,8,1,0,0,0,9,0,0,LivesExhausted,,,,,,,,,
ppo_rollout,380928,228.49731109999993,1667.100580598474,,,,,,,,,,,,,,,,,,,-0.0055518619968400644,1.4161729688445728,-1.1626357078552245,0.9870150089263916,0.006069481,0.0693359375
training_episode,382272,229.72460449999926,1664.0446539543448,15347876,27389.33203125,306.6279602050781,272.8932800292969,2,30,51,27,3,4,2,123,1,1,MaxDuration,,,,,,,,,
ppo_rollout,387072,232.13459650000004,1667.4464118492563,,,,,,,,,,,,,,,,,,,-0.0061852472058186924,2.0354977468649547,-1.1600064198176065,0.9816495180130005,0.008183953,0.06238606770833333
training_episode,388818,233.56938079999964,1664.678814784102,13043838,24077.33203125,303.6750793457031,239.77330017089844,2,30,51,24,3,1,1,122,2,1,MaxDuration,,,,,,,,,
ppo_rollout,393216,235.8131957000005,1667.4893821474095,,,,,,,,,,,,,,,,,,,-0.005900776097162937,1.9852160533269247,-1.155643849571546,0.9766062498092651,0.008781737,0.05504557291666667
ppo_rollout,399360,239.5751629999977,1666.9507598331627,,,,,,,,,,,,,,,,,,,-0.004331344951060601,1.9252766340970993,-1.151760432124138,0.9727760553359985,0.0057645333,0.053271484375
training_episode,400128,240.55034109999906,1663.3857103269,7283743,23034.666015625,300.2517395019531,229.3466339111328,2,33,45,23,3,3,1,201,1,1,MaxDuration,,,,,,,,,
training_episode,402696,241.90905719999864,1664.6586310617984,9273594,425.6695556640625,21.400394439697266,2.75669527053833,3,3,6,1,0,0,0,9,0,0,LivesExhausted,,,,,,,,,
ppo_rollout,405504,243.32587029999922,1666.5059062566982,,,,,,,,,,,,,,,,,,,-0.007086834782967344,1.8747250725825628,-1.1499139696359635,0.9763454794883728,0.006365528,0.05908203125
training_episode,410814,246.56237749999855,1666.1666072716323,21631616,27389.33203125,305.3467102050781,272.8932800292969,2,31,44,27,4,3,2,166,1,1,MaxDuration,,,,,,,,,
ppo_rollout,411648,246.97074190000058,1666.7885306295832,,,,,,,,,,,,,,,,,,,-0.006269081778979549,2.2776033520698546,-1.1464949707190195,0.9770340919494629,0.006703867,0.06251627604166667
training_episode,411906,247.65893709999727,1663.1986102471428,61114449,27389.33203125,305.7370910644531,273.3932800292969,1,22,48,27,2,5,2,165,2,1,MaxDuration,,,,,,,,,
training_episode,416190,249.8285333999993,1665.9025866098336,61847552,26254.666015625,300.7322082519531,261.546630859375,2,29,44,27,0,1,2,179,3,1,MaxDuration,,,,,,,,,
training_episode,416556,250.01228899999842,1666.1420991189862,36293676,1041.90966796875,47.84797668457031,8.919095993041992,3,3,10,2,0,0,0,23,0,0,LivesExhausted,,,,,,,,,
ppo_rollout,417792,250.6359470999996,1666.9276886818948,,,,,,,,,,,,,,,,,,,-0.0062906430617052445,2.530152190725009,-1.1431717733542124,0.9726752042770386,0.0070892223,0.057666015625
training_episode,418902,251.79222449999725,1663.6812388938745,62999571,26254.666015625,305.1965637207031,262.046630859375,1,20,52,27,5,3,2,187,1,1,MaxDuration,,,,,,,,,
training_episode,423552,254.11083769999823,1666.8002192808597,44043622,1414.1658935546875,61.34571075439453,12.641658782958984,3,3,14,2,0,0,0,42,0,0,LivesExhausted,,,,,,,,,
ppo_rollout,423936,254.30720160000055,1667.0231803612403,,,,,,,,,,,,,,,,,,,-0.005241414334159344,1.9683082863688468,-1.1393457065025965,0.9834674000740051,0.0070413896,0.06512044270833334
training_episode,425322,255.58309649999865,1664.1241374114202,24878215,24077.33203125,304.1755676269531,239.27330017089844,3,28,47,24,1,2,1,156,2,1,MaxDuration,,,,,,,,,
training_episode,427146,256.526555299999,1665.1141613797736,57030018,1614.578857421875,68.666259765625,14.64578914642334,3,5,16,2,0,1,0,35,1,0,LivesExhausted,,,,,,,,,
ppo_rollout,430080,258.07827819999875,1666.471130385905,,,,,,,,,,,,,,,,,,,-0.006127896080336844,1.5801540439327557,-1.1403614282608032,0.985850989818573,0.0067352895,0.063232421875
training_episode,431184,259.2117713000007,1663.4429749757235,24564028,1066.233642578125,48.80781555175781,9.162336349487305,3,4,12,2,0,0,0,21,0,0,LivesExhausted,,,,,,,,,
training_episode,433560,260.41389979999803,1664.8880890497046,31790329,2017.691650390625,83.389404296875,18.676916122436523,3,5,11,3,0,1,0,41,2,0,LivesExhausted,,,,,,,,,
ppo_rollout,436224,261.7525844999982,1666.5508798443325,,,,,,,,,,,,,,,,,,,-0.004917148620976756,1.5690607542792956,-1.1439479102691015,0.987643837928772,0.010482542,0.07373046875
training_episode,436734,262.61882689999766,1662.9957766367736,48861156,1929.5775146484375,79.8986587524414,17.295774459838867,4,5,16,2,1,1,0,38,1,0,LivesExhausted,,,,,,,,,
training_episode,439374,264.0072304999994,1664.2498736412485,73263013,27389.33203125,305.6069641113281,272.8932800292969,2,31,48,27,4,1,4,157,2,1,MaxDuration,,,,,,,,,
training_episode,440064,264.35932479999974,1664.6433801150351,14405315,556.5814208984375,27.710538864135742,4.065814018249512,3,3,8,1,0,0,0,11,0,0,LivesExhausted,,,,,,,,,
ppo_rollout,442368,265.5550805999992,1665.8238998873867,,,,,,,,,,,,,,,,,,,-0.007108832936501131,1.437095233798027,-1.1397222737471262,0.9892980456352234,0.007004918,0.07333984375
training_episode,448326,269.1870854000008,1665.4810884920657,19013391,27389.33203125,303.4848937988281,272.8932800292969,2,27,47,27,1,2,2,159,2,1,MaxDuration,,,,,,,,,
ppo_rollout,448512,269.2884962999997,1665.5445968265096,,,,,,,,,,,,,,,,,,,-0.007394650489247093,2.2370291759570438,-1.1305627326170604,0.9847185611724854,0.006277597,0.069921875
training_episode,449988,270.597480299999,1662.9423138054315,57134747,2160.332275390625,88.42047882080078,20.103322982788086,3,7,18,3,0,2,0,43,0,0,LivesExhausted,,,,,,,,,
training_episode,453222,272.21827610000037,1664.9212774880232,37236237,27389.33203125,305.5268859863281,272.8932800292969,2,35,47,27,1,1,2,161,2,1,MaxDuration,,,,,,,,,
ppo_rollout,454656,272.95205519999945,1665.6991267820317,,,,,,,,,,,,,,,,,,,-0.00670453588051411,2.039078290760517,-1.126467502117157,0.9793290495872498,0.0071105454,0.06103515625
ppo_rollout,460800,276.6233006000002,1665.8032747079428,,,,,,,,,,,,,,,,,,,-0.006377401596788938,1.5981833577156066,-1.1237377693255743,0.9845486879348755,0.0102998065,0.084423828125
training_episode,462876,278.2152067999996,1663.733644626936,73891387,1943.1712646484375,80.43877410888672,17.931713104248047,3,4,14,2,0,0,0,43,1,0,LivesExhausted,,,,,,,,,
ppo_rollout,466944,280.30839840000044,1665.8223680250576,,,,,,,,,,,,,,,,,,,-0.007118545486203705,1.9274656330545743,-1.1187876045703888,0.9772453904151917,0.0065690936,0.07249348958333333
training_episode,467844,281.31892199999857,1663.0377959432192,71168433,26254.666015625,305.4668273925781,260.546630859375,4,30,45,27,5,1,3,149,3,1,MaxDuration,,,,,,,,,
training_episode,469614,282.1998459999995,1664.1185551887254,49070614,1267.2425537109375,56.146583557128906,11.17242431640625,3,4,14,2,0,0,1,23,0,0,LivesExhausted,,,,,,,,,
training_episode,469896,282.3486343000004,1664.24038552539,22050532,27389.33203125,302.7842102050781,272.8932800292969,2,34,45,27,2,2,3,150,0,1,MaxDuration,,,,,,,,,
ppo_rollout,473088,284.008784499998,1665.751292985106,,,,,,,,,,,,,,,,,,,-0.004723961388420624,2.011071126659711,-1.1093911409378052,0.9767934083938599,0.007450644,0.09016927083333333
training_episode,475566,285.8409692999994,1663.7433086118526,27077524,1026.907958984375,47.248077392578125,8.769079208374023,3,3,10,2,0,0,0,30,0,0,LivesExhausted,,,,,,,,,
training_episode,476058,286.0958737000001,1663.9806574043569,51584110,1204.8138427734375,53.676998138427734,10.548137664794922,3,4,13,2,0,0,0,24,0,0,LivesExhausted,,,,,,,,,
training_episode,476514,286.3392660999998,1664.1587669418152,15976250,24077.33203125,303.6950988769531,240.27330017089844,1,24,49,24,4,3,1,152,4,1,MaxDuration,,,,,,,,,
ppo_rollout,479232,287.715337499998,1665.646343931885,,,,,,,,,,,,,,,,,,,-0.008617600860695044,1.5750281870365144,-1.1069099883238473,0.990203857421875,0.009843092,0.08284505208333333
training_episode,480300,288.80579039999793,1663.0552986308942,52526671,829.3556518554688,39.44938659667969,6.793555736541748,3,3,11,1,0,0,1,10,0,0,LivesExhausted,,,,,,,,,
training_episode,483486,290.4100355999981,1664.8391609508249,25611318,1316.05419921875,58.07625961303711,11.660542488098145,3,3,15,2,0,0,1,23,0,0,LivesExhausted,,,,,,,,,
training_episode,484518,290.9171408000002,1665.4845385445906,12206006,26254.666015625,301.5429992675781,261.546630859375,2,26,40,27,1,4,2,162,1,1,MaxDuration,,,,,,,,,
ppo_rollout,485376,291.3533755999997,1665.9357352577056,,,,,,,,,,,,,,,,,,,-0.007232831342844292,1.8100548177957534,-1.0997157583634058,0.9890727400779724,0.00849267,0.09453125
training_episode,486090,292.2711108000003,1663.147612056085,71482620,26254.666015625,300.8323059082031,261.546630859375,2,33,45,27,5,3,1,143,2,1,MaxDuration,,,,,,,,,
training_episode,490272,294.3639559000003,1665.5300018000592,5084434,1043.597412109375,47.917964935302734,8.93597412109375,3,3,8,2,0,0,0,11,0,0,LivesExhausted,,,,,,,,,
ppo_rollout,491520,294.9979588999995,1666.1810198036621,,,,,,,,,,,,,,,,,,,-0.007333178701810539,1.720693331460158,-1.092234100898107,0.9894804358482361,0.010307428,0.07838541666666667
training_episode,491928,295.73767339999904,1663.3930819312436,12729651,1656.6766357421875,70.31661224365234,14.566766738891602,4,4,17,2,1,0,0,35,0,0,LivesExhausted,,,,,,,,,
training_episode,495030,297.30779880000046,1665.04209441545,69702227,532.3667602539062,25.850496292114258,3.823667526245117,3,3,8,1,0,0,0,19,0,0,LivesExhausted,,,,,,,,,
training_episode,495588,297.5940843999997,1665.3153606839655,42367958,1894.2762451171875,79.10848999023438,17.44276237487793,3,5,18,2,0,3,0,33,0,0,LivesExhausted,,,,,,,,,
training_episode,496368,297.99446159999934,1665.6953868702408,27705898,1116.2208251953125,50.77748489379883,9.66220760345459,3,4,10,2,0,0,1,14,0,0,LivesExhausted,,,,,,,,,
ppo_rollout,497664,298.6619729999984,1666.3119010467485,,,,,,,,,,,,,,,,,,,-0.006093160239591573,1.216316576798757,-1.0898466656605403,0.9874570965766907,0.008978989,0.10250651041666667
validation,500004,,,,,,,,,,,,,,,,,,15978.113073120117,23034.666015625,11715.73989365278,,,,,,
training_episode,500478,508.628273899998,983.9759716118328,62685384,861.56396484375,40.72917175292969,7.115639686584473,3,4,9,1,0,1,0,24,0,0,LivesExhausted,,,,,,,,,
ppo_rollout,503808,510.28335549999974,987.3102749086243,,,,,,,,,,,,,,,,,,,-0.008283121429849416,1.5488646154602368,-1.0880337089300156,0.9860659837722778,0.008340601,0.08243815104166667
training_episode,503934,510.9120374999984,986.3419982544482,55563812,26254.666015625,300.7221984863281,261.546630859375,2,30,46,27,0,0,4,134,2,1,MaxDuration,,,,,,,,,
training_episode,504264,511.07922959999996,986.6650233363348,28962646,670.5796508789062,31.540626525878906,5.205796241760254,3,3,11,1,0,0,0,7,1,0,LivesExhausted,,,,,,,,,
ppo_rollout,509952,513.9082896,992.3015649288722,,,,,,,,,,,,,,,,,,,-0.006057164226270591,1.4180623347560564,-1.087195447087288,0.9908387064933777,0.0076454245,0.0810546875
training_episode,512454,515.7317523999991,993.6444626790075,40168649,25150.666015625,303.2846984863281,250.5066375732422,2,24,49,26,1,4,5,136,1,1,MaxDuration,,,,,,,,,
ppo_rollout,516096,517.588042299998,997.117316904448,,,,,,,,,,,,,,,,,,,-0.005105156774516217,1.9643992687265077,-1.0833775500456493,0.9889978170394897,0.007247964,0.059342447916666666
training_episode,516732,518.4742065999999,996.6397429653738,1104732,24077.33203125,303.5749816894531,239.27330017089844,3,33,47,24,4,4,1,183,2,1,MaxDuration,,,,,,,,,
ppo_rollout,522240,521.3955055000006,1001.619681203791,,,,,,,,,,,,,,,,,,,-0.006192279026921218,1.8648699074983597,-1.0827899028857548,0.9856379628181458,0.011283234,0.08346354166666667
training_episode,523446,522.5938872999977,1001.6305447130367,15871521,2256.097900390625,91.60115814208984,21.060977935791016,3,3,18,3,0,0,0,50,0,0,LivesExhausted,,,,,,,,,
training_episode,528168,525.0204434999978,1005.9951122646183,66246170,2364.956787109375,95.29194641113281,22.149568557739258,3,5,19,3,0,1,0,28,0,0,LivesExhausted,,,,,,,,,
ppo_rollout,528384,525.1403288000001,1006.1767703261564,,,,,,,,,,,,,,,,,,,-0.006874136001958201,1.3366490110754967,-1.0774350732564926,0.9902411699295044,0.008465543,0.08507486979166666
training_episode,531474,527.3434581999973,1007.8327354512023,37759882,1569.767822265625,66.89588165283203,13.697678565979004,4,6,12,2,2,2,0,27,0,0,LivesExhausted,,,,,,,,,
training_episode,531672,527.4602621999984,1007.9849385855813,43729435,25150.666015625,305.2966613769531,250.5066375732422,2,30,46,26,4,4,3,78,3,1,MaxDuration,,,,,,,,,
training_episode,533034,528.2112850999983,1009.1302761528252,41215939,24077.33203125,305.5268859863281,240.27330017089844,1,26,45,24,4,3,4,153,0,1,MaxDuration,,,,,,,,,
training_episode,534006,528.7368681000007,1009.965508777426,13462754,1062.065673828125,48.64784240722656,9.120656967163086,3,3,7,2,0,0,0,35,0,0,LivesExhausted,,,,,,,,,
ppo_rollout,534528,529.0236345999983,1010.404762736477,,,,,,,,,,,,,,,,,,,-0.004567125918886934,1.662467779715856,-1.0668010493119557,0.9884805679321289,0.008572045,0.09983723958333333
training_episode,536166,530.4457140999984,1010.7839233081694,1628377,490.65997314453125,26.060501098632812,3.406599521636963,3,3,5,1,0,0,0,6,0,0,LivesExhausted,,,,,,,,,
training_episode,538044,531.4446978999986,1012.4176647656445,41949042,1230.8065185546875,54.706825256347656,10.808065414428711,3,4,11,2,0,1,0,33,0,0,LivesExhausted,,,,,,,,,
training_episode,540150,532.4896378999983,1014.3859364666929,48756427,26254.666015625,301.7832336425781,261.546630859375,2,29,48,27,0,2,4,174,1,1,MaxDuration,,,,,,,,,
ppo_rollout,540672,532.7574305999988,1014.8558592436482,,,,,,,,,,,,,,,,,,,-0.0058023193734698,1.641098435719808,-1.0588183949391048,0.9925121665000916,0.008497997,0.09440104166666667
training_episode,540954,533.4711399999978,1014.0267381661962,10216155,24077.33203125,305.7270812988281,239.27330017089844,3,28,46,24,2,3,0,139,0,1,MaxDuration,,,,,,,,,
training_episode,544068,535.0304101999973,1016.8917310637062,39435546,1527.109375,65.80564880371094,13.77109432220459,3,3,14,2,0,0,0,44,1,0,LivesExhausted,,,,,,,,,
ppo_rollout,546816,536.4430232999985,1019.3365860854911,,,,,,,,,,,,,,,,,,,-0.00554202674732854,1.7004451245069503,-1.0558823496103287,0.9905616641044617,0.009928882,0.06990559895833333
ppo_rollout,552960,540.0769383000006,1023.8541229709815,,,,,,,,,,,,,,,,,,,-0.008134071573537464,1.5953142553567887,-1.0523561716079712,0.9820483922958374,0.012220203,0.104150390625
training_episode,554268,541.2986366000005,1023.9597193177182,66665086,2058.521728515625,84.99974822998047,19.085216522216797,3,5,17,3,0,2,0,11,1,0,LivesExhausted,,,,,,,,,
ppo_rollout,559104,543.782190599999,1028.1763722035382,,,,,,,,,,,,,,,,,,,-0.00645690224870729,2.31796198040247,-1.042299316326777,0.9798383116722107,0.007224888,0.054459635416666666
training_episode,560124,544.863201199998,1028.0084960158658,64675235,1065.60693359375,48.787818908691406,8.656068801879883,4,5,9,2,1,0,0,29,0,0,LivesExhausted,,,,,,,,,
ppo_rollout,565248,547.4794694999982,1032.455154010121,,,,,,,,,,,,,,,,,,,-0.007825632161014558,1.2524995381633441,-1.0298379709323247,0.987848699092865,0.008811131,0.08346354166666667
training_episode,565854,548.3397387999976,1031.9405287647603,19537036,1039.527099609375,47.74799346923828,8.395270347595215,4,4,13,2,1,0,0,23,0,0,LivesExhausted,,,,,,,,,
training_episode,568464,549.6716940000006,1034.1882367331789,49803717,27389.33203125,306.5779113769531,272.8932800292969,2,34,45,27,6,2,3,142,2,1,MaxDuration,,,,,,,,,
training_episode,570534,550.7191105999991,1035.9800286908746,4456060,24077.33203125,304.3857727050781,239.77330017089844,2,23,44,24,3,1,1,146,2,1,MaxDuration,,,,,,,,,
training_episode,570612,550.7630739999986,1036.0389556544626,3408770,833.372802734375,39.60935974121094,6.833727836608887,3,3,11,1,0,0,0,24,0,0,LivesExhausted,,,,,,,,,
ppo_rollout,571392,551.1574381999999,1036.7128526217177,,,,,,,,,,,,,,,,,,,-0.007031424291199073,1.8220670809348425,-1.0237267663081486,0.9866505265235901,0.008156137,0.08634440104166667
training_episode,574530,553.3027165999993,1038.3646831348321,51374652,24077.33203125,304.0154113769531,239.27330017089844,3,22,47,24,5,1,2,159,3,1,MaxDuration,,,,,,,,,
training_episode,576768,554.4248516999978,1040.299687561791,64151590,24077.33203125,305.1164855957031,239.77330017089844,2,23,41,24,6,2,1,114,3,1,MaxDuration,,,,,,,,,
ppo_rollout,577536,554.817705999998,1040.947312521425,,,,,,,,,,,,,,,,,,,-0.007467775023542345,2.1755795955657957,-1.0187553068002064,0.9900792837142944,0.009435307,0.08302408854166667
training_episode,577668,555.4493540999974,1040.0012093559885,57553663,26254.666015625,305.9172668457031,261.046630859375,3,28,46,27,2,2,3,143,1,1,MaxDuration,,,,,,,,,
training_episode,580098,556.6418492999983,1042.1386762951777,14510044,532.3843383789062,27.710538864135742,3.823843479156494,3,3,6,1,0,0,1,9,0,0,LivesExhausted,,,,,,,,,
training_episode,582342,557.7782714999994,1044.0385180906078,5608079,825.5401000976562,38.91947555541992,6.755401134490967,3,3,13,1,0,0,1,5,1,0,LivesExhausted,,,,,,,,,
ppo_rollout,583680,558.4553730999978,1045.168563353558,,,,,,,,,,,,,,,,,,,-0.006462147784380552,2.488347009817759,-1.0135085791349412,0.984930157661438,0.0067404523,0.06085611979166667
training_episode,589062,561.7562254000004,1048.6078718229717,17128269,1782.3388671875,74.68754577636719,16.323389053344727,3,5,15,2,0,1,0,21,0,0,LivesExhausted,,,,,,,,,
ppo_rollout,589824,562.1857687999982,1049.1620968261016,,,,,,,,,,,,,,,,,,,-0.00588059777704378,1.6920773987968762,-0.9989643469452858,0.9884032011032104,0.010230381,0.08489583333333334
training_episode,590172,562.9379473000008,1048.3784275524877,71063704,1512.6253662109375,65.24552917480469,13.626254081726074,3,3,13,2,0,0,1,29,0,1,LivesExhausted,,,,,,,,,
ppo_rollout,595968,565.9145424999988,1053.1059996571855,,,,,,,,,,,,,,,,,,,-0.005816212925128639,1.2776742766300837,-0.9906818176309268,0.9928961992263794,0.01060062,0.09373372395833333
ppo_rollout,602112,569.5949596999999,1057.0880056893877,,,,,,,,,,,,,,,,,,,-0.006229574861936271,1.7566693286101023,-0.9876634761691093,0.9875538945198059,0.0079248,0.07862955729166667
training_episode,605106,571.6755271000002,1058.4780549721731,54097606,27389.33203125,305.2966613769531,273.3932800292969,1,20,45,27,6,2,3,156,0,1,MaxDuration,,,,,,,,,
training_episode,606648,572.4597103999986,1059.7217393274939,66141441,26254.666015625,300.9123840332031,262.046630859375,1,23,45,27,1,1,3,163,5,1,MaxDuration,,,,,,,,,
training_episode,606666,572.4726379999993,1059.729251199602,69911685,29750.666015625,300.4018859863281,297.0066223144531,1,35,40,30,1,2,6,150,3,1,MaxDuration,,,,,,,,,
ppo_rollout,608256,573.2737100999984,1061.0219678378405,,,,,,,,,,,,,,,,,,,-0.005919756470636154,2.518914747238159,-0.9882867649197579,0.9439782500267029,0.0076501593,0.07272135416666667
training_episode,610914,575.1447487000005,1062.1917376118772,43624706,28554.666015625,303.1545715332031,284.546630859375,2,35,49,28,3,0,3,197,3,1,MaxDuration,,,,,,,,,
ppo_rollout,614400,576.9119657999981,1064.9805107578547,,,,,,,,,,,,,,,,,,,-0.007792821604137619,2.115534926454226,-0.9841709827383359,0.9877472519874573,0.009619356,0.09300130208333333
ppo_rollout,620544,580.5463839999975,1068.8965035393326,,,,,,,,,,,,,,,,,,,-0.007266352727310732,2.3697082410256067,-0.9779281944036484,0.9890556931495667,0.008235162,0.09025065104166667
training_episode,625272,583.4978082999987,1071.592713984152,17861372,26254.666015625,301.7131652832031,262.546630859375,0,26,44,27,2,3,3,177,1,1,MaxDuration,,,,,,,,,
ppo_rollout,626688,584.2352530999997,1072.663788559048,,,,,,,,,,,,,,,,,,,-0.0064158333601274835,2.2422446782390275,-0.9799427563945452,0.9870296120643616,0.0065448084,0.05895182291666667
training_episode,626724,584.8460902999977,1071.605009240159,6236453,27389.33203125,304.5859680175781,272.8932800292969,2,44,44,27,1,2,4,171,2,1,MaxDuration,,,,,,,,,
ppo_rollout,632832,588.021280099998,1076.2059493703725,,,,,,,,,,,,,,,,,,,-0.008348746023451288,1.8650397633512814,-0.982981052994728,0.9674010276794434,0.00845402,0.101025390625
ppo_rollout,638976,591.7380015999988,1079.8292458356138,,,,,,,,,,,,,,,,,,,-0.005137969708691041,1.7590928311149279,-0.9865233272314071,0.9869779944419861,0.0071237073,0.08414713541666667
training_episode,641400,593.6014518999982,1080.5229635928422,3722957,28554.666015625,302.4238586425781,284.546630859375,2,29,46,28,2,0,5,143,1,1,MaxDuration,,,,,,,,,
training_episode,642672,594.2573740000007,1081.4708039281297,52421942,24077.33203125,300.1616516113281,239.77330017089844,2,25,45,24,3,0,4,186,3,1,MaxDuration,,,,,,,,,
training_episode,642756,594.310214699999,1081.5159896325454,53888148,29750.666015625,300.7221984863281,297.5066223144531,0,21,44,30,7,1,4,136,0,1,MaxDuration,,,,,,,,,
ppo_rollout,645120,595.5882022000005,1083.1645046309472,,,,,,,,,,,,,,,,,,,-0.007033640804002062,2.2106477826833726,-0.9901408066352209,0.9690189361572266,0.009212359,0.08191731770833334
training_episode,647682,597.4608211999985,1084.0576938570339,61952281,26254.666015625,306.3576965332031,261.546630859375,2,41,47,27,2,0,3,140,1,1,MaxDuration,,,,,,,,,
training_episode,649812,598.5535820000005,1085.6371418390402,26449150,1333.318603515625,58.75614547729492,11.833186149597168,3,3,12,2,0,0,1,35,0,0,LivesExhausted,,,,,,,,,
ppo_rollout,651264,599.2889351999984,1086.7278899161656,,,,,,,,,,,,,,,,,,,-0.0070109317583652835,1.9881093482176462,-0.9875494326154391,0.9888789653778076,0.008392853,0.08899739583333334
training_episode,653862,601.1877227000004,1087.6170209588338,31371413,2627.032470703125,103.83377075195312,24.27032470703125,4,5,18,3,1,1,0,29,2,1,LivesExhausted,,,,,,,,,
ppo_rollout,657408,602.9543804999994,1090.3113423852149,,,,,,,,,,,,,,,,,,,-0.006306752937962301,2.5150015483299892,-0.9814769943555196,0.9853944778442383,0.009043903,0.06848958333333334
training_episode,660180,604.9417317999978,1091.3117169741975,16290437,2108.539306640625,86.37004089355469,19.08539390563965,4,5,17,3,1,1,0,50,1,0,LivesExhausted,,,,,,,,,
training_episode,660750,605.2256220999989,1091.7416181214269,34303825,1298.724853515625,57.3963737487793,11.487247467041016,3,4,14,2,1,1,0,28,0,0,LivesExhausted,,,,,,,,,
training_episode,661350,605.5377637999991,1092.169703586703,42158500,26254.666015625,300.6321105957031,262.546630859375,0,27,43,27,1,2,2,133,1,1,MaxDuration,,,,,,,,,
training_episode,663132,606.4785348000005,1093.4138010649992,53155045,24077.33203125,303.3547668457031,240.27330017089844,1,28,42,24,2,0,1,181,0,1,MaxDuration,,,,,,,,,
ppo_rollout,663552,606.7239795999994,1093.6637125130048,,,,,,,,,,,,,,,,,,,-0.00786539081018418,2.2208524316549303,-0.9801528483629227,0.9863429665565491,0.0073036477,0.068701171875
training_episode,663906,607.4581335999974,1092.924702588924,22259990,415.8321838378906,21.2703914642334,2.6583218574523926,3,3,6,1,0,0,0,13,0,0,LivesExhausted,,,,,,,,,
training_episode,668400,609.7098640999975,1096.2591215194393,55668541,941.9000854492188,43.89863967895508,7.919000625610352,3,4,7,1,0,0,0,23,0,0,LivesExhausted,,,,,,,,,
ppo_rollout,669696,610.356052799998,1097.221854240293,,,,,,,,,,,,,,,,,,,-0.007941672869492322,1.711289188762506,-0.9767445310950279,0.9917009472846985,0.00876119,0.06904296875
training_episode,669888,611.0080735999982,1096.3652183073248,66036712,1091.65576171875,49.81764602661133,9.416557312011719,3,3,14,2,0,0,0,11,0,0,LivesExhausted,,,,,,,,,
training_episode,674586,613.3371660999983,1099.861605142017,25401860,1134.4915771484375,51.507362365722656,9.844915390014648,3,3,11,2,0,0,1,19,1,0,LivesExhausted,,,,,,,,,
ppo_rollout,675840,613.9839150999978,1100.7454485023893,,,,,,,,,,,,,,,,,,,-0.007664879873239746,1.2317689538002015,-0.9703998948136966,0.9925068020820618,0.00952503,0.09788411458333333
training_episode,679350,616.3599063000001,1102.1969356802076,60276617,27389.33203125,305.6269836425781,273.3932800292969,1,22,48,27,1,2,5,172,2,1,MaxDuration,,,,,,,,,
ppo_rollout,681984,617.6832058,1104.0999554402974,,,,,,,,,,,,,,,,,,,-0.006374561468449732,2.07183873852094,-0.969055193165938,0.987953245639801,0.0092942165,0.07820638020833333
training_episode,683754,619.1497414999976,1104.3435120290728,74100845,26254.666015625,300.5520324707031,261.546630859375,2,34,43,27,1,2,2,143,3,1,MaxDuration,,,,,,,,,
ppo_rollout,688128,621.393043,1107.3957260252107,,,,,,,,,,,,,,,,,,,-0.0084194431178427,1.6768267373243968,-0.9683185810844104,0.9919120669364929,0.01019599,0.09876302083333334
ppo_rollout,694272,625.0868305999975,1110.6808942584732,,,,,,,,,,,,,,,,,,,-0.006415543400604898,1.7695031305154165,-0.9611939335862796,0.9890023469924927,0.010201189,0.09851888020833334
training_episode,695976,626.5269014999976,1110.8477518423088,5189163,2560.375244140625,101.81333923339844,24.10375213623047,3,5,19,3,1,2,0,65,0,1,LivesExhausted,,,,,,,,,
training_episode,696954,627.0503573999995,1111.480109651558,64256319,24077.33203125,306.4377746582031,240.27330017089844,1,14,50,24,4,2,1,139,1,1,MaxDuration,,,,,,,,,
training_episode,697434,627.3042356000005,1111.7954581207669,62894842,24077.33203125,305.6670227050781,239.27330017089844,3,30,47,24,4,5,1,155,1,1,MaxDuration,,,,,,,,,
ppo_rollout,700416,628.8214592000004,1113.8551169851673,,,,,,,,,,,,,,,,,,,-0.007655380299547687,1.5125248243411382,-0.9577609901626905,0.984305202960968,0.010090289,0.10027669270833334
training_episode,703086,630.7234877999981,1114.7293760256284,36922050,1022.3851928710938,47.07810592651367,8.723851203918457,3,3,11,2,0,0,1,28,1,0,LivesExhausted,,,,,,,,,
training_episode,706272,632.3360166999992,1116.9251495207468,3827686,24077.33203125,303.1445617675781,239.77330017089844,2,29,48,24,0,3,2,160,4,1,MaxDuration,,,,,,,,,
ppo_rollout,706560,632.4857544999977,1117.1160693707016,,,,,,,,,,,,,,,,,,,-0.006844318400059516,1.6540969371795655,-0.9570041249195734,0.9914990067481995,0.0095117185,0.10011393229166667
training_episode,711258,635.3934300000001,1119.3977879185813,71901536,25150.666015625,305.5769348144531,250.5066375732422,2,22,47,26,4,0,3,154,3,1,MaxDuration,,,,,,,,,
ppo_rollout,712704,636.1449200999996,1120.3484889700378,,,,,,,,,,,,,,,,,,,-0.004997643413662445,2.6627769937117893,-0.9538658147056898,0.9862175583839417,0.0064784777,0.062548828125
training_episode,713310,637.011482599999,1119.7757332231818,60695533,2063.5693359375,85.19979095458984,18.635692596435547,4,5,19,3,1,0,0,31,0,0,LivesExhausted,,,,,,,,,
training_episode,714600,637.6651266999979,1120.6509029247848,36817321,1632.996826171875,69.39641571044922,14.829968452453613,3,3,10,2,1,0,0,20,0,0,LivesExhausted,,,,,,,,,
training_episode,715842,638.2877762999997,1121.5035389672719,10635071,27389.33203125,304.0454406738281,273.8932800292969,0,21,48,27,0,1,4,179,1,1,MaxDuration,,,,,,,,,
ppo_rollout,718848,639.7959778999975,1123.5581729655053,,,,,,,,,,,,,,,,,,,-0.008693261452329655,1.5415846372644106,-0.9497791056831678,0.9932683110237122,0.010745253,0.10387369791666666
training_episode,720924,641.4065053999984,1123.973632837435,38702443,1466.92236328125,63.42536163330078,13.16922378540039,3,4,15,2,1,0,0,25,1,0,LivesExhausted,,,,,,,,,
ppo_rollout,724992,643.4480442999993,1126.729665933963,,,,,,,,,,,,,,,,,,,-0.007302333874395117,1.2237357104818025,-0.9511277149120967,0.9938988089561462,0.012505722,0.11171875
ppo_rollout,731136,647.1236198000006,1129.8243142878391,,,,,,,,,,,,,,,,,,,-0.007091949414461851,2.177334993580977,-0.9505749841531118,0.9874046444892883,0.007882153,0.08805338541666667
training_episode,732264,648.2692695999976,1129.5676570506414,33570722,26254.666015625,302.3437805175781,261.046630859375,3,43,41,27,1,2,5,152,3,1,MaxDuration,,,,,,,,,
training_episode,732966,648.6546712999989,1129.9787582366885,46033473,26254.666015625,300.0515441894531,261.546630859375,2,26,43,27,2,3,2,134,3,1,MaxDuration,,,,,,,,,
ppo_rollout,737280,650.892989,1132.720758189024,,,,,,,,,,,,,,,,,,,-0.007400270237606795,2.4634793147444727,-0.9476639981071154,0.9692754149436951,0.0064516994,0.060546875
training_episode,741852,653.8503902999983,1134.5898251427593,54307064,1928.924560546875,79.87865447998047,17.789243698120117,3,3,16,2,0,0,0,46,1,0,LivesExhausted,,,,,,,,,
ppo_rollout,743424,654.6686210000007,1135.5729847940875,,,,,,,,,,,,,,,,,,,-0.00871015882003121,1.4078874255220095,-0.9412319685022036,0.9946355819702148,0.012333777,0.094091796875
training_episode,747450,657.2890184999997,1137.170984091225,49384801,23034.666015625,301.5830383300781,229.8466339111328,1,32,45,23,4,4,5,173,4,1,MaxDuration,,,,,,,,,
ppo_rollout,749568,658.4028868999994,1138.464023949286,,,,,,,,,,,,,,,,,,,-0.006774732610210776,1.7818850889801978,-0.9243354861934979,0.9905198812484741,0.012672592,0.09669596354166667
training_episode,751242,659.8777956999984,1138.4562488620827,70958975,27389.33203125,305.3266906738281,272.8932800292969,2,24,48,27,1,6,2,104,1,1,MaxDuration,,,,,,,,,
training_episode,752238,660.4002607000002,1139.063753855359,13986399,24077.33203125,303.2746887207031,239.27330017089844,3,31,45,24,3,4,4,146,1,1,MaxDuration,,,,,,,,,
ppo_rollout,755712,662.2486623999976,1141.130277653246,,,,,,,,,,,,,,,,,,,-0.0050439809730354074,1.9357606460650763,-0.9138134876887004,0.9852588176727295,0.0111517375,0.10594075520833333
training_episode,757596,663.7796770999994,1141.336540024661,61742823,27389.33203125,305.5669250488281,273.3932800292969,1,31,46,27,1,3,3,171,1,1,MaxDuration,,,,,,,,,
ppo_rollout,761856,665.9438348999975,1144.024405773507,,,,,,,,,,,,,,,,,,,-0.006673945492366329,2.067310909926891,-0.9032433792948723,0.9898890852928162,0.012511329,0.10388997395833334
ppo_rollout,768000,669.6313399999999,1146.8997254519181,,,,,,,,,,,,,,,,,,,-0.006087465664798704,1.9787146652738252,-0.8933123831947645,0.9867051839828491,0.010105606,0.11144205729166666
training_episode,769206,670.8267796,1146.6536867515358,36712592,26254.666015625,301.9634094238281,262.046630859375,1,20,49,27,2,4,3,131,0,1,MaxDuration,,,,,,,,,
ppo_rollout,774144,673.3556167999996,1149.680764050026,,,,,,,,,,,,,,,,,,,-0.006556763567884142,1.630377432703972,-0.8903909717996915,0.9723914861679077,0.010811713,0.09597981770833333
training_episode,778086,675.9356444000005,1151.1243806215814,32104516,28554.666015625,301.9133605957031,285.046630859375,1,26,47,28,4,2,4,174,1,1,MaxDuration,,,,,,,,,
ppo_rollout,780288,677.0711678999978,1152.4460603161397,,,,,,,,,,,,,,,,,,,-0.0076870976908442875,1.726158405840397,-0.8833742260932922,0.9895468950271606,0.009997,0.121484375
training_episode,783684,679.3819651999984,1153.5248801744347,52736129,26254.666015625,301.9133605957031,261.546630859375,2,36,45,27,2,2,4,175,3,1,MaxDuration,,,,,,,,,
training_episode,785388,680.2453786000005,1154.5657268798964,2047293,1400.4658203125,60.80580139160156,12.504658699035645,3,4,15,2,1,1,0,43,0,0,LivesExhausted,,,,,,,,,
ppo_rollout,786432,680.7966716999981,1155.1642842733395,,,,,,,,,,,,,,,,,,,-0.0072906288269829625,1.9854669233163198,-0.8799282739559809,0.9817289113998413,0.0089532705,0.08927408854166667
training_episode,787266,681.7887493999988,1154.7066458530232,36607863,24077.33203125,300.1416320800781,238.77330017089844,4,27,47,24,5,1,2,134,3,1,MaxDuration,,,,,,,,,
training_episode,788106,682.2212924999985,1155.2058088248568,56087457,763.7566528320312,36.849822998046875,6.137566089630127,3,3,9,1,0,0,0,24,0,0,LivesExhausted,,,,,,,,,
training_episode,788274,682.3169727999993,1155.2900358981085,18489746,26254.666015625,300.2417297363281,262.046630859375,1,23,45,27,3,4,3,118,2,1,MaxDuration,,,,,,,,,
training_episode,791430,683.8878571999994,1157.2511365244936,35351115,721.730224609375,34.670188903808594,5.717302322387695,3,4,11,1,0,0,0,15,0,0,LivesExhausted,,,,,,,,,
ppo_rollout,792576,684.4586778999983,1157.9603350661266,,,,,,,,,,,,,,,,,,,-0.009509849221406816,2.1673857341210048,-0.8708200936516126,0.9912245273590088,0.013773815,0.10003255208333334
training_episode,792948,685.208028699999,1157.2368781265,41111210,1455.93212890625,62.99543380737305,13.059322357177734,3,3,12,2,0,0,1,23,0,1,LivesExhausted,,,,,,,,,
training_episode,793770,685.6306522999985,1157.7224520771354,73786658,25150.666015625,301.4328918457031,251.5066375732422,0,27,48,26,3,3,3,115,1,1,MaxDuration,,,,,,,,,
ppo_rollout,798720,688.1417739999997,1160.6910525969613,,,,,,,,,,,,,,,,,,,-0.007468172587687149,1.721667286256949,-0.8673638015985489,0.9937970638275146,0.012131457,0.12218424479166666
training_episode,803628,691.1947130999979,1162.6651430763127,34513283,1985.3876953125,82.109130859375,18.353878021240234,3,5,17,2,0,2,0,30,1,0,LivesExhausted,,,,,,,,,
ppo_rollout,804864,691.8480070000005,1163.3537884860878,,,,,,,,,,,,,,,,,,,-0.005325108167016879,2.0817466030518212,-0.8659777323404948,0.9867229461669922,0.009172919,0.08341471354166667
training_episode,805812,692.8973286,1162.9601771277487,35979489,28554.666015625,305.0063781738281,284.546630859375,2,24,49,28,2,2,3,157,3,1,MaxDuration,,,,,,,,,
ppo_rollout,811008,695.5059421999977,1166.0691171590147,,,,,,,,,,,,,,,,,,,-0.006324941805602672,2.434038792550564,-0.8627563317616781,0.9780248403549194,0.009593554,0.08299153645833333
training_episode,816168,698.6672188999983,1168.178465972682,68864395,2105.6455078125,86.26001739501953,19.556455612182617,3,3,18,3,0,0,0,36,2,0,LivesExhausted,,,,,,,,,
ppo_rollout,817152,699.1670245999994,1168.7507723458511,,,,,,,,,,,,,,,,,,,-0.007973347820613224,2.101721673210462,-0.8635387221972147,0.9903262853622437,0.008338667,0.0716796875
ppo_rollout,823296,702.8242041999983,1171.410994499159,,,,,,,,,,,,,,,,,,,-0.008692164377619823,1.9915553152561187,-0.8672836040457089,0.9875942468643188,0.008688864,0.08663736979166667
training_episode,824382,703.9272209999981,1171.1182284283366,46976034,23034.666015625,300.8723449707031,228.8466339111328,3,23,45,23,3,3,2,148,1,1,MaxDuration,,,,,,,,,
training_episode,824550,704.0119747999997,1171.2158734718162,46661847,29750.666015625,303.6450500488281,296.5066223144531,2,21,45,30,6,4,3,114,1,1,MaxDuration,,,,,,,,,
training_episode,827802,705.6561872999991,1173.0953613081158,22678906,27389.33203125,303.0644836425781,272.3932800292969,3,35,41,27,2,0,5,151,3,1,MaxDuration,,,,,,,,,
training_episode,829020,706.2765390999994,1173.7895202584689,10006697,26254.666015625,300.5820617675781,262.046630859375,1,28,49,27,3,2,5,139,3,1,MaxDuration,,,,,,,,,
ppo_rollout,829440,706.4945315999976,1174.0218259319968,,,,,,,,,,,,,,,,,,,-0.008537640028710788,1.9697413593530655,-0.8677131672700246,0.9904230833053589,0.009501764,0.11365559895833334
training_episode,831666,708.1985392999995,1174.3401798343705,63104300,1397.2957763671875,60.685821533203125,12.472957611083984,3,4,15,2,0,1,1,6,1,1,LivesExhausted,,,,,,,,,
ppo_rollout,835584,710.1954431999984,1176.5550004587833,,,,,,,,,,,,,,,,,,,-0.006773748572838182,2.547012049953143,-0.8655717010299365,0.9886938333511353,0.0074803797,0.07781575520833334
training_episode,836922,711.4179664999974,1176.4139217870077,2570938,1814.650146484375,75.96781921386719,16.646501541137695,3,3,17,2,0,0,0,41,0,0,LivesExhausted,,,,,,,,,
training_episode,840096,713.0261642000005,1178.2120238779303,35665302,28554.666015625,303.8752746582031,284.546630859375,2,26,43,28,2,0,3,162,0,1,MaxDuration,,,,,,,,,
ppo_rollout,841728,713.8486144999988,1179.1407630447973,,,,,,,,,,,,,,,,,,,-0.004863602027762681,1.7209228098392486,-0.8670454745491346,0.9898661971092224,0.010269309,0.10686848958333334
ppo_rollout,847872,717.5862008999975,1181.5611823870051,,,,,,,,,,,,,,,,,,,-0.007781340480626871,1.8039740413427352,-0.8730779369672139,0.9920505285263062,0.012168683,0.08997395833333334
training_episode,848940,718.7768342999989,1181.089817435149,65303609,1756.8875732421875,73.67733001708984,16.06887435913086,3,3,14,2,0,0,0,16,0,0,LivesExhausted,,,,,,,,,
training_episode,852474,720.6841200999988,1182.8677450000073,45405099,23034.666015625,302.4939270019531,228.3466339111328,4,23,46,23,3,3,3,159,2,1,MaxDuration,,,,,,,,,
ppo_rollout,854016,721.4597534999994,1183.7333903338806,,,,,,,,,,,,,,,,,,,-0.004223034715202327,2.0661882479985554,-0.879018957912922,0.9877640604972839,0.008855763,0.096484375
training_episode,859806,725.0622445000008,1185.8375008795524,20689055,1407.706298828125,61.08575439453125,12.577062606811523,3,3,13,2,0,0,0,27,1,0,LivesExhausted,,,,,,,,,
ppo_rollout,860160,725.2615635000002,1185.9997045052282,,,,,,,,,,,,,,,,,,,-0.008827168487672073,1.797829989095529,-0.8788226942221323,0.9907644987106323,0.01032694,0.111083984375
training_episode,860694,726.1036724999976,1185.3596567506727,35246386,29750.666015625,301.1426086425781,297.0066223144531,1,30,46,30,4,2,7,108,3,1,MaxDuration,,,,,,,,,
training_episode,865506,728.645347499998,1187.8288977889924,50955736,27389.33203125,304.0254211425781,272.8932800292969,2,34,38,27,4,3,2,197,3,1,MaxDuration,,,,,,,,,
ppo_rollout,866304,729.0625448999999,1188.2437330789287,,,,,,,,,,,,,,,,,,,-0.0076746881396199266,2.275332420070966,-0.8863070999582608,0.9885306358337402,0.008507741,0.08037109375
training_episode,868326,730.6302703000001,1188.4615725590747,42786874,24077.33203125,305.4468078613281,239.77330017089844,2,23,45,24,5,5,2,173,0,1,MaxDuration,,,,,,,,,
training_episode,869862,731.4039814999996,1189.3044364019509,12101277,2027.468505859375,83.76948547363281,18.77468490600586,3,4,13,3,1,0,0,55,0,0,LivesExhausted,,,,,,,,,
ppo_rollout,872448,732.7658226999993,1190.6232154569084,,,,,,,,,,,,,,,,,,,-0.010041158735596885,1.7552244375149408,-0.8918282881379127,0.9932069778442383,0.011500467,0.103759765625
training_episode,872724,733.4606428000006,1189.871615562573,8331033,1383.39794921875,60.13591384887695,12.333979606628418,3,3,10,2,0,0,0,15,0,0,LivesExhausted,,,,,,,,,
training_episode,873078,733.640015099998,1190.0632217845916,46347660,26254.666015625,301.2527160644531,261.546630859375,2,36,45,27,1,5,8,127,2,1,MaxDuration,,,,,,,,,
training_episode,878310,736.2798612999977,1192.902381506442,8854678,2012.5322265625,83.17935943603516,18.125322341918945,4,6,16,3,1,1,0,43,1,0,LivesExhausted,,,,,,,,,
ppo_rollout,878592,736.4344906000006,1193.0348336675247,,,,,,,,,,,,,,,,,,,-0.006770014554300967,2.031477598845959,-0.8853403588136037,0.9923888444900513,0.014592059,0.10362955729166666
training_episode,880272,737.8145115999978,1193.0803557808508,48023324,2117.244140625,86.7201156616211,19.172441482543945,4,4,17,3,1,0,1,43,1,1,LivesExhausted,,,,,,,,,
training_episode,884262,739.8348404999997,1195.2154069986657,5712808,1085.3028564453125,49.56768798828125,8.853029251098633,4,4,6,2,1,0,1,20,2,0,LivesExhausted,,,,,,,,,
training_episode,884472,739.9502332999982,1195.3128199655669,29381562,2445.642822265625,97.88249969482422,21.9564266204834,5,6,20,3,2,1,0,26,1,0,LivesExhausted,,,,,,,,,
ppo_rollout,884736,740.0906337999986,1195.442773619927,,,,,,,,,,,,,,,,,,,-0.009635374126567816,1.4261386374632516,-0.88300046424071,0.9933722615242004,0.0124795735,0.09641927083333333
training_episode,885426,741.0130112999977,1194.885901458938,55773270,27389.33203125,304.0254211425781,272.8932800292969,2,28,42,27,3,2,4,137,9,1,MaxDuration,,,,,,,,,
training_episode,890340,743.4698374,1197.546901315623,47813866,1068.3251953125,48.88780212402344,9.183252334594727,3,3,6,2,0,0,0,16,1,0,LivesExhausted,,,,,,,,,
ppo_rollout,890880,743.7559454000002,1197.812273649624,,,,,,,,,,,,,,,,,,,-0.0022348604650081444,3.2009448726971943,-0.8839031105240186,0.9839352369308472,0.008967605,0.12535807291666667
training_episode,893196,745.4891051999984,1198.134209835803,52840858,1500.1146240234375,64.74542236328125,13.50114631652832,3,4,15,2,1,0,1,46,1,1,LivesExhausted,,,,,,,,,
ppo_rollout,897024,747.4313550000006,1200.1423194241017,,,,,,,,,,,,,,,,,,,-0.0077503685257397596,1.507620002826055,-0.8818971261382103,0.9933565855026245,0.010743912,0.09142252604166666
training_episode,897300,748.1756858000008,1199.317241966431,5293892,27389.33203125,305.0364074707031,272.8932800292969,2,32,44,27,3,5,6,148,1,1,MaxDuration,,,,,,,,,
training_episode,897342,748.2023222999997,1199.3306800245418,50432091,1322.0411376953125,58.30622100830078,11.72041130065918,3,3,10,2,0,0,1,16,0,0,LivesExhausted,,,,,,,,,
training_episode,899898,749.5350287999972,1200.6083310619028,28020085,1258.961669921875,55.8166389465332,11.089616775512695,3,4,13,2,0,1,0,23,0,0,LivesExhausted,,,,,,,,,
training_episode,902028,750.6018779999977,1201.7395991647156,28334272,818.7869873046875,39.029457092285156,6.687869548797607,3,3,10,1,0,0,0,17,0,0,LivesExhausted,,,,,,,,,
ppo_rollout,903168,751.196706499999,1202.3055907793723,,,,,,,,,,,,,,,,,,,-0.009360800361415992,2.3995685443282126,-0.8841735402743022,0.9897854924201965,0.00759154,0.06770833333333333
training_episode,908838,754.6553323999979,1204.3087234402249,8959407,1281.5693359375,56.716487884521484,11.315693855285645,3,4,10,2,0,0,0,18,0,0,LivesExhausted,,,,,,,,,
training_episode,909144,754.8219662999982,1204.4482548069723,4246602,26254.666015625,300.4919738769531,262.046630859375,1,27,49,27,0,3,4,119,1,1,MaxDuration,,,,,,,,,
ppo_rollout,909312,754.9106734999987,1204.5292667331742,,,,,,,,,,,,,,,,,,,-0.007190356925517941,1.7637242789069811,-0.8902536819378535,0.9950294494628906,0.010516946,0.08517252604166667
training_episode,911736,756.6734591999993,1204.9266284084315,27286982,441.5264892578125,24.12045669555664,2.91526460647583,3,3,3,1,0,0,0,10,0,0,LivesExhausted,,,,,,,,,
ppo_rollout,915456,758.5330734999989,1206.8768416068299,,,,,,,,,,,,,,,,,,,-0.008202880213502795,2.2124390373627345,-0.8949820647637049,0.991219699382782,0.009449386,0.094287109375
training_episode,916290,759.5273682000006,1206.3949745109385,63523216,29750.666015625,300.0915832519531,297.5066223144531,0,34,46,30,2,1,5,102,2,1,MaxDuration,,,,,,,,,
training_episode,920820,761.8142033999975,1208.719916077116,47185492,27389.33203125,304.6260070800781,273.8932800292969,0,23,42,27,3,3,3,142,0,1,MaxDuration,,,,,,,,,
training_episode,921594,762.2242044999985,1209.0851937777868,35560573,1986.3475341796875,82.14913940429688,17.863475799560547,4,6,19,2,1,0,0,48,2,0,LivesExhausted,,,,,,,,,
ppo_rollout,921600,762.2328028999982,1209.079426250972,,,,,,,,,,,,,,,,,,,-0.008998920023441315,1.67709289342165,-0.8969381208221118,0.9952502250671387,0.011142761,0.09306640625
training_episode,926592,765.3065754999989,1210.7461632544164,43310519,1047.6544189453125,48.06793975830078,8.976544380187988,3,3,10,2,0,0,0,11,1,0,LivesExhausted,,,,,,,,,
ppo_rollout,927744,765.8906442000007,1211.3269786302988,,,,,,,,,,,,,,,,,,,-0.00635898086669234,2.0936058461666107,-0.9008368854721387,0.9930450916290283,0.013531118,0.09163411458333333
training_episode,930306,767.7564046000007,1211.7202727663175,65408338,614.208251953125,30.950613021850586,4.642082214355469,3,4,8,1,0,0,0,5,0,0,LivesExhausted,,,,,,,,,
training_episode,933498,769.3959742000006,1213.2868266832677,3513499,27389.33203125,301.6030578613281,273.8932800292969,0,22,46,27,1,4,3,143,3,1,MaxDuration,,,,,,,,,
ppo_rollout,933888,769.6140989999985,1213.4497031868978,,,,,,,,,,,,,,,,,,,-0.008725019179595013,1.7820846264561017,-0.903512201209863,0.9946974515914917,0.008921111,0.07755533854166667
training_episode,936210,771.361998299999,1213.7102969336172,55459083,26254.666015625,302.5740051269531,261.546630859375,2,36,43,27,7,2,4,169,1,1,MaxDuration,,,,,,,,,
training_episode,939798,773.1633083999986,1215.5232792213574,45195641,1893.0223388671875,79.05847930908203,17.43022346496582,3,4,16,2,0,1,0,40,0,0,LivesExhausted,,,,,,,,,
ppo_rollout,940032,773.2872074999977,1215.6311275846404,,,,,,,,,,,,,,,,,,,-0.00760542430022421,2.026593408981959,-0.9004436353842418,0.9926209449768066,0.011406504,0.088720703125
training_episode,945330,776.5304069999984,1217.3766686769318,43519977,26254.666015625,301.4929504394531,262.046630859375,1,25,41,27,3,1,5,174,0,1,MaxDuration,,,,,,,,,
ppo_rollout,946176,776.9442997999977,1217.8170304403627,,,,,,,,,,,,,,,,,,,-0.009068722297282268,1.7231375753879548,-0.8976240828633308,0.9939841628074646,0.011748906,0.08909505208333333
ppo_rollout,952320,780.6380640999996,1219.925140465618,,,,,,,,,,,,,,,,,,,-0.007006371359845313,2.36263274649779,-0.8936788027485212,0.9902990460395813,0.012378838,0.08621419270833333
training_episode,952848,781.5029050999983,1219.250745943263,19432307,27389.33203125,304.5959777832031,272.3932800292969,3,37,44,27,4,1,2,155,6,1,MaxDuration,,,,,,,,,
training_episode,957606,784.0144212999985,1221.4137571757467,47709137,25150.666015625,300.0515441894531,251.0066375732422,1,29,40,26,1,1,6,146,1,1,MaxDuration,,,,,,,,,
ppo_rollout,958464,784.4452046999977,1221.8367761793556,,,,,,,,,,,,,,,,,,,-0.007633805461227894,2.202144589026769,-0.8906338736414909,0.9866166114807129,0.009400821,0.074853515625
ppo_rollout,964608,788.1590278000003,1223.874834869968,,,,,,,,,,,,,,,,,,,-0.00922331898958267,1.6514218598604202,-0.8875988319516182,0.9889181852340698,0.007620054,0.09684244791666667
training_episode,969906,791.5184235999986,1225.3738777028786,6760098,24077.33203125,303.3547668457031,239.77330017089844,2,26,37,24,0,3,2,194,2,1,MaxDuration,,,,,,,,,
ppo_rollout,970752,791.9677548,1225.7468743094842,,,,,,,,,,,,,,,,,,,-0.008111139879717181,2.8430033634106318,-0.8799283906817437,0.9631854891777039,0.008586818,0.06686197916666667
training_episode,972558,793.4945745999976,1225.664334869925,25820776,28554.666015625,302.8742980957031,285.546630859375,0,34,46,28,2,3,4,178,2,1,MaxDuration,,,,,,,,,
training_episode,976056,795.3129998999975,1227.2602109141044,18908662,26254.666015625,302.1235656738281,261.546630859375,2,30,38,27,0,4,1,164,3,1,MaxDuration,,,,,,,,,
ppo_rollout,976896,795.7530436999987,1227.6371516692468,,,,,,,,,,,,,,,,,,,-0.006244217415223829,1.856238072613875,-0.8767588526010514,0.9639506340026855,0.011521686,0.08977864583333334
training_episode,979362,797.5252655000004,1228.0012212352908,13672212,1280.2142333984375,56.656497955322266,11.302142143249512,3,3,12,2,0,0,0,14,0,0,LivesExhausted,,,,,,,,,
training_episode,981438,798.5962478999973,1228.9539333308999,17442456,26254.666015625,300.8623352050781,261.546630859375,2,36,45,27,2,1,5,136,4,1,MaxDuration,,,,,,,,,
ppo_rollout,983040,799.4228234999973,1229.687183180608,,,,,,,,,,,,,,,,,,,-0.00906012907701855,1.8875237663586935,-0.8807706803083419,0.9928996562957764,0.01103825,0.10442708333333334
training_episode,987360,802.1593004999995,1230.8777064413039,14300586,2336.9384765625,94.18170928955078,21.869384765625,3,4,16,3,1,2,0,72,1,0,LivesExhausted,,,,,,,,,
training_episode,988218,802.6186711999981,1231.2422268005698,38807172,1759.7801513671875,73.79735565185547,16.097801208496094,3,6,15,2,0,1,0,31,0,0,LivesExhausted,,,,,,,,,
training_episode,989016,803.0369900000005,1231.594574491518,58705682,23034.666015625,301.3428039550781,229.3466339111328,2,21,44,23,1,1,2,141,1,1,MaxDuration,,,,,,,,,
ppo_rollout,989184,803.1308261999984,1231.6598588057059,,,,,,,,,,,,,,,,,,,-0.00903275137534365,2.305234025418758,-0.8857957308491071,0.9911998510360718,0.008280621,0.07294921875
training_episode,990276,804.2564724000003,1231.2937899584376,29905207,1755.7755126953125,73.63732147216797,16.057754516601562,3,4,16,2,0,1,0,36,0,0,LivesExhausted,,,,,,,,,
training_episode,993540,805.9155917999997,1232.8090064381856,66769815,1133.8424072265625,51.48736572265625,9.838423728942871,3,3,12,2,0,0,0,34,0,0,LivesExhausted,,,,,,,,,
training_episode,993804,806.0587242999973,1232.917615106822,23516738,29750.666015625,301.6130676269531,297.5066223144531,0,28,43,30,3,3,11,195,3,1,MaxDuration,,,,,,,,,
ppo_rollout,995328,806.8336108000003,1233.6223809678697,,,,,,,,,,,,,,,,,,,-0.0071982860235342136,2.569549943010012,-0.8811701446771621,0.9891795516014099,0.007733289,0.06998697916666667
training_episode,996426,807.9494365999999,1233.2776716735445,66979273,439.2776184082031,24.02045440673828,2.8927760124206543,3,3,7,1,0,0,0,9,0,0,LivesExhausted,,,,,,,,,
validation,1000002,,,,,,,,,,,,,,,,,,19348.710065307616,25150.666015625,11457.47377610811,,,,,,
ppo_rollout,1001472,1042.9475122000003,960.2324069861276,,,,,,,,,,,,,,,,,,,-0.008383327790458377,2.3134634946783383,-0.8837667599320411,0.9905416965484619,0.008596922,0.06595052083333333
training_episode,1005954,1045.841154499998,961.8611733451362,35770031,23034.666015625,300.3818664550781,228.8466339111328,3,27,38,23,4,6,4,135,0,1,MaxDuration,,,,,,,,,
ppo_rollout,1007616,1046.6962624999978,962.6632253308558,,,,,,,,,,,,,,,,,,,-0.008044019042669485,2.5165535251299542,-0.882024011015892,0.9885796308517456,0.008805141,0.08030598958333333
training_episode,1013454,1050.3466174999994,964.8757687364101,69806956,1443.4161376953125,62.49551773071289,12.934161186218262,3,4,12,2,1,1,0,53,0,0,LivesExhausted,,,,,,,,,
ppo_rollout,1013760,1050.507053199999,965.0196987368508,,,,,,,,,,,,,,,,,,,-0.007152144607001295,1.7023088420430819,-0.8825198625524838,0.9735741019248962,0.009257839,0.08854166666666667
training_episode,1017774,1053.2189407999977,966.3460849146194,15138418,741.25048828125,35.969970703125,5.912505149841309,3,3,5,1,0,0,0,15,0,0,LivesExhausted,,,,,,,,,
ppo_rollout,1019904,1054.4014258999996,967.2824551896316,,,,,,,,,,,,,,,,,,,-0.008373918411477159,1.5120238711436589,-0.883997006714344,0.9898409247398376,0.009971206,0.10066731770833333
training_episode,1024512,1057.3991752000002,968.8980510186423,32523432,26254.666015625,302.4038391113281,261.046630859375,3,27,45,27,5,0,3,156,2,1,MaxDuration,,,,,,,,,
training_episode,1025226,1057.7662130999997,969.2368571646526,60171888,26254.666015625,301.7031555175781,261.046630859375,3,31,41,27,2,3,10,174,2,1,MaxDuration,,,,,,,,,
ppo_rollout,1026048,1058.1909137999974,969.6246552670056,,,,,,,,,,,,,,,,,,,-0.00967661709097835,1.7804724112153054,-0.8811358546217283,0.9921493530273438,0.010565925,0.11028645833333334
training_episode,1026768,1059.1188402000007,969.4549478565675,18803933,30977.33203125,304.0454406738281,309.2732849121094,1,28,44,31,0,2,4,192,2,1,MaxDuration,,,,,,,,,
training_episode,1030560,1061.0206207999981,971.2912075384254,4770247,27389.33203125,306.2776184082031,272.8932800292969,2,34,44,27,1,0,3,155,4,1,MaxDuration,,,,,,,,,
training_episode,1031016,1061.265351099999,971.4969012522216,30952497,1051.03173828125,48.207916259765625,9.010316848754883,3,4,9,2,0,1,0,22,0,0,LivesExhausted,,,,,,,,,
training_episode,1031694,1061.6063590999984,971.8234929137413,19327578,869.2747192382812,41.01912307739258,7.192747592926025,3,3,11,1,0,0,0,12,0,0,LivesExhausted,,,,,,,,,
training_episode,1031778,1061.654097499999,971.8589156577913,63313758,1393.5302734375,60.525848388671875,12.435302734375,3,3,12,2,0,0,0,26,0,0,LivesExhausted,,,,,,,,,
ppo_rollout,1032192,1061.8672259999985,972.0537320736571,,,,,,,,,,,,,,,,,,,-0.008166775272305435,2.9026812493801115,-0.8745165700713794,0.9844621419906616,0.009112507,0.08131510416666667
training_episode,1032624,1062.641698299998,971.7518159243891,74205574,26254.666015625,301.6330871582031,261.546630859375,2,23,46,27,1,1,5,133,2,1,MaxDuration,,,,,,,,,
ppo_rollout,1038336,1065.4962481999974,974.5092971975446,,,,,,,,,,,,,,,,,,,-0.008037142517666022,1.7740191285808882,-0.8595959931612015,0.993895947933197,0.0105127925,0.12275390625
training_episode,1039440,1066.6225548999973,974.5153008670945,24459299,1476.208740234375,63.8052978515625,13.26208782196045,3,3,10,2,0,0,1,19,0,1,LivesExhausted,,,,,,,,,
training_episode,1041102,1067.4660999999978,975.3021665043997,62790113,1875.71875,78.37833404541016,17.257186889648438,3,4,13,2,0,0,0,23,0,0,LivesExhausted,,,,,,,,,
ppo_rollout,1044480,1069.1535411000004,976.9223594633423,,,,,,,,,,,,,,,,,,,-0.00707567401501971,1.2147665885587533,-0.8525344227751096,0.9926443099975586,0.013859323,0.12861328125
training_episode,1045464,1070.2240788999989,976.8645843537291,29591020,750.2386474609375,36.31991195678711,6.002386093139648,3,3,12,1,0,0,0,23,0,0,LivesExhausted,,,,,,,,,
ppo_rollout,1050624,1072.8824705999978,979.2535797629819,,,,,,,,,,,,,,,,,,,-0.0071235036826692525,3.095524420340856,-0.8464514290293058,0.9866006970405579,0.0069964794,0.054671223958333334
training_episode,1054356,1075.3232747999973,980.5014219524849,42472687,27389.33203125,304.7961730957031,272.8932800292969,2,25,42,27,2,8,5,166,1,1,MaxDuration,,,,,,,,,
ppo_rollout,1056768,1076.5589632999981,981.6164613600611,,,,,,,,,,,,,,,,,,,-0.009046438483831782,1.8923679401477178,-0.8344018126527468,0.9904393553733826,0.017618917,0.102880859375
ppo_rollout,1062912,1080.241736,983.9575389262686,,,,,,,,,,,,,,,,,,,-0.006960005838967239,1.718354380130768,-0.8193379079302152,0.9827495813369751,0.013474039,0.119091796875
training_episode,1066758,1082.7399578000004,985.2393386935919,16918811,23034.666015625,301.6230773925781,228.8466339111328,3,29,44,23,1,2,2,138,2,1,MaxDuration,,,,,,,,,
training_episode,1067478,1083.0995029999976,985.5770379759858,69597498,27389.33203125,303.8252258300781,273.3932800292969,1,29,46,27,3,2,4,122,1,1,MaxDuration,,,,,,,,,
training_episode,1069026,1083.8786445000005,986.2967643330106,29800478,27389.33203125,303.3147277832031,273.3932800292969,1,34,50,27,1,2,2,177,4,1,MaxDuration,,,,,,,,,
ppo_rollout,1069056,1083.9002027999995,986.3048251475061,,,,,,,,,,,,,,,,,,,-0.009439473897994806,2.0035370459159214,-0.8089410384496053,0.8427503705024719,0.012978371,0.10987955729166667
ppo_rollout,1075200,1087.5514914999985,988.6428444110147,,,,,,,,,,,,,,,,,,,-0.009056167230786135,2.2804249852895735,-0.7956731364130973,0.9807277917861938,0.011574485,0.11300455729166667
training_episode,1076220,1088.6343323,988.5964166923048,35036928,26254.666015625,306.4778137207031,262.046630859375,1,21,44,27,2,2,2,191,3,1,MaxDuration,,,,,,,,,
training_episode,1078014,1089.5444456999976,989.41718647137,60486075,2144.1748046875,87.78034210205078,19.941749572753906,3,5,18,3,0,1,0,32,0,0,LivesExhausted,,,,,,,,,
ppo_rollout,1081344,1091.2273862999973,990.9428718303078,,,,,,,,,,,,,,,,,,,-0.00954362244422858,2.10438386152188,-0.7834276234110197,0.9894474744796753,0.009821878,0.08590494791666667
training_episode,1081824,1092.0209738999984,990.6622911613306,51793568,27389.33203125,302.9844055175781,273.3932800292969,1,28,48,27,2,1,4,151,3,1,MaxDuration,,,,,,,,,
ppo_rollout,1087488,1094.920049799999,993.2122443082884,,,,,,,,,,,,,,,,,,,-0.006531290153119092,2.354322660962741,-0.7837274163961411,0.9850572943687439,0.009975218,0.08994140625
training_episode,1090662,1097.1353492999988,994.0997714601676,14719502,29750.666015625,302.4939270019531,297.5066223144531,0,30,45,30,1,1,6,150,1,1,MaxDuration,,,,,,,,,
ppo_rollout,1093632,1098.6439002999978,995.4381030116954,,,,,,,,,,,,,,,,,,,-0.007949539636805033,2.0698747426271438,-0.7866264154513677,0.9853169918060303,0.011656298,0.093310546875
training_episode,1093908,1099.338708299998,995.060022667267,26134963,562.0231323242188,27.010522842407227,4.1202311515808105,3,3,8,1,0,0,0,14,1,0,LivesExhausted,,,,,,,,,
ppo_rollout,1099776,1102.3612552999984,997.6548021008822,,,,,,,,,,,,,,,,,,,-0.012004387031386917,1.6600833967328072,-0.788066603243351,0.9873300194740295,0.009647601,0.099951171875
training_episode,1100304,1103.2028661999975,997.3723181032128,55144896,1194.4176025390625,53.267066955566406,10.444175720214844,3,3,14,2,0,0,1,14,0,0,LivesExhausted,,,,,,,,,
training_episode,1103484,1104.8309214,998.7808800659803,16604624,30977.33203125,306.0273742675781,309.7732849121094,0,37,43,31,1,1,5,206,2,1,MaxDuration,,,,,,,,,
training_episode,1104060,1105.1279151999988,999.0336727673687,1733106,642.9170532226562,31.2606201171875,4.92917013168335,3,3,10,1,0,0,1,17,1,0,LivesExhausted,,,,,,,,,
training_episode,1105062,1105.6498791999984,999.4682953337599,43415248,28554.666015625,300.2417297363281,285.046630859375,1,28,41,28,1,1,6,177,3,1,MaxDuration,,,,,,,,,
ppo_rollout,1105920,1106.0882280999977,999.8479071599138,,,,,,,,,,,,,,,,,,,-0.009145409268482278,1.9639344419042268,-0.7908036227027575,0.9873831868171692,0.012212676,0.10782877604166667
training_episode,1108032,1107.7359356999987,1000.2672697440426,6655369,790.0580444335938,37.8996467590332,6.400580406188965,3,3,11,1,0,0,0,9,0,0,LivesExhausted,,,,,,,,,
training_episode,1109184,1108.3453822999982,1000.7566393232601,2466209,910.98681640625,42.6788444519043,7.609868049621582,3,3,10,1,0,0,0,20,0,0,LivesExhausted,,,,,,,,,
ppo_rollout,1112064,1109.8552471000003,1001.9901270059956,,,,,,,,,,,,,,,,,,,-0.007173777181014885,2.631850245594978,-0.792356080810229,0.989233672618866,0.010561958,0.08385416666666666
training_episode,1112706,1110.7657900999984,1001.7467317748658,45090912,27389.33203125,304.0054016113281,273.3932800292969,1,36,49,27,6,0,8,197,1,1,MaxDuration,,,,,,,,,
training_episode,1113204,1111.0704637999988,1001.9202528278038,19222849,921.2771606445312,43.07877731323242,7.712771415710449,3,4,11,1,0,0,1,46,0,0,LivesExhausted,,,,,,,,,
training_episode,1114410,1111.732935699998,1002.4080102460186,11053987,28554.666015625,303.2846984863281,285.046630859375,1,41,45,28,2,0,3,156,0,1,MaxDuration,,,,,,,,,
training_episode,1116384,1112.7565060999987,1003.2599170439497,40063920,1379.7318115234375,59.985939025878906,11.797317504882812,4,5,12,2,1,0,1,23,0,0,LivesExhausted,,,,,,,,,
training_episode,1117296,1113.2430528999976,1003.6406668691482,57972579,799.06591796875,38.24958801269531,6.490659236907959,3,3,6,1,0,0,0,28,2,0,LivesExhausted,,,,,,,,,
training_episode,1118070,1113.6434630999975,1003.9748241216095,41530126,23034.666015625,302.0034484863281,229.3466339111328,2,35,42,23,1,3,4,183,4,1,MaxDuration,,,,,,,,,
ppo_rollout,1118208,1113.7276831999989,1004.0228117407732,,,,,,,,,,,,,,,,,,,-0.0096683474665042,2.246467210849126,-0.7870100965102513,0.9917114973068237,0.007940053,0.08118489583333334
training_episode,1120830,1115.6190169999973,1004.6709341814695,35141657,767.8704223632812,37.009796142578125,6.178704261779785,3,5,10,1,0,0,1,6,0,0,LivesExhausted,,,,,,,,,
ppo_rollout,1124352,1117.4025593000006,1006.2192811732532,,,,,,,,,,,,,,,,,,,-0.00828693939644533,3.0558421800533933,-0.7808677544196446,0.9847301840782166,0.010429415,0.09337565104166666
training_episode,1124610,1118.1111988999983,1005.8123030217346,43205790,1225.39208984375,54.49686050415039,10.753921508789062,3,3,8,2,0,0,1,14,0,0,LivesExhausted,,,,,,,,,
ppo_rollout,1130496,1121.2010530999978,1008.2901696125799,,,,,,,,,,,,,,,,,,,-0.008190035100172584,2.8438409179449082,-0.777919688820839,0.9750905632972717,0.009679816,0.08748372395833333
ppo_rollout,1136640,1124.927975399998,1010.4113550877223,,,,,,,,,,,,,,,,,,,-0.006852019855674977,2.581889607012272,-0.7768977761268616,0.9832167625427246,0.008849363,0.102001953125
training_episode,1141308,1127.8712342,1011.913386380078,22888364,26254.666015625,301.9934387207031,261.046630859375,3,25,42,27,4,5,4,160,2,1,MaxDuration,,,,,,,,,
ppo_rollout,1142784,1128.6186299,1012.5510688240677,,,,,,,,,,,,,,,,,,,-0.012147835841945683,1.4827285294731458,-0.775736432770888,0.9186665415763855,0.01521949,0.109228515625
ppo_rollout,1148928,1132.2937676999973,1014.6907390771844,,,,,,,,,,,,,,,,,,,-0.008231443552843606,1.6824662720163663,-0.7762366890907287,0.9784670472145081,0.019517114,0.12862955729166667
training_episode,1149426,1133.0997581999982,1014.408476995827,59438785,27389.33203125,301.7932434082031,272.8932800292969,2,28,45,27,2,0,6,134,1,1,MaxDuration,,,,,,,,,
training_episode,1150110,1133.4702861000005,1014.6803265194121,23412009,1747.9437255859375,73.3372573852539,15.979436874389648,3,3,15,2,0,0,0,40,1,0,LivesExhausted,,,,,,,,,
training_episode,1150806,1133.827274299998,1014.974702130432,4037144,27389.33203125,303.2846984863281,272.8932800292969,2,36,45,27,0,5,7,159,1,1,MaxDuration,,,,,,,,,
training_episode,1153524,1135.1740575000003,1016.1648712624844,39959191,23034.666015625,301.8733215332031,229.8466339111328,1,38,40,23,2,3,1,124,1,1,MaxDuration,,,,,,,,,
training_episode,1154214,1135.5149571999973,1016.4674561805083,73158284,840.7613525390625,39.89931106567383,6.907613277435303,3,3,10,1,0,0,0,20,0,0,LivesExhausted,,,,,,,,,
ppo_rollout,1155072,1135.9453173999973,1016.8376789859751,,,,,,,,,,,,,,,,,,,-0.010243541283610587,1.9122328127423922,-0.7788232381145159,0.9909869432449341,0.0113635175,0.088623046875
training_episode,1157550,1137.8039457999985,1017.3545313082193,39540275,534.3319091796875,27.780540466308594,3.8433189392089844,3,3,6,1,0,0,0,11,0,0,LivesExhausted,,,,,,,,,
training_episode,1157562,1137.8148540000002,1017.3553244893741,21422158,29750.666015625,306.0674133300781,297.5066223144531,0,27,47,30,3,1,3,162,2,1,MaxDuration,,,,,,,,,
training_episode,1159122,1138.5874984999973,1018.0350667182411,39854462,1630.281005859375,69.28639221191406,14.802809715270996,3,3,17,2,1,0,0,0,2,0,LivesExhausted,,,,,,,,,
training_episode,1160670,1139.3976507000007,1018.6698202220537,31057226,27389.33203125,300.4519348144531,273.3932800292969,1,34,46,27,2,1,5,144,4,1,MaxDuration,,,,,,,,,
ppo_rollout,1161216,1139.6732248999979,1018.9025894697951,,,,,,,,,,,,,,,,,,,-0.008445700518010805,2.724239614605904,-0.7746314560373624,0.9935150742530823,0.015339222,0.10618489583333333
training_episode,1166124,1142.6570458999995,1020.5371805864261,68969124,980.4349975585938,45.41838455200195,8.304349899291992,3,3,7,1,0,0,0,18,1,0,LivesExhausted,,,,,,,,,
ppo_rollout,1167360,1143.2832657,1021.0592903983936,,,,,,,,,,,,,,,,,,,-0.007853880540157359,3.3931607067584992,-0.7726026882727941,0.9885829091072083,0.007344477,0.059619140625
ppo_rollout,1173504,1146.9893870999986,1023.1167029078098,,,,,,,,,,,,,,,,,,,-0.007718719103528808,1.4428312289218108,-0.7751582140723864,0.9935385584831238,0.010553487,0.10257161458333333
training_episode,1175412,1148.5201863999973,1023.4143151495615,58600953,1850.1158447265625,77.36811828613281,17.00115966796875,3,3,16,2,0,0,0,34,0,0,LivesExhausted,,,,,,,,,
ppo_rollout,1179648,1150.7046063999987,1025.152757222856,,,,,,,,,,,,,,,,,,,-0.008432690896249066,1.8576872994502385,-0.7775034800171852,0.9931846261024475,0.008728241,0.08006184895833333
ppo_rollout,1185792,1154.4083353999995,1027.1859303485764,,,,,,,,,,,,,,,,,,,-0.009632665646495297,1.869729228814443,-0.7764255444208781,0.9918201565742493,0.010393143,0.10891927083333333
training_episode,1186734,1155.4629566999974,1027.0636484871075,10844529,27389.33203125,305.1765441894531,273.8932800292969,0,35,49,27,3,3,5,97,0,1,MaxDuration,,,,,,,,,
training_episode,1187550,1155.8877780999974,1027.3921244777307,42996332,2543.8115234375,101.1531982421875,23.938114166259766,3,5,19,3,0,1,1,52,1,1,LivesExhausted,,,,,,,,,
training_episode,1190316,1157.270031,1028.5551065134252,28543730,27389.33203125,306.5779113769531,272.8932800292969,2,34,46,27,3,1,2,155,2,1,MaxDuration,,,,,,,,,
ppo_rollout,1191936,1158.085379,1029.2298146698215,,,,,,,,,,,,,,,,,,,-0.011207400091613333,1.8072666158278783,-0.775080011288325,0.9911013245582581,0.011534039,0.098046875
training_episode,1192344,1158.8434183999998,1028.9086351685494,44462538,1013.2532958984375,46.71816635131836,8.632533073425293,3,3,9,2,0,0,1,13,1,0,LivesExhausted,,,,,,,,,
training_episode,1193652,1159.4985758999974,1029.455339411256,36084218,26254.666015625,300.8222961425781,261.546630859375,2,33,45,27,3,1,5,226,2,1,MaxDuration,,,,,,,,,
training_episode,1193826,1159.5884702000003,1029.52558660237,46242931,29750.666015625,302.1535949707031,297.0066223144531,1,30,48,30,1,4,4,131,3,1,MaxDuration,,,,,,,,,
training_episode,1195872,1160.6030992999986,1030.3884253982033,72425181,24077.33203125,306.2275695800781,239.77330017089844,2,35,45,24,1,1,1,159,1,1,MaxDuration,,,,,,,,,
training_episode,1197450,1161.3813274999993,1031.0567008836301,33256535,1994.7890625,82.47920989990234,18.447891235351562,3,5,16,2,0,1,0,16,1,0,LivesExhausted,,,,,,,,,
ppo_rollout,1198080,1161.697859699998,1031.3180746578955,,,,,,,,,,,,,,,,,,,-0.009559910764801316,2.900464995702108,-0.7755162571867307,0.9913021326065063,0.011360444,0.08243815104166667
training_episode,1198380,1162.4155262999993,1030.939429908061,3932415,1103.869384765625,50.29756546020508,9.538694381713867,3,4,13,2,0,0,0,9,0,0,LivesExhausted,,,,,,,,,
training_episode,1200258,1163.3511564,1031.7245944158499,62475926,333.5567321777344,15.620262145996094,1.8355672359466553,3,4,6,1,0,0,0,0,0,0,LivesExhausted,,,,,,,,,
training_episode,1203708,1165.0841930999995,1033.1510865298344,72110994,1513.0504150390625,65.25553131103516,13.630504608154297,3,3,16,2,0,0,0,26,0,0,LivesExhausted,,,,,,,,,
ppo_rollout,1204224,1165.3554358000001,1033.3533984619182,,,,,,,,,,,,,,,,,,,-0.00833259808132425,2.2361635377009708,-0.7767189333836237,0.9883708357810974,0.007858348,0.08655598958333334
training_episode,1204698,1166.1597139000005,1033.047176677983,70121143,2231.056396484375,90.60094451904297,20.810564041137695,3,3,21,3,0,0,0,34,2,0,LivesExhausted,,,,,,,,,
training_episode,1206138,1166.870071199999,1033.6523575067943,68236021,1708.0152587890625,72.35704803466797,15.08015251159668,4,6,12,2,1,1,0,30,2,0,LivesExhausted,,,,,,,,,
ppo_rollout,1210368,1169.028510199998,1035.3622597219032,,,,,,,,,,,,,,,,,,,-0.006505089507360632,2.7603550985455514,-0.776997335255146,0.9863423705101013,0.008501937,0.082421875
ppo_rollout,1216512,1172.7247502999999,1037.338045171127,,,,,,,,,,,,,,,,,,,-0.011081735620973632,2.729116903245449,-0.7739380806684494,0.9880712032318115,0.010509297,0.08592122395833333
ppo_rollout,1222656,1176.4317229999979,1039.2919334767057,,,,,,,,,,,,,,,,,,,-0.008315422445108803,2.274536419908206,-0.7737524231274923,0.9809565544128418,0.012105049,0.0984375
training_episode,1226430,1178.9691447000005,1040.2562319067954,33151806,26254.666015625,300.9223937988281,262.546630859375,0,30,45,27,1,5,1,128,1,1,MaxDuration,,,,,,,,,
ppo_rollout,1228800,1180.2068481999995,1041.1734196205628,,,,,,,,,,,,,,,,,,,-0.01004881626383091,1.5661491344372431,-0.7759020020564397,0.9786038994789124,0.013630301,0.09275716145833333
training_episode,1230324,1181.5804193999975,1041.2528675997817,4351331,27389.33203125,305.5469055175781,273.3932800292969,1,31,49,27,3,1,7,156,1,1,MaxDuration,,,,,,,,,
ppo_rollout,1234944,1183.9794260999988,1043.0451516103428,,,,,,,,,,,,,,,,,,,-0.01029541503424601,1.8947261159618696,-0.7737792889277141,0.9876986742019653,0.014458981,0.12423502604166667
training_episode,1237032,1185.6469265999986,1043.3392709475113,48337511,27389.33203125,306.3977355957031,272.8932800292969,2,35,46,27,2,4,4,129,0,1,MaxDuration,,,,,,,,,
training_episode,1237146,1185.7088354999978,1043.380940547948,19851223,1284.371337890625,56.82646942138672,11.34371280670166,3,4,15,2,0,1,0,28,0,0,LivesExhausted,,,,,,,,,
training_episode,1240266,1187.3719003999977,1044.5472051192921,20479597,30977.33203125,304.6159973144531,309.2732849121094,1,37,39,31,1,2,5,193,0,1,MaxDuration,,,,,,,,,
ppo_rollout,1241088,1187.8275350999975,1044.8385504849564,,,,,,,,,,,,,,,,,,,-0.008883037274548164,2.2286133403579393,-0.7662875254948934,0.9887441992759705,0.011039284,0.09786783854166667
training_episode,1241274,1188.4866631000004,1044.415590463852,8016846,28554.666015625,304.7761535644531,284.546630859375,2,29,52,28,0,0,6,166,3,1,MaxDuration,,,,,,,,,
training_episode,1242558,1189.1321924000003,1044.9284006786256,63837403,27389.33203125,303.4548645019531,272.8932800292969,2,37,47,27,0,4,6,128,1,1,MaxDuration,,,,,,,,,
ppo_rollout,1247232,1191.4817597,1046.7906787880975,,,,,,,,,,,,,,,,,,,-0.012312799758122613,2.444502843419711,-0.7551638096570968,0.9910712838172913,0.011659398,0.10491536458333334
training_episode,1250868,1193.8629247999997,1047.748425732837,56925289,2157.54248046875,88.31045532226562,20.07542610168457,3,3,14,3,0,0,1,44,0,1,LivesExhausted,,,,,,,,,
ppo_rollout,1253376,1195.178326199999,1048.6937158449293,,,,,,,,,,,,,,,,,,,-0.007417930270700405,2.2433181713024775,-0.755462305744489,0.9926332831382751,0.008439039,0.09729817708333334
training_episode,1256970,1197.5749663999995,1049.596088150161,2152022,1117.59228515625,50.83747482299805,9.175922393798828,4,4,11,2,1,0,0,14,1,0,LivesExhausted,,,,,,,,,
ppo_rollout,1259520,1198.9142719999982,1050.550510086848,,,,,,,,,,,,,,,,,,,-0.01060178789581793,2.79531022409598,-0.7610609864195188,0.9839762449264526,0.0093132155,0.07701822916666666
training_episode,1262970,1201.2563773000002,1051.374231068567,39645004,29750.666015625,304.4658508300781,297.0066223144531,1,40,44,30,3,1,5,129,2,1,MaxDuration,,,,,,,,,
ppo_rollout,1265664,1202.6336813999987,1052.4102389404452,,,,,,,,,,,,,,,,,,,-0.013333749181280533,1.6485008011261622,-0.7627049704392751,0.9941692352294922,0.013312887,0.10745442708333333
training_episode,1268382,1204.5568108000007,1052.9864499770752,52107755,2358.869140625,95.06189727783203,22.08869171142578,3,5,18,3,0,2,0,51,2,0,LivesExhausted,,,,,,,,,
training_episode,1268550,1204.6503138000007,1053.0441784375014,50746278,1007.0140380859375,46.46820831298828,8.57013988494873,3,3,11,2,0,0,0,37,0,0,LivesExhausted,,,,,,,,,
ppo_rollout,1271808,1206.2991306999975,1054.3056590465987,,,,,,,,,,,,,,,,,,,-0.009721494727030707,1.6460415850083032,-0.7611845945318539,0.9941670298576355,0.014410686,0.13395182291666666
training_episode,1273788,1207.8682181999975,1054.575309464006,47604408,27389.33203125,306.2676086425781,272.8932800292969,2,45,42,27,1,3,6,117,4,1,MaxDuration,,,,,,,,,
training_episode,1273926,1207.945463699998,1054.6221152219077,65931983,28554.666015625,306.4477844238281,284.546630859375,2,44,43,28,1,7,3,161,1,1,MaxDuration,,,,,,,,,
training_episode,1277904,1209.9292643000008,1056.1807518056237,7493201,27389.33203125,305.2065734863281,273.3932800292969,1,45,45,27,2,6,3,163,4,1,MaxDuration,,,,,,,,,
ppo_rollout,1277952,1209.9587874999997,1056.194651588495,,,,,,,,,,,,,,,,,,,-0.009073001780780032,2.2875254253546395,-0.7582488119602203,0.9937458038330078,0.011524811,0.101123046875
training_episode,1278630,1210.8703193000001,1055.959486015952,13253296,850.9508056640625,40.309242248535156,7.009507656097412,3,4,9,1,0,0,0,35,0,0,LivesExhausted,,,,,,,,,
training_episode,1279098,1211.0936360999985,1056.1512024115586,56506373,28554.666015625,304.4458312988281,284.546630859375,2,39,48,28,3,3,3,181,3,1,MaxDuration,,,,,,,,,
ppo_rollout,1284096,1213.5983023000008,1058.0898123921174,,,,,,,,,,,,,,,,,,,-0.0072397922941794,3.3814308206240336,-0.752072685956955,0.9891172051429749,0.008628596,0.060807291666666666
ppo_rollout,1290240,1217.3401304,1059.8845530345297,,,,,,,,,,,,,,,,,,,-0.009042488515842707,2.121042987704277,-0.753616863489151,0.9899941086769104,0.009882915,0.09728190104166666
ppo_rollout,1296384,1221.0405326,1061.7043131562298,,,,,,,,,,,,,,,,,,,-0.009104129870926651,2.16591120660305,-0.7576914568742116,0.9784857034683228,0.009667746,0.0791015625
ppo_rollout,1302528,1224.7106118999982,1063.5394086928643,,,,,,,,,,,,,,,,,,,-0.009610978304893554,1.9697129795948665,-0.7517421051859856,0.9309765696525574,0.011431943,0.09441731770833334
training_episode,1304538,1226.3173480000005,1063.784999965604,40587565,26254.666015625,301.2827453613281,261.546630859375,2,37,46,27,2,1,5,122,3,1,MaxDuration,,,,,,,,,
training_episode,1304754,1226.435139199999,1063.8589504627928,18594475,27389.33203125,301.6831359863281,272.8932800292969,2,31,46,27,2,2,3,140,2,1,MaxDuration,,,,,,,,,
ppo_rollout,1308672,1228.4508141999977,1065.3027250848822,,,,,,,,,,,,,,,,,,,-0.011282847278440993,1.9545059909423192,-0.7417733843127886,0.8877708911895752,0.0122967595,0.105078125
training_episode,1310280,1229.8460755999986,1065.4016189471195,70540059,27389.33203125,302.9243469238281,272.3932800292969,3,34,47,27,3,4,2,157,1,1,MaxDuration,,,,,,,,,
training_episode,1311198,1230.3144279000007,1065.7421958694395,69283311,1204.2728271484375,53.65700149536133,10.54272747039795,3,3,12,2,1,0,0,30,0,0,LivesExhausted,,,,,,,,,
training_episode,1313964,1231.7597829999977,1066.737214621337,36503134,25150.666015625,300.4719543457031,250.5066375732422,2,33,41,26,3,2,3,188,5,1,MaxDuration,,,,,,,,,
ppo_rollout,1314816,1232.1915840000001,1067.054845263413,,,,,,,,,,,,,,,,,,,-0.01314244863363759,1.9557941988110543,-0.7310209602117539,0.9945459961891174,0.0177486,0.12618815104166667
training_episode,1315008,1232.8292029999975,1066.6587040605677,37864611,24077.33203125,303.1145324707031,240.77330017089844,0,29,50,24,0,1,1,178,0,1,MaxDuration,,,,,,,,,
training_episode,1315446,1233.0532093000002,1066.8201421305848,57448934,24077.33203125,302.8843078613281,240.27330017089844,1,30,46,24,1,4,3,158,0,1,MaxDuration,,,,,,,,,
ppo_rollout,1320960,1235.812647499999,1068.899887594006,,,,,,,,,,,,,,,,,,,-0.007226001523667947,3.754723153511683,-0.7283880685766538,0.9900370240211487,0.01133145,0.083251953125
training_episode,1321644,1236.7319260999975,1068.6584312315529,18699204,1137.3870849609375,51.61734390258789,9.873869895935059,3,4,13,2,0,0,1,5,1,0,LivesExhausted,,,,,,,,,
training_episode,1323270,1237.5669629000004,1069.2512321912432,19641765,1618.30517578125,68.81629180908203,14.683051109313965,3,4,15,2,0,0,0,33,0,0,LivesExhausted,,,,,,,,,
training_episode,1324542,1238.2123690000008,1069.72118286116,56820560,2152.783203125,88.12041473388672,20.02783203125,3,4,15,3,0,1,0,45,0,0,LivesExhausted,,,,,,,,,
ppo_rollout,1327104,1239.4951866999982,1070.6810435732707,,,,,,,,,,,,,,,,,,,-0.010746660535611833,1.10242528244853,-0.7246455073356628,0.9964828491210938,0.014212477,0.12521158854166667
training_episode,1327554,1240.2829811999982,1070.3637961036645,29486291,747.6405029296875,35.6600227355957,5.976405143737793,3,3,10,1,0,0,1,4,0,0,LivesExhausted,,,,,,,,,
training_episode,1327662,1240.3376518000005,1070.4036905380344,23726196,1099.210205078125,50.10759735107422,9.492101669311523,3,4,11,2,0,0,0,28,0,0,LivesExhausted,,,,,,,,,
training_episode,1330518,1241.8185243999978,1071.4270836335434,23830925,484.23663330078125,23.770448684692383,3.3423662185668945,3,3,9,1,0,0,0,13,0,0,LivesExhausted,,,,,,,,,
training_episode,1330770,1241.9483145999984,1071.5180208031516,48965885,1143.5091552734375,51.86730194091797,9.935091018676758,3,4,14,2,0,0,0,15,0,0,LivesExhausted,,,,,,,,,
ppo_rollout,1333248,1243.253899299998,1072.3859388260694,,,,,,,,,,,,,,,,,,,-0.008509582746773959,2.627395248413086,-0.7276092305779457,0.9940141439437866,0.00826501,0.07643229166666667
ppo_rollout,1339392,1247.022266699998,1074.0722405418153,,,,,,,,,,,,,,,,,,,-0.010947180518026773,1.8948712681730588,-0.7311259875694911,0.9952828288078308,0.014468218,0.10234375
training_episode,1340802,1248.2922455999978,1074.1090515671167,54621251,26254.666015625,302.1736145019531,262.046630859375,1,32,45,27,2,3,3,119,3,1,MaxDuration,,,,,,,,,
ppo_rollout,1345536,1250.7112519999973,1075.8166585999522,,,,,,,,,,,,,,,,,,,-0.005297129013827847,3.9195012430349987,-0.7299088949958483,0.9811049103736877,0.006975403,0.07703450520833334
training_episode,1346592,1251.8549569999996,1075.677331842846,61533365,29750.666015625,302.5740051269531,297.5066223144531,0,40,42,30,1,1,5,213,0,1,MaxDuration,,,,,,,,,
training_episode,1347528,1252.3659786999997,1075.9857924268927,44148351,29750.666015625,302.6941223144531,297.5066223144531,0,44,41,30,2,3,6,132,1,1,MaxDuration,,,,,,,,,
training_episode,1347888,1252.569412599998,1076.0984472725916,7807388,1339.465087890625,59.006103515625,11.894649505615234,3,4,13,2,0,0,0,25,0,0,LivesExhausted,,,,,,,,,
ppo_rollout,1351680,1254.5309865999989,1077.4385124302846,,,,,,,,,,,,,,,,,,,-0.011407719209091737,1.558207873503367,-0.7221376235286395,0.9927449226379395,0.015282064,0.11624348958333333
training_episode,1353948,1256.2500852999983,1077.7694790577236,4979705,1412.0870361328125,61.265724182128906,12.620870590209961,3,3,13,2,0,0,1,27,2,1,LivesExhausted,,,,,,,,,
training_episode,1356750,1257.6906280999974,1078.7629085299398,2780396,1837.0260009765625,76.84800720214844,16.87026023864746,3,3,14,2,1,0,0,36,0,0,LivesExhausted,,,,,,,,,
ppo_rollout,1357824,1258.240816499998,1079.1447727605985,,,,,,,,,,,,,,,,,,,-0.011976573701637487,1.3416925638914108,-0.7170889988541603,0.9969980120658875,0.0145247625,0.126025390625
ppo_rollout,1363968,1261.887305199998,1080.8952545757031,,,,,,,,,,,,,,,,,,,-0.006540899496273293,4.0200964639584225,-0.716198540230592,0.9902900457382202,0.007673347,0.08811848958333333
training_episode,1364220,1262.568277899998,1080.5118613221275,41739584,27389.33203125,305.5068664550781,272.8932800292969,2,37,50,27,1,2,2,134,2,1,MaxDuration,,,,,,,,,
training_episode,1366734,1263.8353806999985,1081.4177391069786,17232998,27389.33203125,301.7532043457031,273.3932800292969,1,46,41,27,3,2,5,140,2,1,MaxDuration,,,,,,,,,
training_episode,1367202,1264.0816075000002,1081.5773221350346,20898513,27389.33203125,303.5749816894531,273.3932800292969,1,39,47,27,3,2,4,157,1,1,MaxDuration,,,,,,,,,
ppo_rollout,1370112,1265.5534960999976,1082.6187942447443,,,,,,,,,,,,,,,,,,,-0.010164648624292264,2.199474876622359,-0.7133895178635915,0.9843782186508179,0.013959963,0.095458984375
training_episode,1370616,1266.3583669,1082.3286960666742,30219394,671.9191284179688,32.340579986572266,5.219191074371338,3,3,10,1,0,0,1,17,0,0,LivesExhausted,,,,,,,,,
training_episode,1372650,1267.4407345,1083.0092190002908,24773486,980.00830078125,45.39838790893555,8.300082206726074,3,4,11,1,0,0,1,25,0,0,LivesExhausted,,,,,,,,,
training_episode,1372992,1267.6140551999997,1083.130937502404,2675667,1741.5025634765625,73.07720184326172,15.91502571105957,3,4,18,2,0,0,0,23,1,0,LivesExhausted,,,,,,,,,
ppo_rollout,1376256,1269.2742584000007,1084.2857569134478,,,,,,,,,,,,,,,,,,,-0.012770780132268556,1.6829762463768323,-0.707751361032327,0.9961608052253723,0.015278491,0.119189453125
ppo_rollout,1382400,1272.9454017999997,1085.9853046683909,,,,,,,,,,,,,,,,,,,-0.007295578030364899,1.8108301902810733,-0.7025309006373087,0.9954997897148132,0.01551078,0.12355143229166667
training_episode,1384188,1274.3920335999974,1086.1555655600284,73681929,25150.666015625,302.4839172363281,251.0066375732422,1,38,40,26,2,5,2,138,1,1,MaxDuration,,,,,,,,,
ppo_rollout,1388544,1276.6329345999984,1087.6611141440324,,,,,,,,,,,,,,,,,,,-0.005195169498135025,4.13055519759655,-0.700620931883653,0.9800965785980225,0.00845681,0.0826171875
training_episode,1390260,1278.0784647,1087.77359011861,64884693,29750.666015625,302.5740051269531,296.5066223144531,2,49,46,30,2,2,4,192,3,1,MaxDuration,,,,,,,,,
training_episode,1393236,1279.6013734999979,1088.8047081328039,7388472,28554.666015625,303.9953918457031,285.046630859375,1,35,43,28,1,1,3,138,3,1,MaxDuration,,,,,,,,,
ppo_rollout,1394688,1280.3264352000006,1089.3221928844537,,,,,,,,,,,,,,,,,,,-0.012068175396416336,1.4108030537764231,-0.6971753771106403,0.9914665818214417,0.01715896,0.121435546875
training_episode,1397904,1282.5291885000006,1089.958819288111,33884909,815.1395263671875,38.88948059082031,6.651394844055176,3,4,10,1,0,0,0,0,0,0,LivesExhausted,,,,,,,,,
ppo_rollout,1400832,1284.0400349999982,1090.956638279586,,,,,,,,,,,,,,,,,,,-0.010321480823525539,1.9163462460041045,-0.6890831689039866,0.9896799325942993,0.01117038,0.10325520833333333
ppo_rollout,1406976,1287.697307399998,1092.6294494168344,,,,,,,,,,,,,,,,,,,-0.007313504161235566,2.243356986840566,-0.6779773165782292,0.9905261397361755,0.009382139,0.08759765625
training_episode,1407246,1288.3984459999992,1092.2444096148815,6026995,27389.33203125,305.2065734863281,273.3932800292969,1,33,46,27,1,2,4,134,3,1,MaxDuration,,,,,,,,,
training_episode,1409256,1289.4309834999985,1092.9286003154286,51165194,28554.666015625,304.9963684082031,285.046630859375,1,29,47,28,1,0,7,176,2,1,MaxDuration,,,,,,,,,
training_episode,1409760,1289.6934226999983,1093.0969912590854,33047077,27389.33203125,306.3677062988281,272.8932800292969,2,38,44,27,0,1,8,150,1,1,MaxDuration,,,,,,,,,
ppo_rollout,1413120,1291.4124145999995,1094.2437783809737,,,,,,,,,,,,,,,,,,,-0.00969689473665009,2.478621299068133,-0.6697694803277652,0.9842157959938049,0.00868255,0.08621419270833333
training_episode,1413936,1292.390677899999,1094.0468885906075,36188947,1256.5211181640625,55.71665573120117,10.565210342407227,4,5,13,2,1,0,0,27,1,0,LivesExhausted,,,,,,,,,
training_episode,1416048,1293.4943623,1094.7461707386833,54935438,1278.5372314453125,56.586509704589844,11.285372734069824,3,3,13,2,0,0,0,29,0,0,LivesExhausted,,,,,,,,,
training_episode,1417086,1294.0574716999981,1095.0719199035107,44671996,515.8970947265625,26.230504989624023,3.658970832824707,3,4,8,1,0,0,0,0,0,0,LivesExhausted,,,,,,,,,
ppo_rollout,1419264,1295.1607110999976,1095.820764046031,,,,,,,,,,,,,,,,,,,-0.011480558675248175,1.594537084798018,-0.6670205329855283,0.9952453374862671,0.013844531,0.1205078125
training_episode,1420896,1296.5394833999999,1095.9141763071434,9378323,28554.666015625,305.8572082519531,285.046630859375,1,41,47,28,1,2,5,187,1,1,MaxDuration,,,,,,,,,
training_episode,1424388,1298.314222699999,1097.1057507463915,30009936,1401.587890625,60.845794677734375,12.51587963104248,3,4,12,2,0,1,0,20,1,0,LivesExhausted,,,,,,,,,
ppo_rollout,1425408,1298.8220961000006,1097.4620806653209,,,,,,,,,,,,,,,,,,,-0.007555458677234128,2.551561380922794,-0.6706571241219839,0.9912128448486328,0.008844015,0.10125325520833334
training_episode,1426434,1299.8853621999988,1097.3536909330398,70016414,26254.666015625,301.4328918457031,261.546630859375,2,39,45,27,2,1,5,171,2,1,MaxDuration,,,,,,,,,
training_episode,1426704,1300.0285115000006,1097.4405464029696,50117904,1055.1669921875,48.367889404296875,9.05167007446289,3,3,11,2,0,0,0,12,2,0,LivesExhausted,,,,,,,,,
ppo_rollout,1431552,1302.4907719000003,1099.088017269967,,,,,,,,,,,,,,,,,,,-0.00908734398544766,2.3817656591534613,-0.6673964237173399,0.9887534976005554,0.010499102,0.08626302083333333
training_episode,1434594,1304.5729924999978,1099.6655673906284,67502918,27389.33203125,305.7270812988281,272.8932800292969,2,32,50,27,3,1,3,186,2,1,MaxDuration,,,,,,,,,
training_episode,1435974,1305.2967547000007,1100.1130546210798,71796807,1847.0181884765625,77.24809265136719,16.970182418823242,3,4,19,2,0,1,0,19,0,0,LivesExhausted,,,,,,,,,
ppo_rollout,1437696,1306.1565463000006,1100.7072651992721,,,,,,,,,,,,,,,,,,,-0.010527059495992338,2.3621619721253713,-0.6597430214285851,0.990494430065155,0.00985179,0.08982747395833333
ppo_rollout,1443840,1309.9210614000003,1102.2343578909033,,,,,,,,,,,,,,,,,,,-0.010546448945145432,3.206093512972196,-0.65484991868337,0.9870098829269409,0.011340677,0.09358723958333333
training_episode,1445820,1311.5087418000003,1102.4097315704219,14824231,27389.33203125,300.4619445800781,272.8932800292969,2,35,44,27,3,0,5,129,1,1,MaxDuration,,,,,,,,,
training_episode,1448784,1313.012284299999,1103.4047566222005,73367742,511.30706787109375,24.670469284057617,3.613070487976074,3,4,8,1,0,0,0,8,0,0,LivesExhausted,,,,,,,,,
ppo_rollout,1449984,1313.6079324999992,1103.8179384623966,,,,,,,,,,,,,,,,,,,-0.013304971639687817,1.5582979078094163,-0.6525518983602524,0.992282509803772,0.013325713,0.11614583333333334
training_episode,1452528,1315.5297981999975,1104.1391855870186,26763337,28554.666015625,303.9553527832031,284.546630859375,2,44,40,28,1,0,4,121,3,1,MaxDuration,,,,,,,,,
training_episode,1453230,1315.9142439999996,1104.350079517796,19118120,768.6837158203125,37.04978942871094,6.186837196350098,3,3,8,1,0,0,1,17,1,0,LivesExhausted,,,,,,,,,
ppo_rollout,1456128,1317.4762064999995,1105.2404535398343,,,,,,,,,,,,,,,,,,,-0.006739249569363892,2.444177274902662,-0.6508673792084058,0.9885936379432678,0.012974537,0.09666341145833333
training_episode,1457874,1319.053987899999,1105.242100303271,68026563,957.5126953125,44.50853729248047,8.075126647949219,3,4,7,1,0,0,0,29,1,0,LivesExhausted,,,,,,,,,
training_episode,1458816,1319.5442220000004,1105.5453661029328,25297131,1008.056396484375,46.508201599121094,8.580564498901367,3,3,10,2,0,0,1,5,1,0,LivesExhausted,,,,,,,,,
training_episode,1460772,1320.5494887999994,1106.1849725355032,30428852,28554.666015625,303.1745910644531,285.046630859375,1,46,38,28,5,2,5,145,2,1,MaxDuration,,,,,,,,,
ppo_rollout,1462272,1321.3273052999975,1106.6690244988179,,,,,,,,,,,,,,,,,,,-0.010653228491234283,2.020938003559907,-0.6593694671988487,0.9945202469825745,0.014463029,0.1115234375
training_episode,1462950,1322.2283760999999,1106.4276235812363,10425613,28554.666015625,304.2756652832031,284.546630859375,2,44,45,28,0,4,9,163,0,1,MaxDuration,,,,,,,,,
training_episode,1464102,1322.820792399998,1106.8029837538877,64361048,944.7953491210938,44.00862121582031,7.947953224182129,3,3,12,1,0,0,0,19,0,0,LivesExhausted,,,,,,,,,
ppo_rollout,1468416,1324.9789077999994,1108.256132498112,,,,,,,,,,,,,,,,,,,-0.012141926412004978,2.446862552066644,-0.6543408359090487,0.9934804439544678,0.012137146,0.110400390625
training_episode,1470618,1326.6399577999982,1108.5283473888155,57239476,29750.666015625,300.1716613769531,297.0066223144531,1,29,46,30,0,0,5,130,2,1,MaxDuration,,,,,,,,,
training_episode,1472154,1327.4161716999988,1109.0372645638618,60590804,23034.666015625,301.4629211425781,228.8466339111328,3,34,47,23,3,1,0,181,3,1,MaxDuration,,,,,,,,,
ppo_rollout,1474560,1328.6250877999992,1109.8390460484582,,,,,,,,,,,,,,,,,,,-0.008220128340569014,3.5549339761336642,-0.6487258091568947,0.9906966686248779,0.010902576,0.10734049479166667
ppo_rollout,1480704,1332.2971030000008,1111.3917433775273,,,,,,,,,,,,,,,,,,,-0.007832833374656427,3.9715083201726276,-0.6477161998550097,0.9860619902610779,0.008590278,0.09191080729166666
ppo_rollout,1486848,1335.9877705,1112.9203671105013,,,,,,,,,,,,,,,,,,,-0.009769389285550763,3.251845070719719,-0.6447917694846789,0.9787156581878662,0.012067712,0.08362630208333334
ppo_rollout,1492992,1339.7135767,1114.4113383381225,,,,,,,,,,,,,,,,,,,-0.012476420819681758,1.3114884853363038,-0.6340594763557116,0.8937308192253113,0.015075323,0.14451497395833332
training_episode,1494432,1340.997835099999,1114.4179064901766,16080979,27389.33203125,304.6260070800781,272.8932800292969,2,44,42,27,3,2,5,177,2,1,MaxDuration,,,,,,,,,
training_episode,1497492,1342.5392726999999,1115.4176495622155,67921834,25150.666015625,305.9873352050781,250.5066375732422,2,43,45,26,1,3,4,177,1,1,MaxDuration,,,,,,,,,
training_episode,1499112,1343.3670552999974,1115.9362544179871,33675451,23034.666015625,301.2927551269531,229.3466339111328,2,18,48,23,2,1,0,157,0,1,MaxDuration,,,,,,,,,
ppo_rollout,1499136,1343.3857862999976,1115.9385600833066,,,,,,,,,,,,,,,,,,,-0.013177523113942395,1.8089284499486287,-0.620495754480362,0.7462756633758545,0.015817942,0.133837890625
validation,1500000,,,,,,,,,,,,,,,,,,16852.20037475586,25150.666015625,12388.023066965465,,,,,,
training_episode,1500666,1554.0072770999977,965.675014598683,69073853,27389.33203125,304.6760559082031,272.8932800292969,2,38,45,27,2,5,6,132,4,1,MaxDuration,,,,,,,,,
training_episode,1502040,1554.7128402999988,966.120534329777,45614557,1465.0194091796875,63.35537338256836,13.150195121765137,3,4,15,2,0,0,1,34,0,1,LivesExhausted,,,,,,,,,
training_episode,1503948,1555.6725478999979,966.7510055571651,60904991,850.1834716796875,40.269248962402344,7.001834869384766,3,4,5,1,0,0,0,15,0,0,LivesExhausted,,,,,,,,,
ppo_rollout,1505280,1556.3872082999987,967.1629219082173,,,,,,,,,,,,,,,,,,,-0.00964047172650074,2.2058100203673043,-0.6142160604397456,0.9922381043434143,0.023756946,0.14567057291666666
training_episode,1506144,1557.4142475000008,967.0798905414529,70435330,985.4069213867188,45.618350982666016,8.354068756103516,3,3,11,1,0,0,0,36,0,0,LivesExhausted,,,,,,,,,
training_episode,1507302,1558.0392971,967.4351621333055,64779964,27389.33203125,305.6870422363281,273.3932800292969,1,40,49,27,2,2,1,188,3,1,MaxDuration,,,,,,,,,
training_episode,1508208,1558.5072985999977,967.7259781553918,38283527,27389.33203125,300.4319152832031,272.8932800292969,2,35,48,27,2,4,6,135,2,1,MaxDuration,,,,,,,,,
training_episode,1509792,1559.3327891000008,968.2294956879639,34408554,1495.681884765625,64.57538604736328,13.456818580627441,3,4,16,2,0,1,1,40,0,1,LivesExhausted,,,,,,,,,
ppo_rollout,1511424,1560.145467899998,968.7712018510822,,,,,,,,,,,,,,,,,,,-0.0055757260852260515,2.604311065375805,-0.607678776482741,0.9929611086845398,0.011829427,0.10867513020833333
training_episode,1516002,1563.0318202999988,969.911156197081,2885125,1985.5927734375,82.109130859375,17.355928421020508,5,6,15,2,2,0,0,45,1,0,LivesExhausted,,,,,,,,,
training_episode,1516602,1563.3371812000005,970.1055013838236,1418919,1853.08740234375,77.47814178466797,16.530874252319336,4,4,16,2,2,0,0,20,0,0,LivesExhausted,,,,,,,,,
ppo_rollout,1517568,1563.8478488,970.4064248734221,,,,,,,,,,,,,,,,,,,-0.00688368757837452,2.7905902033050856,-0.6055554057161013,0.9904248118400574,0.011842121,0.09296875
training_episode,1522416,1566.9169819999988,971.5996555585235,27810627,1057.1241455078125,48.4478759765625,9.07124137878418,3,3,9,2,0,0,0,18,0,0,LivesExhausted,,,,,,,,,
ppo_rollout,1523712,1567.584816999999,972.0124764387795,,,,,,,,,,,,,,,,,,,-0.0083144890377298,3.259922688206037,-0.6045575931668281,0.9891687035560608,0.008792347,0.08859049479166667
ppo_rollout,1529856,1571.3106272000005,973.6178025640477,,,,,,,,,,,,,,,,,,,-0.010870356372712801,1.8567523082097372,-0.5984449714422226,0.9936807155609131,0.01286339,0.11144205729166666
training_episode,1533846,1573.9996958999982,974.4893877650728,11368174,27389.33203125,302.9343566894531,273.3932800292969,1,26,43,27,2,2,5,161,3,1,MaxDuration,,,,,,,,,
ppo_rollout,1536000,1575.1482503999978,975.1463074094414,,,,,,,,,,,,,,,,,,,-0.013503775386683022,1.4656371692816417,-0.5886007140080134,0.9939146637916565,0.018945426,0.13600260416666668
training_episode,1540710,1578.2244014999997,976.2299952628126,18175559,27389.33203125,306.3276672363281,272.3932800292969,3,27,45,27,4,0,1,172,2,1,MaxDuration,,,,,,,,,
ppo_rollout,1542144,1578.9938786999992,976.6624309333371,,,,,,,,,,,,,,,,,,,-0.009731787252045857,2.014571892718474,-0.580718403061231,0.9864959716796875,0.0137846945,0.12506510416666666
training_episode,1544592,1580.8496099000004,977.0644786999733,66874544,28554.666015625,303.1645812988281,285.046630859375,1,36,45,28,3,2,4,163,0,1,MaxDuration,,,,,,,,,
training_episode,1546068,1581.6317084999973,977.5145450683171,60067159,26254.666015625,302.2436828613281,262.046630859375,1,39,44,27,2,3,9,164,3,1,MaxDuration,,,,,,,,,
training_episode,1547808,1582.5189026999979,978.0660422818481,65722525,1342.1259765625,59.10608673095703,11.421259880065918,4,5,10,2,1,0,0,30,0,0,LivesExhausted,,,,,,,,,
ppo_rollout,1548288,1582.7698224999986,978.214253260443,,,,,,,,,,,,,,,,,,,-0.011820734014812236,2.0503763020038606,-0.5672069013118743,0.9861462116241455,0.01410427,0.10927734375
training_episode,1552350,1585.3214776999994,979.2020242179304,29695749,27389.33203125,302.8843078613281,273.3932800292969,1,28,47,27,2,7,3,155,2,1,MaxDuration,,,,,,,,,
training_episode,1552608,1585.4526383999982,979.2837467329555,44567267,1225.5947265625,54.49686050415039,10.755948066711426,3,4,13,2,0,0,1,27,1,0,LivesExhausted,,,,,,,,,
ppo_rollout,1554432,1586.3683540999991,979.868260724277,,,,,,,,,,,,,,,,,,,-0.010174906585598364,1.858874756594499,-0.5596760859092077,0.9956971406936646,0.012394216,0.110693359375
training_episode,1558044,1588.7438368000003,980.6766603344722,35455844,1031.60791015625,47.438045501708984,8.816079139709473,3,3,13,2,0,0,1,11,0,0,LivesExhausted,,,,,,,,,
training_episode,1559142,1589.3057437999996,981.0208048906445,56296915,26254.666015625,306.0273742675781,261.046630859375,3,41,42,27,3,1,2,174,2,1,MaxDuration,,,,,,,,,
ppo_rollout,1560576,1590.0539977000008,981.4610084043433,,,,,,,,,,,,,,,,,,,-0.006086731024455124,3.624275212486585,-0.5597754061222077,0.9888268709182739,0.010322656,0.09449869791666667
training_episode,1560876,1590.7577851999995,981.2153770498488,21317429,480.51483154296875,23.600444793701172,3.3051486015319824,3,3,8,1,0,0,1,0,0,0,LivesExhausted,,,,,,,,,
training_episode,1564686,1592.6711106000002,982.4288201036951,33989638,999.7021484375,46.17825698852539,8.497021675109863,3,3,10,1,0,0,0,19,1,0,LivesExhausted,,,,,,,,,
training_episode,1566390,1593.5416006999985,982.961473557972,54725980,993.7841186523438,45.94829559326172,8.437840461730957,3,3,13,1,0,0,1,23,0,0,LivesExhausted,,,,,,,,,
ppo_rollout,1566720,1593.7153626,983.0613651386534,,,,,,,,,,,,,,,,,,,-0.0092828143601461,3.2694816490014396,-0.5519224380453428,0.9900195002555847,0.008800975,0.0728515625
training_episode,1570494,1596.1355089999997,983.9352555873752,17651914,29750.666015625,305.3467102050781,297.0066223144531,1,43,43,30,2,2,8,121,1,1,MaxDuration,,,,,,,,,
ppo_rollout,1572864,1597.3466133999973,984.6729487547569,,,,,,,,,,,,,,,,,,,-0.00825069520312051,1.9616333891948063,-0.5458240931232771,0.994367241859436,0.015865965,0.1146484375
ppo_rollout,1579008,1600.9852030999973,986.2727006736585,,,,,,,,,,,,,,,,,,,-0.010513691873832916,2.31114311615626,-0.5437332123517991,0.9925984740257263,0.012828294,0.11297200520833334
training_episode,1581240,1602.6758544999975,986.6249594764844,1837835,27389.33203125,305.3667297363281,273.8932800292969,0,36,45,27,1,4,4,91,2,1,MaxDuration,,,,,,,,,
training_episode,1584396,1604.2815625000003,987.6046929885474,70749517,28554.666015625,304.8562316894531,285.046630859375,1,35,39,28,2,0,4,158,2,1,MaxDuration,,,,,,,,,
ppo_rollout,1585152,1604.6940307999976,987.8219583142245,,,,,,,,,,,,,,,,,,,-0.006275173416361213,3.277118256688118,-0.5411941001812617,0.981292724609375,0.010249981,0.10252278645833333
training_episode,1588842,1607.1241341999994,988.6243173063293,19955952,26254.666015625,301.9133605957031,261.546630859375,2,28,46,27,4,3,2,142,0,1,MaxDuration,,,,,,,,,
ppo_rollout,1591296,1608.3834725999986,989.3759959045237,,,,,,,,,,,,,,,,,,,-0.01342817028053105,2.0564930419127148,-0.5343314334750175,0.9909806251525879,0.018024454,0.135888671875
training_episode,1595766,1611.2230913999992,990.4066100576001,72529910,1306.0252685546875,57.676326751708984,11.56025218963623,3,4,14,2,0,0,0,20,0,0,LivesExhausted,,,,,,,,,
training_episode,1596444,1611.5794121,990.6083361537379,52317213,2524.278076171875,100.3830337524414,23.242778778076172,4,6,17,3,1,2,0,47,1,1,LivesExhausted,,,,,,,,,
ppo_rollout,1597440,1612.0999579999989,990.906297139176,,,,,,,,,,,,,,,,,,,-0.009647255220625085,1.9140135591228804,-0.5252873818079631,0.9933817982673645,0.012917477,0.11818033854166667
training_episode,1600974,1614.4751216000004,991.6374545390205,67712376,928.44677734375,43.35873031616211,7.784467697143555,3,3,10,1,0,0,0,33,0,0,LivesExhausted,,,,,,,,,
training_episode,1601286,1614.6373144999998,991.7310752203604,27496440,29750.666015625,304.9463195800781,297.0066223144531,1,37,47,30,1,1,6,132,3,1,MaxDuration,,,,,,,,,
training_episode,1602756,1615.4259939999974,992.1568712853103,45719286,27389.33203125,302.9944152832031,273.3932800292969,1,30,41,27,0,3,5,144,2,1,MaxDuration,,,,,,,,,
ppo_rollout,1603584,1615.841390999998,992.4142362806956,,,,,,,,,,,,,,,,,,,-0.011033053129600982,3.385227711002032,-0.5136837641398112,0.9905681610107422,0.00888242,0.08758138020833334
training_episode,1606554,1617.9811921,992.937376431942,49280072,26254.666015625,300.4619445800781,261.546630859375,2,26,46,27,3,1,4,168,5,1,MaxDuration,,,,,,,,,
training_episode,1606926,1618.1751284999991,993.0482626374151,32418703,709.353759765625,34.710182189941406,5.5935378074646,3,3,7,1,0,0,1,5,1,0,LivesExhausted,,,,,,,,,
training_episode,1609392,1619.4634996999994,993.7809653000113,53783419,418.69818115234375,20.53037452697754,2.6869819164276123,3,3,7,1,0,0,1,5,0,0,LivesExhausted,,,,,,,,,
ppo_rollout,1609728,1619.6478408000003,993.8753100827767,,,,,,,,,,,,,,,,,,,-0.013248717625780651,1.9814301644762358,-0.5165331716338794,0.9950537085533142,0.015422057,0.12916666666666668
ppo_rollout,1615872,1623.3514832,995.3925669964854,,,,,,,,,,,,,,,,,,,-0.008259803469021184,2.497356376051903,-0.5190488552053769,0.9929219484329224,0.015604466,0.12286783854166666
training_episode,1617888,1624.9409326999994,995.6595759525362,48442240,29750.666015625,305.3567199707031,297.0066223144531,1,44,44,30,3,1,6,183,2,1,MaxDuration,,,,,,,,,
ppo_rollout,1622016,1627.058187499999,996.901040455261,,,,,,,,,,,,,,,,,,,-0.009158882917836309,3.5280704150597253,-0.5225003918011983,0.9833834171295166,0.010203813,0.08935546875
training_episode,1624104,1628.6823165999995,997.1889443672741,51269923,1140.88916015625,51.757320404052734,9.908890724182129,3,4,10,2,0,0,1,36,0,0,LivesExhausted,,,,,,,,,
ppo_rollout,1628160,1630.719956599998,998.4301678595168,,,,,,,,,,,,,,,,,,,-0.014334821817465126,2.1233967234690985,-0.5223895986874898,0.9896001219749451,0.01486547,0.114794921875
training_episode,1629072,1631.746516799998,998.3609483627132,62057010,878.3873291015625,41.37906265258789,7.283873081207275,3,3,13,1,0,0,1,5,0,0,LivesExhausted,,,,,,,,,
training_episode,1632870,1633.6873008999974,999.4997201119535,28648459,27389.33203125,303.5149230957031,273.3932800292969,1,41,44,27,0,4,3,165,3,1,MaxDuration,,,,,,,,,
ppo_rollout,1634304,1634.4176993999972,999.9304343069467,,,,,,,,,,,,,,,,,,,-0.008992720831884071,2.293234450121721,-0.5142730489373207,0.9863405227661133,0.014281571,0.114013671875
training_episode,1635594,1635.6530877999976,999.9638751025885,47080763,1221.24609375,54.32688903808594,10.712461471557617,3,3,13,2,1,0,1,36,2,0,LivesExhausted,,,,,,,,,
training_episode,1637298,1636.5257289,1000.4718967055403,25925505,24077.33203125,300.0515441894531,239.27330017089844,3,35,42,24,5,2,4,163,2,1,MaxDuration,,,,,,,,,
training_episode,1637562,1636.6568692999972,1000.5530363248284,7912117,26254.666015625,304.8862609863281,261.546630859375,2,29,43,27,1,0,4,146,3,1,MaxDuration,,,,,,,,,
training_episode,1639386,1637.6137882000003,1001.0821915477078,20060681,1219.529052734375,54.256900787353516,10.695290565490723,3,4,11,2,0,0,0,18,0,0,LivesExhausted,,,,,,,,,
ppo_rollout,1640448,1638.1747034,1001.3877009547772,,,,,,,,,,,,,,,,,,,-0.010343471688490051,2.1480746010939282,-0.5111803929011027,0.9912962317466736,0.016125334,0.14366861979166667
training_episode,1641672,1639.4224880000002,1001.372136844813,6131724,752.5885009765625,36.40989685058594,6.025885105133057,3,3,9,1,0,0,1,27,0,0,LivesExhausted,,,,,,,,,
training_episode,1642344,1639.7868850999985,1001.5594190459973,11787090,838.6466064453125,39.8193244934082,6.886466026306152,3,3,10,1,0,0,0,11,0,0,LivesExhausted,,,,,,,,,
training_episode,1642992,1640.1418462999973,1001.7377482968516,27182253,27389.33203125,303.6350402832031,272.8932800292969,2,37,42,27,2,1,5,175,0,1,MaxDuration,,,,,,,,,
training_episode,1645734,1641.5727281,1002.5349299661042,62580655,24077.33203125,302.8042297363281,239.77330017089844,2,32,38,24,0,3,1,180,0,1,MaxDuration,,,,,,,,,
ppo_rollout,1646592,1642.0109623999997,1002.7898946504623,,,,,,,,,,,,,,,,,,,-0.010491299701000874,2.670708300669988,-0.5173788284262021,0.991204023361206,0.014880679,0.11064453125
training_episode,1646976,1642.7855185999979,1002.5508390185794,59124598,1461.410400390625,63.215396881103516,13.114104270935059,3,3,11,2,0,0,0,19,0,0,LivesExhausted,,,,,,,,,
training_episode,1647984,1643.2996929999972,1002.8505494280543,9064136,1020.271484375,46.988121032714844,8.702713966369629,3,4,9,2,0,1,1,31,0,0,LivesExhausted,,,,,,,,,
training_episode,1650678,1644.7180224000003,1003.6237078446449,60904991,1481.908447265625,64.0252685546875,12.819085121154785,4,4,12,2,1,0,1,19,0,1,LivesExhausted,,,,,,,,,
ppo_rollout,1652736,1645.8088409999982,1004.2089693696097,,,,,,,,,,,,,,,,,,,-0.007991801716464882,3.5261690030495325,-0.5235649401942889,0.9870002269744873,0.011873332,0.11171875
training_episode,1653804,1646.9393235999996,1004.1681416562421,18489746,490.2080383300781,26.04050064086914,3.4020802974700928,3,3,8,1,0,0,1,3,1,0,LivesExhausted,,,,,,,,,
ppo_rollout,1658880,1649.4803116000003,1005.6985756870793,,,,,,,,,,,,,,,,,,,-0.009195051545975729,4.736640790104866,-0.5250849589705467,0.9816951751708984,0.012725048,0.099462890625
training_episode,1662282,1651.7837803999973,1006.355686334116,32942348,1664.2978515625,70.62667846679688,15.14297866821289,3,4,17,2,1,1,0,34,0,0,LivesExhausted,,,,,,,,,
ppo_rollout,1665024,1653.1940118999992,1007.1558377388536,,,,,,,,,,,,,,,,,,,-0.007960437517613172,1.8944260423382124,-0.5266680846611659,0.989012598991394,0.018090108,0.11583658854166666
training_episode,1668396,1655.4806061999989,1007.8015977666131,8645220,1120.1163330078125,50.93745803833008,9.701163291931152,3,4,11,2,0,0,0,28,0,0,LivesExhausted,,,,,,,,,
ppo_rollout,1671168,1656.9072930000002,1008.6068225182227,,,,,,,,,,,,,,,,,,,-0.010848668256464104,2.0062359472115836,-0.534517436226209,0.9925870895385742,0.01639462,0.12156575520833333
training_episode,1672350,1658.0557931000003,1008.6210650808525,26239692,27389.33203125,306.2575988769531,272.8932800292969,2,33,45,27,2,1,4,154,5,1,MaxDuration,,,,,,,,,
ppo_rollout,1677312,1660.607441799999,1010.0593058777903,,,,,,,,,,,,,,,,,,,-0.012290399145179738,2.0463776499032975,-0.5406860838333766,0.9938033223152161,0.014068429,0.12805989583333333
training_episode,1678350,1661.7222829999992,1010.0063152369733,33570722,30977.33203125,305.5969543457031,309.2732849121094,1,35,41,31,0,2,6,112,0,1,MaxDuration,,,,,,,,,
training_episode,1681080,1663.0987625999987,1010.8118879073005,36398405,473.18731689453125,22.72042465209961,3.2318732738494873,3,3,7,1,0,0,0,4,0,0,LivesExhausted,,,,,,,,,
training_episode,1681818,1663.4692314999993,1011.0304225365534,10216155,26254.666015625,300.6821594238281,261.546630859375,2,30,45,27,1,1,3,113,1,1,MaxDuration,,,,,,,,,
ppo_rollout,1683456,1664.3244505000002,1011.4950840830658,,,,,,,,,,,,,,,,,,,-0.012133689046216508,2.337675353884697,-0.5384836579362552,0.994633674621582,0.014779903,0.11730143229166666
training_episode,1683750,1665.0425547999985,1011.2354156631442,68340750,27389.33203125,306.4377746582031,273.8932800292969,0,32,47,27,0,2,3,191,2,1,MaxDuration,,,,,,,,,
training_episode,1684212,1665.2846561999977,1011.3658308983597,12310735,29750.666015625,301.8432922363281,296.5066223144531,2,27,41,30,2,2,5,139,0,1,MaxDuration,,,,,,,,,
training_episode,1687062,1666.7253070999977,1012.2015864362118,42263229,936.2108764648438,43.668678283691406,7.86210823059082,3,4,10,1,0,1,1,5,0,0,LivesExhausted,,,,,,,,,
ppo_rollout,1689600,1668.0147030000007,1012.9407114704547,,,,,,,,,,,,,,,,,,,-0.008607005638380846,3.936286621292432,-0.5275364448626836,0.9887837767601013,0.009671812,0.09373372395833333
training_episode,1690020,1668.788281699999,1012.7228352049381,8854678,1776.9927978515625,74.47750091552734,15.769927978515625,4,5,16,2,1,1,0,29,0,0,LivesExhausted,,,,,,,,,
training_episode,1691772,1669.7037161000007,1013.2168861380659,12939109,1455.6751708984375,62.985435485839844,12.556751251220703,4,5,15,2,1,1,1,37,0,1,LivesExhausted,,,,,,,,,
ppo_rollout,1695744,1671.7556702999973,1014.3491839903244,,,,,,,,,,,,,,,,,,,-0.007007264644683649,2.0744793007771176,-0.5205627580483755,0.9935482144355774,0.010490178,0.11516927083333334
ppo_rollout,1701888,1675.4103225,1015.803697246231,,,,,,,,,,,,,,,,,,,-0.009225951513508334,2.819644914070765,-0.5191808427373569,0.9914981126785278,0.011339298,0.10859375
training_episode,1704774,1677.4369831000004,1016.2968965006836,52107755,24077.33203125,303.1345520019531,239.77330017089844,2,38,49,24,1,3,3,165,2,1,MaxDuration,,,,,,,,,
ppo_rollout,1708032,1679.134135299999,1017.2099798893304,,,,,,,,,,,,,,,,,,,-0.008423476254877944,3.701233513156573,-0.5176407679915428,0.9786192774772644,0.010544202,0.08154296875
training_episode,1708368,1679.8782815999984,1016.959394446642,36084218,26254.666015625,300.1015930175781,261.046630859375,3,32,45,27,5,0,6,177,2,1,MaxDuration,,,,,,,,,
ppo_rollout,1714176,1682.8578877,1018.6100754727443,,,,,,,,,,,,,,,,,,,-0.013466070895083249,1.870493859052658,-0.5089236383636793,0.9842594265937805,0.017943077,0.13074544270833333
training_episode,1714380,1683.5230604999997,1018.328789325188,35141657,1098.542236328125,50.07760238647461,9.485421180725098,3,3,14,2,0,0,1,14,0,0,LivesExhausted,,,,,,,,,
training_episode,1720260,1686.5139836999988,1020.0093308600779,51374652,24077.33203125,304.1955871582031,239.27330017089844,3,35,49,24,2,0,0,196,4,1,MaxDuration,,,,,,,,,
ppo_rollout,1720320,1686.5508207999992,1020.0226277106685,,,,,,,,,,,,,,,,,,,-0.010497446639540916,2.395288061102231,-0.4968542501330376,0.985098123550415,0.013592103,0.11468098958333334
training_episode,1723296,1688.5966061,1020.5492500545421,65094151,25150.666015625,301.8933410644531,250.5066375732422,2,36,46,26,0,3,2,178,1,1,MaxDuration,,,,,,,,,
ppo_rollout,1726464,1690.1902226999991,1021.4613579068368,,,,,,,,,,,,,,,,,,,-0.01077319763523216,1.9933968688050905,-0.4918948012093703,0.9929454922676086,0.015744248,0.1283203125
training_episode,1726812,1690.9322868999989,1021.2188940846235,27286982,27389.33203125,306.5578918457031,272.8932800292969,2,31,48,27,3,2,7,137,2,1,MaxDuration,,,,,,,,,
training_episode,1728120,1691.5971346999977,1021.5907585504864,18070830,24077.33203125,302.8742980957031,239.27330017089844,3,26,48,24,3,1,3,196,0,1,MaxDuration,,,,,,,,,
training_episode,1728324,1691.708260899999,1021.6442396991791,15662063,1577.2061767578125,67.18594360351562,14.272062301635742,3,3,9,2,0,0,0,29,0,0,LivesExhausted,,,,,,,,,
ppo_rollout,1732608,1693.9060181999994,1022.8477739521385,,,,,,,,,,,,,,,,,,,-0.00955271179554984,1.8599236960212389,-0.4857334290941556,0.9946382641792297,0.017137773,0.127294921875
training_episode,1737090,1696.7427911999985,1023.7792133311299,3827686,2074.507080078125,85.6298828125,19.245071411132812,3,3,19,3,0,0,0,45,0,0,LivesExhausted,,,,,,,,,
training_episode,1737450,1696.9324061000007,1023.8769639582283,50536820,1815.8209228515625,76.00782775878906,16.1582088470459,4,5,15,2,1,1,0,59,0,0,LivesExhausted,,,,,,,,,
ppo_rollout,1738752,1697.6217173000005,1024.2281789169235,,,,,,,,,,,,,,,,,,,-0.012208177158997083,2.086307829618454,-0.4782393969595432,0.9948247671127319,0.01456681,0.1533203125
training_episode,1740984,1699.3280479999994,1024.5131904043053,12415464,26254.666015625,301.7131652832031,262.046630859375,1,42,48,27,3,2,4,170,3,1,MaxDuration,,,,,,,,,
training_episode,1743660,1700.697585599999,1025.261642495273,35351115,1231.505615234375,54.736820220947266,10.815056800842285,3,3,11,2,0,0,0,20,0,0,LivesExhausted,,,,,,,,,
ppo_rollout,1744896,1701.3343768999985,1025.6043865870595,,,,,,,,,,,,,,,,,,,-0.009804419410647825,3.442158767580986,-0.47652062103152276,0.9912245273590088,0.01017413,0.09192708333333334
training_episode,1749510,1704.3519930999973,1026.4957045744206,42682145,1674.26953125,71.02676391601562,15.242695808410645,3,3,17,2,0,0,0,24,0,0,LivesExhausted,,,,,,,,,
training_episode,1750782,1705.0484599999982,1026.8224282610724,45300370,27389.33203125,303.3247375488281,272.8932800292969,2,46,44,27,1,4,4,155,1,1,MaxDuration,,,,,,,,,
ppo_rollout,1751040,1705.191292899999,1026.8877206275354,,,,,,,,,,,,,,,,,,,-0.012022019340656697,1.6450575004021326,-0.47017774656414985,0.9966878890991211,0.01722219,0.144921875
training_episode,1751508,1705.9938698000005,1026.6789529585678,64361048,1516.6068115234375,65.39556121826172,13.666069030761719,3,5,13,2,0,1,0,23,0,0,LivesExhausted,,,,,,,,,
training_episode,1754946,1707.8366236000002,1027.5842406404756,10739800,573.2376708984375,28.63055992126465,4.232376575469971,3,4,7,1,0,0,0,11,0,0,LivesExhausted,,,,,,,,,
ppo_rollout,1757184,1709.0198973999977,1028.182294818964,,,,,,,,,,,,,,,,,,,-0.008848820409427086,2.56797462751468,-0.46105436657865845,0.9941285252571106,0.015681446,0.114208984375
training_episode,1757508,1709.7265245999988,1027.9468527349309,21841074,1264.0313720703125,56.016605377197266,11.140314102172852,3,4,8,2,0,2,0,23,0,0,LivesExhausted,,,,,,,,,
training_episode,1759146,1710.5965520999998,1028.3815887740443,30114665,715.910400390625,34.960140228271484,5.659103870391846,3,4,10,1,0,0,1,25,0,0,LivesExhausted,,,,,,,,,
training_episode,1759362,1710.7123417000003,1028.4382459365756,56087457,23034.666015625,300.5019836425781,229.3466339111328,2,27,46,23,5,2,1,195,2,1,MaxDuration,,,,,,,,,
ppo_rollout,1763328,1712.778518799998,1029.5131452462504,,,,,,,,,,,,,,,,,,,-0.009220541350077837,2.5608406295379003,-0.4554362696905931,0.9939570426940918,0.016282488,0.12107747395833333
training_episode,1764702,1714.0109422999994,1029.5745239712292,61533365,30977.33203125,304.8362121582031,309.7732849121094,0,41,43,31,2,2,4,193,1,1,MaxDuration,,,,,,,,,
ppo_rollout,1769472,1716.4628928999991,1030.8827573956119,,,,,,,,,,,,,,,,,,,-0.007749879959737882,2.403872188429038,-0.45596754203240075,0.9945977330207825,0.020634029,0.13107096354166667
training_episode,1769712,1717.1480473999982,1030.6111943461083,38807172,2151.0751953125,88.05039978027344,20.010753631591797,3,4,17,3,0,0,0,38,1,0,LivesExhausted,,,,,,,,,
training_episode,1774236,1719.4415788999977,1031.8675678036452,15871521,27389.33203125,306.5078430175781,273.3932800292969,1,32,42,27,3,1,5,155,0,1,MaxDuration,,,,,,,,,
ppo_rollout,1775616,1720.1396354999997,1032.2510820372293,,,,,,,,,,,,,,,,,,,-0.009845931612653657,2.789700028796991,-0.45489902297655743,0.9923935532569885,0.011263568,0.09747721354166666
ppo_rollout,1781760,1723.8800807999978,1033.575374438541,,,,,,,,,,,,,,,,,,,-0.01210733611951582,2.24857312142849,-0.44551664566000304,0.993137538433075,0.01804381,0.12213541666666666
training_episode,1785534,1726.3834031000006,1034.262723328888,51269923,26254.666015625,300.1516418457031,262.546630859375,0,32,41,27,1,2,5,163,0,1,MaxDuration,,,,,,,,,
ppo_rollout,1787904,1727.6132225000001,1034.8983075116514,,,,,,,,,,,,,,,,,,,-0.012247109221061692,1.9493808329105378,-0.4316279311974843,0.9899422526359558,0.013853568,0.11759440104166667
training_episode,1793622,1731.0715686000003,1036.1339372297514,4141873,24077.33203125,300.9023742675781,240.27330017089844,1,28,43,24,3,6,5,183,1,1,MaxDuration,,,,,,,,,
ppo_rollout,1794048,1731.290440599998,1036.2490070575639,,,,,,,,,,,,,,,,,,,-0.013893291569547727,1.9327628110845885,-0.416256079574426,0.9864479303359985,0.016924607,0.13458658854166666
training_episode,1796058,1732.8711369999983,1036.463682527134,52526671,30977.33203125,305.7471008300781,309.2732849121094,1,37,43,31,6,1,5,140,1,1,MaxDuration,,,,,,,,,
ppo_rollout,1800192,1734.954245099998,1037.6020030984978,,,,,,,,,,,,,,,,,,,-0.010541436918235074,2.5382903844118117,-0.407579492777586,0.9863429069519043,0.013778455,0.10807291666666667
training_episode,1801476,1736.1614105000008,1037.6201136052143,65303609,26254.666015625,306.4077453613281,262.046630859375,1,32,46,27,0,2,4,132,2,1,MaxDuration,,,,,,,,,
training_episode,1805820,1738.3545441999995,1038.8099516436955,48651698,28554.666015625,300.8723449707031,284.046630859375,3,29,47,28,1,4,2,136,1,1,MaxDuration,,,,,,,,,
ppo_rollout,1806336,1738.6255571000002,1038.944810527771,,,,,,,,,,,,,,,,,,,-0.013536356086842716,1.4578060522675513,-0.39507997756203017,0.9961029291152954,0.020988414,0.15921223958333333
training_episode,1807668,1739.8323944000003,1038.989735918438,71587349,1135.87109375,51.55735397338867,9.858710289001465,3,4,13,2,0,1,0,23,0,0,LivesExhausted,,,,,,,,,
training_episode,1810596,1741.3407081999976,1039.77124721996,16290437,499.8593444824219,24.37046241760254,3.49859356880188,3,3,6,1,0,0,1,6,0,0,LivesExhausted,,,,,,,,,
training_episode,1810842,1741.4784375999989,1039.8302734632728,34408554,27389.33203125,304.9963684082031,272.8932800292969,2,32,42,27,1,4,7,117,2,1,MaxDuration,,,,,,,,,
ppo_rollout,1812480,1742.3313682000007,1040.2613607723024,,,,,,,,,,,,,,,,,,,-0.010993864017655142,2.6581406434377035,-0.3862963962058226,0.9907439351081848,0.017727008,0.11793619791666667
training_episode,1812744,1743.0631323999987,1039.9761008679352,16814082,1305.600341796875,57.65633010864258,11.55600357055664,3,3,8,2,0,0,0,20,0,0,LivesExhausted,,,,,,,,,
ppo_rollout,1818624,1746.0540629999996,1041.5622508705794,,,,,,,,,,,,,,,,,,,-0.012770205057070902,2.021226548155149,-0.3832446033755938,0.9945203065872192,0.01978855,0.13888346354166667
training_episode,1819248,1746.9196886999998,1041.40334084495,47394950,1700.8443603515625,72.07698822021484,15.508443832397461,3,3,15,2,0,0,0,26,0,0,LivesExhausted,,,,,,,,,
training_episode,1821642,1748.1417834999993,1042.0447684471244,41111210,26254.666015625,300.8823547363281,261.546630859375,2,30,43,27,0,0,5,163,0,1,MaxDuration,,,,,,,,,
training_episode,1822242,1748.4479628000008,1042.2054523612037,13043838,2356.61962890625,94.97187805175781,22.06619644165039,3,3,18,3,0,0,0,28,0,0,LivesExhausted,,,,,,,,,
training_episode,1823694,1749.2166195999998,1042.57756275894,73996116,350.1786193847656,17.090295791625977,2.001786231994629,3,3,7,1,0,0,0,5,0,0,LivesExhausted,,,,,,,,,
ppo_rollout,1824768,1749.7680508999983,1042.862794906688,,,,,,,,,,,,,,,,,,,-0.013607749292471756,1.7759312925239403,-0.38559655025601386,0.9948728680610657,0.022656383,0.15198567708333333
training_episode,1828848,1752.3683017999974,1043.6436211049036,53364503,1239.4801025390625,55.04676818847656,10.894801139831543,3,5,11,2,0,1,1,28,0,0,LivesExhausted,,,,,,,,,
training_episode,1828956,1752.4264218999997,1043.6706369771725,30324123,940.50830078125,43.83864974975586,7.905082702636719,3,4,10,1,0,0,0,11,1,0,LivesExhausted,,,,,,,,,
training_episode,1830138,1753.0294613999977,1043.985877190234,52317213,24077.33203125,304.2456359863281,240.27330017089844,1,19,42,24,3,2,1,147,2,1,MaxDuration,,,,,,,,,
ppo_rollout,1830912,1753.4201221999974,1044.1947008699628,,,,,,,,,,,,,,,,,,,-0.004866923663454751,4.834487026929855,-0.3834317726393541,0.9884372353553772,0.01197219,0.14510091145833334
training_episode,1832490,1754.7816650999994,1044.283762729862,13881670,27389.33203125,303.5649719238281,273.3932800292969,1,33,45,27,1,3,4,158,1,1,MaxDuration,,,,,,,,,
training_episode,1836552,1756.8182806999976,1045.3852969176942,50222633,1198.383544921875,53.427040100097656,10.483835220336914,3,3,8,2,0,0,1,15,0,0,LivesExhausted,,,,,,,,,
ppo_rollout,1837056,1757.1066002000007,1045.500597283568,,,,,,,,,,,,,,,,,,,-0.010206452947265158,2.400526763498783,-0.3854312914113204,0.9937557578086853,0.017531889,0.13562825520833333
ppo_rollout,1843200,1760.7770772999975,1046.810538234852,,,,,,,,,,,,,,,,,,,-0.008874197983338187,3.2309253136316936,-0.38516564120848973,0.989496648311615,0.008603129,0.092578125
training_episode,1848264,1763.9039138999979,1047.825783159289,4979705,2438.182861328125,97.59243774414062,22.881826400756836,3,3,15,3,2,0,0,49,3,0,LivesExhausted,,,,,,,,,
ppo_rollout,1849344,1764.4676990000007,1048.1030630643465,,,,,,,,,,,,,,,,,,,-0.009167626030587902,1.9345877041419348,-0.38085647697250047,0.9915884733200073,0.018658167,0.13279622395833332
training_episode,1849386,1765.0435034000002,1047.784939259305,60695533,25150.666015625,305.3066711425781,250.5066375732422,2,26,46,26,0,0,3,143,3,1,MaxDuration,,,,,,,,,
ppo_rollout,1855488,1768.110423099999,1049.4186198771474,,,,,,,,,,,,,,,,,,,-0.008960770924265187,2.4917629092931746,-0.37861507683992385,0.9870001673698425,0.01821863,0.12469075520833334
training_episode,1855674,1768.7800310999992,1049.1264981355323,69702227,29750.666015625,303.5049133300781,297.5066223144531,0,37,42,30,3,3,6,166,3,1,MaxDuration,,,,,,,,,
training_episode,1856814,1769.3798032999985,1049.4151660016305,48756427,1427.8525390625,61.8856201171875,12.778525352478027,3,3,15,2,0,0,0,13,0,0,LivesExhausted,,,,,,,,,
training_episode,1861452,1771.7780495000006,1050.612406291694,26553879,808.5245971679688,38.61952590942383,6.585245609283447,3,3,10,1,0,0,0,16,0,0,LivesExhausted,,,,,,,,,
ppo_rollout,1861632,1771.8807422999998,1050.6531029754847,,,,,,,,,,,,,,,,,,,-0.011296408926136791,2.33977572619915,-0.3736271513005098,0.9903932213783264,0.015370694,0.13448893229166667
training_episode,1865334,1774.463494399999,1051.2101296458213,31580871,27389.33203125,303.1145324707031,272.8932800292969,2,32,45,27,2,2,3,123,1,1,MaxDuration,,,,,,,,,
training_episode,1865562,1774.5982923999982,1051.258759793452,17861372,27389.33203125,305.9172668457031,273.3932800292969,1,40,44,27,2,1,4,147,1,1,MaxDuration,,,,,,,,,
ppo_rollout,1867776,1775.786883599998,1051.8018897704185,,,,,,,,,,,,,,,,,,,-0.012426243951388945,2.0575829565525057,-0.3665134643514951,0.994484007358551,0.020110164,0.14111328125
training_episode,1869096,1777.0543935999995,1051.7944789599492,63418487,26254.666015625,305.0263977050781,261.546630859375,2,33,43,27,2,1,3,180,3,1,MaxDuration,,,,,,,,,
training_episode,1871106,1778.1109976000007,1052.2998859607296,2780396,1047.1876220703125,48.05794143676758,8.97187614440918,3,3,10,2,0,0,0,5,0,0,LivesExhausted,,,,,,,,,
training_episode,1872084,1778.6181388999976,1052.5497064579624,37131508,1221.1822509765625,54.32688903808594,10.711822509765625,3,3,12,2,0,0,0,13,1,0,LivesExhausted,,,,,,,,,
training_episode,1872264,1778.7107775999975,1052.5960845226525,15138418,531.1168823242188,26.400508880615234,3.811168670654297,3,4,6,1,0,0,0,10,0,0,LivesExhausted,,,,,,,,,
ppo_rollout,1873920,1779.5603916,1053.024111373462,,,,,,,,,,,,,,,,,,,-0.007544893022471418,2.0900293603539466,-0.3667641299466292,0.9950838088989258,0.022289246,0.17763671875
ppo_rollout,1880064,1783.2529570999977,1054.2890129605844,,,,,,,,,,,,,,,,,,,-0.010206514645445471,2.532350937028726,-0.36585893779993056,0.9937493205070496,0.017930942,0.13636067708333333
training_episode,1880346,1783.9500640999977,1054.0351088519028,37969340,1618.93798828125,68.83629608154297,14.689379692077637,3,3,15,2,0,0,0,41,0,0,LivesExhausted,,,,,,,,,
training_episode,1880616,1784.0826379999999,1054.1081225409023,47918595,1896.7445068359375,79.20851135253906,17.467443466186523,3,4,16,2,1,1,0,18,0,0,LivesExhausted,,,,,,,,,
training_episode,1880688,1784.1224823999983,1054.124937358618,29172104,1652.432373046875,70.15657806396484,15.024323463439941,3,3,14,2,0,0,0,23,0,0,LivesExhausted,,,,,,,,,
training_episode,1884780,1786.2358576000006,1055.1686060834115,30638310,30977.33203125,304.2556457519531,309.2732849121094,1,36,41,31,1,2,12,179,0,1,MaxDuration,,,,,,,,,
ppo_rollout,1886208,1786.983444999998,1055.5262866467137,,,,,,,,,,,,,,,,,,,-0.013501687534153461,1.7514288355906804,-0.35781748642524086,0.9961860179901123,0.021266209,0.137939453125
training_episode,1886388,1787.6250422999983,1055.2481394940244,14091128,1032.076416015625,47.45804214477539,8.82076358795166,3,3,12,2,0,0,1,24,0,0,LivesExhausted,,,,,,,,,
training_episode,1887918,1788.4126257999997,1055.6389352012593,65722525,1400.6617431640625,60.815799713134766,12.006617546081543,4,4,13,2,1,0,0,36,0,0,LivesExhausted,,,,,,,,,
training_episode,1888008,1788.4632519000006,1055.6593757206062,8226304,1477.3958740234375,63.84529113769531,13.273958206176758,3,3,14,2,0,0,1,34,0,1,LivesExhausted,,,,,,,,,
training_episode,1888950,1788.9419137999976,1055.903484304624,19013391,710.4906616210938,34.75017547607422,5.1049065589904785,4,4,8,1,1,0,0,16,1,0,LivesExhausted,,,,,,,,,
ppo_rollout,1892352,1790.6996242999994,1056.766849292068,,,,,,,,,,,,,,,,,,,-0.010727304497656102,3.241122982899348,-0.3522389928499858,0.9929766058921814,0.016071685,0.10764973958333333
training_episode,1892466,1791.3141684000002,1056.46794592729,58705682,28554.666015625,306.5879211425781,285.046630859375,1,43,45,28,0,1,3,154,2,1,MaxDuration,,,,,,,,,
training_episode,1893204,1791.6929754999983,1056.6564840561891,45928744,1283.3184814453125,56.7764778137207,11.333184242248535,3,3,14,2,0,0,0,33,0,0,LivesExhausted,,,,,,,,,
training_episode,1893414,1791.7980205999993,1056.7117377247541,7074285,771.6863403320312,37.169769287109375,6.216862678527832,3,3,11,1,0,0,0,23,1,0,LivesExhausted,,,,,,,,,
training_episode,1894044,1792.1190614999978,1056.873977119964,70330601,1102.9681396484375,50.257572174072266,9.529681205749512,3,4,12,2,0,1,1,30,1,0,LivesExhausted,,,,,,,,,
training_episode,1895910,1793.0654431999974,1057.3568339014223,48337511,1562.352294921875,66.59581756591797,14.123522758483887,3,4,15,2,0,0,0,28,0,0,LivesExhausted,,,,,,,,,
training_episode,1897098,1793.6692479999983,1057.6632242066526,24668757,807.1508178710938,38.56953430175781,6.571507453918457,3,3,11,1,0,0,0,20,0,0,LivesExhausted,,,,,,,,,
training_episode,1897674,1793.9656915999985,1057.8095271752418,53783419,26254.666015625,301.8332824707031,261.546630859375,2,36,39,27,0,3,3,141,0,1,MaxDuration,,,,,,,,,
ppo_rollout,1898496,1794.414845299998,1058.002838625982,,,,,,,,,,,,,,,,,,,-0.00980385883206812,2.562486211955547,-0.348682764172554,0.9944993853569031,0.015687054,0.123291015625
training_episode,1901892,1796.6956500999986,1058.5498995860241,3513499,841.220458984375,39.919307708740234,6.912204742431641,3,3,9,1,0,0,1,20,0,0,LivesExhausted,,,,,,,,,
ppo_rollout,1904640,1798.052479599999,1059.279426829473,,,,,,,,,,,,,,,,,,,-0.010535870162614931,3.1242513502637546,-0.34386158163348834,0.9880786538124084,0.017615443,0.12068684895833333
ppo_rollout,1910784,1801.6769442999976,1060.5586123778664,,,,,,,,,,,,,,,,,,,-0.007035918349477773,5.271803696950276,-0.34301449209451673,0.9746806621551514,0.011556958,0.091943359375
ppo_rollout,1916928,1805.3490711999984,1061.8046285784699,,,,,,,,,,,,,,,,,,,-0.012065680309509238,1.6504915604988735,-0.33630349958936373,0.987347424030304,0.019648863,0.12008463541666667
ppo_rollout,1923072,1809.0443172999985,1063.0320007141604,,,,,,,,,,,,,,,,,,,-0.0112839523567042,2.853854903578758,-0.33074956238269804,0.9513573050498962,0.011984468,0.11162109375
ppo_rollout,1929216,1812.7040003000002,1064.27524829245,,,,,,,,,,,,,,,,,,,-0.014428749259483691,2.1401229798793793,-0.3357758469879627,0.946405827999115,0.017111743,0.14925130208333334
training_episode,1929462,1813.3982047999998,1064.0034797061028,42786874,26254.666015625,300.3418273925781,261.546630859375,2,34,47,27,4,1,5,136,0,1,MaxDuration,,,,,,,,,
training_episode,1929702,1813.5265039999977,1064.0605448796919,63732674,28554.666015625,304.0954895019531,284.546630859375,2,27,46,28,1,1,5,143,0,1,MaxDuration,,,,,,,,,
training_episode,1930614,1814.0154578000001,1064.2764876664326,47290221,27389.33203125,304.7261047363281,272.8932800292969,2,28,46,27,3,1,5,144,2,1,MaxDuration,,,,,,,,,
training_episode,1932192,1814.8076282000002,1064.6814405978812,34513283,26254.666015625,302.3237609863281,261.546630859375,2,27,42,27,2,3,4,129,1,1,MaxDuration,,,,,,,,,
training_episode,1933896,1815.6545807000002,1065.1233007406142,6864827,26254.666015625,301.7932434082031,262.046630859375,1,33,43,27,2,3,3,139,1,1,MaxDuration,,,,,,,,,
ppo_rollout,1935360,1816.3874609999984,1065.4995377112448,,,,,,,,,,,,,,,,,,,-0.01480653672479093,2.1875813573598863,-0.3364479710658391,0.9462596774101257,0.022082439,0.1634765625
training_episode,1935840,1817.2319556999973,1065.2685222312828,19118120,1191.367919921875,53.14708709716797,10.413679122924805,3,3,11,2,0,0,0,15,0,0,LivesExhausted,,,,,,,,,
training_episode,1938594,1818.6130037000003,1065.9739021198552,73367742,24077.33203125,305.8271789550781,239.27330017089844,3,26,46,24,1,1,2,97,3,1,MaxDuration,,,,,,,,,
training_episode,1938714,1818.6788130999994,1066.0013115209697,38492985,1221.4136962890625,54.33688735961914,10.714137077331543,3,3,14,2,0,0,0,17,0,0,LivesExhausted,,,,,,,,,
training_episode,1941456,1820.0615959999996,1066.6979646550383,61428636,2446.53857421875,97.91250610351562,21.965383529663086,5,6,20,3,2,0,0,33,0,0,LivesExhausted,,,,,,,,,
ppo_rollout,1941504,1820.0914774999983,1066.7068243552071,,,,,,,,,,,,,,,,,,,-0.011613848832106062,1.5248123402396838,-0.32262498190005623,0.9967028498649597,0.021291852,0.1587890625
training_episode,1942932,1821.3700247999986,1066.7420532592491,70016414,2581.682373046875,102.65351867675781,23.316823959350586,5,6,20,3,3,1,0,44,0,1,LivesExhausted,,,,,,,,,
training_episode,1947228,1823.554189999999,1067.82020006765,46766576,2353.862060546875,94.86185455322266,21.538619995117188,4,6,19,3,2,1,0,46,4,0,LivesExhausted,,,,,,,,,
ppo_rollout,1947648,1823.7789890999993,1067.9188715520447,,,,,,,,,,,,,,,,,,,-0.009472727100364864,3.7109232654174167,-0.31873598843812945,0.9682556390762329,0.012627065,0.13409830729166666
ppo_rollout,1953792,1827.521466099999,1069.09387180522,,,,,,,,,,,,,,,,,,,-0.008602959472530832,5.204178348183632,-0.3172562748193741,0.9789126515388489,0.011598651,0.10030924479166667
training_episode,1955688,1829.0715514000003,1069.2244371211643,56925289,1660.1905517578125,70.46664428710938,15.101905822753906,3,3,9,2,1,0,0,35,0,0,LivesExhausted,,,,,,,,,
ppo_rollout,1959936,1831.2459251,1070.2746000065351,,,,,,,,,,,,,,,,,,,-0.010972479882184416,2.257439661522706,-0.3113809866209825,0.992486834526062,0.018834023,0.13649088541666668
ppo_rollout,1966080,1835.0184794999986,1071.422452669639,,,,,,,,,,,,,,,,,,,-0.007146220665890724,3.2346531728903454,-0.30139554167787236,0.9844081401824951,0.013228707,0.140283203125
training_episode,1970652,1837.9796406999994,1072.1838024546735,64989422,27389.33203125,306.2475891113281,272.8932800292969,2,30,47,27,3,1,4,182,4,1,MaxDuration,,,,,,,,,
ppo_rollout,1972224,1838.8480762,1072.532323646673,,,,,,,,,,,,,,,,,,,-0.013373987487284467,1.5900739351908366,-0.290864613900582,0.9343065619468689,0.020404043,0.17698567708333332
training_episode,1974798,1840.7641401999972,1072.8142497307886,27915356,27389.33203125,301.6831359863281,273.3932800292969,1,21,48,27,3,0,6,175,2,1,MaxDuration,,,,,,,,,
training_episode,1975428,1841.1057206999976,1072.9573960852897,59334056,27389.33203125,305.9072570800781,273.3932800292969,1,27,51,27,5,5,4,149,3,1,MaxDuration,,,,,,,,,
training_episode,1977516,1842.2075501,1073.4490800955925,49384801,26254.666015625,300.4819641113281,261.546630859375,2,30,42,27,3,4,5,147,6,1,MaxDuration,,,,,,,,,
training_episode,1978296,1842.6453973999996,1073.6173128000673,52003026,576.8203125,29.130571365356445,4.268203258514404,3,3,8,1,0,0,0,2,0,0,LivesExhausted,,,,,,,,,
ppo_rollout,1978368,1842.6902783999976,1073.630236828411,,,,,,,,,,,,,,,,,,,-0.01597688689750309,2.1545421610275906,-0.28755375097195307,0.984607458114624,0.023060398,0.185107421875
training_episode,1979586,1843.8662296999973,1073.6060827590973,61847552,24077.33203125,305.4267883300781,240.27330017089844,1,23,46,24,1,3,4,183,2,1,MaxDuration,,,,,,,,,
ppo_rollout,1984512,1846.3655346999985,1074.8207560765848,,,,,,,,,,,,,,,,,,,-0.01215537759126164,3.132297846674919,-0.28542394414544103,0.9926942586898804,0.014415325,0.11866861979166667
ppo_rollout,1990656,1850.048342099999,1076.002153403406,,,,,,,,,,,,,,,,,,,-0.007400456798495725,2.44501091837883,-0.2799118106563886,0.9936809539794922,0.018359384,0.13663736979166666
training_episode,1992390,1851.4995784999992,1076.0953030376295,48442240,30977.33203125,305.7971496582031,309.2732849121094,1,36,45,31,2,1,7,159,3,1,MaxDuration,,,,,,,,,
ppo_rollout,1996800,1853.7834137999998,1077.1484873234656,,,,,,,,,,,,,,,,,,,-0.009833092133825024,3.0156479994455974,-0.2755407350758711,0.9832095503807068,0.013735401,0.09892578125
validation,2000004,,,,,,,,,,,,,,,,,,14900.687856140137,23034.666015625,12344.187037175288,,,,,,
ppo_rollout,2002944,2051.3484752000004,976.4035824311708,,,,,,,,,,,,,,,,,,,-0.013396681781159714,1.6232641945282618,-0.27120652347803115,0.9915352463722229,0.024133144,0.16920572916666668
training_episode,2006970,2053.9767847999974,977.1142570121236,63313758,26254.666015625,302.6240539550781,261.046630859375,3,28,42,27,4,1,3,157,6,1,MaxDuration,,,,,,,,,
ppo_rollout,2009088,2055.0573778,977.6310976537252,,,,,,,,,,,,,,,,,,,-0.013792558580947419,1.9972994963328043,-0.26827426875631016,0.937457263469696,0.019604346,0.15685221354166667
training_episode,2011656,2056.9016286000005,978.003017756957,72844097,27389.33203125,301.8533020019531,273.3932800292969,1,27,48,27,5,1,4,136,3,1,MaxDuration,,,,,,,,,
training_episode,2013618,2057.9211292,978.4719012933102,71273162,26254.666015625,300.8122863769531,262.046630859375,1,28,43,27,3,2,5,165,1,1,MaxDuration,,,,,,,,,
training_episode,2014386,2058.3046532000008,978.6627051871445,58496224,24077.33203125,300.7021789550781,239.77330017089844,2,26,41,24,3,1,6,202,0,1,MaxDuration,,,,,,,,,
ppo_rollout,2015232,2058.7754117999975,978.8498485311094,,,,,,,,,,,,,,,,,,,-0.015509762797349443,2.0306186199188234,-0.2613079515596231,0.985745906829834,0.029158415,0.18780924479166666
training_episode,2015766,2059.6256251999985,978.7050497608082,72215723,26254.666015625,301.4429016113281,262.546630859375,0,23,46,27,2,2,2,187,3,1,MaxDuration,,,,,,,,,
training_episode,2019588,2061.5617729999976,979.6398179527179,17651914,2660.39404296875,105.154052734375,24.603939056396484,4,5,20,3,1,1,0,40,0,1,LivesExhausted,,,,,,,,,
ppo_rollout,2021376,2062.476426699999,980.0722926245704,,,,,,,,,,,,,,,,,,,-0.01514646121650003,2.2013196269671123,-0.2470430533091227,0.995861291885376,0.018401446,0.14524739583333332
ppo_rollout,2027520,2066.104183299998,981.3251511652373,,,,,,,,,,,,,,,,,,,-0.007111632379625614,6.719907014568647,-0.23974940950671833,0.9732743501663208,0.009078304,0.104638671875
training_episode,2028444,2067.1338091,981.2833552769162,11682361,27389.33203125,300.4118957519531,273.3932800292969,1,31,42,27,0,2,5,138,2,1,MaxDuration,,,,,,,,,
training_episode,2028786,2067.310191299999,981.3650648740943,69178582,1831.139892578125,76.61795806884766,16.811399459838867,3,3,17,2,1,0,0,38,1,0,LivesExhausted,,,,,,,,,
ppo_rollout,2033664,2069.8181852999987,982.5326757892223,,,,,,,,,,,,,,,,,,,-0.009020033191579084,1.8828251406550407,-0.24360801354050637,0.9922351837158203,0.018762153,0.14181315104166667
ppo_rollout,2039808,2073.4918290999994,983.7550220226236,,,,,,,,,,,,,,,,,,,-0.008629770167560006,1.875377677877744,-0.2449501077334086,0.9910460114479065,0.025649086,0.168896484375
ppo_rollout,2045952,2077.2253309000007,984.944661306219,,,,,,,,,,,,,,,,,,,-0.014032916736323387,1.7300138359268507,-0.23675135299563407,0.9478365778923035,0.019571248,0.17537434895833334
training_episode,2048256,2078.9590500999984,985.2315272402689,48546969,27389.33203125,304.9863586425781,271.8932800292969,4,24,43,27,3,1,2,133,3,1,MaxDuration,,,,,,,,,
training_episode,2049654,2079.6764459999977,985.5638861238525,62266468,28554.666015625,300.2717590332031,284.546630859375,2,28,45,28,2,2,4,158,2,1,MaxDuration,,,,,,,,,
training_episode,2050512,2080.1175399999993,985.7673715880501,62161739,25150.666015625,301.0325012207031,250.5066375732422,2,32,41,26,3,1,2,140,2,1,MaxDuration,,,,,,,,,
training_episode,2052030,2080.911681499998,986.12065963358,70958975,28554.666015625,302.1535949707031,284.046630859375,3,28,45,28,1,1,4,117,0,1,MaxDuration,,,,,,,,,
ppo_rollout,2052096,2080.9509526,986.1337661207498,,,,,,,,,,,,,,,,,,,-0.013055517745669931,1.8443273916840552,-0.2339469388127327,0.9302669167518616,0.025576385,0.1693359375
training_episode,2055366,2083.1636661999983,986.6560334883791,29695749,854.2103271484375,40.429222106933594,7.0421037673950195,3,4,8,1,0,0,0,21,1,0,LivesExhausted,,,,,,,,,
training_episode,2057916,2084.446028399998,987.2723841066002,40901752,1943.58935546875,80.45877838134766,17.435894012451172,4,4,17,2,1,0,1,52,1,1,LivesExhausted,,,,,,,,,
ppo_rollout,2058240,2084.615042499998,987.3477635139928,,,,,,,,,,,,,,,,,,,-0.01267658116024298,2.029842298229535,-0.23007683729132017,0.9954366087913513,0.024159834,0.17117513020833333
training_episode,2061480,2086.844276699998,987.8456303696473,51479381,2462.730712890625,98.55264282226562,22.62730598449707,4,5,19,3,2,1,0,36,0,0,LivesExhausted,,,,,,,,,
ppo_rollout,2064384,2088.3072976000003,988.5441679835653,,,,,,,,,,,,,,,,,,,-0.00982764251724196,3.9538479059934617,-0.21895128078758716,0.9891861081123352,0.015005205,0.12692057291666667
training_episode,2065206,2089.2788072000003,988.4779345307858,17547185,28554.666015625,306.3276672363281,285.046630859375,1,36,46,28,1,1,6,179,1,1,MaxDuration,,,,,,,,,
training_episode,2065350,2089.3552457999976,988.5106920672046,8749949,30977.33203125,304.6460266113281,309.7732849121094,0,42,46,31,3,3,10,143,6,1,MaxDuration,,,,,,,,,
training_episode,2066808,2090.0850740999995,988.8630973023801,53888148,2366.200927734375,95.34195709228516,21.66200828552246,4,5,21,3,3,1,0,44,0,0,LivesExhausted,,,,,,,,,
training_episode,2066868,2090.1202430999983,988.8751648730452,70854246,967.1568603515625,44.89847183227539,8.171568870544434,3,3,12,1,0,0,0,18,0,0,LivesExhausted,,,,,,,,,
ppo_rollout,2070528,2091.9793599999975,989.7459026555608,,,,,,,,,,,,,,,,,,,-0.00977445772732608,3.156623271107674,-0.2188003665457169,0.9913163781166077,0.018563543,0.13907877604166666
training_episode,2070570,2092.5477804,989.4971189638503,63627945,647.5703735351562,31.33062171936035,4.975704193115234,3,3,10,1,0,0,0,2,1,0,LivesExhausted,,,,,,,,,
training_episode,2071152,2092.8407946000007,989.6366724807914,54935438,1083.9261474609375,49.50769805908203,9.339261054992676,3,3,13,2,0,0,0,16,0,0,LivesExhausted,,,,,,,,,
training_episode,2074086,2094.3281117000006,990.3347944446156,12834380,1383.0880126953125,60.11591720581055,12.330879211425781,3,3,14,2,0,0,0,10,0,0,LivesExhausted,,,,,,,,,
training_episode,2076018,2095.326799299997,990.7848268315721,53678690,857.3517456054688,40.54920196533203,7.073517799377441,3,5,10,1,1,0,0,24,1,0,LivesExhausted,,,,,,,,,
training_episode,2076438,2095.5497512999973,990.8798389118936,47604408,2275.50537109375,92.37132263183594,21.25505256652832,3,4,20,3,0,1,0,16,0,0,LivesExhausted,,,,,,,,,
ppo_rollout,2076672,2095.6783913,990.9306736286908,,,,,,,,,,,,,,,,,,,-0.009308890227111987,3.6569798241058984,-0.22278060019016266,0.990436315536499,0.014291962,0.112158203125
training_episode,2079300,2097.641534899998,991.2561156923923,5608079,930.3104248046875,43.438716888427734,7.803104400634766,3,4,10,1,0,0,0,6,0,0,LivesExhausted,,,,,,,,,
ppo_rollout,2082816,2099.4647014,992.0700255694234,,,,,,,,,,,,,,,,,,,-0.01100691281123242,3.4006926010052365,-0.22791925022999446,0.9926062822341919,0.013588254,0.11604817708333333
training_episode,2087934,2102.772485499998,992.9433709056406,50327362,2481.60888671875,99.30280303955078,22.81608772277832,4,4,14,3,1,0,0,32,0,0,LivesExhausted,,,,,,,,,
training_episode,2088114,2102.8713131000004,992.9823032878576,29276833,27389.33203125,300.6421203613281,272.8932800292969,2,40,36,27,4,2,3,146,2,1,MaxDuration,,,,,,,,,
ppo_rollout,2088960,2103.318674599999,993.1733242454428,,,,,,,,,,,,,,,,,,,-0.013638199060612049,1.8787381981809934,-0.2262346307436625,0.9957290887832642,0.025930686,0.158203125
training_episode,2091372,2105.1226466000007,993.468006901066,65408338,556.041259765625,28.65056037902832,4.060412406921387,3,4,5,1,0,0,0,5,1,0,LivesExhausted,,,,,,,,,
training_episode,2093802,2106.3982824999985,994.0199901392588,31476142,1030.1654052734375,47.378055572509766,8.801653861999512,3,5,7,2,0,0,0,37,0,0,LivesExhausted,,,,,,,,,
training_episode,2094258,2106.6289094999993,994.1276275834763,48861156,28554.666015625,302.8242492675781,285.046630859375,1,36,37,28,6,3,4,150,2,1,MaxDuration,,,,,,,,,
ppo_rollout,2095104,2107.0845317999992,994.314166508657,,,,,,,,,,,,,,,,,,,-0.010704771289601922,4.619675147533417,-0.22356746420264245,0.9851174354553223,0.013898605,0.105517578125
training_episode,2100960,2110.6185215000005,995.4238431049415,24145112,1370.6563720703125,59.625999450683594,12.206563949584961,3,3,12,2,0,0,1,24,2,0,LivesExhausted,,,,,,,,,
ppo_rollout,2101248,2110.7692561000003,995.4892008813922,,,,,,,,,,,,,,,,,,,-0.012253142590634526,1.913051542143027,-0.2278372686356306,0.9957969784736633,0.021864817,0.16150716145833333
training_episode,2103060,2112.247191999999,995.6505128591034,11053987,2432.54345703125,97.36238861083984,22.8254337310791,3,4,17,3,0,0,0,45,1,0,LivesExhausted,,,,,,,,,
training_episode,2107314,2114.4183608999992,996.6400401021039,33465993,28554.666015625,306.1675109863281,285.046630859375,1,24,50,28,5,1,6,138,1,1,MaxDuration,,,,,,,,,
ppo_rollout,2107392,2114.4643507,996.6552518619391,,,,,,,,,,,,,,,,,,,-0.010624428349547087,2.64098651856184,-0.2355431581536929,0.9929223656654358,0.014493908,0.12249348958333334
training_episode,2110500,2116.6075696000007,997.1144534831485,54307064,1429.5699462890625,61.95560836791992,12.795699119567871,3,4,16,2,0,1,0,32,1,0,LivesExhausted,,,,,,,,,
training_episode,2112216,2117.479762799998,997.5141378479871,43415248,864.1506958007812,40.819156646728516,7.141507148742676,3,4,5,1,0,0,0,15,0,0,LivesExhausted,,,,,,,,,
training_episode,2112714,2117.7488004000006,997.6225695894387,35036928,23034.666015625,302.2637023925781,229.8466339111328,1,20,39,23,0,2,3,180,0,1,MaxDuration,,,,,,,,,
ppo_rollout,2113536,2118.174420799998,997.8101799575852,,,,,,,,,,,,,,,,,,,-0.007889095202942068,3.1440009623765945,-0.24165744533141453,0.9884292483329773,0.02746792,0.147900390625
training_episode,2115636,2119.7713915999993,998.0491332148426,14928960,26254.666015625,302.7441711425781,261.546630859375,2,24,45,27,3,0,5,202,2,1,MaxDuration,,,,,,,,,
training_episode,2117820,2120.8650560999995,998.5642386387378,27705898,1012.091552734375,46.668174743652344,8.620915412902832,3,3,11,2,0,0,0,4,0,0,LivesExhausted,,,,,,,,,
training_episode,2118924,2121.4194530999994,998.8236870853839,36293676,1652.898681640625,70.17658233642578,15.028985977172852,3,4,17,2,0,1,0,22,0,0,LivesExhausted,,,,,,,,,
ppo_rollout,2119680,2121.8007655,999.0004879183365,,,,,,,,,,,,,,,,,,,-0.009603976540771934,2.3208853527903557,-0.24303864513834317,0.9944777488708496,0.014620367,0.1296875
ppo_rollout,2125824,2125.5093665999993,1000.1480272940429,,,,,,,,,,,,,,,,,,,-0.009084339554343993,2.885438726345698,-0.24286859904726346,0.9907141327857971,0.013416599,0.121875
training_episode,2130336,2128.4679461999986,1000.8776518356016,36712592,26254.666015625,300.6120910644531,261.546630859375,2,31,42,27,0,1,4,156,1,1,MaxDuration,,,,,,,,,
ppo_rollout,2131968,2129.3105227999986,1001.2480458681559,,,,,,,,,,,,,,,,,,,-0.012773812463274225,3.596331959962845,-0.24305362477898598,0.9835910201072693,0.015996343,0.12003580729166667
training_episode,2135364,2131.7469483999994,1001.696754674712,16499895,890.3107299804688,41.85898208618164,7.403107643127441,3,3,9,1,0,0,0,12,2,0,LivesExhausted,,,,,,,,,
training_episode,2137284,2132.8508359000007,1002.0785157711831,73472471,27389.33203125,302.6741027832031,273.3932800292969,1,21,41,27,1,4,5,136,4,1,MaxDuration,,,,,,,,,
ppo_rollout,2138112,2133.3045375,1002.2535284651078,,,,,,,,,,,,,,,,,,,-0.01769801110882933,1.9535274401307106,-0.23786049063007036,0.9827102422714233,0.02202946,0.154638671875
training_episode,2142246,2136.1565408999995,1002.8506614489194,67502918,1297.167236328125,57.326385498046875,10.971673011779785,4,4,11,2,1,0,0,25,0,0,LivesExhausted,,,,,,,,,
ppo_rollout,2144256,2137.183826799999,1003.3091085152885,,,,,,,,,,,,,,,,,,,-0.014254017685501216,1.8301745692888896,-0.2350024717549483,0.9955881237983704,0.023851773,0.17654622395833333
training_episode,2145366,2138.324841999998,1003.2928383291924,66874544,488.816162109375,25.99049949645996,3.3881616592407227,3,3,6,1,0,0,0,9,0,0,LivesExhausted,,,,,,,,,
training_episode,2148870,2140.1013963999976,1004.0972841823068,56506373,28554.666015625,301.2827453613281,285.046630859375,1,31,42,28,3,2,4,159,2,1,MaxDuration,,,,,,,,,
ppo_rollout,2150400,2140.8959883999996,1004.4392682556723,,,,,,,,,,,,,,,,,,,-0.011063848398043774,2.1884389127294224,-0.23297514542937278,0.9957233667373657,0.022260642,0.16962890625
training_episode,2151708,2142.122651599999,1004.4746963451611,71377891,26254.666015625,300.5820617675781,261.546630859375,2,26,42,27,2,1,3,159,1,1,MaxDuration,,,,,,,,,
training_episode,2154240,2143.412533399998,1005.0515084853156,6445911,24077.33203125,303.4848937988281,239.77330017089844,2,26,45,24,4,1,4,143,3,1,MaxDuration,,,,,,,,,
training_episode,2155698,2144.144131599998,1005.3885689071565,28857917,30977.33203125,306.3977355957031,309.2732849121094,1,25,45,31,9,2,4,142,3,1,MaxDuration,,,,,,,,,
ppo_rollout,2156544,2144.5820883999986,1005.577735478023,,,,,,,,,,,,,,,,,,,-0.010286904130286227,2.7291089872519176,-0.225894695520401,0.9925531148910522,0.024269735,0.1556640625
training_episode,2157102,2145.4377075999982,1005.4367891263784,27601169,1611.998779296875,68.55623626708984,14.119988441467285,4,6,11,2,1,1,0,33,0,0,LivesExhausted,,,,,,,,,
training_episode,2158314,2146.0491072999976,1005.7151034700381,37550424,381.818359375,21.76040267944336,2.318183422088623,3,3,5,1,0,0,0,7,2,0,LivesExhausted,,,,,,,,,
training_episode,2158392,2146.0911315999983,1005.7317549189213,53992877,1255.2640380859375,55.67666244506836,11.052640914916992,3,3,14,2,0,0,0,34,0,0,LivesExhausted,,,,,,,,,
training_episode,2161728,2147.748107299998,1006.5090932463102,59752972,811.3323974609375,38.509544372558594,6.61332368850708,3,3,12,1,0,0,1,15,0,0,LivesExhausted,,,,,,,,,
ppo_rollout,2162688,2148.2354945999978,1006.7276168913191,,,,,,,,,,,,,,,,,,,-0.008133010354746754,2.7586495618025464,-0.21532742865383625,0.9945922493934631,0.016056368,0.132568359375
training_episode,2163456,2149.1826765000005,1006.6412798018845,9901968,914.3909301757812,42.80882263183594,7.643909454345703,3,3,11,1,0,0,1,21,0,0,LivesExhausted,,,,,,,,,
training_episode,2166786,2150.868583399999,1007.4004598527538,33989638,896.6668090820312,42.10894012451172,7.466668605804443,3,3,10,1,0,0,0,15,1,0,LivesExhausted,,,,,,,,,
ppo_rollout,2168832,2151.9119138999995,1007.8628153832448,,,,,,,,,,,,,,,,,,,-0.011803725782374385,3.1731927424669264,-0.21544558741152287,0.9928244352340698,0.015850425,0.13258463541666668
training_episode,2171004,2153.5561850999984,1008.1018619438487,36607863,1452.376708984375,62.8554573059082,13.02376651763916,3,3,14,2,0,0,0,26,1,0,LivesExhausted,,,,,,,,,
training_episode,2172162,2154.138576999998,1008.3668818675086,4246602,964.8439331054688,44.79848861694336,8.148439407348633,3,3,9,1,0,0,1,10,0,0,LivesExhausted,,,,,,,,,
training_episode,2173554,2154.846228899998,1008.6817197668679,39749733,26254.666015625,302.2236633300781,261.546630859375,2,21,43,27,7,4,2,156,2,1,MaxDuration,,,,,,,,,
ppo_rollout,2174976,2155.5874344999975,1008.9945623126625,,,,,,,,,,,,,,,,,,,-0.009753471707032684,4.3053002466758095,-0.21757981156309444,0.9896621704101562,0.013402027,0.10963541666666667
training_episode,2177004,2157.1919891,1009.1841667316157,5084434,1095.6749267578125,49.967620849609375,9.456748962402344,3,3,13,2,0,0,0,18,0,0,LivesExhausted,,,,,,,,,
training_episode,2179284,2158.3529409000002,1009.6976999004027,44043622,1039.2501220703125,47.74799346923828,8.892501831054688,3,3,10,2,0,0,0,23,1,0,LivesExhausted,,,,,,,,,
training_episode,2180208,2158.8297224999988,1009.9027159378019,19746494,1572.875,67.01590728759766,14.22874927520752,3,3,14,2,0,0,0,15,0,0,LivesExhausted,,,,,,,,,
ppo_rollout,2181120,2159.3012335999993,1010.1045495924736,,,,,,,,,,,,,,,,,,,-0.014175321530395498,1.965810347100099,-0.21921103037893772,0.9955819249153137,0.019112976,0.14415690104166667
training_episode,2181276,2159.947309799998,1009.8746344891056,19327578,733.2659912109375,35.56003952026367,5.832659721374512,3,3,11,1,0,0,0,8,0,0,LivesExhausted,,,,,,,,,
training_episode,2181600,2160.1247554999973,1009.9416686213718,2466209,27389.33203125,301.9333801269531,272.8932800292969,2,26,48,27,2,0,4,161,2,1,MaxDuration,,,,,,,,,
training_episode,2184918,2161.8063784000005,1010.6908841748838,11787090,574.3165283203125,27.64053726196289,4.243165016174316,3,3,9,1,0,0,0,5,0,0,LivesExhausted,,,,,,,,,
training_episode,2185332,2162.015239799999,1010.7847344323798,10425613,1106.4189453125,50.39754867553711,9.564188957214355,3,3,11,2,0,0,2,48,0,1,LivesExhausted,,,,,,,,,
training_episode,2186910,2162.851386899998,1011.1235627402422,58600953,1258.8145751953125,55.806640625,11.088146209716797,3,4,12,2,0,0,0,6,0,0,LivesExhausted,,,,,,,,,
ppo_rollout,2187264,2163.0537286,1011.1926352452049,,,,,,,,,,,,,,,,,,,-0.010394184085695694,2.3867069284121194,-0.2185384673376878,0.9954187273979187,0.022465363,0.15496419270833334
training_episode,2190324,2165.2063531999993,1011.6005787452447,38074069,23034.666015625,300.6621398925781,228.3466339111328,4,23,47,23,4,1,1,141,1,1,MaxDuration,,,,,,,,,
training_episode,2191398,2165.773331299999,1011.8316484600075,39540275,1109.2860107421875,50.507530212402344,9.592860221862793,3,5,10,2,0,0,1,33,0,0,LivesExhausted,,,,,,,,,
training_episode,2192814,2166.567861899999,1012.1141546321028,5189163,410.3845520019531,20.710378646850586,2.6038453578948975,3,3,5,1,0,0,0,11,0,0,LivesExhausted,,,,,,,,,
ppo_rollout,2193408,2166.9344420999987,1012.2170552951042,,,,,,,,,,,,,,,,,,,-0.008680636198065864,3.2906272689501446,-0.21738197145362695,0.9925713539123535,0.02128096,0.13948567708333334
training_episode,2194968,2168.3733281999994,1012.2648030457362,33884909,27389.33203125,304.7861633300781,272.8932800292969,2,19,50,27,4,0,3,120,5,1,MaxDuration,,,,,,,,,
training_episode,2195064,2168.4269834999977,1012.284027409126,58182037,2046.6385498046875,84.52964782714844,18.466384887695312,4,5,15,3,1,0,0,40,1,0,LivesExhausted,,,,,,,,,
training_episode,2196330,2169.1361761000007,1012.5367066390882,55877999,871.0629272460938,41.089111328125,7.210629463195801,3,4,9,1,2,0,0,30,0,0,LivesExhausted,,,,,,,,,
ppo_rollout,2199552,2170.8769151999986,1013.2089869302238,,,,,,,,,,,,,,,,,,,-0.011446292122127489,2.295021466910839,-0.2154724918305874,0.9956466555595398,0.02584335,0.15694986979166667
training_episode,2200668,2171.993357299998,1013.2019937370561,8959407,1516.8360595703125,65.40556335449219,13.168360710144043,4,6,11,2,1,0,0,30,0,0,LivesExhausted,,,,,,,,,
training_episode,2202252,2172.782873799999,1013.5628490795596,68131292,1078.841552734375,49.30773162841797,8.788415908813477,4,5,10,2,1,1,1,20,1,0,LivesExhausted,,,,,,,,,
ppo_rollout,2205696,2174.5444074999978,1014.3255720106522,,,,,,,,,,,,,,,,,,,-0.006843946505493174,2.178541720410188,-0.2112094630797704,0.9942338466644287,0.02194073,0.1701171875
training_episode,2207616,2176.0752834999985,1014.494313105414,69283311,2665.9736328125,105.37409973144531,25.15973472595215,3,4,18,3,0,0,0,41,0,1,LivesExhausted,,,,,,,,,
training_episode,2208798,2176.699818699999,1014.7462599225883,6341182,1590.5634765625,67.7060546875,14.405634880065918,3,3,16,2,1,0,0,17,0,0,LivesExhausted,,,,,,,,,
ppo_rollout,2211840,2178.264547499999,1015.4138543633443,,,,,,,,,,,,,,,,,,,-0.009331383658961082,3.2457345232367514,-0.2126194021354119,0.9934374690055847,0.013991828,0.11513671875
training_episode,2214150,2179.9692897999994,1015.6794457426217,62371197,1223.5103759765625,54.416873931884766,10.735103607177734,3,3,12,2,0,0,0,24,0,0,LivesExhausted,,,,,,,,,
training_episode,2214858,2180.3453606000003,1015.8289783002554,67188731,1108.7822265625,50.49753189086914,9.587821960449219,3,3,12,2,0,0,0,31,0,0,LivesExhausted,,,,,,,,,
training_episode,2217384,2181.637951599998,1016.3849590046718,55249625,29750.666015625,300.8423156738281,297.0066223144531,1,32,43,30,2,3,4,169,0,1,MaxDuration,,,,,,,,,
ppo_rollout,2217984,2181.9396729,1016.5193967311176,,,,,,,,,,,,,,,,,,,-0.008506883965067876,4.2141429821650185,-0.21115403374036154,0.992782473564148,0.010810276,0.09855143229166667
training_episode,2221224,2184.1572753,1016.9707214398784,1733106,640.8281860351562,31.990636825561523,4.9082818031311035,3,3,5,1,0,0,1,22,0,0,LivesExhausted,,,,,,,,,
training_episode,2223366,2185.2625547999996,1017.4365524711458,5922266,26254.666015625,303.7551574707031,262.046630859375,1,30,40,27,1,2,3,159,2,1,MaxDuration,,,,,,,,,
ppo_rollout,2224128,2185.672210599998,1017.5944907079389,,,,,,,,,,,,,,,,,,,-0.011286986673561235,2.000829181075096,-0.20057262815535068,0.9971407055854797,0.03054213,0.17913411458333334
training_episode,2224788,2186.5772460000007,1017.4751448044655,17756643,2165.19970703125,88.62052154541016,20.151996612548828,3,5,16,3,0,1,0,60,0,0,LivesExhausted,,,,,,,,,
training_episode,2227344,2187.8297146000004,1018.0609510586265,6655369,669.2470703125,33.12044906616211,5.192470550537109,3,3,6,1,0,0,0,3,0,0,LivesExhausted,,,,,,,,,
ppo_rollout,2230272,2189.298868499998,1018.7151841575995,,,,,,,,,,,,,,,,,,,-0.010126963636139408,3.6719624837239584,-0.19156356727083523,0.9932997822761536,0.012955077,0.11481119791666666
training_episode,2231388,2190.454676900001,1018.6871353841154,1628377,683.3696899414062,33.67035675048828,4.8336968421936035,4,5,10,1,1,0,0,20,0,0,LivesExhausted,,,,,,,,,
training_episode,2231790,2190.6630889000007,1018.7737271460809,72739368,27389.33203125,305.9973449707031,272.8932800292969,2,23,43,27,3,2,4,147,3,1,MaxDuration,,,,,,,,,
ppo_rollout,2236416,2192.993508899999,1019.800556145641,,,,,,,,,,,,,,,,,,,-0.016710608343904216,1.9383495877186456,-0.17915735157827536,0.9960550665855408,0.02579219,0.17252604166666666
training_episode,2238504,2194.598122899999,1020.0063404054965,28753188,1261.91650390625,55.93661880493164,11.11916446685791,3,3,13,2,0,0,1,44,0,0,LivesExhausted,,,,,,,,,
training_episode,2238924,2194.8170845999994,1020.0959413472212,26658608,26254.666015625,305.5669250488281,261.046630859375,3,28,46,27,3,3,2,152,0,1,MaxDuration,,,,,,,,,
ppo_rollout,2242560,2196.6840945000004,1020.8841615482456,,,,,,,,,,,,,,,,,,,-0.009313536749687046,4.011796432733536,-0.1687569556136926,0.9912573099136353,0.013670024,0.12462565104166666
training_episode,2242998,2197.472496899998,1020.7172117804547,13148567,2416.243896484375,96.72225189208984,22.662437438964844,3,5,17,3,0,2,0,24,2,0,LivesExhausted,,,,,,,,,
ppo_rollout,2248704,2200.3839109,1021.9598447619244,,,,,,,,,,,,,,,,,,,-0.011924022568079333,3.582889610528946,-0.16372140782574812,0.9925308227539062,0.01717671,0.12900390625
training_episode,2248968,2201.075684899999,1021.758595321622,52945587,1089.078369140625,49.707664489746094,9.390783309936523,3,3,13,2,1,0,1,24,1,0,LivesExhausted,,,,,,,,,
training_episode,2251290,2202.2651719999994,1022.2610921805925,71901536,27389.33203125,303.5649719238281,272.8932800292969,2,26,44,27,2,0,4,167,3,1,MaxDuration,,,,,,,,,
training_episode,2254668,2203.951153599999,1023.0117833224926,66979273,1032.54150390625,47.4780387878418,8.82541561126709,3,4,11,2,0,0,1,25,0,0,LivesExhausted,,,,,,,,,
ppo_rollout,2254848,2204.0467398,1023.0490847960011,,,,,,,,,,,,,,,,,,,-0.013619716143390784,1.947322946290175,-0.16757578104734422,0.996596097946167,0.020342892,0.15916341145833332
training_episode,2257518,2205.9827855999974,1023.3615668881956,56401644,23034.666015625,302.3938293457031,229.3466339111328,2,15,52,23,3,6,4,144,0,1,MaxDuration,,,,,,,,,
training_episode,2258616,2206.5383306000003,1023.6015249215448,11472903,1406.496826171875,61.04576110839844,12.56496810913086,3,3,15,2,0,0,0,27,0,0,LivesExhausted,,,,,,,,,
training_episode,2260830,2207.6735353999975,1024.0780458467432,10006697,26254.666015625,300.3117980957031,262.046630859375,1,33,47,27,6,4,3,150,1,1,MaxDuration,,,,,,,,,
ppo_rollout,2260992,2207.7621808000004,1024.1103048430296,,,,,,,,,,,,,,,,,,,-0.007970584459447613,3.6064146543542543,-0.1692128458370765,0.9924908876419067,0.020923913,0.151708984375
training_episode,2262876,2209.281801199999,1024.258652187734,31161955,1606.719482421875,68.35619354248047,14.567194938659668,3,3,9,2,1,0,0,36,0,0,LivesExhausted,,,,,,,,,
training_episode,2266098,2210.9072159999996,1024.9629580113508,40378107,1686.2330322265625,71.49686431884766,15.362329483032227,3,3,16,2,0,0,0,32,0,0,LivesExhausted,,,,,,,,,
ppo_rollout,2267136,2211.4450558999997,1025.1830557360763,,,,,,,,,,,,,,,,,,,-0.014125710859661921,1.5128289396564165,-0.1713397681713104,0.9978663921356201,0.024305442,0.195068359375
ppo_rollout,2273280,2215.1027509999985,1026.2639053532562,,,,,,,,,,,,,,,,,,,-0.007346349182383468,2.0382731492320696,-0.17146359446148077,0.9960030317306519,0.021132728,0.183349609375
training_episode,2274846,2216.4681999999993,1026.3382077847996,52421942,29750.666015625,302.7942199707031,297.5066223144531,0,24,43,30,2,1,5,164,1,1,MaxDuration,,,,,,,,,
training_episode,2275386,2216.7321133999976,1026.45961875386,42367958,24077.33203125,303.8052062988281,239.77330017089844,2,26,42,24,1,3,3,126,1,1,MaxDuration,,,,,,,,,
ppo_rollout,2279424,2218.8188482000005,1027.3141504315076,,,,,,,,,,,,,,,,,,,-0.011114033425110392,3.466970869898796,-0.1723261962334315,0.9921881556510925,0.011995471,0.10402018229166667
training_episode,2281260,2220.3041529999973,1027.45382740362,45405099,1069.550048828125,48.93779373168945,9.195500373840332,3,3,12,2,0,0,0,8,1,0,LivesExhausted,,,,,,,,,
training_episode,2284452,2221.9501380999973,1028.1292819439452,32313974,1932.1875,80.00868225097656,17.821874618530273,3,4,17,2,0,1,0,43,1,0,LivesExhausted,,,,,,,,,
ppo_rollout,2285568,2222.5062832000003,1028.37414556561,,,,,,,,,,,,,,,,,,,-0.006129560130648315,2.094396176934242,-0.17081846669316292,0.9938772320747375,0.022048565,0.1427734375
ppo_rollout,2291712,2226.2191501999987,1029.4188691145332,,,,,,,,,,,,,,,,,,,-0.008833709287379558,1.9871367598573366,-0.17709497610727945,0.9953874945640564,0.030289948,0.156201171875
training_episode,2294634,2228.2551956999996,1029.7895880274825,44776725,26254.666015625,300.1015930175781,262.046630859375,1,30,45,27,3,3,3,194,2,1,MaxDuration,,,,,,,,,
training_episode,2296998,2229.5325629,1030.2599021080214,40273378,25150.666015625,301.3428039550781,251.5066375732422,0,23,38,26,5,2,4,134,0,1,MaxDuration,,,,,,,,,
ppo_rollout,2297856,2229.9927100999994,1030.4320680478625,,,,,,,,,,,,,,,,,,,-0.009503502682006608,3.754529477159182,-0.1790863533814748,0.9812268018722534,0.012971542,0.145068359375
training_episode,2298924,2231.109044599998,1030.3951774854465,23830925,26254.666015625,300.3418273925781,262.546630859375,0,22,47,27,4,2,3,125,1,1,MaxDuration,,,,,,,,,
training_episode,2302344,2232.9385139999977,1031.0825782102133,12206006,26254.666015625,302.0034484863281,261.546630859375,2,24,45,27,2,2,3,140,1,1,MaxDuration,,,,,,,,,
ppo_rollout,2304000,2233.8495913000006,1031.403371548921,,,,,,,,,,,,,,,,,,,-0.017530106854004166,1.816240620613098,-0.1688496932387352,0.9929800033569336,0.029597312,0.17522786458333334
training_episode,2304414,2234.6768591,1031.2068121240966,41530126,1425.7030029296875,61.79563522338867,12.75702953338623,3,3,10,2,0,0,0,30,1,0,LivesExhausted,,,,,,,,,
training_episode,2309328,2237.3161142999998,1032.1867282141,11577632,2115.96923828125,86.66010284423828,19.659692764282227,3,3,15,3,0,0,0,63,0,0,LivesExhausted,,,,,,,,,
ppo_rollout,2310144,2237.7311917000006,1032.3599226612146,,,,,,,,,,,,,,,,,,,-0.009715810356040796,2.879611587027709,-0.1582913376390934,0.994788408279419,0.017670453,0.129248046875
training_episode,2314710,2240.5834351999983,1033.0835994033782,11158716,2078.26318359375,85.7899169921875,19.28263282775879,3,4,16,3,0,2,0,61,0,0,LivesExhausted,,,,,,,,,
ppo_rollout,2316288,2241.3838216999975,1033.4187199777282,,,,,,,,,,,,,,,,,,,-0.01258020765768985,2.5798425267140073,-0.15799444591005643,0.9954285621643066,0.012837782,0.112744140625
training_episode,2317854,2242.748518299999,1033.4881423785002,53050316,28554.666015625,304.8962707519531,285.546630859375,0,18,48,28,5,1,4,144,2,1,MaxDuration,,,,,,,,,
training_episode,2320836,2244.258139400001,1034.12168112732,59543514,27389.33203125,303.1545715332031,273.8932800292969,0,25,44,27,3,3,2,169,3,1,MaxDuration,,,,,,,,,
ppo_rollout,2322432,2245.0753461999993,1034.4561504053456,,,,,,,,,,,,,,,,,,,-0.011611030283772077,1.868010549247265,-0.145144122838974,0.9960047602653503,0.030955382,0.17666015625
training_episode,2324658,2246.7927162999986,1034.6561937534805,6236453,1280.9947509765625,56.686492919921875,11.30994701385498,3,3,13,2,0,0,1,26,1,0,LivesExhausted,,,,,,,,,
ppo_rollout,2328576,2248.7773261,1035.4853604106693,,,,,,,,,,,,,,,,,,,-0.011697654307742293,2.6631641616423924,-0.13302623033523558,0.9944179654121399,0.019710753,0.13486328125
training_episode,2331414,2250.792606799998,1035.8191123235576,67084002,27389.33203125,306.4577941894531,273.3932800292969,1,32,45,27,3,2,4,138,2,1,MaxDuration,,,,,,,,,
ppo_rollout,2334720,2252.4905046999993,1036.5060341557146,,,,,,,,,,,,,,,,,,,-0.008179487431577096,4.098573306202889,-0.12957862317562102,0.9890838861465454,0.012858684,0.12083333333333333
training_episode,2337420,2254.4518264,1036.8019279136636,59962430,2705.427978515625,106.33430480957031,25.554277420043945,3,4,20,3,0,0,0,46,1,1,LivesExhausted,,,,,,,,,
training_episode,2338572,2255.041176399998,1037.0418174506917,73158284,26254.666015625,301.8733215332031,262.046630859375,1,15,45,27,2,1,1,164,3,1,MaxDuration,,,,,,,,,
ppo_rollout,2340864,2256.2076196999988,1037.5215381602416,,,,,,,,,,,,,,,,,,,-0.015867503641250853,1.448811411857605,-0.1264037996530533,0.9971329569816589,0.033298768,0.21375325520833333
training_episode,2345460,2259.0665673999974,1038.2429778062867,24878215,23034.666015625,301.0425109863281,230.3466339111328,0,15,44,23,1,2,1,156,1,1,MaxDuration,,,,,,,,,
ppo_rollout,2347008,2259.8395825000007,1038.5728341847907,,,,,,,,,,,,,,,,,,,-0.008181277332672229,3.27779803276062,-0.12231554687023163,0.9929526448249817,0.016290873,0.14225260416666666
training_episode,2350914,2262.4113897999996,1039.1187078526086,73681929,25150.666015625,301.6531066894531,251.5066375732422,0,22,47,26,2,4,1,123,2,1,MaxDuration,,,,,,,,,
ppo_rollout,2353152,2263.558510499999,1039.580814493817,,,,,,,,,,,,,,,,,,,-0.012848966374682884,2.5225597490866978,-0.11844630539417267,0.9938415884971619,0.019114466,0.13318684895833333
training_episode,2355180,2265.1830162999977,1039.730557333511,26344421,1956.6405029296875,80.97888946533203,17.566404342651367,4,4,17,2,1,0,0,29,1,0,LivesExhausted,,,,,,,,,
training_episode,2356842,2266.0327556999982,1040.0741092870699,65198880,26254.666015625,300.0215148925781,262.546630859375,0,27,43,27,0,2,3,194,3,1,MaxDuration,,,,,,,,,
ppo_rollout,2359296,2267.2650796999988,1040.5911603032225,,,,,,,,,,,,,,,,,,,-0.01208602831660149,1.8475538169344266,-0.11620361208915711,0.9949964880943298,0.025703797,0.16103515625
ppo_rollout,2365440,2270.9175601999996,1041.6230168177817,,,,,,,,,,,,,,,,,,,-0.01207604586573628,1.9124638299147287,-0.11793865660826365,0.9949502944946289,0.023412002,0.17369791666666667
training_episode,2367720,2272.6450724999995,1041.8344811736988,58286766,26254.666015625,302.4939270019531,262.046630859375,1,24,44,27,1,1,6,118,0,1,MaxDuration,,,,,,,,,
training_episode,2371182,2274.4326263999974,1042.53780590245,45509828,590.3351440429688,28.830564498901367,4.403350830078125,3,3,9,1,0,0,1,17,0,0,LivesExhausted,,,,,,,,,
ppo_rollout,2371584,2274.6537064999975,1042.61320886912,,,,,,,,,,,,,,,,,,,-0.011269313838177671,5.038601937890053,-0.11839584112167359,0.9812664985656738,0.009882874,0.09939778645833333
training_episode,2373498,2276.1808407999997,1042.7545814706868,25820776,26254.666015625,300.6120910644531,262.546630859375,0,14,49,27,3,1,5,171,2,1,MaxDuration,,,,,,,,,
training_episode,2374752,2276.8102832000004,1043.0170741597078,29381562,24077.33203125,301.4829406738281,239.27330017089844,3,23,46,24,1,0,2,164,5,1,MaxDuration,,,,,,,,,
ppo_rollout,2377728,2278.3303834,1043.6273936933005,,,,,,,,,,,,,,,,,,,-0.015372285617437835,1.5808536340792974,-0.11524903376897176,0.9927647113800049,0.029294683,0.19801432291666668
ppo_rollout,2383872,2282.019139799999,1044.6327808665653,,,,,,,,,,,,,,,,,,,-0.013822881681456541,1.455118683973948,-0.10799658099810282,0.9972500205039978,0.025151448,0.19627278645833332
training_episode,2387250,2284.3207765999978,1045.0590059217527,72634639,26254.666015625,302.7641906738281,261.546630859375,2,22,49,27,2,4,4,146,1,1,MaxDuration,,,,,,,,,
ppo_rollout,2390016,2285.7201800000003,1045.6293035834333,,,,,,,,,,,,,,,,,,,-0.011011957427641998,2.5060633411010107,-0.09931508302688599,0.9931488633155823,0.02292042,0.162451171875
training_episode,2391192,2286.8857551,1045.610605893795,50641549,26254.666015625,300.0615539550781,261.546630859375,2,27,47,27,2,3,6,143,2,1,MaxDuration,,,,,,,,,
training_episode,2393328,2287.9785037999973,1046.0447928269573,29486291,27389.33203125,304.0054016113281,272.3932800292969,3,28,47,27,4,1,5,146,5,1,MaxDuration,,,,,,,,,
ppo_rollout,2396160,2289.4453914000005,1046.611554484269,,,,,,,,,,,,,,,,,,,-0.005935018148738891,3.7199713279803595,-0.09574059347311656,0.9846115708351135,0.010398773,0.12892252604166668
ppo_rollout,2402304,2293.0902142999985,1047.627339307861,,,,,,,,,,,,,,,,,,,-0.016857936598050096,1.5603653013706207,-0.09111071626345317,0.9971469640731812,0.03184266,0.18424479166666666
training_episode,2407680,2296.4769804999996,1048.423311204186,1209461,26254.666015625,304.1054992675781,262.046630859375,1,29,38,27,2,3,4,139,4,1,MaxDuration,,,,,,,,,
ppo_rollout,2408448,2296.8855275999995,1048.5711939317114,,,,,,,,,,,,,,,,,,,-0.007928689817587535,4.30881073375543,-0.08470074832439423,0.9864799380302429,0.010263305,0.116064453125
training_episode,2410092,2298.3510115999998,1048.6178951065492,1418919,24077.33203125,304.9363098144531,240.27330017089844,1,14,48,24,3,1,0,185,2,1,MaxDuration,,,,,,,,,
training_episode,2410980,2298.8679027,1048.7683947252146,25297131,23034.666015625,301.8633117675781,229.34661865234375,2,25,49,23,2,3,1,136,2,1,MaxDuration,,,,,,,,,
ppo_rollout,2414592,2300.828426100001,1049.4446142135132,,,,,,,,,,,,,,,,,,,-0.017351111847286424,1.7759207596381505,-0.07198395828406016,0.9721777439117432,0.035774726,0.20989583333333334
training_episode,2415036,2301.624563900001,1049.2745158697076,1942564,1411.907958984375,61.2557258605957,12.61907958984375,3,4,12,2,0,0,1,18,0,1,LivesExhausted,,,,,,,,,
ppo_rollout,2420736,2304.5802411000004,1050.4021326003199,,,,,,,,,,,,,,,,,,,-0.010207902839950597,2.0254176437854765,-0.06046503484249115,0.9947129487991333,0.020909488,0.1884765625
training_episode,2423670,2306.611978699999,1050.748900283599,50955736,24077.33203125,303.4448547363281,240.27330017089844,1,19,48,24,2,4,1,159,2,1,MaxDuration,,,,,,,,,
ppo_rollout,2426880,2308.2201012000005,1051.4075320366157,,,,,,,,,,,,,,,,,,,-0.01230154520017095,2.073899748424689,-0.05567609667778015,0.9941886067390442,0.024267593,0.15213216145833333
training_episode,2427924,2309.3194067999975,1051.35911162863,48965885,27389.33203125,306.0574035644531,273.3932800292969,1,24,44,27,4,5,6,139,1,1,MaxDuration,,,,,,,,,
training_episode,2429532,2310.1446116999978,1051.67961680639,3094583,26254.666015625,301.6430969238281,262.046630859375,1,17,45,27,4,1,4,182,4,1,MaxDuration,,,,,,,,,
training_episode,2431674,2311.257166899999,1052.1001448149154,61323907,637.2139282226562,31.230619430541992,4.872138977050781,3,3,9,1,0,0,1,25,0,0,LivesExhausted,,,,,,,,,
training_episode,2432148,2311.507590099998,1052.1912237782367,27182253,1664.8433837890625,70.64668273925781,15.148433685302734,3,3,17,2,0,0,0,24,0,0,LivesExhausted,,,,,,,,,
ppo_rollout,2433024,2311.958639799999,1052.3648468946978,,,,,,,,,,,,,,,,,,,-0.009988010511733592,2.1172071744998298,-0.050226966540018715,0.992448627948761,0.030291518,0.16884765625
training_episode,2436474,2314.2665089999973,1052.8061442036808,43101061,843.525146484375,39.99929428100586,6.935251235961914,3,5,8,1,0,0,0,20,1,0,LivesExhausted,,,,,,,,,
ppo_rollout,2439168,2315.6237067,1053.352491142036,,,,,,,,,,,,,,,,,,,-0.012695994367823005,1.896210072437922,-0.046839840213457745,0.996438205242157,0.021859499,0.18274739583333333
training_episode,2444088,2318.6756657999977,1054.0879158089288,39330817,1466.6724853515625,63.42536163330078,12.666725158691406,4,6,15,2,1,1,1,5,0,1,LivesExhausted,,,,,,,,,
ppo_rollout,2445312,2319.3145994999977,1054.325273736976,,,,,,,,,,,,,,,,,,,-0.013472993669953819,1.4622794538736343,-0.04421499172846476,0.9970571994781494,0.027616188,0.18616536458333333
training_episode,2446386,2320.4413317,1054.2761700455192,39121359,24077.33203125,302.4138488769531,239.27330017089844,3,10,45,24,4,0,3,159,0,1,MaxDuration,,,,,,,,,
training_episode,2447748,2321.1371080999998,1054.546925064517,25716047,27389.33203125,306.3677062988281,273.8932800292969,0,15,49,27,4,1,5,119,1,1,MaxDuration,,,,,,,,,
training_episode,2451042,2322.8039720999986,1055.2082868121083,64465777,568.2103881835938,27.430532455444336,4.182103633880615,3,4,8,1,0,0,1,0,0,0,LivesExhausted,,,,,,,,,
ppo_rollout,2451456,2323.0094040000004,1055.293188128652,,,,,,,,,,,,,,,,,,,-0.010317968685800831,4.450773628552755,-0.04598891238371531,0.9849904179573059,0.013010885,0.11888020833333333
training_episode,2451582,2323.6440589999984,1055.059181936437,21317429,24077.33203125,304.5058898925781,240.77330017089844,0,19,45,24,1,4,0,157,3,1,MaxDuration,,,,,,,,,
training_episode,2452596,2324.1660712999983,1055.2584990745372,62685384,1140.1544189453125,51.73732376098633,9.901543617248535,3,3,13,2,0,0,0,25,0,0,LivesExhausted,,,,,,,,,
ppo_rollout,2457600,2326.6890773999985,1056.2648975626303,,,,,,,,,,,,,,,,,,,-0.015274486448227738,1.8075327853361765,-0.04277894000212352,0.9963202476501465,0.025465816,0.17350260416666666
training_episode,2460888,2328.9428157999973,1056.6545401221795,30952497,1625.5137939453125,69.08634948730469,14.755138397216797,3,4,14,2,0,2,0,39,0,0,LivesExhausted,,,,,,,,,
training_episode,2463072,2330.0580683000007,1057.0861016339586,56820560,2375.505615234375,95.7120361328125,22.255056381225586,3,4,19,3,0,1,0,51,0,0,LivesExhausted,,,,,,,,,
ppo_rollout,2463744,2330.4048957999985,1057.2171404378328,,,,,,,,,,,,,,,,,,,-0.010272430349141359,1.5862409487366675,-0.04258322219053904,0.9952058792114258,0.022726959,0.178173828125
training_episode,2466048,2332.1161816999993,1057.4293079182578,55773270,24077.33203125,304.2656555175781,239.77330017089844,2,21,48,24,4,1,1,146,3,1,MaxDuration,,,,,,,,,
training_episode,2468316,2333.247580899999,1057.8885927947267,22888364,26254.666015625,301.3528137207031,262.046630859375,1,26,44,27,2,3,3,148,4,1,MaxDuration,,,,,,,,,
ppo_rollout,2469888,2334.045414199998,1058.2004895764046,,,,,,,,,,,,,,,,,,,-0.010001777615010117,3.948056571682294,-0.04764191210269928,0.987348735332489,0.016564963,0.13619791666666667
training_episode,2475000,2337.2041284999978,1058.9575680702048,30847768,2483.564697265625,99.37281799316406,23.33564567565918,3,3,16,3,1,0,0,33,1,0,LivesExhausted,,,,,,,,,
training_episode,2475930,2337.6942375,1059.1333803550945,28229543,1990.32861328125,82.30917358398438,17.903287887573242,4,5,20,2,2,1,0,28,3,0,LivesExhausted,,,,,,,,,
ppo_rollout,2476032,2337.752799599999,1059.1504800779883,,,,,,,,,,,,,,,,,,,-0.014111805584980175,1.5419612328211467,-0.057952155669530235,0.9973726272583008,0.025479622,0.19772135416666667
training_episode,2480622,2340.661235399999,1059.795395627203,19955952,27389.33203125,304.4057922363281,272.8932800292969,2,29,45,27,1,3,3,156,1,1,MaxDuration,,,,,,,,,
training_episode,2480994,2340.8509350999993,1059.8684276724412,40797023,1095.0458984375,49.94762420654297,9.450458526611328,3,3,10,2,0,0,1,22,0,0,LivesExhausted,,,,,,,,,
ppo_rollout,2482176,2341.4623691999986,1060.0964733198248,,,,,,,,,,,,,,,,,,,-0.009610627725487575,4.735043763120969,-0.06557374000549317,0.9906101822853088,0.011283059,0.11277669270833333
training_episode,2487492,2344.7136790000004,1060.8937126433677,18385017,27389.33203125,303.7251281738281,273.3932800292969,1,26,39,27,2,4,3,175,2,1,MaxDuration,,,,,,,,,
ppo_rollout,2488320,2345.1314243999987,1061.0578043133066,,,,,,,,,,,,,,,,,,,-0.014069862972246484,1.5146704385677974,-0.05944635570049286,0.997092068195343,0.029743241,0.18896484375
training_episode,2490330,2346.7271548999997,1061.1928168982727,71796807,1860.234375,77.76820373535156,17.102344512939453,3,3,14,2,0,0,0,19,0,0,LivesExhausted,,,,,,,,,
ppo_rollout,2494464,2348.7955132999996,1062.0183774514026,,,,,,,,,,,,,,,,,,,-0.006673683241630594,3.9923983782529833,-0.04926383296648661,0.9907866716384888,0.01850515,0.16756184895833334
training_episode,2496930,2350.622636,1062.2419616655134,4874976,23034.666015625,300.3017883300781,229.3466339111328,2,24,47,23,1,1,2,148,4,1,MaxDuration,,,,,,,,,
validation,2500002,,,,,,,,,,,,,,,,,,17906.852054138184,24613.9990234375,11898.16206659625,,,,,,
ppo_rollout,2500608,2574.590155599999,971.2644921604007,,,,,,,,,,,,,,,,,,,-0.009408954884080837,1.9445405041178068,-0.05200822651386261,0.994239866733551,0.03705972,0.19495442708333333
training_episode,2504514,2577.1436651000004,971.8177662799477,10530342,26254.666015625,301.6130676269531,262.546630859375,0,22,47,27,0,1,2,163,3,1,MaxDuration,,,,,,,,,
ppo_rollout,2506752,2578.3141287,972.244604370189,,,,,,,,,,,,,,,,,,,-0.00903875263951098,3.946845385432243,-0.052519445617993675,0.983978271484375,0.015380911,0.129296875
training_episode,2512038,2581.5405594000003,973.0770995842289,32523432,26254.666015625,300.8623352050781,262.046630859375,1,22,38,27,2,3,3,136,1,1,MaxDuration,,,,,,,,,
ppo_rollout,2512896,2581.987347799997,973.2410200000139,,,,,,,,,,,,,,,,,,,-0.015466394823549005,2.492181905110677,-0.0540638397137324,0.9895147681236267,0.020132791,0.147314453125
training_episode,2516736,2584.5048835999987,973.7787751804893,41425397,26254.666015625,300.9223937988281,261.546630859375,2,25,42,27,5,1,6,171,0,1,MaxDuration,,,,,,,,,
ppo_rollout,2519040,2585.6867944000005,974.2247225981345,,,,,,,,,,,,,,,,,,,-0.01312758265218387,1.836709169546763,-0.04986838797728221,0.9926419258117676,0.027701385,0.18212890625
training_episode,2521452,2587.4765712000008,974.4830264610356,44148351,825.5643310546875,39.29941177368164,6.755643367767334,3,3,10,1,0,0,0,17,1,0,LivesExhausted,,,,,,,,,
training_episode,2523660,2588.636767199998,974.8992334408199,65827254,23034.666015625,301.3728332519531,229.8466339111328,1,24,42,23,1,3,5,142,1,1,MaxDuration,,,,,,,,,
ppo_rollout,2525184,2589.423304199998,975.1916559583739,,,,,,,,,,,,,,,,,,,-0.016141552373301237,1.4153149873018265,-0.041448841492335,0.9964682459831238,0.028038217,0.199267578125
training_episode,2525190,2589.9910781,974.9801925389112,63942132,626.81494140625,31.130617141723633,4.768149375915527,3,4,9,1,0,0,0,15,0,0,LivesExhausted,,,,,,,,,
training_episode,2526816,2590.8122055999993,975.2987864339714,14195857,30977.33203125,304.0054016113281,309.7732849121094,0,26,48,31,1,1,5,140,0,1,MaxDuration,,,,,,,,,
training_episode,2527110,2590.9633164999977,975.3553760899039,24459299,558.0117797851562,28.730562210083008,4.080117225646973,3,3,9,1,0,0,0,9,0,0,LivesExhausted,,,,,,,,,
ppo_rollout,2531328,2593.1079814000004,976.1753147793537,,,,,,,,,,,,,,,,,,,-0.013377825944917276,2.7266326526800793,-0.03326088786125183,0.9935523271560669,0.019896537,0.14446614583333334
training_episode,2532024,2594.0178204000003,976.1012357307395,25611318,928.8349609375,43.378726959228516,7.788349151611328,3,3,12,1,0,0,1,24,0,0,LivesExhausted,,,,,,,,,
training_episode,2533266,2594.6633349999975,976.3370707205844,55459083,26254.666015625,302.7742004394531,261.546630859375,2,23,45,27,2,3,4,159,0,1,MaxDuration,,,,,,,,,
training_episode,2534652,2595.3931279999997,976.5965597486163,35979489,1452.1246337890625,62.845458984375,13.021246910095215,3,3,15,2,0,0,1,22,0,1,LivesExhausted,,,,,,,,,
ppo_rollout,2537472,2596.803176999998,977.1522241171388,,,,,,,,,,,,,,,,,,,-0.012692839656180392,1.789178366959095,-0.03044159511725108,0.9965653419494629,0.024098294,0.18396809895833333
training_episode,2540670,2598.9329738999986,977.581963642345,7493201,1422.3778076171875,61.66565704345703,12.223777770996094,4,5,11,2,1,1,1,25,0,1,LivesExhausted,,,,,,,,,
training_episode,2541162,2599.1810011999987,977.6779681087187,55354354,26254.666015625,305.3667297363281,261.046630859375,3,14,47,27,4,1,2,157,1,1,MaxDuration,,,,,,,,,
ppo_rollout,2543616,2600.4419703999993,978.147572202406,,,,,,,,,,,,,,,,,,,-0.00909432982831883,5.408937190969785,-0.0312694529692332,0.987650454044342,0.019670963,0.12532552083333334
training_episode,2546232,2602.298949,978.4548393175406,28648459,900.0880126953125,42.23891830444336,7.500880241394043,3,3,11,1,0,0,0,25,1,0,LivesExhausted,,,,,,,,,
training_episode,2548206,2603.3135525,978.8317652143442,65513067,23034.666015625,301.3828430175781,229.3466339111328,2,25,44,23,2,3,4,145,0,1,MaxDuration,,,,,,,,,
training_episode,2548494,2603.4690076999977,978.8839400287063,66769815,1510.78173828125,65.16551208496094,13.107816696166992,4,4,14,2,1,0,1,16,0,1,LivesExhausted,,,,,,,,,
ppo_rollout,2549760,2604.1271492999986,979.1226978626552,,,,,,,,,,,,,,,,,,,-0.005832901976342934,3.5115559245149295,-0.030888495842615764,0.9885373711585999,0.03288835,0.17649739583333332
training_episode,2551986,2605.8039814000003,979.3468803547203,2152022,1044.1810302734375,47.93796157836914,8.94180965423584,3,3,9,2,0,0,0,20,0,0,LivesExhausted,,,,,,,,,
training_episode,2553822,2606.742521,979.6986006198653,64256319,954.4804077148438,44.38855743408203,8.044803619384766,3,4,9,1,0,0,1,14,0,0,LivesExhausted,,,,,,,,,
ppo_rollout,2555904,2607.817889599999,980.0929774249068,,,,,,,,,,,,,,,,,,,-0.005247789101364712,2.2794188747803372,-0.03312670886516571,0.9932071566581726,0.029080011,0.182470703125
training_episode,2556720,2608.8184291,980.0298753953632,1000003,441.2381591796875,24.110456466674805,2.912381649017334,3,3,8,1,0,0,0,6,0,0,LivesExhausted,,,,,,,,,
training_episode,2560920,2610.9606440999996,980.8343935734624,61219178,1776.1820068359375,74.44749450683594,15.261820793151855,5,5,16,2,2,0,0,48,0,0,LivesExhausted,,,,,,,,,
training_episode,2561790,2611.4046396999984,981.0007844262319,36817321,24077.33203125,304.9763488769531,239.27330017089844,3,28,50,24,4,9,1,178,3,1,MaxDuration,,,,,,,,,
ppo_rollout,2562048,2611.5442949999997,981.0471164150789,,,,,,,,,,,,,,,,,,,-0.010312769775434086,2.7970277617375054,-0.03558519283930461,0.9930558204650879,0.018713191,0.15598958333333332
ppo_rollout,2568192,2615.2536193999986,982.0049500932167,,,,,,,,,,,,,,,,,,,-0.012336075018780927,2.126498472193877,-0.033746948838233946,0.9933332800865173,0.02882044,0.18927408854166666
training_episode,2568360,2615.8967699999994,981.8277347389364,55144896,28554.666015625,302.7441711425781,285.046630859375,1,23,46,28,0,1,5,178,1,1,MaxDuration,,,,,,,,,
training_episode,2570712,2617.0944139999992,982.2771338504721,42158500,26254.666015625,300.4719543457031,262.046630859375,1,19,50,27,0,1,4,128,1,1,MaxDuration,,,,,,,,,
ppo_rollout,2574336,2618.9024538999984,982.982774393284,,,,,,,,,,,,,,,,,,,-0.01150843701713408,3.683862950404485,-0.03265054126580556,0.9890614748001099,0.024550965,0.13582356770833334
ppo_rollout,2580480,2622.5723822,983.9499635984537,,,,,,,,,,,,,,,,,,,-0.011707926974243795,2.4860473771890006,-0.028957862655321756,0.9913257956504822,0.02412998,0.1724609375
training_episode,2584974,2625.5190685999987,984.5573132243071,59229327,27389.33203125,306.3677062988281,273.3932800292969,1,20,48,27,1,2,2,154,4,1,MaxDuration,,,,,,,,,
ppo_rollout,2586624,2626.4621641999984,984.8320052947983,,,,,,,,,,,,,,,,,,,-0.013162849533061186,2.6451491579413413,-0.02732310394446055,0.9806296229362488,0.019303795,0.15690104166666666
ppo_rollout,2592768,2630.3919365,985.6964523127065,,,,,,,,,,,,,,,,,,,-0.01639986180040675,1.5622825746734936,-0.02805169721444448,0.985615611076355,0.029501813,0.194970703125
training_episode,2593296,2631.2268444999972,985.584350289188,41320668,27389.33203125,304.7661437988281,273.3932800292969,1,25,46,27,1,4,1,158,2,1,MaxDuration,,,,,,,,,
training_episode,2597268,2633.2260664999994,986.3444817908119,40482836,24077.33203125,302.8642883300781,239.77330017089844,2,23,47,24,2,4,2,126,4,1,MaxDuration,,,,,,,,,
training_episode,2598054,2633.6227800999986,986.49435280984,21945803,28554.666015625,302.1636047363281,284.546630859375,2,26,39,28,2,0,5,114,2,1,MaxDuration,,,,,,,,,
ppo_rollout,2598912,2634.0591287999996,986.6566667332136,,,,,,,,,,,,,,,,,,,-0.013441953505389393,1.9010792324940364,-0.019150040547053018,0.9879979491233826,0.026733086,0.20203450520833333
training_episode,2604396,2637.425979399999,987.4764335916972,31266684,23034.666015625,300.2617492675781,230.3466339111328,0,20,48,23,2,2,0,175,1,1,MaxDuration,,,,,,,,,
ppo_rollout,2605056,2637.7626093,987.6006244137794,,,,,,,,,,,,,,,,,,,-0.016829193977173418,2.01620507389307,-0.01274854342142741,0.9951695203781128,0.03300855,0.20514322916666666
training_episode,2607240,2639.4873869000003,987.7827084683008,13986399,27389.33203125,304.3857727050781,273.8932800292969,0,21,53,27,1,0,3,144,1,1,MaxDuration,,,,,,,,,
training_episode,2609136,2640.4355510999994,988.1460651115078,66036712,830.0388793945312,39.469383239746094,6.800388813018799,3,3,8,1,0,0,0,0,0,0,LivesExhausted,,,,,,,,,
training_episode,2609484,2640.6166300000004,988.2100909134998,20584326,2362.875,95.22193145751953,21.62874984741211,4,5,17,3,1,1,0,46,0,0,LivesExhausted,,,,,,,,,
ppo_rollout,2611200,2641.507045999999,988.5266079278902,,,,,,,,,,,,,,,,,,,-0.014739141943088422,2.3704202930132547,-0.012007804711659749,0.9932078123092651,0.02276809,0.155712890625
ppo_rollout,2617344,2645.234142999998,989.4564558400992,,,,,,,,,,,,,,,,,,,-0.013605845182125147,2.939113648732503,-0.014163847764333088,0.990148663520813,0.024458239,0.16770833333333332
training_episode,2621070,2647.6771945,989.950740764293,72006265,27389.33203125,300.7422180175781,272.8932800292969,2,27,45,27,2,2,5,158,5,1,MaxDuration,,,,,,,,,
ppo_rollout,2623488,2648.911870599997,990.4021455442991,,,,,,,,,,,,,,,,,,,-0.012320085515966639,3.457665785153707,-0.011337491869926452,0.9872989654541016,0.016687034,0.132568359375
training_episode,2629308,2652.446458399998,991.2765596731572,21736345,23034.666015625,300.0815734863281,228.3466339111328,4,22,44,23,6,0,1,153,6,1,MaxDuration,,,,,,,,,
ppo_rollout,2629632,2652.6151514999983,991.3356630391703,,,,,,,,,,,,,,,,,,,-0.013544467549460629,2.25386351843675,-0.009540781378746033,0.9825045466423035,0.023917949,0.16116536458333333
training_episode,2633346,2655.0095010000005,991.8405184644947,28439001,26254.666015625,300.5920715332031,261.546630859375,2,22,43,27,2,2,6,126,4,1,MaxDuration,,,,,,,,,
training_episode,2635254,2655.9851262999982,992.1945623510029,48128053,1084.7860107421875,49.53769302368164,9.347860336303711,3,4,6,2,0,0,0,11,0,0,LivesExhausted,,,,,,,,,
ppo_rollout,2635776,2656.268301099997,992.285304503498,,,,,,,,,,,,,,,,,,,-0.018428940822680793,1.6201058025161426,-0.004271084070205688,0.994124174118042,0.030613383,0.20817057291666666
training_episode,2640192,2659.0652833999993,992.9022865599346,54516522,1289.8321533203125,57.036434173583984,11.398321151733398,3,3,13,2,0,0,0,15,0,0,LivesExhausted,,,,,,,,,
ppo_rollout,2641920,2659.9201866999974,993.232809469246,,,,,,,,,,,,,,,,,,,-0.010703458367303634,2.314927363395691,0.0006784468889236451,0.9939374923706055,0.028391408,0.18429361979166667
training_episode,2643978,2661.5785012999986,993.3871943692805,43938893,24077.33203125,306.1274719238281,240.27330017089844,1,23,48,24,3,3,1,139,2,1,MaxDuration,,,,,,,,,
training_episode,2645736,2662.4810107999983,993.7107492102011,61638094,26254.666015625,302.0735168457031,261.546630859375,2,26,43,27,2,2,2,158,0,1,MaxDuration,,,,,,,,,
training_episode,2645928,2662.5802399999993,993.7458260412842,63523216,29750.666015625,306.5679016113281,297.0066223144531,1,28,45,30,3,2,7,134,3,1,MaxDuration,,,,,,,,,
training_episode,2646864,2663.0446214000003,993.9240141640984,62057010,1252.80517578125,55.57667922973633,11.028051376342773,3,3,14,2,1,0,0,17,0,0,LivesExhausted,,,,,,,,,
ppo_rollout,2648064,2663.6505273000002,994.1484338353503,,,,,,,,,,,,,,,,,,,-0.014294648942692827,1.978855173289776,0.0029833078384399413,0.9960653781890869,0.03235711,0.19925130208333333
training_episode,2653842,2667.159117299998,995.0070030641895,16604624,1317.107177734375,58.11625289916992,11.67107105255127,3,3,13,2,0,0,1,27,0,0,LivesExhausted,,,,,,,,,
ppo_rollout,2654208,2667.349153799998,995.073328221288,,,,,,,,,,,,,,,,,,,-0.008890789147699252,2.125807656844457,0.005595177412033081,0.9945122003555298,0.02819047,0.17364908854166666
training_episode,2656422,2669.010469699999,995.2834693445718,9692510,2175.566162109375,89.0206069946289,19.755661010742188,4,4,19,3,1,0,0,38,1,0,LivesExhausted,,,,,,,,,
training_episode,2657460,2669.5547210000004,995.4693863718703,62790113,24077.33203125,303.2146301269531,240.27330017089844,1,18,48,24,1,3,0,151,2,1,MaxDuration,,,,,,,,,
training_episode,2658594,2670.1441331999995,995.6743409255,37759882,2670.26220703125,105.54413604736328,25.202621459960938,3,5,20,3,1,2,0,50,0,1,LivesExhausted,,,,,,,,,
ppo_rollout,2660352,2671.0383941,995.9991611788116,,,,,,,,,,,,,,,,,,,-0.010496287459197144,2.975862197081248,0.012307508786519369,0.9898353219032288,0.018836478,0.15242513020833334
training_episode,2661468,2672.1793789000003,995.991519512283,29905207,1468.7999267578125,63.505348205566406,13.187999725341797,3,4,8,2,0,0,0,40,0,0,LivesExhausted,,,,,,,,,
ppo_rollout,2666496,2674.7108458000002,996.9286976149591,,,,,,,,,,,,,,,,,,,-0.008463038011298826,2.956666374206543,0.014571588238080342,0.9918927550315857,0.019929474,0.14640299479166666
training_episode,2671842,2678.0331296999975,997.6881803173618,28962646,27389.33203125,304.8762512207031,272.3932800292969,3,30,39,27,4,0,5,207,2,1,MaxDuration,,,,,,,,,
ppo_rollout,2672640,2678.4413892999983,997.8340428417907,,,,,,,,,,,,,,,,,,,-0.008089163445401937,2.1537722542881967,0.01683285931746165,0.9934656023979187,0.026546657,0.173388671875
training_episode,2674008,2679.680306399998,997.8832152527858,16918811,2643.001953125,104.47390747070312,24.930017471313477,3,6,22,3,1,2,0,55,0,1,LivesExhausted,,,,,,,,,
ppo_rollout,2678784,2682.1096739999994,998.7600529418174,,,,,,,,,,,,,,,,,,,-0.011525627614658637,3.164204060037931,0.028166694442431132,0.9833755493164062,0.019672208,0.14327799479166667
training_episode,2679192,2682.8842478000006,998.6237767048548,35874760,1410.7449951171875,61.20573425292969,12.607450485229492,3,3,12,2,0,0,0,25,0,0,LivesExhausted,,,,,,,,,
training_episode,2680044,2683.3290898999985,998.7757409583627,22993093,26254.666015625,300.5119934082031,262.046630859375,1,21,49,27,1,0,3,174,2,1,MaxDuration,,,,,,,,,
training_episode,2683644,2685.1392686,999.4431318265367,6760098,630.4635009765625,29.990591049194336,4.804635047912598,3,3,10,1,0,0,1,10,0,0,LivesExhausted,,,,,,,,,
ppo_rollout,2684928,2685.8203424999992,999.667757933813,,,,,,,,,,,,,,,,,,,-0.008290583576308564,2.5471552327275275,0.03242831627527873,0.9909195899963379,0.023174705,0.17259114583333332
training_episode,2690730,2689.3278543999986,1000.5213739922812,13253296,2401.220947265625,96.12212371826172,22.012208938598633,4,4,17,3,1,0,0,44,0,0,LivesExhausted,,,,,,,,,
ppo_rollout,2691072,2689.5213927000004,1000.5765365184335,,,,,,,,,,,,,,,,,,,-0.00832693746779114,2.4718796610832214,0.030315455794334412,0.9930234551429749,0.032432195,0.185693359375
training_episode,2692494,2690.831981799998,1000.6176595979397,56715831,28554.666015625,300.5420227050781,284.546630859375,2,26,45,28,3,2,6,161,1,1,MaxDuration,,,,,,,,,
training_episode,2693490,2691.3735075999975,1000.7863986154377,45195641,23034.666015625,300.2117004394531,229.3466339111328,2,15,49,23,4,4,3,144,0,1,MaxDuration,,,,,,,,,
training_episode,2694948,2692.1793693,1001.0283975620539,72320452,24077.33203125,302.9243469238281,239.27330017089844,3,24,46,24,3,1,2,151,2,1,MaxDuration,,,,,,,,,
ppo_rollout,2697216,2693.4453919000007,1001.3999200100135,,,,,,,,,,,,,,,,,,,-0.011019011447206139,2.9302145570516585,0.03254575033982595,0.9919092655181885,0.03132386,0.18665364583333333
training_episode,2699142,2695.0527679000006,1001.517310588017,10320884,1649.777099609375,70.05655670166016,14.497771263122559,4,4,9,2,2,0,0,59,0,0,LivesExhausted,,,,,,,,,
training_episode,2701638,2696.351855000001,1001.9604804136362,74100845,419.78656005859375,20.80038070678711,2.6978654861450195,3,3,6,1,0,0,0,4,1,0,LivesExhausted,,,,,,,,,
ppo_rollout,2703360,2697.225151499999,1002.2745036678118,,,,,,,,,,,,,,,,,,,-0.013440037396503613,1.4168187975883484,0.02873121400674184,0.9958490133285522,0.03525147,0.20133463541666666
ppo_rollout,2709504,2700.9002579000007,1003.1855090075369,,,,,,,,,,,,,,,,,,,-0.013530989086333042,4.503046868244807,0.022332456707954407,0.9872755408287048,0.01442894,0.13658854166666667
training_episode,2710398,2701.9302155999976,1003.1339759817305,7179014,27389.33203125,303.2346496582031,272.8932800292969,2,20,48,27,2,0,2,136,2,1,MaxDuration,,,,,,,,,
ppo_rollout,2715648,2704.6001178000006,1004.0848486721897,,,,,,,,,,,,,,,,,,,-0.015563122518748666,1.3112878238161405,0.028436586260795593,0.9958282709121704,0.037645433,0.21266276041666668
training_episode,2720274,2707.528854699998,1004.7072980507216,15243147,27389.33203125,305.2165832519531,272.8932800292969,2,24,47,27,5,4,2,113,0,1,MaxDuration,,,,,,,,,
training_episode,2720814,2707.8039475000005,1004.8046508359703,44881454,2118.915771484375,86.79013061523438,19.689157485961914,3,3,19,3,0,0,0,47,2,0,LivesExhausted,,,,,,,,,
ppo_rollout,2721792,2708.3105632000006,1004.9778031305503,,,,,,,,,,,,,,,,,,,-0.011205659601061294,1.6220830510059991,0.03802932699521382,0.994705080986023,0.02971072,0.20729166666666668
ppo_rollout,2727936,2711.9877043999986,1005.8806666321261,,,,,,,,,,,,,,,,,,,-0.012362167006358504,2.246755711734295,0.04320920904477437,0.993884265422821,0.029108688,0.19680989583333333
training_episode,2729184,2713.172238299998,1005.901491056843,22259990,26254.666015625,305.7370910644531,261.546630859375,2,25,46,27,5,5,5,125,0,1,MaxDuration,,,,,,,,,
training_episode,2729730,2713.465279799999,1005.9940771385878,70644788,28554.666015625,301.9533996582031,285.546630859375,0,24,39,28,1,3,4,106,1,1,MaxDuration,,,,,,,,,
training_episode,2729976,2713.6018067000005,1006.0341179238497,5817537,1824.16845703125,76.33789825439453,16.741683959960938,3,4,15,2,0,0,1,31,1,1,LivesExhausted,,,,,,,,,
training_episode,2731374,2714.3276559000005,1006.2801349951052,31999787,27389.33203125,303.5349426269531,272.8932800292969,2,23,45,27,2,0,2,145,3,1,MaxDuration,,,,,,,,,
training_episode,2732376,2714.8407789999983,1006.459023724574,21003242,2535.023193359375,100.81312561035156,23.350231170654297,4,4,20,3,1,0,0,54,0,1,LivesExhausted,,,,,,,,,
ppo_rollout,2734080,2715.7105587000005,1006.7641381152168,,,,,,,,,,,,,,,,,,,-0.015867054718546568,1.4874219978849093,0.04585131605466207,0.9975611567497253,0.03657089,0.21920572916666667
training_episode,2735886,2717.2016656999986,1006.8763148999425,1314190,1076.7816162109375,49.227745056152344,9.267815589904785,3,3,12,2,0,0,0,11,0,0,LivesExhausted,,,,,,,,,
training_episode,2737242,2717.8996945,1007.1166369896364,2989854,1575.11669921875,67.10592651367188,14.251165390014648,3,3,14,2,0,0,0,24,2,0,LivesExhausted,,,,,,,,,
training_episode,2737992,2718.277883999999,1007.2524285011623,20060681,25150.666015625,302.9143371582031,250.5066375732422,2,24,44,26,6,2,3,171,0,1,MaxDuration,,,,,,,,,
ppo_rollout,2740224,2719.415626599999,1007.6517812122809,,,,,,,,,,,,,,,,,,,-0.010087286995258182,3.5020180722077687,0.049461541573206584,0.9914787411689758,0.019460898,0.15203450520833334
training_episode,2741916,2720.855698799998,1007.740322726152,20479597,816.7807006835938,38.94947052001953,6.667807102203369,3,4,11,1,0,0,1,19,0,0,LivesExhausted,,,,,,,,,
training_episode,2744250,2722.0206899999976,1008.1664735619635,39016630,1639.7708740234375,69.6564712524414,14.397708892822266,4,4,16,2,1,0,0,40,0,0,LivesExhausted,,,,,,,,,
ppo_rollout,2746368,2723.1044347999996,1008.5430308521051,,,,,,,,,,,,,,,,,,,-0.009518579255867129,2.9454337313771246,0.04132472972075144,0.9887720346450806,0.017967036,0.14480794270833333
training_episode,2748300,2724.6685222999986,1008.6731569387579,31371413,1192.3626708984375,53.18708038330078,10.423626899719238,3,4,12,2,0,1,0,19,0,0,LivesExhausted,,,,,,,,,
ppo_rollout,2752512,2726.784554499998,1009.4350855323513,,,,,,,,,,,,,,,,,,,-0.011187315173447131,2.061834254860878,0.03354347050189972,0.9926398992538452,0.02955843,0.17024739583333334
training_episode,2754690,2728.4873708999985,1009.6033536308282,46661847,1192.935791015625,53.20707702636719,10.429357528686523,3,3,12,2,0,0,1,8,0,0,LivesExhausted,,,,,,,,,
ppo_rollout,2758656,2730.549471899998,1010.293359775842,,,,,,,,,,,,,,,,,,,-0.009097505502480393,1.848300489038229,0.025804358720779418,0.9922120571136475,0.04952349,0.202490234375
ppo_rollout,2764800,2734.2780046000007,1011.162725717228,,,,,,,,,,,,,,,,,,,-0.007863088704956075,3.044207215309143,0.020461674531300864,0.9847221374511719,0.02828505,0.15685221354166667
training_episode,2765928,2735.416756999999,1011.1541478723203,56611102,26254.666015625,301.6130676269531,261.546630859375,2,20,49,27,2,1,2,162,3,1,MaxDuration,,,,,,,,,
training_episode,2767812,2736.3970630000003,1011.4804015194924,69806956,30977.33203125,303.6050109863281,308.7732849121094,2,22,44,31,1,2,5,187,1,1,MaxDuration,,,,,,,,,
training_episode,2768700,2736.8700322999975,1011.6300618313444,3932415,26254.666015625,302.6741027832031,261.546630859375,2,24,45,27,4,3,5,169,2,1,MaxDuration,,,,,,,,,
ppo_rollout,2770944,2737.9960159,1012.0336128718469,,,,,,,,,,,,,,,,,,,-0.012385199740917112,2.417260952790578,0.019124225775400797,0.9832270741462708,0.029601758,0.17662760416666667
training_episode,2774142,2740.272382299998,1012.3599456458319,15452605,26254.666015625,301.2326965332031,262.046630859375,1,19,47,27,0,3,6,215,2,1,MaxDuration,,,,,,,,,
training_episode,2775558,2740.9880935,1012.6122060077456,34618012,1495.0584716796875,64.54537963867188,13.450584411621094,3,3,15,2,0,0,1,26,0,1,LivesExhausted,,,,,,,,,
ppo_rollout,2777088,2741.7702107000005,1012.8813819488478,,,,,,,,,,,,,,,,,,,-0.01249643880679893,2.673403522868951,0.022890735665957132,0.9910983443260193,0.024120351,0.16318359375
training_episode,2780988,2744.2891758999976,1013.37279774387,55563812,26254.666015625,306.1274719238281,262.046630859375,1,26,48,27,1,1,2,145,1,1,MaxDuration,,,,,,,,,
ppo_rollout,2783232,2745.4593356999976,1013.7582312033668,,,,,,,,,,,,,,,,,,,-0.011370220698881894,2.1777012944221497,0.034330546855926514,0.9923112988471985,0.025789514,0.16650390625
training_episode,2788128,2748.496126599999,1014.4194758058571,25087673,1351.3516845703125,59.466026306152344,12.013517379760742,3,4,11,2,0,0,1,33,0,0,LivesExhausted,,,,,,,,,
ppo_rollout,2789376,2749.1264841999982,1014.6408381103332,,,,,,,,,,,,,,,,,,,-0.01154061135991166,2.4729605014125506,0.03446784118811289,0.9933322072029114,0.022096738,0.17254231770833334
training_episode,2790960,2750.5182207,1014.7033308107691,60800262,26254.666015625,302.2336730957031,261.546630859375,2,28,46,27,1,1,5,118,2,1,MaxDuration,,,,,,,,,
ppo_rollout,2795520,2752.8262117999984,1015.5090750069854,,,,,,,,,,,,,,,,,,,-0.012759981905886283,2.7980336303512257,0.0332249124844869,0.9857931137084961,0.021899967,0.159033203125
training_episode,2798232,2754.842975399999,1015.7500899279753,34722741,2037.88916015625,84.1895751953125,18.378890991210938,4,4,15,3,1,0,0,31,1,0,LivesExhausted,,,,,,,,,
ppo_rollout,2801664,2756.6564354999973,1016.3268675488171,,,,,,,,,,,,,,,,,,,-0.013150475678655009,1.3065361705919107,0.03368764817714691,0.9970154166221619,0.03624616,0.23154296875
training_episode,2801940,2757.434002599999,1016.140367224759,37445695,28554.666015625,300.0815734863281,285.546630859375,0,24,47,28,6,1,4,145,1,1,MaxDuration,,,,,,,,,
training_episode,2804838,2758.9682852000005,1016.6256767234547,66560357,29750.666015625,301.0925598144531,297.5066223144531,0,25,49,30,2,4,2,143,1,1,MaxDuration,,,,,,,,,
training_episode,2807664,2760.543035399998,1017.0694548122392,20689055,439.6775817871094,23.51044273376465,2.896775722503662,3,3,6,1,0,0,0,10,1,0,LivesExhausted,,,,,,,,,
ppo_rollout,2807808,2760.6199295000006,1017.0932876328782,,,,,,,,,,,,,,,,,,,-0.009920831075093398,2.9035348782936734,0.041263644893964134,0.9911894202232361,0.025383295,0.17018229166666668
training_episode,2810412,2762.4860181999975,1017.3488594998322,41215939,24077.33203125,302.2336730957031,239.77330017089844,2,31,47,24,4,3,4,134,1,1,MaxDuration,,,,,,,,,
training_episode,2811792,2763.1879843999996,1017.5898331472205,41739584,27389.33203125,301.8933410644531,272.8932800292969,2,30,45,27,3,3,4,112,1,1,MaxDuration,,,,,,,,,
training_episode,2812638,2763.6198922000003,1017.7369210354678,23935654,879.5167846679688,41.429054260253906,7.295167922973633,3,3,6,1,0,0,1,11,0,0,LivesExhausted,,,,,,,,,
ppo_rollout,2813952,2764.2900101999985,1017.9655497855698,,,,,,,,,,,,,,,,,,,-0.008043251656151067,3.9767475257317226,0.04364084800084432,0.9919896125793457,0.021923736,0.1744140625
training_episode,2816904,2766.3683883999984,1018.267853194068,32418703,1215.443603515625,54.096927642822266,10.654435157775879,3,3,13,2,0,0,1,19,0,0,LivesExhausted,,,,,,,,,
training_episode,2817198,2766.5299945999977,1018.3146416264784,46976034,792.0494995117188,37.969635009765625,6.42049503326416,3,3,9,1,0,0,1,4,0,0,LivesExhausted,,,,,,,,,
ppo_rollout,2820096,2768.073382499999,1018.7937999869847,,,,,,,,,,,,,,,,,,,-0.010178064863430336,2.929530928035577,0.04409528772036234,0.9933189749717712,0.021333804,0.14384765625
training_episode,2822508,2769.857593599998,1019.0083441551852,59857701,1011.9827270507812,46.668174743652344,8.619827270507812,3,3,10,2,0,0,1,20,0,0,LivesExhausted,,,,,,,,,
ppo_rollout,2826240,2771.7801182000003,1019.6479805315026,,,,,,,,,,,,,,,,,,,-0.00946291993993024,2.1036792020003,0.04314975639184316,0.9943770170211792,0.03302737,0.18512369791666666
training_episode,2827626,2773.0634608,1019.6759071587418,22050532,24077.33203125,305.5068664550781,240.27330017089844,1,23,50,24,2,6,2,151,2,1,MaxDuration,,,,,,,,,
ppo_rollout,2832384,2775.454305200001,1020.5118472652703,,,,,,,,,,,,,,,,,,,-0.010079920266677315,2.3131161709626515,0.04428462088108063,0.9944473505020142,0.025297275,0.177587890625
training_episode,2834544,2777.1280998,1020.6745595221678,47185492,26254.666015625,302.5639953613281,261.546630859375,2,34,43,27,3,4,4,123,0,1,MaxDuration,,,,,,,,,
training_episode,2838132,2778.939456199998,1021.3004078472957,45719286,26254.666015625,301.5429992675781,262.046630859375,1,22,41,27,2,3,2,148,3,1,MaxDuration,,,,,,,,,
ppo_rollout,2838528,2779.1407352999995,1021.3689303120483,,,,,,,,,,,,,,,,,,,-0.01156792488375989,3.2402876297632854,0.04945189158121745,0.9883529543876648,0.021505818,0.15224609375
training_episode,2839422,2780.1601507999985,1021.3159839669484,52631400,859.4387817382812,40.63918685913086,7.094387531280518,3,3,11,1,0,0,0,16,0,0,LivesExhausted,,,,,,,,,
ppo_rollout,2844672,2782.8419345999973,1022.2183174082757,,,,,,,,,,,,,,,,,,,-0.013304187797863657,1.7444647923111916,0.042066731055577594,0.9926179647445679,0.030113766,0.193115234375
training_episode,2848380,2785.2766918999987,1022.6560284956662,37864611,25150.666015625,304.8462219238281,251.0066375732422,1,21,45,26,2,2,2,206,1,1,MaxDuration,,,,,,,,,
ppo_rollout,2850816,2786.522606899998,1023.0729845653498,,,,,,,,,,,,,,,,,,,-0.015075631633711358,1.3108957037329674,0.038291710615158084,0.997461199760437,0.031318918,0.21923828125
training_episode,2853960,2788.6331844999986,1023.4261056144301,23621467,24077.33203125,306.2976379394531,240.77330017089844,0,22,42,24,4,1,1,134,2,1,MaxDuration,,,,,,,,,
ppo_rollout,2856960,2790.1393917999994,1023.9488422680175,,,,,,,,,,,,,,,,,,,-0.014950235676951706,2.863741167386373,0.04392973283926646,0.9916284084320068,0.01858771,0.14671223958333332
training_episode,2858724,2791.614978999998,1024.0394973894436,43834164,26254.666015625,301.7632141113281,261.046630859375,3,22,47,27,3,1,2,154,3,1,MaxDuration,,,,,,,,,
training_episode,2861208,2792.8829124000004,1024.464000011116,25401860,1389.073974609375,60.35587692260742,12.390739440917969,3,3,15,2,0,0,0,29,1,0,LivesExhausted,,,,,,,,,
ppo_rollout,2863104,2793.8988557999983,1024.7700964751589,,,,,,,,,,,,,,,,,,,-0.013436771717776234,2.531374680995941,0.04783806800842285,0.9872336387634277,0.021678707,0.14519856770833334
training_episode,2863674,2794.7438077999977,1024.664225753939,49594259,27389.33203125,300.3618469238281,273.3932800292969,1,15,48,27,2,2,5,156,3,1,MaxDuration,,,,,,,,,
ppo_rollout,2869248,2797.5914503999993,1025.6136576303002,,,,,,,,,,,,,,,,,,,-0.0123025433383494,1.534205620487531,0.04893058935801188,0.9959709644317627,0.031194396,0.19573567708333334
training_episode,2874588,2800.884835099998,1026.3142432621194,33256535,24077.33203125,303.7751770019531,239.77330017089844,2,25,43,24,0,2,3,119,2,1,MaxDuration,,,,,,,,,
ppo_rollout,2875392,2801.296979999999,1026.4502551957205,,,,,,,,,,,,,,,,,,,-0.012165860443686446,1.9361570989092192,0.04431669215361277,0.9940731525421143,0.024462715,0.18404947916666667
training_episode,2875992,2802.1737030000004,1026.3432266604207,54725980,24077.33203125,304.7361145019531,239.77330017089844,2,19,46,24,4,2,4,132,2,1,MaxDuration,,,,,,,,,
training_episode,2879856,2804.0797865999994,1027.0235582318721,17232998,685.0842895507812,32.17060852050781,5.3508429527282715,3,3,10,1,0,0,1,13,0,0,LivesExhausted,,,,,,,,,
ppo_rollout,2881536,2804.9498163999997,1027.3039407522429,,,,,,,,,,,,,,,,,,,-0.015288727385147164,2.393028290073077,0.045137040813763935,0.9918064475059509,0.020948572,0.16126302083333333
training_episode,2881830,2805.6672421000003,1027.1460409692038,65617796,1388.162841796875,60.31588363647461,12.381628036499023,3,3,10,2,0,0,2,12,0,1,LivesExhausted,,,,,,,,,
training_episode,2884590,2807.0971280999984,1027.6060529307204,20270139,26254.666015625,301.7231750488281,261.546630859375,2,21,47,27,3,3,3,183,1,1,MaxDuration,,,,,,,,,
ppo_rollout,2887680,2808.7024697999987,1028.1188666472121,,,,,,,,,,,,,,,,,,,-0.015428477954507495,2.1292945290605227,0.04496529698371887,0.994102954864502,0.025290988,0.1654296875
training_episode,2889846,2810.3967467999973,1028.269764150014,50851007,2013.5101318359375,83.2293701171875,18.635101318359375,3,3,15,3,1,0,0,50,2,0,LivesExhausted,,,,,,,,,
ppo_rollout,2893824,2812.448018299998,1028.9342171554838,,,,,,,,,,,,,,,,,,,-0.011110533405735623,3.4229872276385627,0.042837676405906674,0.9867786765098572,0.02495817,0.150244140625
training_episode,2895168,2813.7068432999986,1028.9515437238874,49803717,24077.33203125,303.6750793457031,239.77330017089844,2,17,49,24,2,2,3,163,3,1,MaxDuration,,,,,,,,,
training_episode,2897652,2814.9716726999977,1029.3716374135654,58915140,27389.33203125,303.6550598144531,273.3932800292969,1,17,45,27,5,5,3,156,2,1,MaxDuration,,,,,,,,,
ppo_rollout,2899968,2816.1624359999987,1029.7587819966225,,,,,,,,,,,,,,,,,,,-0.013756997685413807,2.512529535094897,0.041541173060735063,0.9914451241493225,0.023765905,0.16031901041666666
training_episode,2900262,2816.8731234999977,1029.6033484093848,7807388,24077.33203125,304.8562316894531,239.77330017089844,2,20,49,24,2,0,2,171,3,1,MaxDuration,,,,,,,,,
training_episode,2904174,2818.879491399999,1030.2583025844922,2256751,1220.5906982421875,54.30689239501953,10.705906867980957,3,3,11,2,0,0,0,16,0,0,LivesExhausted,,,,,,,,,
ppo_rollout,2906112,2819.855558299998,1030.5889574542616,,,,,,,,,,,,,,,,,,,-0.01454314252284045,2.0689158126711846,0.04886614282925924,0.9944800734519958,0.03286693,0.20828450520833333
training_episode,2906772,2820.7436166000007,1030.4984766760526,26030234,1218.2314453125,54.2169075012207,10.682313919067383,3,4,11,2,1,0,1,17,0,0,LivesExhausted,,,,,,,,,
training_episode,2908800,2821.8015701999975,1030.8308106136026,52212484,806.3897094726562,38.5395393371582,6.563897132873535,3,3,12,1,0,0,0,10,0,0,LivesExhausted,,,,,,,,,
ppo_rollout,2912256,2823.680644699998,1031.3687581725137,,,,,,,,,,,,,,,,,,,-0.012814789363377106,1.9197989722092947,0.05329419672489166,0.9940720796585083,0.028101904,0.18369140625
training_episode,2918328,2827.491817899998,1032.1260636458594,63104300,29750.666015625,304.0954895019531,296.5066223144531,2,27,44,30,4,3,5,110,1,1,MaxDuration,,,,,,,,,
ppo_rollout,2918400,2827.537879399999,1032.1347138307062,,,,,,,,,,,,,,,,,,,-0.008378908042019854,1.8933207074801126,0.050405659278233844,0.9950509667396545,0.029353619,0.18795572916666667
training_episode,2921334,2829.5876333999986,1032.4239353879846,12520193,27389.33203125,306.1474914550781,273.3932800292969,1,21,46,27,4,4,2,183,2,1,MaxDuration,,,,,,,,,
ppo_rollout,2924544,2831.2301606,1032.958761424124,,,,,,,,,,,,,,,,,,,-0.01408411840093322,2.3216085960467656,0.048772034049034116,0.9903965592384338,0.027564539,0.19195963541666666
training_episode,2926422,2832.7375522999973,1033.0720534360612,61952281,26254.666015625,304.7561340332031,262.046630859375,1,18,49,27,0,1,4,158,1,1,MaxDuration,,,,,,,,,
ppo_rollout,2930688,2834.939658899999,1033.774384156435,,,,,,,,,,,,,,,,,,,-0.015043541329214349,1.8368616352478664,0.051637083292007446,0.9942288994789124,0.02532214,0.20237630208333332
training_episode,2931366,2835.824655299999,1033.6908505684369,45824015,23034.666015625,301.5930480957031,230.34661865234375,0,24,48,23,2,0,1,162,1,1,MaxDuration,,,,,,,,,
training_episode,2932494,2836.3905878000005,1033.8822913224164,67817105,1111.469482421875,50.59751510620117,9.614694595336914,3,3,13,2,0,0,1,11,0,0,LivesExhausted,,,,,,,,,
ppo_rollout,2936832,2838.6083043,1034.6027648658705,,,,,,,,,,,,,,,,,,,-0.011131237394874916,2.7985146179795266,0.062377965450286864,0.9884822368621826,0.019631345,0.137890625
training_episode,2937870,2839.6967344999975,1034.5717429284887,44671996,1217.71484375,54.186912536621094,10.677148818969727,3,3,15,2,1,0,1,2,1,0,LivesExhausted,,,,,,,,,
training_episode,2942934,2842.285022699998,1035.4112893310016,28020085,897.9011840820312,42.158931732177734,7.479011535644531,3,3,10,1,0,0,0,30,0,0,LivesExhausted,,,,,,,,,
ppo_rollout,2942976,2842.3110911999975,1035.4165696751734,,,,,,,,,,,,,,,,,,,-0.013915123445137094,1.8693918171028296,0.06582295894622803,0.9925687313079834,0.028386747,0.1814453125
training_episode,2943090,2842.9186488999985,1035.235391325306,58077308,25150.666015625,302.5940246582031,251.00662231445312,1,22,48,26,4,0,4,162,2,1,MaxDuration,,,,,,,,,
training_episode,2945082,2843.9580585999975,1035.557465798136,32628161,26254.666015625,302.3237609863281,262.046630859375,1,27,44,27,3,0,3,247,3,1,MaxDuration,,,,,,,,,
training_episode,2948118,2845.4834143000007,1036.0692967613898,62894842,891.24169921875,41.89897537231445,7.412416934967041,3,3,10,1,0,0,0,14,2,0,LivesExhausted,,,,,,,,,
ppo_rollout,2949120,2846.014863299999,1036.2278981847794,,,,,,,,,,,,,,,,,,,-0.013383162815201407,2.223879418273767,0.06615428626537323,0.9922521114349365,0.03287732,0.18463541666666666
training_episode,2951106,2847.588175000001,1036.3528075825077,15766792,1100.7208251953125,50.17758560180664,9.507207870483398,3,5,13,2,1,1,0,18,1,0,LivesExhausted,,,,,,,,,
training_episode,2954184,2849.1612848000004,1036.8609231636992,49698988,2325.126953125,93.72161102294922,21.75126838684082,3,4,14,3,0,1,0,55,0,0,LivesExhausted,,,,,,,,,
training_episode,2954406,2849.2784642000006,1036.89619569336,43519977,26254.666015625,300.6321105957031,261.546630859375,2,16,44,27,2,2,5,153,0,1,MaxDuration,,,,,,,,,
training_episode,2955174,2849.6672513999983,1037.0242345130534,68236021,696.1205444335938,33.870323181152344,5.46120548248291,3,3,10,1,0,0,0,15,1,0,LivesExhausted,,,,,,,,,
ppo_rollout,2955264,2849.717803299998,1037.037420539598,,,,,,,,,,,,,,,,,,,-0.012191380097647198,2.060841569304466,0.06321988503138225,0.9946932196617126,0.027331136,0.17535807291666666
training_episode,2955738,2850.5480494000003,1036.9016584800738,5712808,1467.982421875,63.465354919433594,12.679824829101562,4,4,13,2,1,0,1,22,1,1,LivesExhausted,,,,,,,,,
training_episode,2958036,2851.695679799999,1037.290206298401,17442456,27389.33203125,305.8371887207031,272.8932800292969,2,27,44,27,1,2,3,141,3,1,MaxDuration,,,,,,,,,
training_episode,2959506,2852.4218445000006,1037.5414862659525,60381346,952.3165893554688,44.308570861816406,8.023165702819824,3,3,9,1,0,0,0,12,0,0,LivesExhausted,,,,,,,,,
training_episode,2960868,2853.1098476000006,1037.7686658263945,66350899,1208.4278564453125,53.81697463989258,10.58427906036377,3,3,10,2,0,0,0,12,0,0,LivesExhausted,,,,,,,,,
training_episode,2960880,2853.1204316999974,1037.7690219812403,26972795,1033.364501953125,47.508033752441406,8.83364486694336,3,3,5,2,0,0,0,15,0,0,LivesExhausted,,,,,,,,,
ppo_rollout,2961408,2853.3962479999973,1037.8537513237814,,,,,,,,,,,,,,,,,,,-0.013958339911187067,3.630914309124152,0.060409025351206465,0.9909630417823792,0.023828963,0.168701171875
training_episode,2963598,2855.0654558999995,1038.0140300726619,9587781,1518.2296142578125,65.465576171875,13.682295799255371,3,3,15,2,0,0,0,33,0,0,LivesExhausted,,,,,,,,,
training_episode,2963832,2855.1848518999977,1038.0525793374472,15557334,453.2748718261719,24.580467224121094,3.0327486991882324,3,3,4,1,0,0,0,10,0,0,LivesExhausted,,,,,,,,,
training_episode,2963922,2855.2337652999995,1038.0663173785986,33361264,1072.279052734375,49.04777526855469,9.222789764404297,3,3,15,2,0,0,0,17,0,0,LivesExhausted,,,,,,,,,
ppo_rollout,2967552,2857.0223307999986,1038.687016201603,,,,,,,,,,,,,,,,,,,-0.014668112545041367,3.1082580029964446,0.06506083707014719,0.9909052848815918,0.026783518,0.173193359375
training_episode,2968380,2858.0055318999985,1038.6194032404915,2675667,790.0255737304688,37.8996467590332,6.4002556800842285,3,4,12,1,0,0,1,5,0,0,LivesExhausted,,,,,,,,,
training_episode,2969292,2858.4759605,1038.7675254335938,23726196,24077.33203125,306.6279602050781,239.77330017089844,2,29,45,24,1,3,3,166,0,1,MaxDuration,,,,,,,,,
ppo_rollout,2973696,2860.6914522999978,1039.5025292256341,,,,,,,,,,,,,,,,,,,-0.011961334679896633,2.1955491294463476,0.06707057158152262,0.9914055466651917,0.031222038,0.178076171875
training_episode,2973822,2861.294907399999,1039.327331240474,64884693,795.0380249023438,37.71967697143555,6.450380325317383,3,3,8,1,0,0,0,25,0,0,LivesExhausted,,,,,,,,,
ppo_rollout,2979840,2864.3408586999976,1040.3231134134023,,,,,,,,,,,,,,,,,,,-0.008684043196262791,4.944553466637929,0.06983709633350373,0.9855738878250122,0.018151177,0.138232421875
training_episode,2982726,2866.3792964999993,1040.5901283343994,36503134,1769.3804931640625,74.16743469238281,16.193805694580078,3,3,16,2,0,0,0,62,0,0,LivesExhausted,,,,,,,,,
training_episode,2985774,2867.9318090999986,1041.0896069865003,47813866,523.7674560546875,25.40048599243164,3.7376747131347656,3,3,10,1,0,0,0,26,0,0,LivesExhausted,,,,,,,,,
ppo_rollout,2985984,2868.051788499997,1041.1192754513272,,,,,,,,,,,,,,,,,,,-0.011680836599164952,3.0943008611599603,0.0674477458000183,0.9867870807647705,0.02239161,0.16661783854166667
ppo_rollout,2992128,2871.7889190999995,1041.9038739580185,,,,,,,,,,,,,,,,,,,-0.010527687116215627,1.9772072995702425,0.07322714924812317,0.9935863018035889,0.03831822,0.19724934895833332
training_episode,2995650,2874.114930399999,1042.286085470871,7912117,1989.70654296875,82.27916717529297,17.897066116333008,4,6,11,2,1,1,0,53,0,0,LivesExhausted,,,,,,,,,
training_episode,2995890,2874.251797099998,1042.319953673763,5503350,26254.666015625,303.1645812988281,261.546630859375,2,23,49,27,4,2,2,128,0,1,MaxDuration,,,,,,,,,
training_episode,2997462,2875.0475346999992,1042.5782404716917,22783635,27389.33203125,304.8962707519531,273.3932800292969,1,26,44,27,4,2,10,153,2,1,MaxDuration,,,,,,,,,
ppo_rollout,2998272,2875.4512964999994,1042.7135398361634,,,,,,,,,,,,,,,,,,,-0.01506596689481133,1.4636794745922088,0.08585828046003978,0.9952859878540039,0.032635435,0.20065104166666667
training_episode,2998650,2876.2024539999984,1042.5726449922574,6131724,517.3485717773438,24.96047592163086,3.673485279083252,3,3,8,1,0,0,0,14,0,0,LivesExhausted,,,,,,,,,
training_episode,2999952,2876.8570502000002,1042.7879966407932,8540491,26254.666015625,300.2016906738281,262.046630859375,1,17,48,27,2,2,1,123,4,1,MaxDuration,,,,,,,,,
validation,3000000,,,,,,,,,,,,,,,,,,15113.982743530274,23034.666015625,12234.695156857537,,,,,,
training_episode,3000264,3073.360375299999,976.2161392176914,39226088,24077.33203125,305.5168762207031,239.77330017089844,2,18,45,24,2,4,2,149,4,1,MaxDuration,,,,,,,,,
training_episode,3003984,3075.2472777999974,976.8268137933355,22678906,1221.604248046875,54.346885681152344,10.716042518615723,3,5,8,2,1,0,1,37,0,0,LivesExhausted,,,,,,,,,
ppo_rollout,3004416,3075.4758913999976,976.8946680418782,,,,,,,,,,,,,,,,,,,-0.011680665235811223,2.4998771955569583,0.08545051515102386,0.9948002099990845,0.028193278,0.17867838541666667
training_episode,3005100,3076.3922797999985,976.8260113418847,44357809,27389.33203125,305.9673156738281,272.8932800292969,2,25,45,27,1,1,2,167,3,1,MaxDuration,,,,,,,,,
training_episode,3006924,3077.3169715000004,977.1252125952797,56192186,450.33819580078125,24.4704647064209,3.0033822059631348,3,3,4,1,0,0,0,7,0,0,LivesExhausted,,,,,,,,,
training_episode,3009606,3078.6713211999995,977.5665168527703,73891387,1942.89599609375,80.42877197265625,17.928958892822266,3,4,11,2,0,0,0,51,0,0,LivesExhausted,,,,,,,,,
ppo_rollout,3010560,3079.1593963999985,977.7213883502745,,,,,,,,,,,,,,,,,,,-0.009556508403814707,3.4501104881366094,0.08150096535682679,0.9906850457191467,0.022496821,0.15704752604166666
training_episode,3010614,3079.7411786999983,977.5542246283248,1104732,2506.830078125,99.69288635253906,23.068300247192383,4,5,20,3,1,1,0,45,0,0,LivesExhausted,,,,,,,,,
training_episode,3015006,3081.9477577,978.2793989506307,33675451,1996.708251953125,82.54922485351562,18.467082977294922,3,3,17,2,0,0,0,22,1,0,LivesExhausted,,,,,,,,,
ppo_rollout,3016704,3082.803316499998,978.5586981348383,,,,,,,,,,,,,,,,,,,-0.011623390803773266,3.9299157361189523,0.0795407513777415,0.9896008372306824,0.019571403,0.14920247395833333
training_episode,3022536,3086.402668999999,979.307084703665,46347660,1448.96435546875,62.72547912597656,12.989643096923828,3,4,14,2,0,1,1,20,0,1,LivesExhausted,,,,,,,,,
ppo_rollout,3022848,3086.5865658000002,979.3498207676284,,,,,,,,,,,,,,,,,,,-0.01373315256787464,2.3772887537876763,0.07655067245165507,0.9942649602890015,0.02252016,0.15729166666666666
ppo_rollout,3028992,3090.507483199999,980.0953456562078,,,,,,,,,,,,,,,,,,,-0.00870296533491152,3.7886118685205776,0.07204253176848094,0.9867550730705261,0.020874426,0.14737955729166666
training_episode,3032280,3092.8066282,980.4298698637922,43310519,27389.33203125,303.2046203613281,273.3932800292969,1,24,47,27,3,6,3,125,1,1,MaxDuration,,,,,,,,,
ppo_rollout,3035136,3094.2635601,980.8912334222463,,,,,,,,,,,,,,,,,,,-0.011632880531639482,2.2833371500174207,0.07132003009319306,0.9873176217079163,0.030752108,0.19392903645833334
training_episode,3036630,3095.5947853,980.9520336511727,24982944,27389.33203125,303.0344543457031,273.3932800292969,1,25,46,27,5,0,3,203,1,1,MaxDuration,,,,,,,,,
training_episode,3039690,3097.153221299999,981.4464389734392,24564028,1423.6646728515625,61.72564697265625,12.73664665222168,3,4,13,2,0,0,0,51,0,0,LivesExhausted,,,,,,,,,
ppo_rollout,3041280,3097.9582706999972,981.7046371359964,,,,,,,,,,,,,,,,,,,-0.015476397164942075,1.682792882124583,0.07536908586819967,0.9913435578346252,0.034861404,0.21975911458333333
training_episode,3041418,3098.583006699999,981.551242430365,8331033,840.1716918945312,39.87931442260742,6.901717185974121,3,3,11,1,0,0,1,5,0,0,LivesExhausted,,,,,,,,,
training_episode,3043188,3099.4828444999985,981.8373427683612,2361480,25150.666015625,302.1435852050781,250.5066375732422,2,26,49,26,2,1,2,129,3,1,MaxDuration,,,,,,,,,
training_episode,3045780,3100.7762196000003,982.2637250465322,53259774,26254.666015625,301.3928527832031,261.546630859375,2,26,41,27,1,0,4,156,3,1,MaxDuration,,,,,,,,,
training_episode,3047226,3101.5296965999987,982.4913181842081,9483052,27389.33203125,305.0464172363281,273.3932800292969,1,20,49,27,0,2,2,136,3,1,MaxDuration,,,,,,,,,
ppo_rollout,3047424,3101.6381696999997,982.5207949045703,,,,,,,,,,,,,,,,,,,-0.015967057882032048,2.152051412562529,0.08008914788564046,0.9948073029518127,0.03731966,0.197021484375
training_episode,3050910,3103.9535741,982.9109640870256,62580655,2319.15625,93.48155975341797,21.69156265258789,3,4,17,3,0,1,0,56,1,0,LivesExhausted,,,,,,,,,
training_episode,3051300,3104.155528199997,982.9726546496056,70749517,1587.2181396484375,67.5760269165039,14.37218189239502,3,3,17,2,0,0,0,18,0,0,LivesExhausted,,,,,,,,,
ppo_rollout,3053568,3105.2927093,983.3430487422039,,,,,,,,,,,,,,,,,,,-0.016915846744086593,1.7560758729775747,0.07333762049674988,0.9967356324195862,0.029467717,0.21315104166666668
training_episode,3055320,3106.7324124999977,983.4512903997979,68759666,761.1015625,36.749839782714844,6.111015319824219,3,3,9,1,0,0,0,16,0,0,LivesExhausted,,,,,,,,,
training_episode,3057306,3107.768481699997,983.7624707254919,16185708,2383.052001953125,96.01210021972656,22.330520629882812,3,4,19,3,0,0,0,25,0,0,LivesExhausted,,,,,,,,,
training_episode,3058854,3108.5672051999973,984.0076788055806,11891819,27389.33203125,302.5940246582031,272.8932800292969,2,33,42,27,1,3,3,173,2,1,MaxDuration,,,,,,,,,
ppo_rollout,3059712,3109.014565499998,984.1420603019694,,,,,,,,,,,,,,,,,,,-0.009510567411780357,3.4197889983654024,0.0622242530186971,0.991918683052063,0.017310837,0.1380859375
ppo_rollout,3065856,3112.636649,984.9707324447814,,,,,,,,,,,,,,,,,,,-0.011885838070884346,3.7340140983462335,0.06056817968686422,0.9893676042556763,0.016042782,0.126513671875
training_episode,3067050,3113.8345150999994,984.9752724901963,7597930,1605.166015625,68.29618072509766,14.551660537719727,3,3,12,2,0,0,0,41,1,0,LivesExhausted,,,,,,,,,
ppo_rollout,3072000,3116.3047238,985.7829295506201,,,,,,,,,,,,,,,,,,,-0.015584890877168316,1.5583300227920214,0.06854765117168427,0.996502161026001,0.03952552,0.2107421875
training_episode,3078096,3120.067986899998,986.5477332301019,39645004,27389.33203125,305.6069641113281,272.3932800292969,3,27,50,27,2,3,3,139,0,1,MaxDuration,,,,,,,,,
ppo_rollout,3078144,3120.098728599998,986.553397103936,,,,,,,,,,,,,,,,,,,-0.012797572824638337,3.028117992480596,0.07235929568608603,0.9882974028587341,0.023148185,0.15470377604166666
training_episode,3083454,3123.3523647999973,987.2257881468483,34827470,26254.666015625,301.8633117675781,261.546630859375,2,19,42,27,0,3,3,180,2,1,MaxDuration,,,,,,,,,
ppo_rollout,3084288,3123.7852190999984,987.355974777492,,,,,,,,,,,,,,,,,,,-0.014154849568149075,2.570845277607441,0.07221611837546031,0.9752342700958252,0.024923319,0.17666015625
training_episode,3087600,3126.0155472999977,987.7110184774423,18280288,26254.666015625,302.4438781738281,262.046630859375,1,26,46,27,0,2,2,163,1,1,MaxDuration,,,,,,,,,
ppo_rollout,3090432,3127.453488899999,988.1624174327785,,,,,,,,,,,,,,,,,,,-0.013609792105853558,1.9198791151245436,0.07549439469973246,0.9931027293205261,0.026049761,0.18181966145833334
training_episode,3091698,3128.662790999999,988.1851150253927,68026563,24077.33203125,303.1145324707031,239.77330017089844,2,21,49,24,2,1,6,133,1,1,MaxDuration,,,,,,,,,
training_episode,3093654,3129.6609785,988.4949268475534,22574177,24077.33203125,302.8642883300781,239.27330017089844,3,31,50,24,4,2,1,129,1,1,MaxDuration,,,,,,,,,
ppo_rollout,3096576,3131.1605751999996,988.9547104438135,,,,,,,,,,,,,,,,,,,-0.015494455468918507,2.234552610417207,0.07959486146767934,0.9947659969329834,0.028592365,0.19991861979166667
training_episode,3099636,3133.2626764999986,989.2678399573057,26239692,1534.6680908203125,66.11571502685547,13.846680641174316,3,3,16,2,0,0,0,33,0,0,LivesExhausted,,,,,,,,,
ppo_rollout,3102720,3134.8415220999996,989.753382468125,,,,,,,,,,,,,,,,,,,-0.010732155138005814,4.340373946229617,0.08603616058826447,0.987000584602356,0.016528843,0.12776692708333334
training_episode,3103296,3135.6855472999996,989.6706647361726,38283527,26254.666015625,302.0134582519531,262.046630859375,1,25,48,27,3,2,4,115,1,1,MaxDuration,,,,,,,,,
training_episode,3107778,3137.9543123000003,990.3834443408826,50432091,1593.681884765625,67.8360824584961,14.43681812286377,3,4,15,2,0,0,0,32,0,0,LivesExhausted,,,,,,,,,
ppo_rollout,3108864,3138.509241699998,990.5543557730803,,,,,,,,,,,,,,,,,,,-0.016326230646518523,1.8285698230067888,0.09207231799761455,0.994899332523346,0.03365699,0.2115234375
training_episode,3114150,3141.7358136000003,991.2195629305984,57134747,26254.666015625,300.4319152832031,262.046630859375,1,32,43,27,1,3,8,133,1,1,MaxDuration,,,,,,,,,
ppo_rollout,3115008,3142.1692968999996,991.3558773148231,,,,,,,,,,,,,,,,,,,-0.010132465571708356,2.5264820367097856,0.09463580250740052,0.9924687743186951,0.03119807,0.20042317708333332
training_episode,3116886,3143.6888739999995,991.4740691352526,42996332,1812.107177734375,75.85779571533203,16.62107276916504,3,4,14,2,0,2,0,33,0,0,LivesExhausted,,,,,,,,,
training_episode,3119646,3145.1217370999984,991.8999201844922,55668541,23034.666015625,301.5730285644531,228.8466339111328,3,22,45,23,2,2,2,161,1,1,MaxDuration,,,,,,,,,
ppo_rollout,3121152,3145.878196599999,992.1401290657972,,,,,,,,,,,,,,,,,,,-0.016681292293166432,1.3892815656960011,0.09421099126338958,0.9963309168815613,0.03946901,0.224169921875
training_episode,3123846,3147.8103059999994,992.3869916956809,14824231,1313.7152099609375,57.98627471923828,11.637151718139648,3,5,13,2,0,0,0,21,0,0,LivesExhausted,,,,,,,,,
training_episode,3124086,3147.937556599998,992.4231163512152,44462538,27389.33203125,304.0354309082031,273.3932800292969,1,23,48,27,3,2,1,129,1,1,MaxDuration,,,,,,,,,
ppo_rollout,3127296,3149.5622253,992.9303745386776,,,,,,,,,,,,,,,,,,,-0.014916303105807553,2.3966564958294234,0.09911168813705444,0.994211733341217,0.029170645,0.16857096354166667
training_episode,3127950,3150.4728517000003,992.8509615031766,53469232,711.2503051757812,34.20026779174805,5.612502098083496,3,3,10,1,0,0,1,5,0,0,LivesExhausted,,,,,,,,,
training_episode,3130404,3151.8304417,993.2019053383966,35246386,28554.666015625,306.2275695800781,284.546630859375,2,29,46,28,2,0,4,124,0,1,MaxDuration,,,,,,,,,
training_episode,3132450,3152.981799699999,993.4881325030317,4351331,1640.89501953125,69.69647979736328,14.908949851989746,3,4,16,2,0,0,0,40,2,0,LivesExhausted,,,,,,,,,
ppo_rollout,3133440,3153.512093199999,993.6350035748139,,,,,,,,,,,,,,,,,,,-0.009413978593268741,3.422939971089363,0.09870551923910777,0.9923901557922363,0.023003774,0.15906575520833333
training_episode,3134898,3154.9133105,993.6558286931731,25192402,778.996337890625,37.44972229003906,6.289963245391846,3,4,9,1,0,0,0,24,0,0,LivesExhausted,,,,,,,,,
training_episode,3136062,3155.5096835000004,993.8369121154369,62475926,591.6456909179688,30.060592651367188,4.416457176208496,3,4,7,1,0,0,0,6,0,0,LivesExhausted,,,,,,,,,
training_episode,3139362,3157.188680299998,994.3536221286895,21422158,28554.666015625,300.4919738769531,284.546630859375,2,26,47,28,0,0,4,154,2,1,MaxDuration,,,,,,,,,
ppo_rollout,3139584,3157.3069785000007,994.3866787041339,,,,,,,,,,,,,,,,,,,-0.008738204476928028,2.636282587548097,0.10225381155808767,0.9936932325363159,0.033006895,0.20222981770833334
training_episode,3141858,3159.0273553999978,994.5649867923274,46033473,1053.172119140625,48.28790283203125,9.031720161437988,3,3,12,2,0,0,1,29,0,0,LivesExhausted,,,,,,,,,
ppo_rollout,3145728,3161.0051443999982,995.1669979319512,,,,,,,,,,,,,,,,,,,-0.015583608563368519,2.1117838089664778,0.106574147939682,0.9963779449462891,0.03379863,0.20079752604166667
training_episode,3146790,3162.1109689000004,995.1548288309027,20165410,1428.0518798828125,61.8956184387207,12.780519485473633,3,3,8,2,0,0,1,34,0,1,LivesExhausted,,,,,,,,,
training_episode,3150306,3163.892126999999,995.7058817258471,45090912,26254.666015625,301.2727355957031,261.546630859375,2,25,46,27,2,0,5,210,2,1,MaxDuration,,,,,,,,,
training_episode,3150990,3164.2421053,995.8119180331356,64570506,1817.6162109375,76.07784271240234,16.676162719726562,3,3,17,2,1,0,0,39,0,0,LivesExhausted,,,,,,,,,
ppo_rollout,3151872,3164.7003607000006,995.9464217025705,,,,,,,,,,,,,,,,,,,-0.008168558799661696,3.579618915915489,0.1112949421008428,0.9911335110664368,0.025363512,0.17649739583333332
training_episode,3155760,3167.221555799999,996.3811954427345,59019869,26254.666015625,300.9223937988281,261.546630859375,2,27,44,27,4,1,2,165,1,1,MaxDuration,,,,,,,,,
training_episode,3157776,3168.2677197999983,996.6884996067629,37236237,1436.450439453125,62.225563049316406,12.864503860473633,3,3,14,2,0,0,1,23,0,1,LivesExhausted,,,,,,,,,
ppo_rollout,3158016,3168.3972259,996.7235087143938,,,,,,,,,,,,,,,,,,,-0.011603851001321648,3.538230072458585,0.11476290623346964,0.9925958514213562,0.022744408,0.150048828125
training_episode,3159192,3169.5347822000003,996.7368137879146,42891603,1605.3551025390625,68.30618286132812,14.55355167388916,3,3,13,2,0,0,0,27,2,0,LivesExhausted,,,,,,,,,
training_episode,3163200,3171.568947699998,997.3612594151336,9168865,1430.4720458984375,61.995601654052734,12.804719924926758,3,3,12,2,0,0,0,15,0,0,LivesExhausted,,,,,,,,,
ppo_rollout,3164160,3172.0546130999974,997.5111988717363,,,,,,,,,,,,,,,,,,,-0.011530881999836614,3.388925043741862,0.11378195782502493,0.9927904009819031,0.021675311,0.15973307291666666
training_episode,3164466,3172.7808172999976,997.3793281733614,46242931,29750.666015625,304.2856750488281,296.5066223144531,2,21,48,30,3,2,4,132,5,1,MaxDuration,,,,,,,,,
ppo_rollout,3170304,3175.7490053999973,998.2854421458565,,,,,,,,,,,,,,,,,,,-0.01190613157232292,3.4874411965409915,0.1133059432109197,0.9935552477836609,0.031341504,0.18214518229166668
training_episode,3170928,3176.6194767999987,998.2083227652649,30428852,26254.666015625,300.2016906738281,262.046630859375,1,25,46,27,5,1,4,100,1,1,MaxDuration,,,,,,,,,
ppo_rollout,3176448,3179.4419033999984,999.0583556828647,,,,,,,,,,,,,,,,,,,-0.013910241178624954,1.9902816211183867,0.10926635464032491,0.9943860173225403,0.033620168,0.20799153645833332
ppo_rollout,3182592,3183.162010799999,999.8209293783776,,,,,,,,,,,,,,,,,,,-0.009198322630254552,2.3752925967176757,0.11172294914722443,0.9842360019683838,0.03603764,0.199267578125
training_episode,3183138,3184.005991599999,999.7273900858576,7388472,27389.33203125,302.8442687988281,272.8932800292969,2,26,48,27,7,2,3,137,2,1,MaxDuration,,,,,,,,,
ppo_rollout,3188736,3186.8673576,1000.5863571307866,,,,,,,,,,,,,,,,,,,-0.01583693764793376,1.5663220082720122,0.12127146323521933,0.9569352865219116,0.03670345,0.233154296875
training_episode,3189264,3187.706768,1000.4885116835816,20374868,1122.0330810546875,51.0074462890625,9.720330238342285,3,3,12,2,0,0,0,10,0,0,LivesExhausted,,,,,,,,,
training_episode,3194028,3190.1435577999982,1001.2176386829063,38702443,26254.666015625,302.0434875488281,261.546630859375,2,23,42,27,0,1,3,158,1,1,MaxDuration,,,,,,,,,
ppo_rollout,3194880,3190.5936034999977,1001.3434479700894,,,,,,,,,,,,,,,,,,,-0.015844635906008382,1.8622771133979161,0.1307269314924876,0.9952157139778137,0.035530474,0.22203776041666667
training_episode,3195534,3191.469335499998,1001.2736028683681,43624706,29750.666015625,302.8342590332031,297.0066223144531,1,31,45,30,1,0,3,189,1,1,MaxDuration,,,,,,,,,
training_episode,3199506,3193.4533286999977,1001.8953373282791,69911685,26254.666015625,302.5039367675781,262.546630859375,0,22,44,27,2,2,1,160,5,1,MaxDuration,,,,,,,,,
training_episode,3200928,3194.1893069,1002.109672424688,50746278,27389.33203125,303.8352355957031,273.3932800292969,1,22,47,27,1,1,1,187,4,1,MaxDuration,,,,,,,,,
ppo_rollout,3201024,3194.2460619999983,1002.1219210632,,,,,,,,,,,,,,,,,,,-0.015288207210445156,2.290814179678758,0.1397062530120214,0.9942024350166321,0.039766446,0.22765299479166667
training_episode,3201372,3194.995553599998,1001.9957606491243,4560789,1061.4803466796875,48.627845764160156,9.114802360534668,3,3,15,2,0,0,1,27,0,0,LivesExhausted,,,,,,,,,
training_episode,3205290,3196.9957484999977,1002.5943892805907,32209245,2327.78173828125,93.8216323852539,21.777816772460938,3,5,16,3,0,2,0,25,1,0,LivesExhausted,,,,,,,,,
training_episode,3207048,3197.904220299999,1002.8593038033963,65931983,28554.666015625,300.9724426269531,284.546630859375,2,26,45,28,3,0,4,167,1,1,MaxDuration,,,,,,,,,
ppo_rollout,3207168,3197.9722008999997,1002.8755093922994,,,,,,,,,,,,,,,,,,,-0.01581795618791754,3.2693958918253583,0.14623578985532124,0.9916197061538696,0.025594914,0.16090494791666668
training_episode,3209844,3199.8969866000007,1003.1085417567047,34932199,790.319580078125,37.909645080566406,6.403195858001709,3,4,8,1,0,0,1,10,0,0,LivesExhausted,,,,,,,,,
training_episode,3211440,3200.729935899999,1003.3461317619693,29800478,2139.10546875,87.5802993774414,19.891056060791016,3,4,13,3,0,1,0,44,0,0,LivesExhausted,,,,,,,,,
ppo_rollout,3213312,3201.706096599999,1003.6249121717717,,,,,,,,,,,,,,,,,,,-0.011671116090534875,4.059914773205916,0.154459356640776,0.9873267412185669,0.024109863,0.15833333333333333
ppo_rollout,3219456,3205.366481199999,1004.3956030870849,,,,,,,,,,,,,,,,,,,-0.00748546564912734,4.453320825099945,0.1582042177518209,0.9871727824211121,0.020493358,0.16912434895833334
ppo_rollout,3225600,3209.0312655999987,1005.1631576724147,,,,,,,,,,,,,,,,,,,-0.011679252132307739,3.015930914878845,0.15721902884542943,0.9891939163208008,0.023712365,0.16318359375
training_episode,3225798,3209.7022652999985,1005.0147126959445,9273594,27389.33203125,304.4158020019531,273.3932800292969,1,24,46,27,1,1,3,128,4,1,MaxDuration,,,,,,,,,
training_episode,3231252,3212.5208346,1005.8306751502616,57030018,980.8978271484375,45.428382873535156,8.308978080749512,3,4,12,1,0,0,0,25,0,0,LivesExhausted,,,,,,,,,
ppo_rollout,3231744,3212.766222099999,1005.9069899855945,,,,,,,,,,,,,,,,,,,-0.014698175014927983,1.7324011648694675,0.14816333949565888,0.959695041179657,0.041152537,0.2185546875
training_episode,3234162,3214.5314368,1006.1068194808329,51165194,444.5920715332031,24.240459442138672,2.945920944213867,3,3,3,1,0,0,0,10,1,0,LivesExhausted,,,,,,,,,
training_episode,3235626,3215.2812821000007,1006.3275079580943,19222849,26254.666015625,300.9724426269531,261.546630859375,2,30,40,27,2,2,4,184,2,1,MaxDuration,,,,,,,,,
training_episode,3237582,3216.3054441999993,1006.615216175556,59648243,24077.33203125,301.7331848144531,239.77330017089844,2,22,48,24,1,0,7,151,2,1,MaxDuration,,,,,,,,,
ppo_rollout,3237888,3216.4699346999987,1006.6588731543667,,,,,,,,,,,,,,,,,,,-0.013867316882048423,1.4418968737125397,0.13390014072259268,0.9961612820625305,0.048371907,0.25234375
training_episode,3238782,3217.535366199998,1006.6033878052116,12729651,805.2354736328125,38.49954605102539,6.552354335784912,3,3,11,1,0,0,1,30,0,0,LivesExhausted,,,,,,,,,
training_episode,3243180,3219.9362987999993,1007.2186835524241,8121575,23034.666015625,301.0425109863281,229.8466339111328,1,17,41,23,4,4,2,164,5,1,MaxDuration,,,,,,,,,
ppo_rollout,3244032,3220.396125199997,1007.3394308902092,,,,,,,,,,,,,,,,,,,-0.012372184925091763,2.2822229767839115,0.13096332152684528,0.99526047706604,0.035151646,0.184619140625
training_episode,3245376,3221.6525987999994,1007.3637366141952,33780180,1963.6248779296875,81.24894714355469,18.136249542236328,3,3,17,2,0,0,0,33,0,0,LivesExhausted,,,,,,,,,
training_episode,3245982,3222.0034338999976,1007.4421292813391,30533581,25150.666015625,301.1225891113281,250.5066375732422,2,39,47,26,3,3,5,103,3,1,MaxDuration,,,,,,,,,
training_episode,3248016,3223.0421040999972,1007.7485478294664,15347876,25150.666015625,304.7761535644531,250.0066375732422,3,25,47,26,4,3,1,125,1,1,MaxDuration,,,,,,,,,
ppo_rollout,3250176,3224.119854299999,1008.0816306085054,,,,,,,,,,,,,,,,,,,-0.014036644700293739,2.579750257730484,0.13521484235922496,0.9963423013687134,0.02462852,0.18484700520833333
training_episode,3252744,3225.9669804000005,1008.3004630123893,11996548,1271.8607177734375,56.32655334472656,11.218606948852539,3,3,15,2,0,0,1,19,1,0,LivesExhausted,,,,,,,,,
training_episode,3253080,3226.1401005000007,1008.3505051426081,23412009,1485.0736083984375,64.1552963256836,13.350736618041992,3,4,11,2,0,0,0,33,0,0,LivesExhausted,,,,,,,,,
ppo_rollout,3256320,3227.8139463000007,1008.831380672568,,,,,,,,,,,,,,,,,,,-0.011012547241989523,2.7945589368542034,0.14021559755007426,0.9928501844406128,0.030727694,0.165966796875
training_episode,3259980,3230.244788699998,1009.2052501420392,6550640,1386.767333984375,60.265892028808594,12.367671966552734,3,4,14,2,0,0,0,45,0,0,LivesExhausted,,,,,,,,,
ppo_rollout,3262464,3231.534691099998,1009.5710898555986,,,,,,,,,,,,,,,,,,,-0.009962870194188629,4.071628472208976,0.14173290729522706,0.9888796210289001,0.019199885,0.17008463541666666
training_episode,3262578,3232.1617324,1009.4105029754853,53573961,1894.64599609375,79.12849426269531,17.446460723876953,3,3,17,2,0,0,0,39,0,0,LivesExhausted,,,,,,,,,
training_episode,3267870,3234.8679473999982,1010.2019782991534,36188947,947.075439453125,44.09860610961914,7.9707536697387695,3,5,13,1,0,0,0,35,0,0,LivesExhausted,,,,,,,,,
ppo_rollout,3268608,3235.2524392999985,1010.310033397956,,,,,,,,,,,,,,,,,,,-0.004690398654201999,1.7224736288189888,0.14510742127895354,0.9961404204368591,0.065951586,0.215380859375
training_episode,3272520,3237.785351999999,1010.7279032498387,40168649,2643.00830078125,104.47390747070312,24.930082321166992,3,5,19,3,0,1,0,20,0,1,LivesExhausted,,,,,,,,,
training_episode,3273906,3238.5074534999985,1010.9305125920722,10635071,25150.666015625,302.6841125488281,251.0066375732422,1,15,41,26,4,1,4,134,5,1,MaxDuration,,,,,,,,,
ppo_rollout,3274752,3238.9425558999974,1011.0559058958218,,,,,,,,,,,,,,,,,,,-0.015738059190334754,1.7261240502198538,0.14603930314381916,0.996709942817688,0.03476276,0.22019856770833332
training_episode,3275370,3239.8164780000006,1010.9739308511535,14614773,27389.33203125,304.8562316894531,273.3932800292969,1,12,47,27,4,1,1,149,5,1,MaxDuration,,,,,,,,,
training_episode,3276678,3240.4867969000006,1011.1684463996648,16395166,1749.486572265625,73.38726806640625,15.994865417480469,3,4,13,2,0,0,0,37,1,0,LivesExhausted,,,,,,,,,
training_episode,3279402,3241.8519572999976,1011.5828986624289,72529910,23034.666015625,301.8332824707031,229.3466339111328,2,21,47,23,2,1,2,160,1,1,MaxDuration,,,,,,,,,
ppo_rollout,3280896,3242.6028498999985,1011.8093864320086,,,,,,,,,,,,,,,,,,,-0.015404136653523892,2.614859764277935,0.14176276127497356,0.9949073195457458,0.029045366,0.17556966145833333
training_episode,3281436,3243.4217869999993,1011.7204037884823,38388256,1109.712158203125,50.52752685546875,9.597121238708496,3,4,14,2,1,0,1,29,0,0,LivesExhausted,,,,,,,,,
training_episode,3283572,3244.495028999998,1012.0440841026797,13567483,1945.8785400390625,80.54879760742188,17.458786010742188,4,6,13,2,1,1,0,32,0,0,LivesExhausted,,,,,,,,,
training_episode,3284130,3244.7793132000006,1012.127384639047,30219394,27389.33203125,300.9123840332031,273.3932800292969,1,19,49,27,0,2,3,164,3,1,MaxDuration,,,,,,,,,
ppo_rollout,3287040,3246.2453472999987,1012.5667188815323,,,,,,,,,,,,,,,,,,,-0.012555260717635974,2.4820819278558095,0.14312515060106915,0.9946104884147644,0.023385635,0.160302734375
ppo_rollout,3293184,3249.9339206000004,1013.3079873180975,,,,,,,,,,,,,,,,,,,-0.013956814649282024,5.592504081130028,0.14630944530169168,0.9824987649917603,0.0143706435,0.12360026041666666
training_episode,3294822,3251.330668399998,1013.376471369922,57448934,2177.275634765625,89.09062194824219,20.272756576538086,3,4,20,3,0,1,0,47,0,0,LivesExhausted,,,,,,,,,
ppo_rollout,3299328,3253.6374565000006,1014.0429116983272,,,,,,,,,,,,,,,,,,,-0.01314474752289243,2.343678750594457,0.15202613646785418,0.9875543713569641,0.030127004,0.17696940104166667
ppo_rollout,3305472,3257.3087473999985,1014.7862104378179,,,,,,,,,,,,,,,,,,,-0.012018950545461848,1.7428618952631951,0.15762865543365479,0.9914832711219788,0.034545045,0.21487630208333333
training_episode,3308748,3259.5396905999987,1015.0967050782999,74205574,27389.33203125,301.8633117675781,272.8932800292969,2,26,45,27,1,1,4,124,1,1,MaxDuration,,,,,,,,,
ppo_rollout,3311616,3260.9976270000006,1015.5223581216054,,,,,,,,,,,,,,,,,,,-0.016312964314905306,1.5729465613762537,0.16237306408584118,0.918419599533081,0.03999177,0.22234700520833334
training_episode,3313326,3262.4155831999997,1015.6051292368044,46138202,27389.33203125,305.3667297363281,272.8932800292969,2,24,48,27,2,2,4,154,2,1,MaxDuration,,,,,,,,,
training_episode,3316182,3263.9179116999985,1016.0126846672991,57553663,27389.33203125,306.4678039550781,272.8932800292969,2,24,46,27,2,1,3,152,0,1,MaxDuration,,,,,,,,,
training_episode,3317658,3264.657309800001,1016.2346871878096,64779964,26254.666015625,301.8232727050781,262.046630859375,1,18,48,27,3,1,3,187,4,1,MaxDuration,,,,,,,,,
ppo_rollout,3317760,3264.7154056,1016.2478463847146,,,,,,,,,,,,,,,,,,,-0.015811851564406728,1.885193806886673,0.16931099841992062,0.9915205836296082,0.035907254,0.21409505208333332
training_episode,3318648,3265.7409494999993,1016.2006268464438,6969556,953.3833618164062,44.34856414794922,8.033833503723145,3,4,9,1,0,0,1,12,0,0,LivesExhausted,,,,,,,,,
training_episode,3319644,3266.2419950000003,1016.3496780341898,71692078,29750.666015625,300.5520324707031,297.5066223144531,0,26,47,30,4,1,5,155,2,1,MaxDuration,,,,,,,,,
training_episode,3323856,3268.360508499998,1016.9796114460676,20898513,929.0745849609375,43.38872528076172,7.790744781494141,3,3,11,1,0,0,0,15,1,0,LivesExhausted,,,,,,,,,
ppo_rollout,3323904,3268.3919988999987,1016.9844991416832,,,,,,,,,,,,,,,,,,,-0.012310554774012416,3.184489305814107,0.17561106222371262,0.9921237230300903,0.026442967,0.18802083333333333
training_episode,3327108,3270.547724699998,1017.29382356137,63837403,516.4004516601562,27.070524215698242,3.664004325866699,3,4,2,1,0,0,0,10,0,0,LivesExhausted,,,,,,,,,
training_episode,3327600,3270.7977890999973,1017.3664697613827,27810627,1553.7169189453125,66.25574493408203,14.037169456481934,3,3,16,2,0,0,1,29,0,1,LivesExhausted,,,,,,,,,
ppo_rollout,3330048,3272.0946474999982,1017.711392469738,,,,,,,,,,,,,,,,,,,-0.00816269112789693,2.3872586831450464,0.18491072629888852,0.9941045641899109,0.027887316,0.2001953125
training_episode,3330216,3272.7409633999996,1017.5617432735313,17128269,433.9764404296875,21.790403366088867,2.83976411819458,3,5,6,1,0,0,0,9,0,0,LivesExhausted,,,,,,,,,
training_episode,3330930,3273.1021532999985,1017.6675960576722,21631616,28554.666015625,300.8523254394531,285.046630859375,1,26,46,28,2,4,4,153,2,1,MaxDuration,,,,,,,,,
training_episode,3333150,3274.2575459,1017.9865063375191,70435330,1104.1044921875,50.30756378173828,9.541044235229492,3,4,13,2,0,0,1,40,0,0,LivesExhausted,,,,,,,,,
ppo_rollout,3336192,3275.7851594999993,1018.4404158266658,,,,,,,,,,,,,,,,,,,-0.011894702350643153,4.1741860777139665,0.18873879164457322,0.9898777604103088,0.017953167,0.13951822916666667
ppo_rollout,3342336,3279.4317091999983,1019.1814608072284,,,,,,,,,,,,,,,,,,,-0.018293761356229274,1.882434465487798,0.19194869635005793,0.9954986572265625,0.030277662,0.19952799479166666
training_episode,3345372,3281.524250399998,1019.4567355679969,72425181,27389.33203125,305.1765441894531,273.8932800292969,0,25,48,27,3,2,5,161,0,1,MaxDuration,,,,,,,,,
ppo_rollout,3348480,3283.1519856999985,1019.8979561666783,,,,,,,,,,,,,,,,,,,-0.009147872926162866,6.697394707798958,0.19866490326821803,0.9691240787506104,0.017264292,0.13837890625
training_episode,3352302,3285.8115854999996,1020.235613871902,51060465,26254.666015625,300.9624328613281,261.546630859375,2,24,46,27,3,1,3,121,1,1,MaxDuration,,,,,,,,,
training_episode,3353778,3286.6299548999996,1020.4306678942941,70225872,23034.666015625,300.9724426269531,229.3466339111328,2,18,41,23,3,1,2,113,3,1,MaxDuration,,,,,,,,,
ppo_rollout,3354624,3287.0895773999982,1020.5453550959872,,,,,,,,,,,,,,,,,,,-0.01967124500273106,1.5496961837013563,0.20501588098704815,0.9924227595329285,0.043065816,0.228173828125
ppo_rollout,3360768,3290.8706762999973,1021.2397661820579,,,,,,,,,,,,,,,,,,,-0.013215129671152681,2.251662557323774,0.21629220123092333,0.9865431785583496,0.031986177,0.20716145833333333
training_episode,3361914,3292.0127202000003,1021.2335995456764,13462754,1591.4525146484375,67.75606536865234,14.414525032043457,3,4,12,2,1,0,0,36,1,0,LivesExhausted,,,,,,,,,
training_episode,3362196,3292.1588892,1021.2739157364969,30743039,1993.7327880859375,82.43920135498047,18.437328338623047,3,4,15,2,0,1,0,15,0,0,LivesExhausted,,,,,,,,,
training_episode,3366222,3294.236525299999,1021.8519447972685,52840858,26254.666015625,300.0215148925781,261.546630859375,2,26,45,27,1,0,5,154,5,1,MaxDuration,,,,,,,,,
ppo_rollout,3366912,3294.622112199999,1021.9417843194555,,,,,,,,,,,,,,,,,,,-0.017761785899832225,2.0635326822598774,0.2251220022638639,0.9943622350692749,0.031985786,0.20439453125
training_episode,3367440,3295.442014,1021.8477477965419,37340966,27389.33203125,304.1955871582031,272.8932800292969,2,28,46,27,1,4,2,160,2,1,MaxDuration,,,,,,,,,
training_episode,3369798,3296.611112399998,1022.200643359089,22469448,27389.33203125,305.3567199707031,272.8932800292969,2,41,43,27,1,1,2,143,2,1,MaxDuration,,,,,,,,,
training_episode,3370722,3297.0608809999976,1022.3414494480493,47709137,1749.1201171875,73.36726379394531,15.991201400756836,3,4,15,2,0,1,0,29,0,0,LivesExhausted,,,,,,,,,
ppo_rollout,3373056,3298.2226478999983,1022.6889934636913,,,,,,,,,,,,,,,,,,,-0.013915962834532062,2.6487012684345244,0.22982908189296722,0.9928218722343445,0.029460436,0.18935546875
training_episode,3375060,3299.814176600001,1022.8030487091032,73786658,939.8828735351562,43.81865310668945,7.898828506469727,3,3,12,1,0,0,0,13,0,0,LivesExhausted,,,,,,,,,
ppo_rollout,3379200,3301.888604699998,1023.414295439875,,,,,,,,,,,,,,,,,,,-0.013341766983891527,2.1063692683974904,0.2264352006216844,0.9954660534858704,0.041517697,0.19669596354166666
training_episode,3380700,3303.2280632,1023.4534023439329,49908446,2011.0743408203125,83.12934875488281,18.610742568969727,3,3,18,3,0,0,0,41,1,0,LivesExhausted,,,,,,,,,
training_episode,3381606,3303.701036399998,1023.5811178861675,58810411,28554.666015625,301.9133605957031,285.046630859375,1,23,47,28,4,2,5,133,1,1,MaxDuration,,,,,,,,,
training_episode,3383628,3304.736314599999,1023.8723086775382,12624922,495.97198486328125,24.39046287536621,3.459719657897949,3,3,8,1,0,0,2,9,0,1,LivesExhausted,,,,,,,,,
ppo_rollout,3385344,3305.6017393,1024.1233720783575,,,,,,,,,,,,,,,,,,,-0.014632191636095134,3.461804549396038,0.22758651226758958,0.9912313222885132,0.022521034,0.17657877604166666
training_episode,3385392,3306.1848213999983,1023.9572748889644,32837619,2085.772705078125,86.0799789428711,18.85772705078125,4,6,16,3,1,1,0,25,1,0,LivesExhausted,,,,,,,,,
training_episode,3388782,3307.9087064999985,1024.4484659873128,60276617,1374.44287109375,59.77597427368164,12.244428634643555,3,3,12,2,0,0,0,24,0,0,LivesExhausted,,,,,,,,,
ppo_rollout,3391488,3309.2808726999974,1024.8413871358496,,,,,,,,,,,,,,,,,,,-0.01347073539897489,3.167111823459466,0.23254027739167213,0.9935400485992432,0.037911084,0.18055013020833333
training_episode,3394872,3311.595816699999,1025.1468439717337,18908662,1114.5491943359375,50.71749496459961,9.645491600036621,3,3,14,2,0,0,1,23,1,0,LivesExhausted,,,,,,,,,
ppo_rollout,3397632,3313.0009604999977,1025.5451297808347,,,,,,,,,,,,,,,,,,,-0.014392386328351374,2.2954809119304023,0.22690692618489267,0.9955397844314575,0.034983996,0.21412760416666668
training_episode,3398478,3313.9893185,1025.4945545624878,4665518,27389.33203125,302.3137512207031,273.3932800292969,1,29,44,27,8,5,2,161,0,1,MaxDuration,,,,,,,,,
training_episode,3398754,3314.126666199998,1025.535334742361,2885125,649.7437133789062,32.35057830810547,4.9974365234375,3,3,10,1,0,0,0,11,0,0,LivesExhausted,,,,,,,,,
training_episode,3402270,3315.9146182000004,1026.0427036709639,9378323,25150.666015625,300.3618469238281,250.5066375732422,2,26,43,26,4,5,5,138,1,1,MaxDuration,,,,,,,,,
training_episode,3403656,3316.6203195999988,1026.2422803978052,14719502,26254.666015625,301.7532043457031,261.546630859375,2,22,50,27,3,1,6,134,2,1,MaxDuration,,,,,,,,,
ppo_rollout,3403776,3316.6861243999992,1026.2580999025813,,,,,,,,,,,,,,,,,,,-0.012406560770856837,3.378702079256376,0.22718612104654312,0.9902548789978027,0.023340479,0.16266276041666666
training_episode,3405324,3318.0359234999996,1026.3071523372555,45614557,1230.781005859375,54.706825256347656,10.807809829711914,3,3,12,2,0,0,0,15,0,0,LivesExhausted,,,,,,,,,
training_episode,3406068,3318.4113068000006,1026.4152587174397,14405315,1462.147705078125,63.245391845703125,13.121477127075195,3,3,14,2,0,0,0,20,0,0,LivesExhausted,,,,,,,,,
training_episode,3409380,3320.0919221000004,1026.8932547637187,26763337,1037.7392578125,47.68800354003906,8.877392768859863,3,4,5,2,0,0,0,34,0,0,LivesExhausted,,,,,,,,,
ppo_rollout,3409920,3320.3688344999973,1026.9702463682736,,,,,,,,,,,,,,,,,,,-0.01617206746013835,1.5926975645124912,0.23269024913509687,0.9974812269210815,0.04511494,0.24217122395833332
training_episode,3413172,3322.5611032999986,1027.2714011519624,31790329,630.8278198242188,31.600627899169922,4.8082780838012695,3,3,4,1,0,0,0,10,0,0,LivesExhausted,,,,,,,,,
training_episode,3413856,3322.9091114999974,1027.3696587683519,50013175,1503.5318603515625,64.87545013427734,13.535319328308105,3,5,14,2,0,2,0,38,0,0,LivesExhausted,,,,,,,,,
ppo_rollout,3416064,3324.0233272000005,1027.689538772741,,,,,,,,,,,,,,,,,,,-0.012748697429196909,1.872518002986908,0.22593023677666982,0.9955054521560669,0.042835172,0.20821940104166667
training_episode,3419784,3326.497209199999,1028.0435499966752,57867850,23034.666015625,301.2527160644531,228.8466339111328,3,24,45,23,5,1,2,172,4,1,MaxDuration,,,,,,,,,
training_episode,3421776,3327.4986967000004,1028.3327844406062,13358025,27389.33203125,303.1645812988281,272.8932800292969,2,19,46,27,1,0,2,119,1,1,MaxDuration,,,,,,,,,
ppo_rollout,3422208,3327.718397299999,1028.394711156048,,,,,,,,,,,,,,,,,,,-0.008208655232253174,4.206804955502351,0.22237833191951115,0.9887213706970215,0.029894732,0.174365234375
training_episode,3422526,3328.4570533000006,1028.2620280789668,40692294,1704.348876953125,72.2170181274414,15.043488502502441,4,4,14,2,1,0,0,18,1,0,LivesExhausted,,,,,,,,,
training_episode,3427854,3331.1620421000007,1029.0264948621484,7702659,1112.1568603515625,50.61751174926758,9.62156867980957,3,3,8,2,1,0,0,20,0,0,LivesExhausted,,,,,,,,,
ppo_rollout,3428352,3331.4274339000003,1029.094004904238,,,,,,,,,,,,,,,,,,,-0.004476334358332679,3.131135929127534,0.2216178602228562,0.9900549054145813,0.0348916,0.21263020833333332
training_episode,3431136,3333.3626201000006,1029.3317562603092,25925505,2346.69873046875,94.57179260253906,21.46698760986328,4,6,19,3,1,1,1,49,0,1,LivesExhausted,,,,,,,,,
ppo_rollout,3434496,3335.0653835999983,1029.8136932753841,,,,,,,,,,,,,,,,,,,-0.01806059282195444,1.4156116172671318,0.22692975948254268,0.9968342185020447,0.035942223,0.22076822916666666
training_episode,3439044,3337.896734599999,1030.3026946135055,60171888,27389.33203125,306.4077453613281,272.8932800292969,2,24,44,27,3,2,5,138,0,1,MaxDuration,,,,,,,,,
training_episode,3439506,3338.136859899998,1030.3669814493583,27077524,1641.0504150390625,69.70648193359375,14.910503387451172,3,4,15,2,0,0,0,31,0,0,LivesExhausted,,,,,,,,,
ppo_rollout,3440640,3338.7064923,1030.5308381958964,,,,,,,,,,,,,,,,,,,-0.009626667977621158,6.002225121855735,0.22847006519635518,0.9790881872177124,0.018303148,0.14978841145833333
training_episode,3441378,3339.6447474999986,1030.4622976968305,22155261,23034.666015625,300.4219055175781,229.8466339111328,1,23,45,23,1,1,1,165,5,1,MaxDuration,,,,,,,,,
training_episode,3445824,3341.8729069,1031.1056392615562,73053555,780.646484375,37.01979446411133,6.306464672088623,3,3,12,1,0,0,0,12,1,0,LivesExhausted,,,,,,,,,
ppo_rollout,3446784,3342.3555694999995,1031.2439620287385,,,,,,,,,,,,,,,,,,,-0.013878310405804466,3.0374028156201045,0.22549959619839985,0.9905251264572144,0.03515583,0.182861328125
training_episode,3449730,3344.4230379,1031.4873330636196,60486075,28554.666015625,304.6059875488281,284.546630859375,2,30,46,28,1,2,4,110,1,1,MaxDuration,,,,,,,,,
training_episode,3450864,3345.0059894999977,1031.646583244482,57972579,893.0205688476562,41.968963623046875,7.430205345153809,3,3,8,1,0,0,0,24,1,0,LivesExhausted,,,,,,,,,
ppo_rollout,3452928,3346.0919670000003,1031.9286003055636,,,,,,,,,,,,,,,,,,,-0.01694500325829722,2.000288197894891,0.2214185540874799,0.9960979223251343,0.040564906,0.22503255208333334
training_episode,3458196,3349.4361003999984,1032.4711074759757,21212700,1406.969970703125,61.05575942993164,12.06969928741455,4,5,14,2,1,0,1,33,0,1,LivesExhausted,,,,,,,,,
training_episode,3459054,3349.9265902999978,1032.5760600294914,35560573,24077.33203125,304.3657531738281,240.27330017089844,1,23,46,24,3,3,1,168,1,1,MaxDuration,,,,,,,,,
ppo_rollout,3459072,3349.942363599999,1032.5765713421783,,,,,,,,,,,,,,,,,,,-0.012940335628809408,4.147358971834183,0.22342578197518984,0.9907829761505127,0.02981917,0.184375
training_episode,3464364,3353.4307511000006,1033.0805247323538,70540059,27389.33203125,304.2256164550781,272.8932800292969,2,36,39,27,2,0,3,130,2,1,MaxDuration,,,,,,,,,
ppo_rollout,3465216,3353.8682482000004,1033.199799026023,,,,,,,,,,,,,,,,,,,-0.012967226332208762,3.4507639815409976,0.22881550639867781,0.9914814829826355,0.022832682,0.17783203125
training_episode,3468168,3355.9590769999995,1033.435724460713,8435762,2010.1405029296875,83.08934020996094,18.101404190063477,4,4,13,3,1,0,0,15,1,0,LivesExhausted,,,,,,,,,
ppo_rollout,3471360,3357.5777328000004,1033.888200439402,,,,,,,,,,,,,,,,,,,-0.01046020007149006,3.028947215775649,0.2340169829626878,0.9927144050598145,0.036836006,0.18990885416666667
training_episode,3471948,3358.4406335999993,1033.7976396737224,71063704,655.7555541992188,31.470624923706055,5.057555198669434,3,3,9,1,0,0,0,12,0,0,LivesExhausted,,,,,,,,,
training_episode,3472548,3358.757721599999,1033.8786801049155,3199312,1602.334228515625,68.17615509033203,14.523343086242676,3,4,13,2,1,1,0,33,0,0,LivesExhausted,,,,,,,,,
training_episode,3475086,3360.067171499999,1034.2311098645848,4456060,23034.666015625,300.3318176269531,228.3466339111328,4,28,45,23,4,1,0,169,2,1,MaxDuration,,,,,,,,,
training_episode,3476046,3360.5659589999996,1034.363271665813,58391495,27389.33203125,304.4758605957031,273.3932800292969,1,30,48,27,4,1,1,156,2,1,MaxDuration,,,,,,,,,
ppo_rollout,3477504,3361.2968876999985,1034.5721060002877,,,,,,,,,,,,,,,,,,,-0.011803174036322162,2.5589816237489384,0.2315756767988205,0.9939084649085999,0.038984463,0.214208984375
training_episode,3479298,3362.8044573000006,1034.641783124533,66141441,719.3792114257812,35.10011672973633,5.69379186630249,3,3,10,1,0,0,0,26,0,0,LivesExhausted,,,,,,,,,
training_episode,3483144,3364.742512599998,1035.1888701606802,14300586,1342.04541015625,59.10608673095703,11.920454025268555,3,4,12,2,0,1,0,33,0,0,LivesExhausted,,,,,,,,,
ppo_rollout,3483648,3365.0181207999995,1035.2538604373985,,,,,,,,,,,,,,,,,,,-0.014801881702927252,1.9622528667251269,0.2364741824567318,0.9969660639762878,0.03901935,0.228076171875
training_episode,3484374,3365.9347415999982,1035.1876276554613,64675235,901.2372436523438,42.288909912109375,7.012372016906738,4,5,11,1,1,0,0,18,0,0,LivesExhausted,,,,,,,,,
training_episode,3485982,3366.8026131999977,1035.3983884688528,41949042,23034.666015625,302.0635070800781,229.3466339111328,2,18,46,23,1,0,0,163,2,1,MaxDuration,,,,,,,,,
training_episode,3489258,3368.5087428000006,1035.8465025385772,2570938,1119.818603515625,50.927459716796875,9.698184967041016,3,4,8,2,0,0,1,35,0,0,LivesExhausted,,,,,,,,,
ppo_rollout,3489792,3368.7941801999987,1035.917249118739,,,,,,,,,,,,,,,,,,,-0.012501405691727996,3.5881725033124288,0.24172525803248088,0.9924837946891785,0.024966868,0.19837239583333333
training_episode,3495084,3372.0008395000004,1036.5015213098968,69073853,26254.666015625,300.2016906738281,262.046630859375,1,30,39,27,4,4,5,106,2,1,MaxDuration,,,,,,,,,
ppo_rollout,3495936,3372.449329799998,1036.6163159543528,,,,,,,,,,,,,,,,,,,-0.013389901219246289,2.194076652328173,0.24730018004775048,0.995853066444397,0.037525907,0.20441080729166666
validation,3500004,,,,,,,,,,,,,,,,,,8327.073269348144,1663.07568359375,11300.855720956768,,,,,,
ppo_rollout,3502080,3506.710090599998,998.6796483084219,,,,,,,,,,,,,,,,,,,-0.013674743657854075,2.716906578838825,0.2545876570045948,0.9925310015678406,0.0318602,0.21261393229166667
training_episode,3503160,3507.8649669000006,998.6587377380839,30009936,1580.0611572265625,67.29596710205078,14.30061149597168,3,4,11,2,0,0,0,15,0,0,LivesExhausted,,,,,,,,,
ppo_rollout,3508224,3510.4361150000004,999.3698461024406,,,,,,,,,,,,,,,,,,,-0.01714356188895181,1.6015505914886792,0.2573162689805031,0.9951455593109131,0.044491958,0.21429036458333334
training_episode,3508272,3511.0359984999996,999.2127683962283,67293460,24077.33203125,302.6741027832031,239.77330017089844,2,22,44,24,2,5,4,107,1,1,MaxDuration,,,,,,,,,
training_episode,3508800,3511.3101597999994,999.2851215968508,68864395,26254.666015625,302.0835266113281,262.046630859375,1,31,47,27,1,1,3,131,4,1,MaxDuration,,,,,,,,,
training_episode,3511326,3512.6334317,999.6277915912884,29591020,503.6800537109375,25.410486221313477,3.5368003845214844,3,4,7,1,0,1,0,14,0,0,LivesExhausted,,,,,,,,,
training_episode,3513276,3513.6148995000003,999.903546771717,39435546,774.4613647460938,37.27975082397461,6.244613170623779,3,3,9,1,0,0,1,24,1,0,LivesExhausted,,,,,,,,,
ppo_rollout,3514368,3514.1696145999995,1000.0564529950906,,,,,,,,,,,,,,,,,,,-0.01853440060125043,1.9802613948782286,0.25633824840188024,0.995901882648468,0.03665032,0.224072265625
training_episode,3516132,3515.6256431999973,1000.1440303523165,55040167,432.8399353027344,23.78044891357422,2.828399181365967,3,3,7,1,0,0,0,5,0,0,LivesExhausted,,,,,,,,,
training_episode,3516366,3515.7519102999977,1000.1746680982249,60067159,893.1101684570312,41.968963623046875,7.4311017990112305,3,5,11,1,1,0,0,23,0,0,LivesExhausted,,,,,,,,,
ppo_rollout,3520512,3517.8914587,1000.7449181791892,,,,,,,,,,,,,,,,,,,-0.014533639010430003,1.7172182723879814,0.26005166868368784,0.9972625374794006,0.04460484,0.22137044270833334
training_episode,3521028,3518.7370123,1000.6510823889344,63209029,27389.33203125,305.4267883300781,273.3932800292969,1,27,46,27,2,2,3,163,2,1,MaxDuration,,,,,,,,,
training_episode,3521760,3519.105192799998,1000.7543983639459,47080763,968.2753295898438,44.9384651184082,8.182753562927246,3,3,10,1,0,0,0,25,2,0,LivesExhausted,,,,,,,,,
training_episode,3522138,3519.3024845,1000.8057038326453,51584110,23034.666015625,301.2527160644531,228.34661865234375,4,23,45,23,3,2,3,139,0,1,MaxDuration,,,,,,,,,
training_episode,3525198,3520.8393369999976,1001.2379613446708,31895058,727.9818725585938,34.710182189941406,5.779818534851074,3,6,9,1,1,2,0,10,0,0,LivesExhausted,,,,,,,,,
training_episode,3525288,3520.8871664,1001.2499217930065,24249841,552.593994140625,26.220504760742188,4.02593994140625,3,3,9,1,0,0,0,15,0,0,LivesExhausted,,,,,,,,,
training_episode,3525840,3521.1639278000002,1001.3279904872027,36922050,28554.666015625,304.7961730957031,285.046630859375,1,32,42,28,2,4,7,186,3,1,MaxDuration,,,,,,,,,
ppo_rollout,3526656,3521.5713227999986,1001.4438660285201,,,,,,,,,,,,,,,,,,,-0.014657118899049238,2.0410019715627032,0.25769291842977204,0.9964800477027893,0.034978632,0.22291666666666668
training_episode,3527196,3522.400069899999,1001.3615517842461,46871305,977.452880859375,45.298404693603516,8.274528503417969,3,4,12,1,0,0,1,12,0,0,LivesExhausted,,,,,,,,,
training_episode,3528870,3523.252611199998,1001.5943758282177,64151590,2684.775390625,106.1142578125,24.847753524780273,4,4,18,3,1,0,0,28,0,1,LivesExhausted,,,,,,,,,
training_episode,3531462,3524.5457375999977,1001.962313136192,61009720,1016.613525390625,46.84814453125,8.66613483428955,3,3,8,2,0,0,0,18,0,0,LivesExhausted,,,,,,,,,
training_episode,3531516,3524.5761963000004,1001.9689753642679,43205790,1144.2698974609375,51.89729690551758,9.942699432373047,3,4,11,2,0,1,1,15,0,0,LivesExhausted,,,,,,,,,
ppo_rollout,3532800,3525.1992094999987,1002.1561307739767,,,,,,,,,,,,,,,,,,,-0.01525500428591234,2.3626474102338153,0.24673161009947459,0.9962842464447021,0.036705077,0.20771484375
training_episode,3534852,3526.7821734999998,1002.2881556339477,23516738,1091.360595703125,49.807647705078125,9.413605690002441,3,4,14,2,0,0,0,17,0,0,LivesExhausted,,,,,,,,,
ppo_rollout,3538944,3528.8536102,1002.8593959723447,,,,,,,,,,,,,,,,,,,-0.007172646171723803,4.379407704869906,0.24203082919120789,0.9900557398796082,0.021196745,0.16826171875
training_episode,3539556,3529.7120031999984,1002.7888951821217,34094367,24077.33203125,303.2846984863281,239.27330017089844,3,31,46,24,5,3,2,91,0,1,MaxDuration,,,,,,,,,
training_episode,3544092,3531.9753624999976,1003.43055549839,11263445,1840.5650634765625,76.988037109375,16.405651092529297,4,5,17,2,1,0,0,35,1,0,LivesExhausted,,,,,,,,,
training_episode,3544392,3532.136419999999,1003.4697357470698,15033689,855.5513916015625,40.28924560546875,7.055514335632324,3,5,11,1,0,1,1,6,0,0,LivesExhausted,,,,,,,,,
ppo_rollout,3545088,3532.5071629999984,1003.5614469892022,,,,,,,,,,,,,,,,,,,-0.015371943269080172,3.443309459586938,0.24203334823250772,0.9928049445152283,0.02667237,0.146630859375
training_episode,3548370,3534.7727798999986,1003.8467027293296,66455628,733.3709106445312,35.6500244140625,5.833709239959717,3,3,8,1,0,0,0,18,0,0,LivesExhausted,,,,,,,,,
ppo_rollout,3551232,3536.2298224000006,1004.2424215487831,,,,,,,,,,,,,,,,,,,-0.008286801457870752,3.315683899819851,0.2428357022504012,0.99184650182724,0.02771034,0.17576497395833332
ppo_rollout,3557376,3539.936901199999,1004.9263869065263,,,,,,,,,,,,,,,,,,,-0.016096416946190097,1.466017190615336,0.23377314507961272,0.9976086616516113,0.040735412,0.24449869791666667
training_episode,3561966,3542.7930874999984,1005.4118070196222,38178798,29750.666015625,306.3777160644531,297.0066223144531,1,27,47,30,0,4,5,111,2,1,MaxDuration,,,,,,,,,
ppo_rollout,3563520,3543.6244172000006,1005.6144727707119,,,,,,,,,,,,,,,,,,,-0.008769225284534816,3.746716058254242,0.23234331409136455,0.9791557788848877,0.025951298,0.20301106770833333
training_episode,3563946,3544.4096637999974,1005.511873077069,66246170,27389.33203125,306.1975402832031,273.3932800292969,1,33,50,27,0,2,4,132,1,1,MaxDuration,,,,,,,,,
training_episode,3566328,3545.6720332000004,1005.8256845547436,42577416,750.8259887695312,36.34990692138672,6.0082597732543945,3,4,9,1,0,0,1,23,0,0,LivesExhausted,,,,,,,,,
training_episode,3568128,3546.6787651999985,1006.0476959488018,13776941,27389.33203125,305.0864562988281,272.3932800292969,3,29,45,27,1,0,2,181,3,1,MaxDuration,,,,,,,,,
training_episode,3568134,3546.6871451999978,1006.0470106107408,14510044,28554.666015625,305.5469055175781,284.046630859375,3,29,42,28,5,1,4,169,1,1,MaxDuration,,,,,,,,,
ppo_rollout,3569664,3547.539951999999,1006.2364478763736,,,,,,,,,,,,,,,,,,,-0.01724345185405885,1.7578530783454578,0.2412279355029265,0.988874077796936,0.048484474,0.23720703125
training_episode,3572196,3549.4935186000002,1006.3959777024622,73577200,688.1761474609375,33.870323181152344,5.38176155090332,3,4,6,1,0,0,0,28,0,0,LivesExhausted,,,,,,,,,
training_episode,3572208,3549.505251399998,1006.3960318388168,28334272,689.8440551757812,33.940311431884766,5.398440361022949,3,3,7,1,0,0,0,10,0,0,LivesExhausted,,,,,,,,,
training_episode,3575004,3550.946502499999,1006.7749535181855,68969124,479.4969787597656,23.290437698364258,3.2949695587158203,3,4,7,1,0,0,1,11,0,0,LivesExhausted,,,,,,,,,
training_episode,3575082,3550.994472399998,1006.7833188103281,20793784,1738.143310546875,72.93717193603516,15.881433486938477,3,4,14,2,0,0,0,71,2,0,LivesExhausted,,,,,,,,,
training_episode,3575706,3551.3104626999993,1006.8694465201595,39854462,593.7166137695312,29.22057342529297,4.4371657371521,3,4,9,1,1,1,0,1,1,0,LivesExhausted,,,,,,,,,
ppo_rollout,3575808,3551.3690406999995,1006.8815600462585,,,,,,,,,,,,,,,,,,,-0.014029257895890624,2.619167696932952,0.24713994512955348,0.9952999353408813,0.03268827,0.2248046875
training_episode,3579066,3553.598978599999,1007.1665434263588,2047293,670.965576171875,33.19043731689453,5.20965576171875,3,6,5,1,0,0,0,24,0,0,LivesExhausted,,,,,,,,,
training_episode,3580470,3554.3974213999973,1007.3353020241989,71482620,26254.666015625,300.6321105957031,261.046630859375,3,32,41,27,3,5,5,147,0,1,MaxDuration,,,,,,,,,
ppo_rollout,3581952,3555.1652682999993,1007.5345953502773,,,,,,,,,,,,,,,,,,,-0.017680159606970846,2.377287085354328,0.2491835484902064,0.9974254369735718,0.037625547,0.196142578125
training_episode,3583194,3556.3390456999987,1007.5512919198387,26134963,1603.1263427734375,68.2161636352539,14.531264305114746,3,3,13,2,0,0,0,30,1,0,LivesExhausted,,,,,,,,,
training_episode,3585162,3557.341747399998,1007.8205172781995,7283743,27389.33203125,306.5879211425781,272.8932800292969,2,34,44,27,4,3,3,149,2,1,MaxDuration,,,,,,,,,
training_episode,3587604,3558.5493021999973,1008.1647591005808,10949258,772.0952758789062,36.70984649658203,6.22095251083374,3,3,10,1,0,0,0,27,0,0,LivesExhausted,,,,,,,,,
ppo_rollout,3588096,3558.810906999999,1008.2288982936403,,,,,,,,,,,,,,,,,,,-0.016927518912901483,1.4491206328074138,0.2512358968456586,0.9981853365898132,0.051999573,0.25953776041666665
training_episode,3589134,3559.892963399998,1008.2140212923915,51688839,668.4754028320312,33.0904541015625,5.184753894805908,3,3,10,1,0,0,0,5,0,0,LivesExhausted,,,,,,,,,
training_episode,3589530,3560.101650299999,1008.2661543379024,17966101,2128.91455078125,87.17021179199219,19.789146423339844,3,4,15,3,0,1,0,19,0,0,LivesExhausted,,,,,,,,,
ppo_rollout,3594240,3562.4628691,1008.9199893634338,,,,,,,,,,,,,,,,,,,-0.009093125830016409,4.246639096736908,0.2582421931127707,0.9928272366523743,0.01651558,0.17569986979166666
training_episode,3594600,3563.1863032,1008.816181396911,68445479,899.7166137695312,42.228919982910156,7.497165679931641,3,3,11,1,0,0,0,19,0,0,LivesExhausted,,,,,,,,,
training_episode,3595392,3563.597198899999,1008.9221085676617,22364719,1503.0257568359375,64.8554458618164,13.530258178710938,3,6,10,2,0,0,0,28,0,0,LivesExhausted,,,,,,,,,
training_episode,3599970,3565.9144302999994,1009.5503047999769,15976250,2222.691650390625,90.2708740234375,20.22691535949707,4,6,18,3,1,1,0,29,0,0,LivesExhausted,,,,,,,,,
training_episode,3600228,3566.0496934000003,1009.5843607180395,5293892,29750.666015625,302.3337707519531,297.0066223144531,1,28,42,30,4,5,5,145,4,1,MaxDuration,,,,,,,,,
ppo_rollout,3600384,3566.1365788000003,1009.6035080102075,,,,,,,,,,,,,,,,,,,-0.014552623773730981,2.6451189428567887,0.2629034032424291,0.9943571090698242,0.036147352,0.18693033854166666
ppo_rollout,3606528,3569.7709902999995,1010.296741667709,,,,,,,,,,,,,,,,,,,-0.01125567292716975,3.395383948087692,0.27258278454343476,0.9921562671661377,0.02848428,0.17779947916666666
training_episode,3608388,3571.2864874999977,1010.3888368042897,41844313,1597.698974609375,67.9961166381836,14.47698974609375,3,3,10,2,0,0,0,37,0,0,LivesExhausted,,,,,,,,,
training_episode,3611820,3573.0442989000003,1010.8522866934331,54621251,23034.666015625,300.9023742675781,229.3466339111328,2,24,42,23,0,2,1,148,2,1,MaxDuration,,,,,,,,,
ppo_rollout,3612672,3573.482269699998,1010.966818174053,,,,,,,,,,,,,,,,,,,-0.011168678438601394,5.264559072256088,0.2807535268366337,0.9888339638710022,0.02482366,0.15535481770833334
training_episode,3615258,3575.3470740999983,1011.1628116299865,27496440,555.6326293945312,28.63055992126465,4.056326389312744,3,4,6,1,0,0,0,9,0,0,LivesExhausted,,,,,,,,,
training_episode,3617244,3576.3381795999994,1011.4379061335234,73263013,27389.33203125,306.4377746582031,272.8932800292969,2,36,45,27,2,1,5,180,1,1,MaxDuration,,,,,,,,,
ppo_rollout,3618816,3577.143220099999,1011.6497376078881,,,,,,,,,,,,,,,,,,,-0.009569312928942964,2.5772036358714105,0.2849976010620594,0.9936081171035767,0.032400522,0.19339192708333333
training_episode,3623874,3580.267580699998,1012.1796537038375,69597498,1243.79541015625,55.216739654541016,10.93795394897461,3,4,13,2,0,0,1,6,0,0,LivesExhausted,,,,,,,,,
ppo_rollout,3624960,3580.8329978999973,1012.3231108867353,,,,,,,,,,,,,,,,,,,-0.009223838047667717,3.202043190598488,0.2893372076253096,0.9937047362327576,0.039655358,0.23487955729166668
training_episode,3630762,3584.375610299998,1012.9412747834538,21107971,26254.666015625,301.3327941894531,262.546630859375,0,29,47,27,1,1,3,152,1,1,MaxDuration,,,,,,,,,
ppo_rollout,3631104,3584.5525911999976,1012.9866720087425,,,,,,,,,,,,,,,,,,,-0.008824899753866097,3.901403074959914,0.29043887158234916,0.9907206892967224,0.031223593,0.18250325520833333
training_episode,3631704,3585.416663,1012.909890634934,25506589,26254.666015625,302.5740051269531,261.546630859375,2,29,46,27,4,0,5,150,1,1,MaxDuration,,,,,,,,,
training_episode,3636408,3587.768572699999,1013.5570135905944,4770247,27389.33203125,303.6250305175781,272.3932800292969,3,39,38,27,3,4,5,136,1,1,MaxDuration,,,,,,,,,
ppo_rollout,3637248,3588.1971252999974,1013.6700613113338,,,,,,,,,,,,,,,,,,,-0.009480758966916861,3.15923454562823,0.2848813275496165,0.9857273697853088,0.034616195,0.19544270833333333
training_episode,3638334,3589.3311667999988,1013.6523577576958,44986183,1243.8067626953125,55.216739654541016,10.938067436218262,3,4,13,2,0,0,1,28,0,0,LivesExhausted,,,,,,,,,
training_episode,3642894,3591.6683529999973,1014.2623544173324,69388040,1214.174560546875,54.04693603515625,10.641745567321777,3,3,11,2,1,0,1,19,0,0,LivesExhausted,,,,,,,,,
ppo_rollout,3643392,3591.9334283999997,1014.3261484728914,,,,,,,,,,,,,,,,,,,-0.01792670973421385,2.618003657956918,0.2812458207209905,0.9945976138114929,0.037429474,0.21336263020833332
training_episode,3645018,3593.3352962999998,1014.3829338033712,54411793,27389.33203125,305.1965637207031,272.3932800292969,3,29,45,27,3,2,5,95,5,1,MaxDuration,,,,,,,,,
training_episode,3649170,3595.4937267999994,1014.9287628566585,27391711,705.7606201171875,34.56020736694336,5.557606220245361,3,3,9,1,0,0,0,12,0,0,LivesExhausted,,,,,,,,,
ppo_rollout,3649536,3595.6794100000006,1014.9781401117735,,,,,,,,,,,,,,,,,,,-0.009581895316174874,3.525317812959353,0.2889756768941879,0.9925536513328552,0.03575908,0.20533854166666668
training_episode,3651540,3597.2669045000002,1015.0873140472581,57763121,24077.33203125,302.3137512207031,238.77330017089844,4,33,43,24,5,4,1,153,6,1,MaxDuration,,,,,,,,,
training_episode,3653604,3598.341354199998,1015.3578108245621,28543730,766.31640625,36.949806213378906,6.163164138793945,3,6,5,1,0,0,0,22,0,0,LivesExhausted,,,,,,,,,
training_episode,3655500,3599.3113023000005,1015.6109580363594,26449150,2657.805419921875,105.05403137207031,24.078052520751953,5,5,16,3,2,0,0,36,0,1,LivesExhausted,,,,,,,,,
ppo_rollout,3655680,3599.405618599998,1015.6343539358841,,,,,,,,,,,,,,,,,,,-0.010990202601533383,2.5873824442426363,0.2903499538699786,0.9945599436759949,0.04567945,0.21951497395833333
training_episode,3658908,3601.6327739000008,1015.9025724429921,44567267,1415.364501953125,61.385704040527344,12.153644561767578,4,6,13,2,1,0,0,28,1,0,LivesExhausted,,,,,,,,,
training_episode,3659040,3601.7022192999975,1015.9196338866533,41006481,977.2271728515625,45.298404693603516,7.772271156311035,4,5,11,1,1,0,0,18,0,0,LivesExhausted,,,,,,,,,
training_episode,3660390,3602.4104267000002,1016.0946606389634,49280072,29750.666015625,304.2856750488281,297.0066223144531,1,35,40,30,1,0,3,144,4,1,MaxDuration,,,,,,,,,
training_episode,3660504,3602.476380099997,1016.1077030846187,23097822,885.6514892578125,41.66901397705078,7.356514930725098,3,3,6,1,0,0,0,8,0,0,LivesExhausted,,,,,,,,,
training_episode,3661608,3603.0345161999976,1016.256709042515,3722957,452.6142883300781,22.480419158935547,3.0261430740356445,3,4,6,1,0,0,0,2,0,0,LivesExhausted,,,,,,,,,
ppo_rollout,3661824,3603.1508483,1016.2838454925313,,,,,,,,,,,,,,,,,,,-0.008714513641704495,3.0193802480896315,0.29361096148689586,0.9942775368690491,0.036656823,0.214794921875
training_episode,3666630,3606.0839868000003,1016.7899620257397,19641765,1145.9935302734375,51.9572868347168,9.959935188293457,3,4,11,2,0,0,0,22,1,0,LivesExhausted,,,,,,,,,
training_episode,3667176,3606.3697665,1016.8607872838876,26868066,27389.33203125,303.4348449707031,273.3932800292969,1,34,38,27,1,4,3,173,5,1,MaxDuration,,,,,,,,,
ppo_rollout,3667968,3606.7906772999995,1016.9617058968881,,,,,,,,,,,,,,,,,,,-0.013342171761905774,1.5997088161607584,0.3032070902486642,0.9980013370513916,0.06287322,0.24578450520833334
training_episode,3668370,3607.5546818999974,1016.8577675080376,72110994,1519.556396484375,65.51558685302734,13.695564270019531,3,4,14,2,0,0,0,24,0,0,LivesExhausted,,,,,,,,,
training_episode,3669858,3608.319393499998,1017.0546450546638,54202335,1615.7767333984375,68.70626831054688,14.657767295837402,3,3,7,2,0,0,0,38,0,0,LivesExhausted,,,,,,,,,
training_episode,3672960,3609.8916914,1017.4709697662814,42472687,1050.7281494140625,48.19791793823242,9.007281303405762,3,3,9,2,1,0,1,26,0,0,LivesExhausted,,,,,,,,,
ppo_rollout,3674112,3610.4868169,1017.6223280478916,,,,,,,,,,,,,,,,,,,-0.017417712637688966,2.182024305065473,0.3113563266893228,0.9963011741638184,0.04349546,0.23077799479166666
training_episode,3674592,3611.322404399998,1017.5197859717301,64046861,26254.666015625,302.1035461425781,261.546630859375,2,29,44,27,1,2,2,168,2,1,MaxDuration,,,,,,,,,
training_episode,3675426,3611.7662138999985,1017.6256663166638,62999571,1746.4051513671875,73.26724243164062,15.96405029296875,3,3,15,2,1,0,1,28,2,1,LivesExhausted,,,,,,,,,
training_episode,3676002,3612.0742757000007,1017.6983415679099,57658392,1126.361083984375,51.187416076660156,9.763609886169434,3,3,12,2,0,0,0,16,1,0,LivesExhausted,,,,,,,,,
training_episode,3677448,3612.8228337,1017.8877208417705,69492769,777.3867797851562,37.389732360839844,6.273867607116699,3,3,6,1,0,0,0,6,0,0,LivesExhausted,,,,,,,,,
ppo_rollout,3680256,3614.3563104999994,1018.2327595396604,,,,,,,,,,,,,,,,,,,-0.013705842844986667,3.0353038663665455,0.3209106552104155,0.9929111003875732,0.037176315,0.22096354166666668
training_episode,3682026,3615.8781574999994,1018.2937144501946,70121143,795.7538452148438,38.11960983276367,6.457538604736328,3,5,9,1,0,1,0,10,0,0,LivesExhausted,,,,,,,,,
training_episode,3682434,3616.0880374000008,1018.3474411888773,19432307,1514.4788818359375,65.3055419921875,13.64478874206543,3,3,13,2,0,0,0,53,1,0,LivesExhausted,,,,,,,,,
training_episode,3686124,3618.008512199998,1018.8267903655602,60590804,694.8206176757812,34.130279541015625,5.448205947875977,3,3,9,1,0,0,0,18,0,0,LivesExhausted,,,,,,,,,
ppo_rollout,3686400,3618.157316699999,1018.8611708465577,,,,,,,,,,,,,,,,,,,-0.010198005993152038,4.460794313748678,0.3214002666374048,0.9822165369987488,0.025416814,0.16233723958333332
training_episode,3689214,3620.116005600001,1019.0872320923171,33047077,1275.4794921875,56.47652816772461,11.25479507446289,3,3,11,2,0,0,1,22,0,0,LivesExhausted,,,,,,,,,
training_episode,3692016,3621.5255732000005,1019.4642907733809,31057226,1072.6126708984375,49.05777359008789,9.226126670837402,3,3,6,2,1,0,0,9,0,0,LivesExhausted,,,,,,,,,
ppo_rollout,3692544,3621.797853199998,1019.5334333023294,,,,,,,,,,,,,,,,,,,-0.014867469577196365,3.7025445625185966,0.32509835809469223,0.9915077686309814,0.031984817,0.194970703125
training_episode,3693600,3622.8866696000005,1019.518504675667,35455844,755.2943115234375,36.51987838745117,6.052943229675293,3,3,12,1,0,0,0,15,0,0,LivesExhausted,,,,,,,,,
training_episode,3695298,3623.7469568999986,1019.7450439975563,51793568,25150.666015625,302.1335754394531,249.5066375732422,4,27,46,26,4,1,2,137,2,1,MaxDuration,,,,,,,,,
ppo_rollout,3698688,3625.5013449,1020.1866302443804,,,,,,,,,,,,,,,,,,,-0.01042430429952219,2.286922688782215,0.33019342174132665,0.9945946335792542,0.03460784,0.22208658854166666
training_episode,3701094,3627.328239999999,1020.3361138334702,32104516,1052.6473388671875,48.267906188964844,9.026473045349121,3,3,11,2,0,0,2,16,0,1,LivesExhausted,,,,,,,,,
training_episode,3704532,3629.0936336999985,1020.7871093761472,66665086,23034.666015625,301.3327941894531,228.3466339111328,4,27,48,23,5,3,0,137,2,1,MaxDuration,,,,,,,,,
ppo_rollout,3704832,3629.2492346,1020.8260057422953,,,,,,,,,,,,,,,,,,,-0.008538432248557607,1.5268652689953646,0.3354544289410114,0.9974201321601868,0.070613265,0.269970703125
training_episode,3707814,3631.2957632,1021.0718822673288,61114449,1263.373046875,55.99660873413086,11.133729934692383,3,5,13,2,0,0,1,23,1,0,LivesExhausted,,,,,,,,,
ppo_rollout,3710976,3632.9074106000007,1021.4892868373724,,,,,,,,,,,,,,,,,,,-0.013494302260611827,5.24484229683876,0.3399963167806466,0.9874326586723328,0.022368958,0.16318359375
training_episode,3712074,3634.0510307000004,1021.4699707408815,9797239,27389.33203125,305.3767395019531,272.8932800292969,2,33,44,27,3,0,3,155,3,1,MaxDuration,,,,,,,,,
training_episode,3712284,3634.1625853999976,1021.4964005501157,61742823,23034.666015625,302.3137512207031,228.8466339111328,3,42,43,23,3,4,4,151,3,1,MaxDuration,,,,,,,,,
training_episode,3712788,3634.416805599998,1021.5636231593596,17023540,878.9464111328125,41.4090576171875,7.289463996887207,3,3,11,1,0,0,0,15,1,0,LivesExhausted,,,,,,,,,
training_episode,3716538,3636.3087564999987,1022.0633749421277,3408770,651.6257934570312,31.21061897277832,5.0162577629089355,3,4,9,1,0,0,0,10,0,0,LivesExhausted,,,,,,,,,
ppo_rollout,3717120,3636.6165613999983,1022.1369058961251,,,,,,,,,,,,,,,,,,,-0.010089694433069478,2.9274077504873275,0.345645197480917,0.9915544986724854,0.040173996,0.19200846354166667
training_episode,3719850,3638.586438899998,1022.3338272883162,68550208,1500.9364013671875,64.77542877197266,13.509364128112793,3,3,15,2,0,0,1,26,0,1,LivesExhausted,,,,,,,,,
ppo_rollout,3723264,3640.3294849999984,1022.7821452266159,,,,,,,,,,,,,,,,,,,-0.01650892826146446,1.4747420559326807,0.35160311261812843,0.9980152249336243,0.050804198,0.255126953125
training_episode,3723336,3640.928935199998,1022.6335273955232,24354570,2268.4609375,92.09126281738281,21.184608459472656,3,3,18,3,0,0,0,35,1,0,LivesExhausted,,,,,,,,,
training_episode,3728238,3643.418868099998,1023.2800934975215,34199096,1645.0306396484375,69.86651611328125,14.95030689239502,3,5,14,2,0,0,0,22,0,0,LivesExhausted,,,,,,,,,
training_episode,3728634,3643.6185996999993,1023.3326836971906,67607647,24077.33203125,305.1264953613281,239.27330017089844,3,37,41,24,1,4,1,145,4,1,MaxDuration,,,,,,,,,
ppo_rollout,3729408,3644.0056417999986,1023.4363957125532,,,,,,,,,,,,,,,,,,,-0.015373981257046884,3.87546726167202,0.3516683923701445,0.9924161434173584,0.025579212,0.17233072916666667
training_episode,3730386,3645.051217799999,1023.4111339185806,44253080,27389.33203125,306.5278625488281,272.8932800292969,2,35,41,27,2,4,2,146,2,1,MaxDuration,,,,,,,,,
training_episode,3731880,3645.8188456999997,1023.6054389815621,28124814,598.0347290039062,30.310598373413086,4.480347156524658,3,3,7,1,0,0,0,25,1,0,LivesExhausted,,,,,,,,,
ppo_rollout,3735552,3647.6645266999985,1024.0941766044236,,,,,,,,,,,,,,,,,,,-0.006549669664430742,2.936517807841301,0.3534374582270781,0.9937301874160767,0.042454008,0.221728515625
training_episode,3737622,3649.2828717999982,1024.207256960716,18803933,1041.20654296875,47.8179817199707,8.912064552307129,3,3,13,2,0,0,0,30,0,0,LivesExhausted,,,,,,,,,
training_episode,3739074,3650.0205437999975,1024.3980698550506,19851223,2124.656982421875,87.00017547607422,19.746570587158203,3,4,15,3,0,1,0,48,0,0,LivesExhausted,,,,,,,,,
training_episode,3740844,3650.940952599998,1024.6246237797898,17337727,29750.666015625,302.5840148925781,297.0066223144531,1,34,40,30,0,3,5,171,4,1,MaxDuration,,,,,,,,,
ppo_rollout,3741696,3651.3978413000004,1024.7297508035583,,,,,,,,,,,,,,,,,,,-0.01141383584763389,2.24380106429259,0.35834150165319445,0.9961643815040588,0.040860206,0.222216796875
training_episode,3744894,3653.584395499998,1024.9917874108683,1523648,1394.296142578125,60.555843353271484,12.442961692810059,3,4,14,2,0,0,0,26,0,0,LivesExhausted,,,,,,,,,
ppo_rollout,3747840,3655.0788644999993,1025.3786960388036,,,,,,,,,,,,,,,,,,,-0.011267886216713426,2.806922709941864,0.36169557794928553,0.9949619770050049,0.04073882,0.21227213541666667
training_episode,3749082,3656.2840658999994,1025.380395075282,54830709,2017.1859130859375,83.36940002441406,18.171859741210938,4,6,17,3,1,0,0,47,0,0,LivesExhausted,,,,,,,,,
training_episode,3749646,3656.574963799998,1025.45306389761,71168433,832.7271118164062,39.57936477661133,6.827271461486816,3,3,11,1,0,0,0,4,0,0,LivesExhausted,,,,,,,,,
training_episode,3752796,3658.1832216000003,1025.8633241335076,49175343,635.5872192382812,30.94061279296875,4.855871677398682,3,3,9,1,0,0,0,10,0,0,LivesExhausted,,,,,,,,,
training_episode,3753204,3658.4019923999986,1025.9135020691942,1837835,27389.33203125,305.5368957519531,272.8932800292969,2,48,41,27,1,2,3,100,0,1,MaxDuration,,,,,,,,,
ppo_rollout,3753984,3658.8261065000006,1026.0077660785653,,,,,,,,,,,,,,,,,,,-0.012427632161416114,3.027489028374354,0.36158187439044315,0.9938998818397522,0.028675243,0.20086263020833334
training_episode,3759486,3662.1618823999997,1026.5755913379282,10111426,26254.666015625,301.2026672363281,262.046630859375,1,31,41,27,2,1,5,127,2,1,MaxDuration,,,,,,,,,
training_episode,3759498,3662.172185899999,1026.5759798173124,23307280,1984.30615234375,82.06912231445312,18.343061447143555,3,4,18,2,1,1,0,27,0,0,LivesExhausted,,,,,,,,,
ppo_rollout,3760128,3662.4970657999984,1026.6569317178896,,,,,,,,,,,,,,,,,,,-0.011551344507218649,2.2188908671339354,0.3636936398843924,0.996895968914032,0.054647088,0.24222005208333333
training_episode,3760416,3663.2173631999976,1026.5336798674416,24773486,1382.245361328125,60.075923919677734,12.322453498840332,3,3,11,2,1,0,0,27,0,0,LivesExhausted,,,,,,,,,
training_episode,3760638,3663.3391353000006,1026.5601575793041,41634855,1514.2366943359375,65.3055419921875,13.642366409301758,3,3,13,2,0,0,0,27,0,0,LivesExhausted,,,,,,,,,
training_episode,3765792,3665.9423423000007,1027.2371053270178,46557118,1158.3216552734375,52.44720458984375,9.583216667175293,4,4,7,2,1,0,1,25,0,0,LivesExhausted,,,,,,,,,
ppo_rollout,3766272,3666.1888521,1027.2989613840193,,,,,,,,,,,,,,,,,,,-0.01779457698673165,2.3781015212337175,0.3661058450738589,0.99680095911026,0.043982834,0.21949869791666668
training_episode,3766338,3666.826210200001,1027.1383981938352,18175559,1079.6253662109375,49.33772659301758,9.296252250671387,3,3,11,2,0,0,1,41,1,0,LivesExhausted,,,,,,,,,
training_episode,3767052,3667.2036329000002,1027.2273855218234,11368174,26254.666015625,305.4968566894531,262.046630859375,1,24,52,27,1,3,4,137,0,1,MaxDuration,,,,,,,,,
training_episode,3768246,3667.8128321999975,1027.382304494464,38911901,1738.6923828125,72.9571762084961,15.886922836303711,3,4,11,2,0,1,0,32,0,0,LivesExhausted,,,,,,,,,
training_episode,3772008,3669.7025859999994,1027.8783938486727,18594475,1026.0921630859375,47.22808074951172,8.260921478271484,4,4,9,2,1,0,0,15,1,0,LivesExhausted,,,,,,,,,
ppo_rollout,3772416,3669.9189724999997,1027.9289619929068,,,,,,,,,,,,,,,,,,,-0.012729771617644776,2.9737826004624366,0.3702691294252872,0.9954274892807007,0.038911667,0.20730794270833333
training_episode,3772752,3670.6574941,1027.813683533291,49070614,1313.149658203125,57.966278076171875,11.13149642944336,4,5,9,2,1,0,0,28,0,0,LivesExhausted,,,,,,,,,
training_episode,3774132,3671.3489749,1027.9959834389754,56296915,1072.2200927734375,49.04777526855469,9.222201347351074,3,5,13,2,0,0,1,14,0,0,LivesExhausted,,,,,,,,,
training_episode,3774870,3671.723899299999,1028.0920089660515,16080979,1509.1927490234375,65.10549926757812,13.091927528381348,4,5,16,2,1,0,0,39,0,0,LivesExhausted,,,,,,,,,
training_episode,3776934,3672.7366729999994,1028.3704867179845,55982728,28554.666015625,300.7322082519531,284.546630859375,2,30,41,28,3,2,3,159,4,1,MaxDuration,,,,,,,,,
ppo_rollout,3778560,3673.5747448,1028.5784998246213,,,,,,,,,,,,,,,,,,,-0.014697299660959591,1.8680338613688945,0.3775784927109877,0.997357189655304,0.05610932,0.23570963541666667
training_episode,3780348,3675.0525082999993,1028.6514251054084,18699204,1462.6107177734375,63.25539016723633,13.126108169555664,3,3,16,2,0,0,0,18,0,0,LivesExhausted,,,,,,,,,
training_episode,3780972,3675.366969399998,1028.733193577468,3618228,1118.0279541015625,50.84747314453125,9.680279731750488,3,3,15,2,1,0,1,10,0,0,LivesExhausted,,,,,,,,,
training_episode,3782604,3676.2122127000002,1028.940600037303,39959191,1026.5797119140625,47.248077392578125,8.76579761505127,3,3,9,2,0,0,0,19,0,0,LivesExhausted,,,,,,,,,
training_episode,3784566,3677.2627789,1029.1801885129619,50117904,2123.28271484375,86.95016479492188,19.732826232910156,3,3,20,3,1,0,0,23,3,0,LivesExhausted,,,,,,,,,
ppo_rollout,3784704,3677.3382794999998,1029.1965852308258,,,,,,,,,,,,,,,,,,,-0.014927329340328773,1.816093416015307,0.3825936816632748,0.996611475944519,0.050794613,0.25631510416666664
training_episode,3785100,3678.1437525999972,1029.078865480556,43729435,701.3380737304688,34.390235900878906,5.513380527496338,3,5,6,1,0,0,1,9,0,0,LivesExhausted,,,,,,,,,
training_episode,3787740,3679.579775099999,1029.3947220908021,37026779,1420.2098388671875,61.585670471191406,12.702098846435547,3,3,14,2,0,0,0,34,1,0,LivesExhausted,,,,,,,,,
training_episode,3789528,3680.546544599998,1029.6101283000746,34303825,1306.1470947265625,57.676326751708984,11.061470985412598,4,7,11,2,1,0,1,26,0,0,LivesExhausted,,,,,,,,,
ppo_rollout,3790848,3681.2388173,1029.775080656243,,,,,,,,,,,,,,,,,,,-0.010084941587410867,2.8992532173792522,0.38413913547992706,0.9936625361442566,0.036047194,0.223486328125
training_episode,3791136,3681.980476500001,1029.6458724310673,42053771,1231.5086669921875,54.736820220947266,10.81508731842041,3,4,8,2,1,0,0,21,0,0,LivesExhausted,,,,,,,,,
training_episode,3791616,3682.236638899998,1029.7045985433128,57344205,1219.401611328125,54.256900787353516,10.694016456604004,3,4,11,2,0,0,1,19,0,0,LivesExhausted,,,,,,,,,
training_episode,3796458,3684.738650899999,1030.3194770876664,23202551,952.672119140625,44.31856918334961,8.026721000671387,3,4,10,1,0,1,0,20,0,0,LivesExhausted,,,,,,,,,
training_episode,3796680,3684.8588364999996,1030.346118660603,21526887,29750.666015625,300.3218078613281,297.0066223144531,1,34,47,30,2,1,10,124,0,1,MaxDuration,,,,,,,,,
ppo_rollout,3796992,3685.0201371999974,1030.3856854592611,,,,,,,,,,,,,,,,,,,-0.011826198291964829,1.8873272915681203,0.3857251872618993,0.9970448613166809,0.047898874,0.2510904947916667
training_episode,3798876,3686.5176857999977,1030.4781703971726,24040383,1863.290283203125,77.88822937011719,17.132904052734375,3,6,13,2,0,1,0,24,0,0,LivesExhausted,,,,,,,,,
training_episode,3801090,3687.6301652,1030.7676826897434,8016846,1889.05322265625,78.908447265625,16.890531539916992,4,4,16,2,1,0,0,34,1,0,LivesExhausted,,,,,,,,,
ppo_rollout,3803136,3688.6606350999973,1031.0343987220444,,,,,,,,,,,,,,,,,,,-0.017234469030518083,1.8097609589497248,0.392207999030749,0.9975000619888306,0.051909987,0.2552083333333333
training_episode,3803418,3689.3513101999997,1030.9178173096823,29067375,1267.0313720703125,56.1365852355957,11.170313835144043,3,5,7,2,0,0,1,36,1,0,LivesExhausted,,,,,,,,,
training_episode,3803502,3689.3981571000004,1030.9274949575215,47499679,1331.083251953125,58.6761589050293,11.810832023620605,3,4,9,2,0,1,0,21,1,0,LivesExhausted,,,,,,,,,
training_episode,3808512,3691.9479668999993,1031.572501602149,6026995,27389.33203125,304.1455383300781,272.3932800292969,3,31,37,27,2,1,5,185,3,1,MaxDuration,,,,,,,,,
ppo_rollout,3809280,3692.329034399998,1031.674036769317,,,,,,,,,,,,,,,,,,,-0.0057645788920732835,6.088724793493748,0.3960448595384757,0.9885935187339783,0.020390736,0.180078125
training_episode,3812502,3694.5241762999976,1031.9331578493432,4037144,672.27685546875,33.24042892456055,5.222768783569336,3,3,6,1,0,0,0,5,1,0,LivesExhausted,,,,,,,,,
training_episode,3812700,3694.6293700999995,1031.9573678636145,51898297,1849.0986328125,77.32810974121094,16.990985870361328,3,4,14,2,0,0,0,32,0,0,LivesExhausted,,,,,,,,,
ppo_rollout,3815424,3696.0171076999977,1032.3069100657676,,,,,,,,,,,,,,,,,,,-0.013346984144300222,3.6322885284821194,0.3934836784998576,0.9946210384368896,0.026466167,0.15703125
ppo_rollout,3821568,3699.7421176999997,1032.9282091627877,,,,,,,,,,,,,,,,,,,-0.016578941753687106,1.9231564099589984,0.3962304184834162,0.9971596598625183,0.040477395,0.233056640625
training_episode,3823866,3701.4636199999986,1033.068643262797,67921834,23034.666015625,300.9924621582031,229.8466339111328,1,24,45,23,2,2,1,144,3,1,MaxDuration,,,,,,,,,
ppo_rollout,3827712,3703.4347080000007,1033.5573060682132,,,,,,,,,,,,,,,,,,,-0.005174322705715895,8.5465468754371,0.4001564234495163,0.9784069061279297,0.019726826,0.19226888020833333
ppo_rollout,3833856,3707.1574527999983,1034.1767375173954,,,,,,,,,,,,,,,,,,,-0.01777553039137274,1.6332523395617804,0.39815838560461997,0.9951116442680359,0.050623257,0.24801432291666667
training_episode,3835458,3708.5425314999993,1034.2224654084437,5398621,29750.666015625,304.8262023925781,297.5066223144531,0,23,47,30,3,3,5,159,6,1,MaxDuration,,,,,,,,,
training_episode,3837894,3709.7908575,1034.5310955309021,19537036,27389.33203125,306.6679992675781,273.3932800292969,1,39,43,27,1,1,1,158,3,1,MaxDuration,,,,,,,,,
training_episode,3839562,3710.6338933999978,1034.7455745578466,3304041,701.1799926757812,34.160274505615234,5.5117998123168945,3,3,10,1,0,0,0,5,0,0,LivesExhausted,,,,,,,,,
training_episode,3839922,3710.8446277999974,1034.7838255563202,33151806,24077.33203125,303.4648742675781,239.77330017089844,2,27,41,24,3,1,2,107,1,1,MaxDuration,,,,,,,,,
ppo_rollout,3840000,3710.8897911999993,1034.7922509329628,,,,,,,,,,,,,,,,,,,-0.015461296747283389,2.2277235716581343,0.4001007482409477,0.9936296939849854,0.039572682,0.23728841145833332
training_episode,3844020,3713.4456475999978,1035.1625861238585,13672212,694.6307373046875,34.12028121948242,5.44630765914917,3,3,5,1,0,0,0,5,0,0,LivesExhausted,,,,,,,,,
ppo_rollout,3846144,3714.5279145999993,1035.4327894219564,,,,,,,,,,,,,,,,,,,-0.008432845975039526,3.1936330353220304,0.39948806415001553,0.9930000901222229,0.04509391,0.214794921875
training_episode,3846480,3715.2749158999977,1035.315040493637,37655153,1687.5035400390625,71.53687286376953,14.875036239624023,4,4,15,2,2,0,0,14,0,0,LivesExhausted,,,,,,,,,
training_episode,3847392,3715.734254499999,1035.4324977198125,38597714,541.850830078125,28.080547332763672,3.918508529663086,3,3,10,1,0,0,0,11,0,0,LivesExhausted,,,,,,,,,
training_episode,3848010,3716.061666999998,1035.507573561481,10844529,1658.3057861328125,70.38662719726562,15.08305835723877,3,3,11,2,0,0,0,24,0,0,LivesExhausted,,,,,,,,,
training_episode,3848700,3716.4170897999975,1035.5942045802833,68654937,26254.666015625,301.5930480957031,262.046630859375,1,29,48,27,2,3,3,85,0,1,MaxDuration,,,,,,,,,
training_episode,3848778,3716.4612749000007,1035.602880082091,48232782,26254.666015625,300.6221008300781,261.546630859375,2,38,44,27,4,1,3,181,3,1,MaxDuration,,,,,,,,,
training_episode,3850530,3717.3489697000005,1035.826883993285,35665302,691.9578857421875,33.7303466796875,5.419578552246094,3,3,11,1,0,0,1,24,0,0,LivesExhausted,,,,,,,,,
ppo_rollout,3852288,3718.2910741999985,1036.0372340750196,,,,,,,,,,,,,,,,,,,-0.021372985896111155,1.7327886243661246,0.3988647741576036,0.9979540109634399,0.043456193,0.251318359375
training_episode,3855132,3720.315239299998,1036.237993833385,40063920,1348.2689208984375,59.346046447753906,11.982688903808594,3,3,14,2,0,0,0,12,1,0,LivesExhausted,,,,,,,,,
training_episode,3855708,3720.612074299999,1036.3101347311028,67712376,1323.58154296875,58.3762092590332,11.735815048217773,3,3,15,2,0,0,0,53,0,0,LivesExhausted,,,,,,,,,
training_episode,3856398,3720.9658093,1036.3970532493224,72948826,1791.4364013671875,75.04762268066406,15.914363861083984,4,5,14,2,1,1,0,36,0,0,LivesExhausted,,,,,,,,,
ppo_rollout,3858432,3721.9804799999984,1036.66099828659,,,,,,,,,,,,,,,,,,,-0.00984704789201108,1.2910001814365386,0.407298843562603,0.9982588887214661,0.055308793,0.2684733072916667
training_episode,3859968,3723.3329865999985,1036.696963148808,67398189,23034.666015625,300.8323059082031,229.8466339111328,1,39,44,23,1,3,1,189,2,1,MaxDuration,,,,,,,,,
training_episode,3861474,3724.0988862999984,1036.8881487560304,35770031,1168.45166015625,52.847137451171875,10.184516906738281,3,5,13,2,1,1,0,18,1,0,LivesExhausted,,,,,,,,,
training_episode,3864252,3725.5179862999976,1037.2388522106658,32732890,1678.601318359375,71.1968002319336,14.78601360321045,4,6,16,2,1,0,0,33,0,0,LivesExhausted,,,,,,,,,
ppo_rollout,3864576,3725.7103701999986,1037.2722557584493,,,,,,,,,,,,,,,,,,,-0.008325686396953339,2.884932833413283,0.41029489959279697,0.9928920269012451,0.041403245,0.21669921875
training_episode,3865308,3726.630447399999,1037.2125850838668,31685600,956.9340209960938,44.48854064941406,8.069339752197266,3,4,12,1,0,0,1,4,0,0,LivesExhausted,,,,,,,,,
training_episode,3870216,3729.1165660000006,1037.837228068027,52736129,1088.71337890625,49.68766784667969,9.387133598327637,3,4,6,2,0,0,0,41,0,0,LivesExhausted,,,,,,,,,
ppo_rollout,3870720,3729.386172399998,1037.897343172978,,,,,,,,,,,,,,,,,,,-0.00903302847679394,3.8427991727987925,0.41256993015607196,0.9886147975921631,0.03591736,0.18717447916666666
training_episode,3875052,3732.1375907,1038.292910115673,16709353,1961.7493896484375,81.1789321899414,17.61749267578125,4,4,16,2,1,0,0,32,0,0,LivesExhausted,,,,,,,,,
ppo_rollout,3876864,3733.073319299998,1038.5180435531774,,,,,,,,,,,,,,,,,,,-0.005602749095608791,4.3939347217480345,0.41435863822698593,0.9886888861656189,0.023934195,0.19192708333333333
training_episode,3877212,3733.8068170000006,1038.4072315544222,46452389,1321.351806640625,58.286224365234375,11.713518142700195,3,3,9,2,0,0,1,32,0,0,LivesExhausted,,,,,,,,,
training_episode,3879450,3734.935037299998,1038.6927647353332,12101277,758.2525634765625,36.63985824584961,6.082525730133057,3,3,10,1,0,0,0,27,0,0,LivesExhausted,,,,,,,,,
ppo_rollout,3883008,3736.7381139999998,1039.1437348665104,,,,,,,,,,,,,,,,,,,-0.015799344839372984,1.779224579532941,0.42418382614850997,0.9970546960830688,0.04801919,0.26385091145833334
training_episode,3884910,3738.267174599998,1039.22748657356,40587565,23034.666015625,301.0625305175781,228.8466339111328,3,28,48,23,3,3,1,130,2,1,MaxDuration,,,,,,,,,
training_episode,3886698,3739.161320200001,1039.4571582143205,59438785,26254.666015625,301.3628234863281,261.546630859375,2,32,40,27,1,0,6,138,2,1,MaxDuration,,,,,,,,,
training_episode,3887904,3739.7956605,1039.6033240704382,53155045,1659.760498046875,70.44664001464844,15.09760570526123,3,3,17,2,0,0,0,55,0,0,LivesExhausted,,,,,,,,,
ppo_rollout,3889152,3740.4267751000007,1039.761565682842,,,,,,,,,,,,,,,,,,,-0.01869532717197823,1.8342657436927159,0.4353346546490987,0.9972248673439026,0.052229475,0.261328125
training_episode,3892980,3742.9905192000006,1040.0720974393644,49489530,24077.33203125,304.8262023925781,239.27330017089844,3,30,47,24,4,4,1,118,1,1,MaxDuration,,,,,,,,,
training_episode,3893664,3743.3300237000003,1040.1604922216839,48023324,1737.3502197265625,72.90716552734375,15.873502731323242,3,4,18,2,0,0,0,40,0,0,LivesExhausted,,,,,,,,,
ppo_rollout,3895296,3744.183204599998,1040.3593486596353,,,,,,,,,,,,,,,,,,,-0.007337811022686462,3.631451804439227,0.441051426033179,0.9947049021720886,0.04176048,0.223046875
training_episode,3897480,3746.0220401000006,1040.4316787991872,54097606,26254.666015625,300.0315246582031,262.546630859375,0,28,47,27,1,0,6,151,1,1,MaxDuration,,,,,,,,,
training_episode,3899580,3747.137793599999,1040.682306015105,25506589,2430.62548828125,97.2823715209961,22.30625343322754,4,6,18,3,1,0,0,29,0,0,LivesExhausted,,,,,,,,,
training_episode,3899610,3747.1606213999985,1040.6839722133514,23621467,1244.5782470703125,55.246734619140625,10.945781707763672,3,4,13,2,0,1,1,29,0,0,LivesExhausted,,,,,,,,,
ppo_rollout,3901440,3748.1253321999975,1040.904359969738,,,,,,,,,,,,,,,,,,,-0.011945637728786096,2.8913929502169293,0.44327974766492845,0.9939060807228088,0.03759136,0.19816080729166666
training_episode,3903636,3749.8639122999994,1041.0073782132758,4141873,2009.9403076171875,83.07933807373047,18.099403381347656,4,4,15,3,1,0,0,32,0,0,LivesExhausted,,,,,,,,,
training_episode,3904068,3750.0856834000006,1041.0610128940818,2256751,776.395263671875,37.359737396240234,6.263952732086182,3,3,9,1,0,0,0,12,0,0,LivesExhausted,,,,,,,,,
training_episode,3905076,3750.601249399999,1041.186663238251,45300370,982.698974609375,45.50836944580078,8.32698917388916,3,4,12,1,0,0,0,27,0,0,LivesExhausted,,,,,,,,,
training_episode,3905388,3750.7597042999987,1041.22586032977,4246602,1528.5552978515625,65.87566375732422,13.785552978515625,3,3,14,2,0,0,1,16,0,1,LivesExhausted,,,,,,,,,
ppo_rollout,3907584,3751.8903156999986,1041.4973976314,,,,,,,,,,,,,,,,,,,-0.01234306771463404,2.491843336323897,0.44910121808449427,0.993877649307251,0.061072245,0.24280598958333333
training_episode,3910200,3753.7532261999986,1041.6774263976793,8645220,1123.244873046875,51.057437896728516,9.732447624206543,3,5,12,2,0,0,0,24,1,0,LivesExhausted,,,,,,,,,
training_episode,3912408,3754.867198599997,1041.9564243067616,63627945,1741.5081787109375,73.07720184326172,15.915081024169922,3,3,17,2,0,0,0,34,1,0,LivesExhausted,,,,,,,,,
training_episode,3913458,3755.3829867999993,1042.0929140265127,57239476,26254.666015625,302.0234680175781,262.046630859375,1,30,47,27,1,0,3,118,0,1,MaxDuration,,,,,,,,,
ppo_rollout,3913728,3755.5210547999995,1042.1264966675644,,,,,,,,,,,,,,,,,,,-0.0013863296053993205,2.286924483378728,0.45985285465916,0.995081901550293,0.04490686,0.24710286458333333
training_episode,3915696,3757.088369199999,1042.215570999139,42158500,2161.822998046875,88.4804916381836,20.11823081970215,3,3,16,3,0,0,0,20,0,0,LivesExhausted,,,,,,,,,
training_episode,3917562,3758.0250339999984,1042.4523425354068,68236021,1413.77197265625,61.33571243286133,12.63771915435791,3,3,15,2,0,0,0,20,0,0,LivesExhausted,,,,,,,,,
ppo_rollout,3919872,3759.2401984999997,1042.7298584336525,,,,,,,,,,,,,,,,,,,-0.005974509089719504,2.0255417615175246,0.4604326032102108,0.9957239031791687,0.06217165,0.251904296875
training_episode,3921450,3760.5616912999976,1042.783052614777,39749733,1043.7462158203125,47.917964935302734,8.937461853027344,3,4,10,2,0,0,0,10,0,0,LivesExhausted,,,,,,,,,
training_episode,3923274,3761.500126799998,1043.007807456231,5084434,27389.33203125,304.7661437988281,272.8932800292969,2,30,44,27,1,1,1,136,1,1,MaxDuration,,,,,,,,,
ppo_rollout,3926016,3762.8745254999994,1043.3555446492926,,,,,,,,,,,,,,,,,,,-0.007322749625503396,2.4542943333586056,0.4471272274851799,0.9949768781661987,0.035231862,0.21383463541666667
training_episode,3927822,3764.353567899998,1043.4253661754722,39645004,789.1364135742188,37.85965347290039,6.391364097595215,3,4,11,1,0,1,0,10,0,0,LivesExhausted,,,,,,,,,
ppo_rollout,3932160,3766.6040183999976,1043.953646518523,,,,,,,,,,,,,,,,,,,-0.0061594245800127585,4.316377556324005,0.4411327342192332,0.9920104742050171,0.030482002,0.20091145833333332
training_episode,3932460,3767.315010999999,1043.8362569941198,28648459,809.177978515625,38.64952087402344,6.591779708862305,3,3,10,1,0,0,1,21,0,0,LivesExhausted,,,,,,,,,
ppo_rollout,3938304,3770.2384362999983,1044.5769058216213,,,,,,,,,,,,,,,,,,,-0.007293135811535952,2.818847794334094,0.4376116022467613,0.9918389916419983,0.043931678,0.23816731770833333
training_episode,3938358,3770.8272911999993,1044.4281044615775,67817105,1074.243408203125,49.11776351928711,9.242433547973633,3,4,13,2,0,0,1,14,1,0,LivesExhausted,,,,,,,,,
training_episode,3941994,3772.6851914,1044.8775341727285,62894842,28554.666015625,305.0163879394531,284.546630859375,2,23,49,28,1,0,4,148,2,1,MaxDuration,,,,,,,,,
training_episode,3942042,3772.7138424000004,1044.8823220295665,40378107,632.9467163085938,30.680606842041016,4.829466819763184,3,4,9,1,0,0,1,15,0,0,LivesExhausted,,,,,,,,,
ppo_rollout,3944448,3773.9602505000003,1045.1747602475177,,,,,,,,,,,,,,,,,,,-0.017352469468217654,2.136377840737502,0.432890231659015,0.9929644465446472,0.044720557,0.21669921875
training_episode,3948984,3776.822633399999,1045.583651473995,53259774,30977.33203125,304.7461242675781,309.2732849121094,1,34,45,31,2,0,5,154,4,1,MaxDuration,,,,,,,,,
training_episode,3949734,3777.2015463999996,1045.6773226105552,52317213,26254.666015625,302.2637023925781,262.546630859375,0,22,44,27,2,3,3,161,1,1,MaxDuration,,,,,,,,,
ppo_rollout,3950592,3777.6478083999973,1045.7809198664427,,,,,,,,,,,,,,,,,,,-0.015176583310433974,1.7335405046741168,0.43631713291009266,0.9971789717674255,0.05223344,0.272900390625
training_episode,3951180,3778.5156289999977,1045.6963495598134,50641549,1829.204345703125,76.54794311523438,16.792043685913086,3,3,16,2,0,0,0,30,0,0,LivesExhausted,,,,,,,,,
training_episode,3952770,3779.3478166999994,1045.8868015623466,17756643,2199.7490234375,89.37068176269531,20.49748992919922,3,5,16,3,1,0,0,76,0,0,LivesExhausted,,,,,,,,,
training_episode,3954342,3780.143982400001,1046.0823763356764,9064136,27389.33203125,306.4678039550781,272.3932800292969,3,28,43,27,1,1,4,128,1,1,MaxDuration,,,,,,,,,
ppo_rollout,3956736,3781.3388540999986,1046.384932075004,,,,,,,,,,,,,,,,,,,-0.019095547737864156,1.6513818855086961,0.44237864365180335,0.9976862072944641,0.06954815,0.27389322916666664
training_episode,3957498,3782.2859126999974,1046.324389891225,44253080,27389.33203125,300.3418273925781,272.8932800292969,2,43,39,27,4,2,6,155,0,1,MaxDuration,,,,,,,,,
training_episode,3957984,3782.531935799998,1046.384820320861,40168649,1615.9871826171875,68.71627044677734,14.659872055053711,3,4,13,2,0,1,0,26,0,0,LivesExhausted,,,,,,,,,
training_episode,3960222,3783.670046899999,1046.6615616350193,61114449,1070.8480224609375,48.99778366088867,9.208479881286621,3,4,13,2,0,0,1,23,1,0,LivesExhausted,,,,,,,,,
training_episode,3960618,3783.880018,1046.7081358709193,68445479,1516.0068359375,65.37555694580078,13.66006851196289,3,4,16,2,0,0,0,24,0,0,LivesExhausted,,,,,,,,,
training_episode,3961872,3784.5222102000007,1046.8618705214647,43101061,2177.69970703125,89.10062408447266,20.27699851989746,3,5,18,3,0,0,0,54,1,0,LivesExhausted,,,,,,,,,
ppo_rollout,3962880,3785.025423699997,1046.9890044030783,,,,,,,,,,,,,,,,,,,-0.014373409162120272,1.832852112253507,0.4481301665306091,0.9968696236610413,0.047704745,0.22770182291666666
training_episode,3964698,3786.488001599999,1047.0647202169127,66979273,1379.1231689453125,59.9559440612793,12.291231155395508,3,3,15,2,0,0,0,34,0,0,LivesExhausted,,,,,,,,,
training_episode,3967836,3788.096870199999,1047.448398485784,29067375,1088.1693115234375,49.677669525146484,9.381692886352539,3,3,10,2,0,0,1,26,1,0,LivesExhausted,,,,,,,,,
training_episode,3967860,3788.112621,1047.4503788518698,51793568,536.6292114257812,26.320507049560547,3.8662919998168945,3,4,8,1,0,0,0,19,0,0,LivesExhausted,,,,,,,,,
training_episode,3968028,3788.2022265999985,1047.4699508218703,2989854,1424.2127685546875,61.73564529418945,12.742127418518066,3,3,15,2,0,0,0,24,1,0,LivesExhausted,,,,,,,,,
ppo_rollout,3969024,3788.6986364000004,1047.5955943994911,,,,,,,,,,,,,,,,,,,-0.0076956009317655115,4.3710494741797445,0.4524536410967509,0.9866589307785034,0.03214816,0.21966145833333334
training_episode,3973248,3791.3558548,1047.9754874419707,58915140,972.2626953125,45.08843994140625,8.222626686096191,3,3,10,1,0,0,1,9,0,0,LivesExhausted,,,,,,,,,
ppo_rollout,3975168,3792.3824557000007,1048.1980777084523,,,,,,,,,,,,,,,,,,,-0.004692072118632496,4.770730735361576,0.4550652340054512,0.9882093667984009,0.027046837,0.187353515625
training_episode,3976308,3793.5399249999973,1048.1787666963867,73367742,1657.460693359375,70.36662292480469,15.074607849121094,3,3,14,2,0,0,0,18,0,0,LivesExhausted,,,,,,,,,
training_episode,3979098,3795.0702886,1048.4912524420959,18803933,465.9224548339844,23.230436325073242,3.159224510192871,3,3,7,1,0,0,0,3,0,0,LivesExhausted,,,,,,,,,
ppo_rollout,3981312,3796.235791299998,1048.7525588173817,,,,,,,,,,,,,,,,,,,-0.012791928582979986,2.5456666573882103,0.4602971176306407,0.9947634935379028,0.044930685,0.21642252604166667
training_episode,3985020,3798.677541699999,1049.0545607660629,54097606,25150.666015625,300.2617492675781,250.5066375732422,2,30,47,26,1,0,4,138,2,1,MaxDuration,,,,,,,,,
ppo_rollout,3987456,3799.9147833999996,1049.3540585223852,,,,,,,,,,,,,,,,,,,-0.005440931579990623,3.6729901184638343,0.46429825872182845,0.9912936687469482,0.031479966,0.19410807291666668
ppo_rollout,3993600,3803.6065748,1049.9508614951824,,,,,,,,,,,,,,,,,,,-0.01580641472634549,1.3382309645414352,0.4591853929062684,0.9978830814361572,0.05614512,0.26279296875
training_episode,3994386,3804.575124799998,1049.8901635461805,72634639,27389.33203125,303.3247375488281,272.3932800292969,3,31,47,27,1,2,2,135,4,1,MaxDuration,,,,,,,,,
training_episode,3996594,3805.7118047000004,1050.156765697356,61638094,29750.666015625,303.0845031738281,296.0066223144531,3,39,40,30,5,1,4,136,4,1,MaxDuration,,,,,,,,,
ppo_rollout,3999744,3807.3293693999985,1050.5379524415364,,,,,,,,,,,,,,,,,,,-0.008828510739840567,2.9323848679661753,0.45685434838136035,0.9921824336051941,0.049590226,0.22107747395833333
validation,4000002,,,,,,,,,,,,,,,,,,11096.797826538086,1920.8655395507812,12121.387206962718,,,,,,
training_episode,4000650,3963.6562454999985,1009.3332398696282,63104300,1151.877685546875,52.18724822998047,10.018776893615723,3,4,10,2,0,0,0,15,0,0,LivesExhausted,,,,,,,,,
training_episode,4004286,3965.5205881,1009.7756173593776,41530126,26254.666015625,302.0935363769531,262.546630859375,0,34,45,27,5,2,2,200,0,1,MaxDuration,,,,,,,,,
training_episode,4005336,3966.0393360999988,1009.9082889930799,21945803,818.6400756835938,39.029457092285156,6.686400413513184,3,3,12,1,0,0,0,10,1,0,LivesExhausted,,,,,,,,,
ppo_rollout,4005888,3966.3418662999975,1009.9704299410008,,,,,,,,,,,,,,,,,,,-0.010425547589935984,1.6196359847982724,0.45703878899415334,0.9964146018028259,0.060667727,0.261328125
training_episode,4009902,3968.9600950999993,1010.3155244494765,5398621,27389.33203125,305.4367980957031,272.8932800292969,2,21,49,27,4,3,3,145,5,1,MaxDuration,,,,,,,,,
training_episode,4010922,3969.488293399998,1010.4380473092447,56820560,1244.828857421875,55.25673294067383,10.948288917541504,3,3,12,2,0,0,0,25,0,0,LivesExhausted,,,,,,,,,
ppo_rollout,4012032,3970.0640652999973,1010.5710975968423,,,,,,,,,,,,,,,,,,,-0.015204751499307652,1.6017684787511826,0.4586344669262568,0.9978675246238708,0.052980844,0.27936197916666666
training_episode,4015146,3972.1679358999972,1010.819800369358,3618228,23034.666015625,300.3818664550781,228.3466339111328,4,22,47,23,3,1,3,158,2,1,MaxDuration,,,,,,,,,
ppo_rollout,4018176,3973.6896123000006,1011.1952346661143,,,,,,,,,,,,,,,,,,,-0.011508537902651975,3.59232047299544,0.46466264774401983,0.9946304559707642,0.0230183,0.183544921875
training_episode,4018884,3974.5965499999984,1011.142627797028,54516522,1785.87744140625,74.82757568359375,15.858774185180664,4,6,15,2,2,0,1,29,0,1,LivesExhausted,,,,,,,,,
training_episode,4020948,3975.6518781999985,1011.3933823150808,40063920,1054.6414794921875,48.34789276123047,9.046414375305176,3,3,12,2,0,0,0,6,1,0,LivesExhausted,,,,,,,,,
training_episode,4021356,3975.8722911000004,1011.4399320626608,53573961,26254.666015625,302.7842102050781,261.046630859375,3,31,48,27,5,4,1,166,1,1,MaxDuration,,,,,,,,,
ppo_rollout,4024320,3977.3702386999976,1011.804222006586,,,,,,,,,,,,,,,,,,,-0.012742919071267048,2.6518341104189553,0.4642657826344172,0.995511531829834,0.03137726,0.170068359375
training_episode,4024908,3978.2415661999985,1011.7304173272155,44776725,1100.1837158203125,50.157588958740234,9.501836776733398,3,5,11,2,0,1,1,35,0,0,LivesExhausted,,,,,,,,,
training_episode,4025418,3978.509767299998,1011.7904027999499,38388256,686.8932495117188,33.810333251953125,5.368931770324707,3,4,12,1,1,0,0,12,1,0,LivesExhausted,,,,,,,,,
ppo_rollout,4030464,3981.0957530999985,1012.4006680476247,,,,,,,,,,,,,,,,,,,-0.008975344409312433,2.8397927661736806,0.4677988489468892,0.9949166774749756,0.053741004,0.19689127604166667
training_episode,4030632,3981.7381701999984,1012.2795190718293,46138202,1949.086669921875,80.67882537841797,17.490867614746094,4,7,16,2,1,0,0,45,0,0,LivesExhausted,,,,,,,,,
training_episode,4031232,3982.043563799998,1012.3525610435719,26763337,1056.8448486328125,48.4378776550293,9.068449020385742,3,4,10,2,0,1,0,33,0,0,LivesExhausted,,,,,,,,,
training_episode,4032924,3982.9220080999985,1012.5540976695786,53783419,23034.666015625,302.7341613769531,229.8466339111328,1,25,49,23,2,3,2,155,1,1,MaxDuration,,,,,,,,,
training_episode,4035588,3984.287209099999,1012.8757763202491,32942348,2174.109619140625,88.9605941772461,20.24109649658203,3,5,18,3,0,0,0,45,4,0,LivesExhausted,,,,,,,,,
ppo_rollout,4036608,3984.851972799999,1012.988193175877,,,,,,,,,,,,,,,,,,,-0.01465777876243616,1.810343860089779,0.472325024753809,0.9974419474601746,0.06979302,0.26292317708333335
training_episode,4039512,3986.875970099998,1013.2023244000444,59857701,1235.2686767578125,54.88679504394531,10.852686882019043,3,4,12,2,1,0,1,35,1,0,LivesExhausted,,,,,,,,,
training_episode,4039626,3986.940002399999,1013.2146452086779,5503350,1789.1063232421875,74.94760131835938,16.391063690185547,3,3,15,2,1,0,1,26,0,1,LivesExhausted,,,,,,,,,
training_episode,4040664,3987.4849423999985,1013.336491138696,50013175,901.0025634765625,42.27891159057617,7.5100250244140625,3,4,6,1,0,1,0,28,0,0,LivesExhausted,,,,,,,,,
training_episode,4041384,3987.8598203,1013.4217806321922,61742823,2047.238525390625,84.55965423583984,18.47238540649414,4,7,16,3,1,2,0,40,1,0,LivesExhausted,,,,,,,,,
training_episode,4042038,3988.1890252999983,1013.5021119506619,69597498,27389.33203125,305.8171691894531,272.8932800292969,2,20,44,27,5,4,2,131,3,1,MaxDuration,,,,,,,,,
ppo_rollout,4042752,3988.5569674,1013.5876290706029,,,,,,,,,,,,,,,,,,,-0.011941640166332946,1.7056299795707066,0.48064066270987194,0.9973449110984802,0.079461165,0.2632649739583333
training_episode,4045056,3990.2579922000004,1013.7329485730287,44567267,975.3151245117188,45.21841812133789,7.75314998626709,4,5,11,1,1,0,1,16,0,0,LivesExhausted,,,,,,,,,
training_episode,4047378,3991.4419146,1014.0140046120665,48546969,27389.33203125,303.7451477050781,272.8932800292969,2,24,41,27,4,1,5,170,2,1,MaxDuration,,,,,,,,,
training_episode,4048404,3991.9693241999994,1014.1370514692795,24773486,1187.726318359375,53.007110595703125,10.377262115478516,3,3,9,2,1,0,0,22,0,0,LivesExhausted,,,,,,,,,
ppo_rollout,4048896,3992.2159684,1014.1976366130103,,,,,,,,,,,,,,,,,,,-0.008149248672028382,2.8135419741272925,0.48872353533903756,0.9947291016578674,0.050680164,0.2518717447916667
training_episode,4050804,3993.713360499998,1014.2951269524397,70121143,2045.272216796875,84.4796371459961,18.952722549438477,3,3,16,3,0,0,0,29,1,0,LivesExhausted,,,,,,,,,
training_episode,4051620,3994.139424099998,1014.3912291977524,44881454,2065.913330078125,85.28981018066406,19.159133911132812,3,3,16,3,0,0,0,47,1,0,LivesExhausted,,,,,,,,,
training_episode,4054092,3995.4033213000002,1014.6890498856832,34408554,1796.9208984375,75.26766967773438,15.469208717346191,5,6,15,2,2,0,0,48,0,0,LivesExhausted,,,,,,,,,
ppo_rollout,4055040,3995.8960138,1014.8011825121933,,,,,,,,,,,,,,,,,,,-0.013492589119899397,1.6239445388317109,0.4918101077278455,0.9951581954956055,0.06998668,0.2769856770833333
training_episode,4056144,3997.0440400000007,1014.785916644541,42053771,1493.5667724609375,64.48536682128906,12.935667037963867,4,6,10,2,3,0,1,31,2,1,LivesExhausted,,,,,,,,,
training_episode,4056306,3997.1320358999983,1014.804105435731,36817321,1774.7535400390625,74.38748168945312,16.247535705566406,3,4,16,2,1,2,0,12,0,0,LivesExhausted,,,,,,,,,
ppo_rollout,4061184,3999.5577190000004,1015.4082739467023,,,,,,,,,,,,,,,,,,,-0.009704960007608558,3.1817454720536866,0.48712800070643425,0.9893090128898621,0.038114563,0.247216796875
training_episode,4061604,4000.339101999998,1015.314926169477,2780396,948.0863037109375,44.13859939575195,7.980862617492676,3,3,10,1,0,0,0,17,0,0,LivesExhausted,,,,,,,,,
training_episode,4061892,4000.4908582999997,1015.3484019523776,42577416,2276.39599609375,92.40132904052734,21.263959884643555,3,5,18,3,0,0,1,30,0,1,LivesExhausted,,,,,,,,,
training_episode,4065018,4002.0292917999977,1015.7391921965848,20060681,561.3976440429688,26.04050064086914,4.11397647857666,3,3,9,1,0,0,0,6,0,0,LivesExhausted,,,,,,,,,
ppo_rollout,4067328,4003.1935927999984,1016.0208108134843,,,,,,,,,,,,,,,,,,,-0.006815390067640692,4.20629896124204,0.48139826307694117,0.9902024865150452,0.02434464,0.18802083333333333
ppo_rollout,4073472,4007.002348099999,1016.5883735834393,,,,,,,,,,,,,,,,,,,-0.007912263000616804,3.8328580354650814,0.4810480798284213,0.9924795627593994,0.043475512,0.19962565104166666
training_episode,4075560,4008.735095699998,1016.6698229503072,38597714,24077.33203125,300.3818664550781,239.77330017089844,2,31,44,24,8,1,4,165,0,1,MaxDuration,,,,,,,,,
training_episode,4078854,4010.5214242,1017.0383270832746,15033689,534.7322998046875,27.430532455444336,3.847322940826416,3,3,6,1,0,0,0,5,2,0,LivesExhausted,,,,,,,,,
ppo_rollout,4079616,4010.9507965999983,1017.1194329928475,,,,,,,,,,,,,,,,,,,-0.0035666187255022426,3.372228167951107,0.4735345222055912,0.9861129522323608,0.055830937,0.2302734375
ppo_rollout,4085760,4014.684377999998,1017.7039127632269,,,,,,,,,,,,,,,,,,,-0.014791798178339376,1.464481165508429,0.4731657288968563,0.9959204196929932,0.068729535,0.29129231770833336
training_episode,4088298,4016.573540999998,1017.8571257983602,68340750,27389.33203125,305.6269836425781,272.8932800292969,2,30,48,27,1,2,2,190,2,1,MaxDuration,,,,,,,,,
training_episode,4090242,4017.5783948999997,1018.0864187223431,31266684,26254.666015625,301.2226867675781,262.046630859375,1,34,43,27,5,2,3,167,1,1,MaxDuration,,,,,,,,,
ppo_rollout,4091904,4018.489168199998,1018.2692620851052,,,,,,,,,,,,,,,,,,,-0.019937165554923315,1.779531421760718,0.48215909153223035,0.9959263801574707,0.045296624,0.2666829427083333
training_episode,4092852,4019.537879899999,1018.2394400278235,66036712,27389.33203125,305.8872375488281,272.8932800292969,2,30,48,27,4,1,1,106,1,1,MaxDuration,,,,,,,,,
training_episode,4097670,4021.972761599998,1018.8209226881706,58705682,25150.666015625,300.5119934082031,251.0066375732422,1,26,46,26,2,1,1,155,1,1,MaxDuration,,,,,,,,,
ppo_rollout,4098048,4022.167323499998,1018.8656190548463,,,,,,,,,,,,,,,,,,,-0.014955951797310263,2.786556499203046,0.4906025243302186,0.9945158362388611,0.041993245,0.217431640625
training_episode,4100196,4023.7907190999977,1018.988383401086,19222849,2477.870849609375,99.15277099609375,22.27870750427246,5,6,17,3,2,1,0,83,0,0,LivesExhausted,,,,,,,,,
training_episode,4101066,4024.2382517999977,1019.0912524042626,34513283,26254.666015625,300.3418273925781,262.046630859375,1,27,49,27,3,3,1,170,3,1,MaxDuration,,,,,,,,,
training_episode,4103730,4025.5661175999994,1019.416867122928,68654937,1107.9366455078125,50.45753860473633,9.079365730285645,4,4,6,2,1,0,0,11,0,0,LivesExhausted,,,,,,,,,
ppo_rollout,4104192,4025.8134804,1019.468989306532,,,,,,,,,,,,,,,,,,,-0.012380587175721302,3.867552482088407,0.49886462837457657,0.9933487176895142,0.03331122,0.19402669270833334
training_episode,4107492,4028.0302744,1019.7271917505228,70330601,1399.266845703125,60.75580978393555,12.492669105529785,3,3,15,2,0,0,0,29,1,0,LivesExhausted,,,,,,,,,
ppo_rollout,4110336,4029.470381299998,1020.0685477365174,,,,,,,,,,,,,,,,,,,-0.01383226823527366,2.655916484693686,0.5041940465569497,0.9954268336296082,0.04228453,0.22164713541666667
training_episode,4113360,4031.5866327999975,1020.2831725194033,29172104,2576.4423828125,102.44347381591797,23.764423370361328,4,4,22,3,1,0,0,40,2,1,LivesExhausted,,,,,,,,,
training_episode,4113702,4031.768410599998,1020.3219979561795,60381346,1140.01171875,51.727325439453125,9.900116920471191,3,4,13,2,0,0,0,27,0,0,LivesExhausted,,,,,,,,,
training_episode,4113900,4031.870199699999,1020.3453475030284,10111426,2051.439208984375,84.71968841552734,19.014392852783203,3,3,13,3,0,0,0,19,1,0,LivesExhausted,,,,,,,,,
training_episode,4114878,4032.364777999999,1020.4627375107979,32209245,24077.33203125,300.1716613769531,240.27330017089844,1,20,43,24,4,1,4,160,1,1,MaxDuration,,,,,,,,,
ppo_rollout,4116480,4033.2104080999998,1020.6459825980731,,,,,,,,,,,,,,,,,,,-0.01789997086355773,1.6485691716273625,0.5028811047474543,0.9976435899734497,0.060329556,0.2591796875
ppo_rollout,4122624,4036.8688847999983,1021.2429775767291,,,,,,,,,,,,,,,,,,,-0.01141623688551287,2.497649515668551,0.5014035989840825,0.9965211749076843,0.065400995,0.25970052083333334
training_episode,4126488,4039.3572424999984,1021.570451007219,1942564,26254.666015625,301.9934387207031,261.546630859375,2,25,43,27,4,1,5,143,4,1,MaxDuration,,,,,,,,,
ppo_rollout,4128768,4040.5221144999996,1021.8402184171489,,,,,,,,,,,,,,,,,,,-0.01043220746020476,10.850169442097346,0.49959946821133294,0.9824820160865784,0.014069457,0.1427734375
training_episode,4129116,4041.2650249,1021.738484004071,73786658,25150.666015625,302.1535949707031,250.5066375732422,2,21,49,26,8,1,2,113,0,1,MaxDuration,,,,,,,,,
training_episode,4134036,4043.7771149,1022.3204401566608,35455844,868.5703735351562,40.99912643432617,7.185703277587891,3,3,12,1,0,0,0,10,0,0,LivesExhausted,,,,,,,,,
ppo_rollout,4134912,4044.2322896000005,1022.4219836811026,,,,,,,,,,,,,,,,,,,-0.01783086424305414,1.5449027632673582,0.5021017159024874,0.9924723505973816,0.056360383,0.26658528645833335
ppo_rollout,4141056,4047.8753999,1023.0196315089892,,,,,,,,,,,,,,,,,,,-0.011447018433439855,3.024384985367457,0.5066372235616048,0.9927139282226562,0.040306155,0.23248697916666666
ppo_rollout,4147200,4051.5580274999993,1023.6062205825092,,,,,,,,,,,,,,,,,,,-0.015479533793404698,1.6141066754857698,0.5104696770509084,0.9964248538017273,0.04899699,0.27996419270833334
training_episode,4149792,4053.4204592999995,1023.775362479086,56506373,29750.666015625,303.5749816894531,297.0066223144531,1,32,43,30,0,2,5,134,1,1,MaxDuration,,,,,,,,,
training_episode,4150218,4053.6438568999984,1023.8240325270845,32313974,26254.666015625,302.6140441894531,262.046630859375,1,25,47,27,1,1,2,136,0,1,MaxDuration,,,,,,,,,
training_episode,4150344,4053.7111982999995,1023.8381071006058,70225872,27389.33203125,305.3266906738281,272.8932800292969,2,29,44,27,5,3,2,155,3,1,MaxDuration,,,,,,,,,
training_episode,4151298,4054.2078527999984,1023.9479944603598,68864395,27389.33203125,303.4748840332031,272.8932800292969,2,24,46,27,0,1,4,142,3,1,MaxDuration,,,,,,,,,
ppo_rollout,4153344,4055.248300899999,1024.1898132546485,,,,,,,,,,,,,,,,,,,-0.011098787491209804,2.86845492819945,0.5193938945730527,0.9864500761032104,0.051026355,0.23893229166666666
training_episode,4154814,4056.5048164,1024.23494807711,34094367,799.6130981445312,38.27958297729492,6.49613094329834,3,3,9,1,0,0,0,5,0,0,LivesExhausted,,,,,,,,,
training_episode,4158732,4058.534015699999,1024.688220897594,9168865,1645.5540771484375,69.88652038574219,14.455541610717773,4,5,15,2,1,0,0,24,0,0,LivesExhausted,,,,,,,,,
ppo_rollout,4159488,4058.925325,1024.775689855787,,,,,,,,,,,,,,,,,,,-0.010299872337297226,1.7191631217797598,0.5269361972808838,0.9979657530784607,0.05791151,0.26876627604166664
training_episode,4160670,4060.0455483000005,1024.7840696620096,71168433,1867.9483642578125,78.06826782226562,16.67948341369629,4,5,16,2,1,0,0,35,0,0,LivesExhausted,,,,,,,,,
training_episode,4161990,4060.7095960000006,1024.9415530969675,66665086,2556.246337890625,101.64330291748047,23.562461853027344,4,5,19,3,2,0,0,20,2,1,LivesExhausted,,,,,,,,,
training_episode,4162602,4061.034184099997,1025.0103326629624,30114665,26254.666015625,300.9324035644531,262.046630859375,1,23,46,27,1,0,3,167,3,1,MaxDuration,,,,,,,,,
ppo_rollout,4165632,4062.548049199999,1025.3742108527924,,,,,,,,,,,,,,,,,,,-0.013546938235716273,1.5782692601283392,0.5357220381498337,0.9975926876068115,0.058812138,0.2613932291666667
training_episode,4165776,4063.1810542999992,1025.249907481092,64361048,907.0924072265625,42.51887130737305,7.570923805236816,3,4,13,1,0,0,0,17,0,0,LivesExhausted,,,,,,,,,
training_episode,4169142,4064.8654733999974,1025.653131027921,1523648,1368.729248046875,59.55601119995117,12.187292098999023,3,3,14,2,0,0,0,35,0,0,LivesExhausted,,,,,,,,,
training_episode,4170174,4065.402673599998,1025.7714511480913,59962430,23034.666015625,301.1225891113281,229.34661865234375,2,27,43,23,5,2,2,184,1,1,MaxDuration,,,,,,,,,
ppo_rollout,4171776,4066.199979699999,1025.9642961062113,,,,,,,,,,,,,,,,,,,-0.010770164049851398,2.73936016112566,0.5453156893452008,0.9943597912788391,0.03682082,0.22537434895833333
training_episode,4173660,4067.7192847000006,1026.0442542577794,5817537,2270.122314453125,92.15127563476562,20.701223373413086,4,4,20,3,1,0,0,27,0,0,LivesExhausted,,,,,,,,,
training_episode,4175286,4068.5610063999993,1026.2316316339163,58496224,1126.7335205078125,51.19741439819336,9.767334938049316,3,4,12,2,1,0,1,31,0,0,LivesExhausted,,,,,,,,,
training_episode,4176804,4069.3215973000006,1026.412855344565,61009720,1243.69140625,55.216739654541016,10.93691349029541,3,3,14,2,1,0,1,17,1,0,LivesExhausted,,,,,,,,,
ppo_rollout,4177920,4069.8985283,1026.5415638618194,,,,,,,,,,,,,,,,,,,-0.009033006892908209,2.7337137525280317,0.5523965890208881,0.9941508769989014,0.044492364,0.2279296875
training_episode,4179678,4071.3762150999974,1026.600780467875,20689055,756.8286743164062,36.57986831665039,6.068287372589111,3,3,11,1,0,0,1,20,1,0,LivesExhausted,,,,,,,,,
training_episode,4181640,4072.420956599999,1026.8191929478692,30009936,1559.045166015625,66.46578979492188,14.09045124053955,3,3,15,2,0,0,0,7,1,0,LivesExhausted,,,,,,,,,
training_episode,4183692,4073.5118747999986,1027.0479450131493,60695533,1299.0902099609375,57.3963737487793,11.490901947021484,3,3,11,2,0,0,0,19,1,0,LivesExhausted,,,,,,,,,
ppo_rollout,4184064,4073.7223577999976,1027.0861959919114,,,,,,,,,,,,,,,,,,,-0.009267049018914501,2.2183370873332025,0.5476268212000529,0.9955998659133911,0.040223528,0.22296549479166666
training_episode,4187940,4076.406594199998,1027.3607166563547,4874976,1158.500244140625,52.45720291137695,10.085002899169922,3,3,11,2,0,0,1,10,1,0,LivesExhausted,,,,,,,,,
training_episode,4189350,4077.131915099999,1027.523780745085,72739368,1946.251953125,80.55879974365234,17.9625186920166,3,3,16,2,1,0,1,42,0,1,LivesExhausted,,,,,,,,,
training_episode,4189692,4077.3001210999973,1027.5652700468077,45195641,1096.108154296875,49.997615814208984,9.461081504821777,3,3,7,2,0,0,1,35,0,0,LivesExhausted,,,,,,,,,
ppo_rollout,4190208,4077.572636599998,1027.6231408826407,,,,,,,,,,,,,,,,,,,-0.014023679549184938,1.2576073748370011,0.5394113401571909,0.9985949993133545,0.06186993,0.27312825520833334
training_episode,4191468,4078.802044199998,1027.6223152237092,6864827,27389.33203125,305.4267883300781,272.8932800292969,2,32,46,27,4,4,1,133,2,1,MaxDuration,,,,,,,,,
training_episode,4194402,4080.2821783,1027.9686101875304,46452389,1208.0736083984375,53.806976318359375,10.58073616027832,3,4,13,2,0,0,1,30,0,0,LivesExhausted,,,,,,,,,
training_episode,4194774,4080.475773099999,1028.0110049062164,71377891,23034.666015625,300.3218078613281,229.3466339111328,2,24,40,23,4,3,4,132,2,1,MaxDuration,,,,,,,,,
ppo_rollout,4196352,4081.279504599999,1028.1952008604906,,,,,,,,,,,,,,,,,,,-0.013000005817351242,2.3272075379888215,0.5433643326163292,0.9965927600860596,0.055302653,0.257275390625
training_episode,4197390,4082.3623262,1028.1767429269491,6969556,460.43414306640625,24.870473861694336,3.1043410301208496,3,4,6,1,0,0,0,5,0,0,LivesExhausted,,,,,,,,,
training_episode,4202010,4084.6839449,1028.723410839776,35874760,26254.666015625,301.9333801269531,261.546630859375,2,28,43,27,4,2,4,133,2,1,MaxDuration,,,,,,,,,
ppo_rollout,4202496,4084.9371439999995,1028.7786205407524,,,,,,,,,,,,,,,,,,,-0.011857542956325537,2.1121747170885405,0.543563553194205,0.9969615936279297,0.049382195,0.255078125
training_episode,4207410,4087.9898095999997,1029.2124481620676,59438785,968.7887573242188,44.95846176147461,8.187887191772461,3,3,7,1,0,0,0,25,2,0,LivesExhausted,,,,,,,,,
ppo_rollout,4208640,4088.6168144999974,1029.355449763438,,,,,,,,,,,,,,,,,,,-0.005631937982010034,7.305030136307081,0.5445735941330592,0.9809522032737732,0.025683902,0.18369140625
training_episode,4213704,4091.7720587000003,1029.7992995579375,62161739,1157.8338623046875,52.427207946777344,10.078337669372559,3,3,11,2,0,0,3,19,0,1,LivesExhausted,,,,,,,,,
ppo_rollout,4214784,4092.3265119999996,1029.9236846426882,,,,,,,,,,,,,,,,,,,-0.009825673416101684,2.2740009571115176,0.5453667139013608,0.9947221279144287,0.04589833,0.23883463541666666
ppo_rollout,4220928,4096.0498367,1030.4874618909932,,,,,,,,,,,,,,,,,,,-0.01174581175049146,1.997075345615546,0.5493697126706442,0.9940101504325867,0.047732815,0.24039713541666666
training_episode,4225440,4098.943504799998,1030.8607559611082,3722957,26254.666015625,300.7121887207031,261.546630859375,2,22,47,27,4,1,1,190,2,1,MaxDuration,,,,,,,,,
training_episode,4226280,4099.375751299998,1030.9569691579889,49384801,27389.33203125,304.8762512207031,272.3932800292969,3,33,46,27,8,1,4,164,5,1,MaxDuration,,,,,,,,,
ppo_rollout,4227072,4099.794427999997,1031.0448668183815,,,,,,,,,,,,,,,,,,,-0.015504619236647461,1.9469516838590304,0.5560898343722026,0.9951137900352478,0.054275233,0.279443359375
training_episode,4228044,4100.849257099999,1031.0166833564494,72425181,28554.666015625,304.7561340332031,284.546630859375,2,32,44,28,3,1,4,126,1,1,MaxDuration,,,,,,,,,
training_episode,4231338,4102.536055999997,1031.3956884819156,1837835,568.10302734375,27.440532684326172,4.181029796600342,3,4,9,1,0,0,0,13,0,0,LivesExhausted,,,,,,,,,
training_episode,4231566,4102.657664099999,1031.4206903071645,66141441,27389.33203125,306.5779113769531,273.3932800292969,1,25,49,27,1,4,1,171,3,1,MaxDuration,,,,,,,,,
training_episode,4231956,4102.864231899999,1031.4638166908633,49175343,1027.048828125,47.25807571411133,8.270488739013672,4,4,9,2,1,0,0,15,0,0,LivesExhausted,,,,,,,,,
training_episode,4232736,4103.269480700001,1031.5520391504758,31790329,1400.0367431640625,60.785804748535156,12.000368118286133,4,5,12,2,1,0,1,25,0,1,LivesExhausted,,,,,,,,,
ppo_rollout,4233216,4103.521685699998,1031.6056120166156,,,,,,,,,,,,,,,,,,,-0.011308372932641456,2.702351799607277,0.5538418670495351,0.9861058592796326,0.05273961,0.24261067708333334
training_episode,4233498,4104.239708599998,1031.49384552982,71796807,24077.33203125,300.8423156738281,239.77330017089844,2,29,44,24,1,2,3,153,2,1,MaxDuration,,,,,,,,,
training_episode,4235916,4105.464824399998,1031.7750075033384,61952281,665.5546875,32.97047424316406,5.15554666519165,3,3,9,1,0,0,0,5,0,0,LivesExhausted,,,,,,,,,
ppo_rollout,4239360,4107.222419599999,1032.1720050439512,,,,,,,,,,,,,,,,,,,-0.01439050199308743,2.2285973841945332,0.551087296505769,0.9961252212524414,0.0681823,0.23543294270833334
training_episode,4242252,4109.2465462,1032.3673579340223,67921834,2175.8818359375,89.03060913085938,20.258819580078125,3,4,17,3,0,1,0,40,1,0,LivesExhausted,,,,,,,,,
training_episode,4243224,4109.7411364,1032.4796280762653,43624706,1401.80859375,60.85579299926758,12.518086433410645,3,3,13,2,0,0,0,53,0,0,LivesExhausted,,,,,,,,,
training_episode,4243620,4109.952905899998,1032.522779983225,15243147,2232.9638671875,90.69096374511719,20.829639434814453,3,5,13,3,0,1,0,41,2,0,LivesExhausted,,,,,,,,,
ppo_rollout,4245504,4110.892317899998,1032.7451248270029,,,,,,,,,,,,,,,,,,,-0.01664338823078045,1.2465127063294252,0.5560376212000847,0.9972418546676636,0.06051102,0.28147786458333335
training_episode,4250046,4113.747954499999,1033.1323277477186,6760098,27389.33203125,302.7942199707031,273.3932800292969,1,26,44,27,2,3,2,167,3,1,MaxDuration,,,,,,,,,
training_episode,4250442,4114.003371700001,1033.1644425083734,23516738,1603.995361328125,68.24617004394531,14.539953231811523,3,4,15,2,0,0,0,21,0,0,LivesExhausted,,,,,,,,,
ppo_rollout,4251648,4114.624814399998,1033.301501784673,,,,,,,,,,,,,,,,,,,-0.011453357486364743,3.5839839791258177,0.5667321627338727,0.9900846481323242,0.034784302,0.21002604166666666
training_episode,4252632,4115.6808423,1033.275456224022,18489746,376.36505126953125,21.54039764404297,2.263650417327881,3,3,6,1,0,0,0,0,0,0,LivesExhausted,,,,,,,,,
training_episode,4256010,4117.3945097,1033.6658267682249,56925289,2612.0234375,103.24364471435547,24.62023162841797,3,5,19,3,0,1,0,51,0,1,LivesExhausted,,,,,,,,,
training_episode,4256586,4117.6824423,1033.733431279954,33780180,1126.662353515625,51.187416076660156,9.766623497009277,3,7,10,2,0,0,0,15,0,0,LivesExhausted,,,,,,,,,
ppo_rollout,4257792,4118.300991199998,1033.8710087237594,,,,,,,,,,,,,,,,,,,-0.0039210524507022155,3.07879674633344,0.5723433136940003,0.9939098358154297,0.053931877,0.24700520833333334
training_episode,4259406,4119.709283199998,1033.9093628207406,27286982,1274.870361328125,56.446533203125,11.248703956604004,3,4,12,2,0,0,0,26,1,0,LivesExhausted,,,,,,,,,
training_episode,4263444,4121.781129999999,1034.3693334342574,28543730,1429.263916015625,61.94561004638672,12.29263973236084,4,6,12,2,1,0,1,45,0,1,LivesExhausted,,,,,,,,,
training_episode,4263474,4121.802390000001,1034.371276590967,62685384,695.714111328125,33.89031982421875,5.457140922546387,3,3,10,1,0,0,0,25,1,0,LivesExhausted,,,,,,,,,
ppo_rollout,4263936,4122.0463691,1034.422133618788,,,,,,,,,,,,,,,,,,,-0.009415835638840993,1.9331020394961038,0.5714974532524745,0.99638432264328,0.05188239,0.276416015625
training_episode,4265058,4123.182183699999,1034.4093008698167,72320452,1663.44482421875,70.59667205810547,15.134449005126953,3,4,13,2,0,0,0,16,1,0,LivesExhausted,,,,,,,,,
training_episode,4267968,4124.666379499999,1034.7425966890862,18908662,24077.33203125,305.2165832519531,239.27330017089844,3,27,45,24,2,1,1,139,5,1,MaxDuration,,,,,,,,,
training_episode,4269864,4125.641631299997,1034.9575609296337,67712376,27389.33203125,303.0044250488281,272.8932800292969,2,28,47,27,2,0,2,173,1,1,MaxDuration,,,,,,,,,
training_episode,4270080,4125.7515103000005,1034.9823515399999,9587781,889.0108032226562,41.808990478515625,7.39010763168335,3,3,10,1,0,0,0,21,0,0,LivesExhausted,,,,,,,,,
ppo_rollout,4270080,4125.7565971999975,1034.9810754463676,,,,,,,,,,,,,,,,,,,-0.012184714132066196,2.424529608587424,0.5686741982897122,0.9962303042411804,0.0397122,0.24651692708333334
training_episode,4270428,4126.508509399999,1034.8768190522712,30533581,1318.794921875,58.17624282836914,11.687949180603027,3,3,8,2,0,0,0,23,0,0,LivesExhausted,,,,,,,,,
training_episode,4274082,4128.403279599999,1035.2869403819764,69806956,674.9378662109375,33.34041213989258,5.249378681182861,3,3,4,1,0,0,1,24,0,0,LivesExhausted,,,,,,,,,
training_episode,4274922,4128.828300900001,1035.3838155653393,35770031,896.7213134765625,42.10894012451172,7.467213153839111,3,4,5,1,1,1,0,22,1,0,LivesExhausted,,,,,,,,,
ppo_rollout,4276224,4129.500102399998,1035.5306681103432,,,,,,,,,,,,,,,,,,,-0.013593759816527988,1.497297536333402,0.5718047305941582,0.9980986714363098,0.06338126,0.2796223958333333
training_episode,4276926,4130.425212300001,1035.4686939406952,22783635,1216.1834716796875,54.13692092895508,10.661834716796875,3,3,12,2,0,0,1,24,0,0,LivesExhausted,,,,,,,,,
training_episode,4279260,4131.585356299998,1035.7428519478176,64256319,26254.666015625,300.2417297363281,261.546630859375,2,21,46,27,3,1,1,162,1,1,MaxDuration,,,,,,,,,
ppo_rollout,4282368,4133.1599228999985,1036.1002428851848,,,,,,,,,,,,,,,,,,,-0.006717107233513767,4.462486606836319,0.5796337063113849,0.9885805249214172,0.02858013,0.19671223958333334
ppo_rollout,4288512,4136.922600599999,1036.6430349405173,,,,,,,,,,,,,,,,,,,-0.007402094263428202,2.5450392832358677,0.5827105144659678,0.9940612316131592,0.06787757,0.23548177083333333
ppo_rollout,4294656,4140.8612512,1037.1407635924606,,,,,,,,,,,,,,,,,,,-0.007938023185124621,5.120078314840794,0.5856659402449925,0.9784374833106995,0.03570516,0.18850911458333333
training_episode,4299996,4144.220956499998,1037.5884985706848,37026779,27389.33203125,304.3257141113281,272.8932800292969,2,28,41,27,3,1,3,167,3,1,MaxDuration,,,,,,,,,
ppo_rollout,4300800,4144.6740322000005,1037.669058311234,,,,,,,,,,,,,,,,,,,-0.010954712881357409,2.4522619729240733,0.5795680915315946,0.9521805047988892,0.04620545,0.21629231770833332
training_episode,4304664,4147.1888698,1037.9715356941517,54621251,27389.33203125,305.7671203613281,272.8932800292969,2,26,48,27,0,4,4,154,3,1,MaxDuration,,,,,,,,,
ppo_rollout,4306944,4148.339681699999,1038.2332042382325,,,,,,,,,,,,,,,,,,,-0.01590389048603053,1.8726716379324595,0.5717056423425675,0.9845331311225891,0.04140425,0.2710774739583333
training_episode,4307208,4149.025500699998,1038.1252174211304,18385017,1382.0008544921875,60.075923919677734,11.820009231567383,4,4,9,2,1,0,1,22,0,1,LivesExhausted,,,,,,,,,
training_episode,4310748,4150.8470686,1038.5224819795471,7912117,26254.666015625,305.4968566894531,261.046630859375,3,22,47,27,2,1,3,177,2,1,MaxDuration,,,,,,,,,
training_episode,4311570,4151.272225299999,1038.6141322467515,46347660,27389.33203125,305.3867492675781,273.8932800292969,0,23,46,27,2,4,4,163,2,1,MaxDuration,,,,,,,,,
ppo_rollout,4313088,4152.0406855,1038.7875087694633,,,,,,,,,,,,,,,,,,,-0.015735146779722223,2.0173397133747737,0.5722957372665405,0.9956884980201721,0.054064747,0.282373046875
training_episode,4313634,4152.8915672,1038.7061473190297,70435330,24077.33203125,305.8672180175781,240.77330017089844,0,21,50,24,3,4,4,176,1,1,MaxDuration,,,,,,,,,
training_episode,4315662,4153.8959915999985,1038.9432014492236,29905207,28554.666015625,303.3047180175781,285.046630859375,1,24,49,28,2,4,2,156,1,1,MaxDuration,,,,,,,,,
training_episode,4318044,4155.094308199998,1039.21684556676,17442456,1211.469970703125,53.94695281982422,10.614700317382812,3,4,11,2,0,0,1,45,1,0,LivesExhausted,,,,,,,,,
ppo_rollout,4319232,4155.733695799998,1039.3428251587059,,,,,,,,,,,,,,,,,,,-0.012265076402885218,3.0173338770866396,0.5735161602497101,0.9957177639007568,0.04853503,0.23658854166666668
training_episode,4321650,4157.569545499999,1039.465474408623,52840858,1092.911376953125,49.85763931274414,9.429113388061523,3,3,13,2,0,0,1,34,0,0,LivesExhausted,,,,,,,,,
ppo_rollout,4325376,4159.481547899999,1039.8834446527972,,,,,,,,,,,,,,,,,,,-0.012353023351170122,5.375606825947761,0.5805548325181007,0.9865111112594604,0.026919983,0.18299153645833333
ppo_rollout,4331520,4163.1827551999995,1040.4347478115728,,,,,,,,,,,,,,,,,,,-0.007685438541617865,3.144164043664932,0.5803780098756154,0.9918987154960632,0.04581057,0.23380533854166666
ppo_rollout,4337664,4166.9208244,1040.9758627042272,,,,,,,,,,,,,,,,,,,-0.00810971120178389,3.0111199791232743,0.5751496255397797,0.9829211831092834,0.046123024,0.23116861979166667
training_episode,4340790,4169.054636599998,1041.1928790504069,47394950,26254.666015625,301.0124816894531,261.546630859375,2,21,48,27,4,3,5,155,1,1,MaxDuration,,,,,,,,,
training_episode,4343520,4170.4191154,1041.5068317620153,26134963,23034.666015625,302.5439758300781,228.3466339111328,4,29,42,23,3,4,2,167,3,1,MaxDuration,,,,,,,,,
ppo_rollout,4343808,4170.573299699998,1041.5373829570299,,,,,,,,,,,,,,,,,,,-0.011872311543750886,1.4574727818369866,0.5803527047236761,0.946342945098877,0.060514297,0.296337890625
training_episode,4346970,4172.759757799999,1041.7494062231492,28439001,26254.666015625,301.8032531738281,261.546630859375,2,28,49,27,1,2,7,95,4,1,MaxDuration,,,,,,,,,
training_episode,4349526,4174.0546171999995,1042.0385929012373,54202335,1718.0380859375,72.75713348388672,15.680379867553711,3,3,17,2,0,0,0,50,0,0,LivesExhausted,,,,,,,,,
ppo_rollout,4349952,4174.273513,1042.0860028584332,,,,,,,,,,,,,,,,,,,-0.019506453440893287,1.664277336994807,0.5891521990299224,0.9951708316802979,0.05754423,0.283544921875
training_episode,4350354,4175.047292799998,1041.989154830012,28962646,27389.33203125,305.9873352050781,273.3932800292969,1,26,48,27,1,2,1,207,1,1,MaxDuration,,,,,,,,,
training_episode,4354176,4176.9735487,1042.423646986022,10425613,1380.559814453125,60.015933990478516,12.305597305297852,3,3,16,2,0,0,0,58,0,0,LivesExhausted,,,,,,,,,
training_episode,4354632,4177.198440699998,1042.4766890581977,65513067,26254.666015625,304.8462219238281,262.046630859375,1,26,44,27,2,0,3,184,0,1,MaxDuration,,,,,,,,,
ppo_rollout,4356096,4177.942356399999,1042.6414795616065,,,,,,,,,,,,,,,,,,,-0.016613327480930213,1.5917442222436269,0.596182589729627,0.9976046085357666,0.073660344,0.26962890625
training_episode,4356492,4178.7092237,1042.544902452577,25297131,1125.4105224609375,51.147422790527344,9.754105567932129,3,3,14,2,1,0,0,10,0,0,LivesExhausted,,,,,,,,,
training_episode,4358166,4179.575193500001,1042.729415845357,59648243,27389.33203125,304.2856750488281,272.8932800292969,2,26,49,27,2,1,5,136,3,1,MaxDuration,,,,,,,,,
training_episode,4359540,4180.282010499999,1042.8817933933026,13462754,865.54052734375,40.879146575927734,6.655405521392822,4,4,10,1,1,0,0,14,1,0,LivesExhausted,,,,,,,,,
ppo_rollout,4362240,4181.6504566,1043.1861881508942,,,,,,,,,,,,,,,,,,,-0.007778037277360757,3.3624492873748144,0.604200213154157,0.9925481677055359,0.04039752,0.226318359375
training_episode,4366512,4184.346145699998,1043.5350824135817,23307280,2020.3355712890625,83.48942565917969,18.20335578918457,4,4,17,3,1,0,1,29,0,1,LivesExhausted,,,,,,,,,
ppo_rollout,4368384,4185.295372599998,1043.7456884402077,,,,,,,,,,,,,,,,,,,-0.006242893114297961,2.7391649479667346,0.6021734674771627,0.9928538203239441,0.04527666,0.25022786458333335
training_episode,4371642,4187.528344899998,1043.9671424133128,16395166,912.6591796875,42.738834381103516,7.626591682434082,3,3,11,1,0,0,0,22,0,0,LivesExhausted,,,,,,,,,
ppo_rollout,4374528,4188.981480299997,1044.293946051706,,,,,,,,,,,,,,,,,,,-0.00969299886492081,3.4668659140666325,0.5960525065660477,0.9884430766105652,0.039186954,0.23092447916666667
training_episode,4375842,4190.222380799998,1044.2982740129805,48651698,716.9671020507812,35.0001335144043,5.669670104980469,3,3,11,1,0,0,0,5,0,0,LivesExhausted,,,,,,,,,
training_episode,4378230,4191.432851999998,1044.5664178804318,39854462,414.60223388671875,19.89035987854004,2.646022319793701,3,3,6,1,0,0,0,0,1,0,LivesExhausted,,,,,,,,,
training_episode,4379826,4192.299574500001,1044.7311605880086,48965885,23034.666015625,302.5139465332031,229.3466339111328,2,27,42,23,2,2,4,149,1,1,MaxDuration,,,,,,,,,
ppo_rollout,4380672,4192.732618899998,1044.8250337388101,,,,,,,,,,,,,,,,,,,-0.013418085605371744,1.3487710982561112,0.5925326228141785,0.9970008730888367,0.07547901,0.2879720052083333
training_episode,4386000,4195.987115299999,1045.284429975285,4351331,27389.33203125,303.9153137207031,273.3932800292969,1,25,39,27,2,2,2,168,7,1,MaxDuration,,,,,,,,,
ppo_rollout,4386816,4196.406039400001,1045.3745321144434,,,,,,,,,,,,,,,,,,,-0.01624553947088619,1.4014544839660326,0.591996623078982,0.9972622990608215,0.06748858,0.289111328125
training_episode,4388766,4197.947644699998,1045.455153672751,29276833,1777.3846435546875,74.48750305175781,16.273845672607422,3,4,13,2,0,0,0,22,1,0,LivesExhausted,,,,,,,,,
training_episode,4390530,4198.838825700001,1045.653377578274,40482836,27389.33203125,302.9343566894531,272.8932800292969,2,30,48,27,0,4,7,141,1,1,MaxDuration,,,,,,,,,
ppo_rollout,4392960,4200.0513594999975,1045.930067036839,,,,,,,,,,,,,,,,,,,-0.007347695352897669,2.730411533514659,0.5935792873303095,0.9943119883537292,0.045420077,0.23919270833333334
training_episode,4393428,4200.8330446,1045.8468483168053,43415248,511.69091796875,24.140457153320312,3.6169090270996094,3,4,9,1,0,0,0,2,0,0,LivesExhausted,,,,,,,,,
training_episode,4394616,4201.4628859999975,1045.9728240474578,45719286,27389.33203125,303.7251281738281,273.3932800292969,1,28,48,27,0,5,3,152,2,1,MaxDuration,,,,,,,,,
training_episode,4395216,4201.7955004,1046.0328208694561,44986183,1205.5198974609375,53.706993103027344,10.555198669433594,3,3,13,2,0,0,1,26,0,0,LivesExhausted,,,,,,,,,
training_episode,4395720,4202.064767199998,1046.0857324978936,72529910,1956.3297119140625,80.9588851928711,17.563297271728516,4,4,15,2,1,0,0,20,1,0,LivesExhausted,,,,,,,,,
training_episode,4395960,4202.199506199999,1046.1093038334147,66769815,27389.33203125,303.4448547363281,273.3932800292969,1,30,47,27,4,1,1,100,0,1,MaxDuration,,,,,,,,,
training_episode,4397358,4202.952662399999,1046.25446756495,5922266,659.693359375,32.74051284790039,5.096933364868164,3,3,8,1,0,0,0,19,0,0,LivesExhausted,,,,,,,,,
ppo_rollout,4399104,4203.877332100001,1046.4396680676873,,,,,,,,,,,,,,,,,,,-0.008512270194478333,1.9193122193217278,0.5967043916384379,0.9973782300949097,0.044477377,0.25924479166666664
training_episode,4401978,4205.987556399999,1046.597960876459,13672212,1099.853271484375,50.13759231567383,9.49853229522705,3,3,10,2,0,0,1,15,0,0,LivesExhausted,,,,,,,,,
ppo_rollout,4405248,4207.742467100001,1046.9385981780679,,,,,,,,,,,,,,,,,,,-0.007825719159639751,2.928482616941134,0.5979026317596435,0.9944496154785156,0.042312514,0.23377278645833333
training_episode,4405530,4208.44815,1046.8300530208503,11682361,579.45849609375,29.570581436157227,4.29458475112915,3,3,9,1,0,0,0,15,0,0,LivesExhausted,,,,,,,,,
ppo_rollout,4411392,4211.430340299998,1047.4806997961073,,,,,,,,,,,,,,,,,,,-0.010740993082678566,8.138055007656416,0.5962968736886978,0.9845023155212402,0.022636928,0.17561848958333334
training_episode,4414482,4213.5885057999985,1047.6775304288665,13986399,26254.666015625,302.0835266113281,262.046630859375,1,18,45,27,4,2,4,160,0,1,MaxDuration,,,,,,,,,
training_episode,4415196,4213.943881699997,1047.7586137712904,47080763,1945.4173583984375,80.52879333496094,17.954174041748047,3,3,18,2,0,0,0,52,1,0,LivesExhausted,,,,,,,,,
ppo_rollout,4417536,4215.156701399999,1048.0122835131572,,,,,,,,,,,,,,,,,,,-0.018122311355546115,1.3255228323241075,0.5965894977251689,0.9970439076423645,0.060724076,0.2904459635416667
training_episode,4418898,4216.413994299997,1048.0227999370395,70644788,761.3685913085938,36.75983810424805,6.113685607910156,3,3,12,1,0,0,1,8,1,0,LivesExhausted,,,,,,,,,
training_episode,4423320,4218.6482822,1048.5159473150638,45824015,1588.9603271484375,67.65604400634766,14.389603614807129,3,3,13,2,0,0,0,36,0,0,LivesExhausted,,,,,,,,,
ppo_rollout,4423680,4218.834771399997,1048.5549303776183,,,,,,,,,,,,,,,,,,,-0.013722340153375019,1.535861223936081,0.5993047952651978,0.9968597888946533,0.05311543,0.2747721354166667
training_episode,4426416,4220.786283899997,1048.718343519161,16604624,1447.0887451171875,62.64549255371094,12.470888137817383,4,5,16,2,2,0,1,29,0,1,LivesExhausted,,,,,,,,,
ppo_rollout,4429824,4222.508292799997,1049.097761999309,,,,,,,,,,,,,,,,,,,-0.01704716367724662,1.6041424088180065,0.5991227984428406,0.9976986050605774,0.05878757,0.26468098958333336
training_episode,4430796,4223.5683278,1049.064595649135,21841074,24077.33203125,301.4829406738281,239.77330017089844,2,26,45,24,2,3,2,137,6,1,MaxDuration,,,,,,,,,
training_episode,4431288,4223.820140600001,1049.1185354711927,38283527,26254.666015625,300.5820617675781,261.046630859375,3,34,43,27,2,3,4,132,1,1,MaxDuration,,,,,,,,,
training_episode,4431894,4224.119261799999,1049.1877064359835,47290221,29750.666015625,301.4128723144531,297.0066223144531,1,23,47,30,4,1,4,112,0,1,MaxDuration,,,,,,,,,
training_episode,4433490,4224.9169373,1049.367375926044,20898513,1337.2406005859375,58.90612030029297,11.872406005859375,3,3,14,2,0,0,1,29,0,0,LivesExhausted,,,,,,,,,
training_episode,4433694,4225.0233008,1049.3892422227564,46871305,27389.33203125,302.7541809082031,273.3932800292969,1,22,45,27,2,3,4,154,1,1,MaxDuration,,,,,,,,,
training_episode,4434930,4225.647758499999,1049.5266651317597,40692294,2416.90380859375,96.74225616455078,22.669036865234375,3,4,14,3,0,1,0,31,1,0,LivesExhausted,,,,,,,,,
training_episode,4434936,4225.6559266999975,1049.5260562928602,64884693,727.3384399414062,34.49021911621094,5.773384094238281,3,3,11,1,0,0,0,10,1,0,LivesExhausted,,,,,,,,,
ppo_rollout,4435968,4226.191504799997,1049.6372431210805,,,,,,,,,,,,,,,,,,,-0.01661294062505476,2.47306620379289,0.5917837888002395,0.9965258240699768,0.037262086,0.235302734375
training_episode,4438440,4227.977134699999,1049.778619560802,25820776,570.70751953125,29.22057342529297,4.207075119018555,3,3,6,1,0,0,0,10,0,0,LivesExhausted,,,,,,,,,
training_episode,4439514,4228.5321506,1049.894819735511,48337511,1467.541015625,63.45535659790039,13.175410270690918,3,3,15,2,0,0,0,25,0,0,LivesExhausted,,,,,,,,,
ppo_rollout,4442112,4229.859554499999,1050.179549170656,,,,,,,,,,,,,,,,,,,-0.011712062552881737,1.9582062433163325,0.5836830293138822,0.9960911870002747,0.047970008,0.2625651041666667
training_episode,4444206,4231.465409,1050.2758667357925,61219178,1846.49658203125,77.22808837890625,16.4649658203125,4,8,14,2,1,0,0,39,1,0,LivesExhausted,,,,,,,,,
ppo_rollout,4448256,4233.5787065,1050.7082325339543,,,,,,,,,,,,,,,,,,,-0.007869667493893454,6.285435425241788,0.5853526492913564,0.9784399271011353,0.023255544,0.18831380208333334
training_episode,4451790,4235.919572999999,1050.9618804795,5189163,2572.8525390625,102.3034439086914,24.22852325439453,3,4,20,3,0,1,0,66,1,1,LivesExhausted,,,,,,,,,
ppo_rollout,4454400,4237.276025299998,1051.2414044786308,,,,,,,,,,,,,,,,,,,-0.013016313465777784,2.2545548751950264,0.5897420932849248,0.9945002198219299,0.046486545,0.220263671875
training_episode,4456458,4238.886504099999,1051.3275115268027,31057226,815.1061401367188,38.87948226928711,6.651061534881592,3,3,10,1,0,0,0,4,0,0,LivesExhausted,,,,,,,,,
ppo_rollout,4460544,4240.976270200001,1051.772921094332,,,,,,,,,,,,,,,,,,,-0.008146018993284088,4.504893273115158,0.5945082515478134,0.9886431694030762,0.041876856,0.20496419270833333
ppo_rollout,4466688,4244.642306099999,1052.311991891731,,,,,,,,,,,,,,,,,,,-0.021159126518371825,1.259242345392704,0.5971220632394155,0.997230589389801,0.07096444,0.293359375
training_episode,4467972,4245.891799499997,1052.3047244223592,22888364,27389.33203125,305.6470031738281,272.8932800292969,2,30,45,27,2,1,2,156,3,1,MaxDuration,,,,,,,,,
training_episode,4469874,4246.836732899999,1052.5184463466994,20165410,29750.666015625,301.4629211425781,296.5066223144531,2,26,49,30,3,3,6,172,0,1,MaxDuration,,,,,,,,,
training_episode,4469994,4246.903433899999,1052.5301715878982,3304041,28554.666015625,304.1755676269531,284.546630859375,2,33,45,28,4,4,5,100,3,1,MaxDuration,,,,,,,,,
training_episode,4472184,4248.014884799999,1052.7703224398083,17651914,397.82965087890625,19.22034454345703,2.4782962799072266,3,3,6,1,0,0,2,2,0,0,LivesExhausted,,,,,,,,,
ppo_rollout,4472832,4248.354730799998,1052.8386359953824,,,,,,,,,,,,,,,,,,,-0.011329999640292954,2.8025389552116393,0.5987199733654658,0.9813017845153809,0.042649925,0.2265625
training_episode,4474800,4249.906778299999,1052.917212878246,54307064,27389.33203125,302.9543762207031,273.8932800292969,0,19,49,27,1,1,4,173,4,1,MaxDuration,,,,,,,,,
training_episode,4478028,4251.5535638,1053.268630584435,33570722,1570.3663330078125,66.91588592529297,14.203662872314453,3,4,15,2,0,1,0,13,0,0,LivesExhausted,,,,,,,,,
ppo_rollout,4478976,4252.032849299998,1053.3728592283485,,,,,,,,,,,,,,,,,,,-0.010901514786140373,2.1152495712041857,0.590794954697291,0.9965482354164124,0.065091185,0.281396484375
training_episode,4480062,4253.1422905,1053.353425303183,36293676,1522.271728515625,65.6256103515625,13.72271728515625,3,3,10,2,0,0,1,28,0,1,LivesExhausted,,,,,,,,,
training_episode,4480788,4253.5544553,1053.4220372838681,21526887,27389.33203125,304.7961730957031,272.8932800292969,2,28,47,27,3,3,8,116,0,1,MaxDuration,,,,,,,,,
ppo_rollout,4485120,4255.757878799999,1053.894541872921,,,,,,,,,,,,,,,,,,,-0.013571764625764142,1.9244151239593823,0.5862418174743652,0.9967871904373169,0.056352016,0.2557291666666667
ppo_rollout,4491264,4259.4140443,1054.4323593077936,,,,,,,,,,,,,,,,,,,-0.00891567415286166,6.173714105288187,0.5926074842611949,0.9885501861572266,0.025995858,0.18582356770833333
training_episode,4491270,4259.987929999999,1054.2917195542384,10006697,2317.231689453125,93.40154266357422,21.672317504882812,3,5,18,3,0,1,0,49,1,0,LivesExhausted,,,,,,,,,
training_episode,4492572,4260.6607860999975,1054.4308091028017,42367958,26254.666015625,300.8923645019531,261.546630859375,2,30,44,27,3,1,3,118,1,1,MaxDuration,,,,,,,,,
ppo_rollout,4497408,4263.153079,1054.948747243894,,,,,,,,,,,,,,,,,,,-0.012680482604385665,3.971907874941826,0.5911511222521464,0.9903296232223511,0.03952752,0.220751953125
validation,4500000,,,,,,,,,,,,,,,,,,8981.221094055176,1530.9774169921875,11683.376440596263,,,,,,
ppo_rollout,4503552,4401.9094635,1023.0905558923474,,,,,,,,,,,,,,,,,,,-0.008965379506116733,3.1302789226174355,0.5846650953094165,0.9909712076187134,0.04288119,0.19397786458333333
training_episode,4504200,4402.8142725,1023.0274822477196,36712592,23034.666015625,301.8633117675781,229.3466339111328,2,21,49,23,3,2,0,158,1,1,MaxDuration,,,,,,,,,
ppo_rollout,4509696,4405.7893573,1023.5841149617913,,,,,,,,,,,,,,,,,,,-0.007827014644863083,2.451588555673758,0.5749157125751178,0.9615949392318726,0.041921373,0.244140625
training_episode,4511148,4407.1345870000005,1023.6011428620343,24249841,27389.33203125,302.8542785644531,273.8932800292969,0,23,48,27,4,2,2,142,2,1,MaxDuration,,,,,,,,,
training_episode,4514262,4408.752480399999,1023.9318310721832,62266468,26254.666015625,301.8933410644531,262.046630859375,1,19,43,27,1,2,3,141,4,1,MaxDuration,,,,,,,,,
ppo_rollout,4515840,4409.5570037,1024.1028738739105,,,,,,,,,,,,,,,,,,,-0.015945111867040396,1.4694525400797527,0.5733865424990654,0.9960384368896484,0.062420864,0.29558919270833334
training_episode,4516926,4410.670824999997,1024.0904794793892,49280072,29750.666015625,301.1325988769531,297.5066223144531,0,27,46,30,3,1,6,180,1,1,MaxDuration,,,,,,,,,
ppo_rollout,4521984,4413.2363515,1024.6412473383707,,,,,,,,,,,,,,,,,,,-0.0071025894964501885,3.8242859403292337,0.57351862937212,0.9913393259048462,0.04558957,0.2560546875
training_episode,4527360,4416.5595933999975,1025.0874927093885,23830925,28554.666015625,300.7021789550781,284.546630859375,2,24,45,28,1,0,6,145,1,1,MaxDuration,,,,,,,,,
ppo_rollout,4528128,4416.947545200001,1025.1713323878664,,,,,,,,,,,,,,,,,,,-0.008289399966209506,3.2439660519361495,0.5770365233222644,0.9905651807785034,0.047797814,0.23981119791666666
training_episode,4528998,4417.944599099999,1025.1368930526255,42786874,27389.33203125,303.5349426269531,273.3932800292969,1,22,47,27,1,1,3,162,1,1,MaxDuration,,,,,,,,,
training_episode,4533348,4420.1490214000005,1025.6097652029266,30219394,756.5872192382812,36.22992706298828,6.0658721923828125,3,3,11,1,0,0,0,16,0,0,LivesExhausted,,,,,,,,,
ppo_rollout,4534272,4420.6288078,1025.7074722038371,,,,,,,,,,,,,,,,,,,-0.010063901776447892,2.5819680591424308,0.5862110624710719,0.963342010974884,0.036166284,0.23653971354166667
ppo_rollout,4540416,4424.307878399999,1026.2432282723485,,,,,,,,,,,,,,,,,,,-0.018959549277011926,1.4181967069705328,0.5842185606559117,0.997215747833252,0.05831389,0.28006184895833336
training_episode,4540956,4425.132006100001,1026.1741330519264,18699204,26254.666015625,306.2776184082031,261.546630859375,2,20,45,27,1,7,3,136,5,1,MaxDuration,,,,,,,,,
ppo_rollout,4546560,4427.980336299999,1026.7796274359894,,,,,,,,,,,,,,,,,,,-0.01233224561243939,3.9332521418730417,0.5873765677213669,0.986767590045929,0.028398735,0.17972005208333333
training_episode,4547196,4428.875417200001,1026.715717118727,28857917,28554.666015625,300.3418273925781,284.546630859375,2,25,43,28,2,2,4,130,3,1,MaxDuration,,,,,,,,,
training_episode,4550442,4430.595639799998,1027.049717451853,46766576,26254.666015625,301.4629211425781,261.546630859375,2,21,46,27,2,1,2,139,4,1,MaxDuration,,,,,,,,,
training_episode,4551882,4431.343588899999,1027.2013236351015,68759666,2241.9853515625,91.0410385131836,20.41985321044922,4,6,17,3,1,1,0,51,1,0,LivesExhausted,,,,,,,,,
ppo_rollout,4552704,4431.770326899998,1027.2878926883818,,,,,,,,,,,,,,,,,,,-0.012550259862715999,2.080756951371829,0.5934112966060638,0.9922004342079163,0.053447332,0.25029296875
training_episode,4553610,4432.7673345,1027.2612245085563,7597930,28554.666015625,305.6670227050781,284.546630859375,2,28,48,28,0,1,3,165,2,1,MaxDuration,,,,,,,,,
training_episode,4556034,4434.009309099998,1027.5201702101906,73053555,1009.5946655273438,46.56819152832031,8.595946311950684,3,3,11,2,0,0,0,31,0,0,LivesExhausted,,,,,,,,,
training_episode,4557210,4434.599887599998,1027.6485174553952,17232998,619.8109130859375,29.970590591430664,4.698108673095703,3,3,9,1,0,0,1,11,0,0,LivesExhausted,,,,,,,,,
ppo_rollout,4558848,4435.4491156999975,1027.821057367835,,,,,,,,,,,,,,,,,,,-0.011066029553573269,3.0222429116566976,0.5975053240855535,0.9900254011154175,0.03954603,0.23076171875
training_episode,4563450,4438.331712399999,1028.1903867731294,33151806,23034.666015625,300.7121887207031,229.3466339111328,2,21,44,23,2,1,1,110,1,1,MaxDuration,,,,,,,,,
training_episode,4563840,4438.538146499999,1028.2304329408112,44357809,1507.07373046875,65.0154800415039,13.570737838745117,3,3,16,2,0,0,0,28,0,0,LivesExhausted,,,,,,,,,
ppo_rollout,4564992,4439.1198023,1028.3552152917305,,,,,,,,,,,,,,,,,,,-0.014003054646309465,2.309670287867387,0.59453311363856,0.9949377179145813,0.051241692,0.22750651041666667
training_episode,4569060,4441.728548699997,1028.6670943313882,64675235,931.11376953125,43.468711853027344,7.8111371994018555,3,3,10,1,0,0,0,20,0,0,LivesExhausted,,,,,,,,,
training_episode,4569630,4442.0222736,1028.7273945379345,43205790,26254.666015625,302.3337707519531,262.046630859375,1,22,43,27,4,1,4,172,3,1,MaxDuration,,,,,,,,,
ppo_rollout,4571136,4442.7800078,1028.8909178430285,,,,,,,,,,,,,,,,,,,-0.00786058463466664,2.704344063003858,0.5920801778634389,0.9946233630180359,0.054775562,0.26471354166666666
training_episode,4572180,4443.857419799999,1028.8763945549308,26868066,488.23602294921875,25.960498809814453,3.3823604583740234,3,4,9,1,0,0,0,10,0,0,LivesExhausted,,,,,,,,,
training_episode,4575456,4445.5085167,1029.231185321508,1104732,2514.853271484375,100.01295471191406,23.148530960083008,4,5,18,3,1,0,0,35,0,1,LivesExhausted,,,,,,,,,
ppo_rollout,4577280,4446.461466000001,1029.4208181045326,,,,,,,,,,,,,,,,,,,-0.021085468776679286,1.4165927454829217,0.5931056280930836,0.9981522560119629,0.059080806,0.28829752604166664
training_episode,4580076,4448.431481399999,1029.593468877837,55144896,804.6763305664062,38.46955108642578,6.546762943267822,3,4,8,1,0,0,0,10,0,0,LivesExhausted,,,,,,,,,
training_episode,4581378,4449.124526899999,1029.7257297026367,34722741,1831.106201171875,76.61795806884766,16.81106185913086,3,3,17,2,0,0,0,30,1,0,LivesExhausted,,,,,,,,,
ppo_rollout,4583424,4450.217179299998,1029.9326561677951,,,,,,,,,,,,,,,,,,,-0.007400166167644784,3.483330565690994,0.6041511466105779,0.991832435131073,0.050135877,0.22568359375
training_episode,4583934,4451.0436147,1029.856006097338,14091128,29750.666015625,306.1174621582031,297.0066223144531,1,24,48,30,2,1,6,123,2,1,MaxDuration,,,,,,,,,
training_episode,4587600,4452.907806799998,1030.2481432457043,46033473,1448.1304931640625,62.68548583984375,12.981305122375488,3,4,12,2,0,0,1,39,0,1,LivesExhausted,,,,,,,,,
training_episode,4588050,4453.143592599998,1030.2946457024611,57867850,26254.666015625,301.3528137207031,262.546630859375,0,19,45,27,2,3,2,145,2,1,MaxDuration,,,,,,,,,
training_episode,4588740,4453.492822199998,1030.3687876459157,4560789,1413.8465576171875,61.33571243286133,12.638465881347656,3,3,13,2,0,0,1,23,1,1,LivesExhausted,,,,,,,,,
ppo_rollout,4589568,4453.907698499999,1030.4587141636746,,,,,,,,,,,,,,,,,,,-0.009947168742655776,3.7078463594118753,0.6057523737351099,0.9942171573638916,0.047413245,0.224267578125
training_episode,4592016,4455.688344300001,1030.59631759802,10739800,521.160400390625,27.27052879333496,3.711604118347168,3,3,6,1,0,0,0,8,0,0,LivesExhausted,,,,,,,,,
training_episode,4592124,4455.751204299999,1030.6060166843238,6131724,689.8145141601562,33.93031311035156,5.3981451988220215,3,4,8,1,0,0,0,10,0,0,LivesExhausted,,,,,,,,,
training_episode,4593462,4456.4564335,1030.7431629915877,22155261,26254.666015625,302.0534973144531,261.546630859375,2,28,44,27,2,1,1,137,2,1,MaxDuration,,,,,,,,,
training_episode,4595364,4457.414346199999,1030.9483577441267,69911685,553.6920776367188,26.98052215576172,4.036920547485352,3,3,7,1,0,0,0,3,0,0,LivesExhausted,,,,,,,,,
ppo_rollout,4595712,4457.590107399999,1030.9857769045893,,,,,,,,,,,,,,,,,,,-0.009118628453385706,3.748318675657113,0.6080430328845978,0.9923479557037354,0.035874467,0.200732421875
training_episode,4595826,4458.190379,1030.8725310718723,70958975,649.5183715820312,31.740631103515625,4.49518346786499,4,6,8,1,1,0,0,0,0,0,LivesExhausted,,,,,,,,,
training_episode,4596888,4458.725339599998,1030.987031018241,13776941,553.3258666992188,28.53055763244629,4.03325891494751,3,3,9,1,0,0,0,6,0,0,LivesExhausted,,,,,,,,,
training_episode,4600494,4460.5594796000005,1031.371517640327,39330817,815.2897338867188,38.88948059082031,6.652896881103516,3,3,12,1,0,0,0,5,0,0,LivesExhausted,,,,,,,,,
ppo_rollout,4601856,4461.248164699999,1031.5176000323347,,,,,,,,,,,,,,,,,,,-0.011390632107698669,2.7971059838930765,0.6199397832155228,0.9951291084289551,0.0462085,0.248046875
training_episode,4602126,4461.926166999998,1031.4213699986583,48128053,1271.8240966796875,56.32655334472656,10.718240737915039,4,4,8,2,1,0,0,17,2,0,LivesExhausted,,,,,,,,,
training_episode,4602438,4462.112148799999,1031.4483021762999,1209461,1000.8971557617188,46.228248596191406,8.508971214294434,3,3,12,2,0,0,0,4,0,0,LivesExhausted,,,,,,,,,
training_episode,4603680,4462.740755999999,1031.5813200241382,52736129,502.6835632324219,26.540512084960938,3.5268354415893555,3,3,8,1,0,0,0,15,0,0,LivesExhausted,,,,,,,,,
training_episode,4604724,4463.2841706,1031.6896312208116,11158716,435.5050048828125,21.61039924621582,2.8550496101379395,3,3,6,1,0,0,0,4,0,0,LivesExhausted,,,,,,,,,
training_episode,4606062,4463.9697289,1031.830921742163,60590804,619.9246826171875,30.160594940185547,4.699246406555176,3,4,8,1,0,0,0,20,0,0,LivesExhausted,,,,,,,,,
training_episode,4606368,4464.1252413,1031.8635233133775,9273594,24077.33203125,306.1374816894531,240.27330017089844,1,17,47,24,2,1,1,156,4,1,MaxDuration,,,,,,,,,
ppo_rollout,4608000,4464.962519099998,1032.0355389968277,,,,,,,,,,,,,,,,,,,-0.016088343784213067,1.5802001332243283,0.6232512007157008,0.9975277781486511,0.08491527,0.29208984375
training_episode,4609296,4466.203785599999,1032.03889058116,53364503,795.2257080078125,38.08961486816406,6.45225715637207,3,3,11,1,0,0,0,26,0,0,LivesExhausted,,,,,,,,,
training_episode,4610670,4466.9530581,1032.1733718780401,66455628,738.4632568359375,35.84999084472656,5.384632587432861,4,4,10,1,1,0,0,26,0,0,LivesExhausted,,,,,,,,,
training_episode,4611096,4467.173680699998,1032.2177577115044,12415464,1425.6834716796875,61.79563522338867,12.756834983825684,3,3,13,2,0,0,0,49,0,0,LivesExhausted,,,,,,,,,
training_episode,4613418,4468.4089442,1032.4520556669777,26972795,459.3401794433594,22.87042808532715,3.0934016704559326,3,4,7,1,0,1,0,5,0,0,LivesExhausted,,,,,,,,,
training_episode,4613982,4468.714748499999,1032.5076134136248,51688839,818.4347534179688,39.01945877075195,6.684347152709961,3,4,10,1,0,0,0,5,0,0,LivesExhausted,,,,,,,,,
ppo_rollout,4614144,4468.8182824,1032.5199433980906,,,,,,,,,,,,,,,,,,,-0.008738634944893419,1.8286555627981822,0.6240042159954707,0.9976833462715149,0.07102102,0.29322916666666665
training_episode,4615548,4470.186719699999,1032.5179437492839,19118120,769.1768798828125,37.069786071777344,6.191768646240234,3,3,8,1,0,0,0,13,0,0,LivesExhausted,,,,,,,,,
training_episode,4620000,4472.488134499999,1032.9820585463647,31999787,769.4144897460938,37.07978439331055,6.1941447257995605,3,3,10,1,0,0,1,10,0,0,LivesExhausted,,,,,,,,,
training_episode,4620288,4472.640933399998,1033.011160251526,66560357,27389.33203125,302.9043273925781,273.3932800292969,1,27,46,27,0,3,4,161,1,1,MaxDuration,,,,,,,,,
ppo_rollout,4620288,4472.646163099998,1033.0099523897215,,,,,,,,,,,,,,,,,,,-0.009449551483461013,2.469486845533053,0.6260665088891983,0.9948618412017822,0.062095482,0.2821126302083333
training_episode,4620696,4473.445625599998,1032.9165450357414,15138418,1395.6318359375,60.6058349609375,12.456318855285645,3,4,10,2,0,0,0,25,0,0,LivesExhausted,,,,,,,,,
training_episode,4624254,4475.256481299999,1033.2936267055513,46976034,27389.33203125,305.4267883300781,272.8932800292969,2,27,47,27,3,1,3,145,1,1,MaxDuration,,,,,,,,,
training_episode,4625274,4475.783989799998,1033.3997374629068,50432091,795.3405151367188,38.10961151123047,6.453404903411865,3,3,9,1,0,0,0,9,0,0,LivesExhausted,,,,,,,,,
training_episode,4625892,4476.095764599999,1033.4658245216046,31476142,1073.0479736328125,49.0777702331543,9.23047924041748,3,3,6,2,0,0,0,26,0,0,LivesExhausted,,,,,,,,,
ppo_rollout,4626432,4476.370170099999,1033.523105596213,,,,,,,,,,,,,,,,,,,-0.010345907546191786,2.4908033018310864,0.6347568889458974,0.9960797429084778,0.040776536,0.24034830729166667
training_episode,4631274,4479.3907884,1033.9071134390244,41111210,965.1438598632812,44.80848693847656,8.15143871307373,3,3,7,1,0,0,1,11,0,0,LivesExhausted,,,,,,,,,
training_episode,4631490,4479.5056931,1033.9288120861436,41739584,2315.5771484375,93.3415298461914,21.155771255493164,4,7,11,3,1,1,0,41,0,0,LivesExhausted,,,,,,,,,
ppo_rollout,4632576,4480.067022399999,1034.0416732244112,,,,,,,,,,,,,,,,,,,-0.012485552220217263,1.6515299499034881,0.6393282324075699,0.9968731999397278,0.05400875,0.2693359375
training_episode,4634778,4481.7381465,1034.1474330934564,33675451,2141.7041015625,87.69032287597656,19.417041778564453,4,5,18,3,1,0,0,46,1,0,LivesExhausted,,,,,,,,,
training_episode,4635048,4481.882436399999,1034.1743822542182,12206006,626.8193359375,31.450624465942383,4.768193244934082,3,3,6,1,0,0,0,18,0,0,LivesExhausted,,,,,,,,,
training_episode,4638540,4483.693477599998,1034.5354835636283,36084218,630.4357299804688,31.31062126159668,4.804357051849365,3,3,7,1,0,0,0,22,1,0,LivesExhausted,,,,,,,,,
ppo_rollout,4638720,4483.796131200001,1034.5519431006194,,,,,,,,,,,,,,,,,,,-0.01352281472015117,2.817741094529629,0.6331445097923278,0.9940811395645142,0.055520687,0.22718098958333333
training_episode,4641318,4485.662037899998,1034.700777897408,57134747,1152.9141845703125,52.22724151611328,10.029141426086426,3,3,12,2,0,0,0,15,0,0,LivesExhausted,,,,,,,,,
training_episode,4642560,4486.292513799999,1034.8322107217298,64465777,27389.33203125,304.1155090332031,273.3932800292969,1,23,47,27,1,4,2,129,3,1,MaxDuration,,,,,,,,,
ppo_rollout,4644864,4487.477033799998,1035.0724839402078,,,,,,,,,,,,,,,,,,,-0.011280383699340747,3.8570320149262747,0.6296531756718954,0.9926154613494873,0.02843558,0.19970703125
training_episode,4646772,4488.994883899999,1035.1475375180034,20374868,1612.328125,68.57624053955078,14.623281478881836,3,3,10,2,0,0,0,29,0,0,LivesExhausted,,,,,,,,,
training_episode,4648398,4489.817613200001,1035.3200063926372,52631400,1338.4571533203125,58.96611022949219,11.384571075439453,4,7,13,2,1,2,1,26,0,0,LivesExhausted,,,,,,,,,
training_episode,4650162,4490.720976699999,1035.504549075139,36922050,26254.666015625,301.4729309082031,261.546630859375,2,22,43,27,1,0,3,178,0,1,MaxDuration,,,,,,,,,
ppo_rollout,4651008,4491.179431299999,1035.587215150239,,,,,,,,,,,,,,,,,,,-0.01583115533576347,1.7414511417349179,0.632436661918958,0.9970914721488953,0.06422682,0.2701171875
training_episode,4651314,4491.883640799999,1035.4929851147272,9901968,1738.1243896484375,72.94717407226562,15.881242752075195,3,3,15,2,0,0,0,44,0,0,LivesExhausted,,,,,,,,,
training_episode,4652340,4492.406393599998,1035.6008767657013,55040167,1004.3966674804688,46.35822677612305,8.543966293334961,3,3,13,2,0,0,0,7,0,0,LivesExhausted,,,,,,,,,
training_episode,4655214,4493.865431899998,1035.9041832794233,59752972,671.7167358398438,32.470558166503906,5.217166423797607,3,3,9,1,0,0,0,11,0,0,LivesExhausted,,,,,,,,,
ppo_rollout,4657152,4494.8291823,1036.1132339220374,,,,,,,,,,,,,,,,,,,-0.01108789019829904,2.3120196998119353,0.6325658023357391,0.9949579238891602,0.06018896,0.27760416666666665
training_episode,4657416,4495.5246988,1036.0116587154364,10216155,1390.574462890625,60.41586685180664,12.405743598937988,3,5,10,2,0,0,0,24,0,0,LivesExhausted,,,,,,,,,
training_episode,4661784,4497.708536999999,1036.4797900197955,14300586,24077.33203125,304.2356262207031,239.77330017089844,2,24,44,24,4,1,3,152,3,1,MaxDuration,,,,,,,,,
ppo_rollout,4663296,4498.486849699999,1036.6365748765036,,,,,,,,,,,,,,,,,,,-0.011775937480463957,1.7746518105268478,0.6351540654897689,0.9970932602882385,0.05009057,0.25224609375
training_episode,4665048,4499.901097899998,1036.700118181947,40273378,1470.931640625,63.58533477783203,12.70931625366211,4,4,15,2,1,0,0,18,0,0,LivesExhausted,,,,,,,,,
training_episode,4665282,4500.028047699998,1036.7228716239813,15976250,2030.4835205078125,83.88951110839844,18.804834365844727,3,5,17,3,1,2,0,26,0,0,LivesExhausted,,,,,,,,,
training_episode,4667928,4501.393804199997,1036.9961400943457,22993093,29750.666015625,303.6050109863281,297.0066223144531,1,16,45,30,1,1,4,185,4,1,MaxDuration,,,,,,,,,
training_episode,4668750,4501.816157699999,1037.0814436778974,15557334,625.6284790039062,30.82061004638672,4.756284713745117,3,3,9,1,0,0,0,19,0,0,LivesExhausted,,,,,,,,,
ppo_rollout,4669440,4502.156368399999,1037.1563353005997,,,,,,,,,,,,,,,,,,,-0.010372013713155563,3.1590371310710905,0.6375654389460882,0.9938814640045166,0.040474154,0.234716796875
training_episode,4672302,4504.150562999999,1037.3325524198292,43729435,2140.305908203125,87.63031005859375,19.403059005737305,4,6,16,3,1,1,0,18,1,0,LivesExhausted,,,,,,,,,
training_episode,4675248,4505.620289499999,1037.6480261542024,58182037,1404.5169677734375,60.96577453613281,12.045169830322266,4,5,13,2,1,0,0,17,1,0,LivesExhausted,,,,,,,,,
ppo_rollout,4675584,4505.796929,1037.681918132445,,,,,,,,,,,,,,,,,,,-0.015577521920204163,1.7469177953898907,0.6291756411393483,0.9972454905509949,0.05950637,0.2503580729166667
training_episode,4677390,4507.292976599998,1037.7381777228761,10844529,903.16845703125,42.3588981628418,7.531683921813965,3,3,12,1,0,0,1,14,0,0,LivesExhausted,,,,,,,,,
training_episode,4681260,4509.278462499999,1038.1394803914268,64151590,1098.205078125,50.067604064941406,9.482050895690918,3,3,7,2,0,0,0,10,0,0,LivesExhausted,,,,,,,,,
ppo_rollout,4681728,4509.5099701,1038.1899654379035,,,,,,,,,,,,,,,,,,,-0.010773064147603388,2.0838868816693625,0.6219853301843007,0.9965910315513611,0.059021663,0.240576171875
training_episode,4685124,4511.768910399998,1038.4228654088208,62371197,24077.33203125,306.0073547363281,239.77330017089844,2,26,48,24,2,0,3,160,2,1,MaxDuration,,,,,,,,,
ppo_rollout,4687872,4513.1526782,1038.7133638629048,,,,,,,,,,,,,,,,,,,-0.011436122657808785,4.8550525118907295,0.6184794197479884,0.9911053776741028,0.022265226,0.18349609375
training_episode,4688586,4514.0904457,1038.6557505657026,29486291,28554.666015625,302.0134582519531,284.546630859375,2,29,45,28,5,2,2,138,1,1,MaxDuration,,,,,,,,,
training_episode,4691220,4515.4427483,1038.928021347669,40901752,1116.37744140625,50.78748321533203,9.663774490356445,3,3,14,2,0,0,0,33,0,0,LivesExhausted,,,,,,,,,
ppo_rollout,4694016,4516.856401599998,1039.2218796987318,,,,,,,,,,,,,,,,,,,-0.011595600399111087,1.813586654762427,0.6176827341318131,0.9944383502006531,0.07266094,0.2596516927083333
training_episode,4697982,4519.430760399999,1039.5074621265353,7388472,1872.7344970703125,78.268310546875,17.227344512939453,3,4,17,2,1,0,0,38,2,0,LivesExhausted,,,,,,,,,
ppo_rollout,4700160,4520.5268080999995,1039.7372252229827,,,,,,,,,,,,,,,,,,,-0.007848817278863862,2.888784551123778,0.6117926120758057,0.9923248291015625,0.043313295,0.226953125
training_episode,4701300,4521.6545788,1039.7300187507192,30847768,24077.33203125,300.0915832519531,240.27330017089844,1,21,45,24,4,1,5,128,0,1,MaxDuration,,,,,,,,,
training_episode,4703700,4522.854687299998,1039.9847718317833,73577200,1036.1317138671875,47.61801528930664,8.861316680908203,3,4,11,2,0,0,0,35,0,0,LivesExhausted,,,,,,,,,
training_episode,4705452,4523.762166500001,1040.1634362755572,33361264,24077.33203125,305.8371887207031,239.77330017089844,2,19,43,24,1,0,3,140,3,1,MaxDuration,,,,,,,,,
ppo_rollout,4706304,4524.214764599998,1040.2476992968527,,,,,,,,,,,,,,,,,,,-0.009240391074369352,4.547476506233215,0.6089921216169993,0.9893076419830322,0.050458383,0.215380859375
training_episode,4707642,4525.4637597,1040.2562587998887,16918811,1167.66015625,52.817142486572266,10.176600456237793,3,5,14,2,0,1,0,23,0,0,LivesExhausted,,,,,,,,,
training_episode,4711566,4527.443368699998,1040.6681246579283,68026563,1520.344482421875,65.53559112548828,13.203445434570312,4,4,13,2,1,0,0,30,0,0,LivesExhausted,,,,,,,,,
ppo_rollout,4712448,4527.8920598,1040.759792363105,,,,,,,,,,,,,,,,,,,-0.016348604625090957,1.6961324726541838,0.609272305170695,0.9975545406341553,0.06487835,0.26105143229166666
training_episode,4713822,4529.1860738,1040.7658071873145,48442240,30977.33203125,303.5849914550781,309.2732849121094,1,31,49,31,1,1,5,165,2,1,MaxDuration,,,,,,,,,
training_episode,4717752,4531.228993599998,1041.1638887956117,2152022,27389.33203125,304.0754699707031,272.8932800292969,2,20,44,27,0,1,3,155,1,1,MaxDuration,,,,,,,,,
ppo_rollout,4718592,4531.677007799997,1041.2463182787037,,,,,,,,,,,,,,,,,,,-0.011393510058405809,1.9753774618109068,0.608283186952273,0.997369110584259,0.0486865,0.25680338541666664
training_episode,4719174,4532.546932099998,1041.174878207722,74205574,958.7477416992188,44.558528900146484,8.08747673034668,3,3,11,1,0,0,0,34,0,0,LivesExhausted,,,,,,,,,
training_episode,4720602,4533.297930500001,1041.3173968204953,27077524,1797.7178955078125,75.29767608642578,16.4771785736084,3,3,14,2,0,0,0,51,1,0,LivesExhausted,,,,,,,,,
ppo_rollout,4724736,4535.540163599999,1041.7140692344417,,,,,,,,,,,,,,,,,,,-0.010659197473432868,5.404866595069567,0.6054528087377549,0.9909515380859375,0.025409387,0.176806640625
training_episode,4725210,4536.3577706,1041.6308058028285,27810627,801.9900512695312,38.36956787109375,6.519900321960449,3,4,9,1,0,0,0,19,0,0,LivesExhausted,,,,,,,,,
training_episode,4725684,4536.6072375999975,1041.6780101290033,64570506,1218.4317626953125,54.2169075012207,10.684318542480469,3,3,13,2,0,0,1,30,1,0,LivesExhausted,,,,,,,,,
training_episode,4727784,4537.7230399,1041.884654137946,70540059,27389.33203125,304.6860656738281,272.8932800292969,2,37,44,27,2,2,1,124,2,1,MaxDuration,,,,,,,,,
ppo_rollout,4730880,4539.287267899999,1042.2076684714068,,,,,,,,,,,,,,,,,,,-0.014260757807642221,3.068467843532562,0.6063113550345103,0.9953265190124512,0.04922311,0.2138671875
training_episode,4732926,4540.911695899998,1042.2854080763939,71482620,1488.50927734375,64.28532409667969,13.385092735290527,3,4,12,2,1,0,0,25,0,0,LivesExhausted,,,,,,,,,
training_episode,4733322,4541.116436799999,1042.3256187933034,63837403,999.157958984375,46.14826202392578,8.491579055786133,3,4,12,1,0,0,1,17,0,0,LivesExhausted,,,,,,,,,
ppo_rollout,4737024,4543.008092299999,1042.706485165378,,,,,,,,,,,,,,,,,,,-0.004205735357633481,2.687493761877219,0.610336888829867,0.9930060505867004,0.056727257,0.22361653645833332
training_episode,4737096,4543.6137624,1042.583337342873,35141657,644.28662109375,31.450624465942383,4.94286584854126,3,4,8,1,1,0,1,7,0,0,LivesExhausted,,,,,,,,,
training_episode,4739724,4544.9635781,1042.8519213747845,8854678,1280.093505859375,56.64649963378906,11.300934791564941,3,5,12,2,0,1,0,12,0,0,LivesExhausted,,,,,,,,,
training_episode,4741686,4545.9818901,1043.0499097073382,19641765,23034.666015625,301.8933410644531,229.8466339111328,1,27,43,23,0,0,1,165,2,1,MaxDuration,,,,,,,,,
ppo_rollout,4743168,4546.7417467999985,1043.2015417058262,,,,,,,,,,,,,,,,,,,-0.013800077165554588,3.954873584707578,0.6058290908734004,0.9913291931152344,0.031739775,0.18821614583333332
training_episode,4744422,4547.933171599998,1043.203983213077,67502918,27389.33203125,306.4878234863281,272.3932800292969,3,26,49,27,3,3,2,156,0,1,MaxDuration,,,,,,,,,
training_episode,4744542,4547.999027999998,1043.215262534133,2885125,847.0386352539062,40.149269104003906,6.970386505126953,3,3,11,1,0,0,0,14,0,0,LivesExhausted,,,,,,,,,
training_episode,4747296,4549.396500299998,1043.5001652827914,55563812,478.90460205078125,22.930429458618164,3.289045810699463,3,4,9,1,0,0,0,11,0,0,LivesExhausted,,,,,,,,,
training_episode,4747452,4549.482272900001,1043.514781512448,16185708,1046.2760009765625,48.017948150634766,8.962759971618652,3,5,10,2,0,0,0,6,2,0,LivesExhausted,,,,,,,,,
ppo_rollout,4749312,4550.443217399999,1043.703167603447,,,,,,,,,,,,,,,,,,,-0.017863605685609702,1.7006580635905266,0.6018584956725438,0.9977991580963135,0.06971442,0.28391927083333335
training_episode,4751958,4552.395860299999,1043.8367281370056,41425397,814.0128784179688,38.8394889831543,6.6401286125183105,3,3,9,1,0,0,0,17,0,0,LivesExhausted,,,,,,,,,
training_episode,4753428,4553.127709,1043.9918016365043,6341182,1090.948974609375,49.78765106201172,9.409489631652832,3,5,8,2,0,0,0,7,0,0,LivesExhausted,,,,,,,,,
training_episode,4753896,4553.365729599998,1044.0400095903603,31685600,26254.666015625,301.1626281738281,260.546630859375,4,21,45,27,3,0,2,123,4,1,MaxDuration,,,,,,,,,
ppo_rollout,4755456,4554.171206299998,1044.197897835188,,,,,,,,,,,,,,,,,,,-0.009562197300450255,2.9449889908234277,0.5957140187422435,0.9942777156829834,0.057890583,0.242529296875
training_episode,4757238,4555.666989499998,1044.2462126763407,23202551,535.2150268554688,27.820541381835938,3.8521504402160645,3,3,9,1,0,0,0,21,0,0,LivesExhausted,,,,,,,,,
training_episode,4757982,4556.058201199998,1044.3198462097826,34303825,1100.8126220703125,50.16758728027344,9.008126258850098,4,7,10,2,1,0,0,35,0,0,LivesExhausted,,,,,,,,,
training_episode,4761324,4557.7642314,1044.6621980131413,49070614,699.6160278320312,34.030296325683594,5.49616003036499,3,4,9,1,0,0,0,18,0,0,LivesExhausted,,,,,,,,,
ppo_rollout,4761600,4557.913631399999,1044.6885099350682,,,,,,,,,,,,,,,,,,,-0.012854474072810262,2.892075865964095,0.591178356607755,0.9954326152801514,0.046382457,0.21990559895833334
training_episode,4762260,4558.826553399998,1044.6240812667636,24145112,27389.33203125,304.7561340332031,273.3932800292969,1,23,44,27,4,2,3,171,1,1,MaxDuration,,,,,,,,,
training_episode,4763238,4559.331823199998,1044.7228200769316,11891819,938.5006103515625,43.76866149902344,7.885005950927734,3,5,11,1,0,0,0,24,1,0,LivesExhausted,,,,,,,,,
training_episode,4766922,4561.2293420999995,1045.0958814987582,64989422,624.2345581054688,30.660606384277344,4.742345333099365,3,3,8,1,0,0,0,25,1,0,LivesExhausted,,,,,,,,,
ppo_rollout,4767744,4561.6935137,1045.169734810367,,,,,,,,,,,,,,,,,,,-0.017962284999278686,1.6454066331187884,0.5976127366224925,0.9979502558708191,0.057922322,0.27073567708333335
training_episode,4768368,4562.559676299999,1045.1080836858007,14928960,1118.725830078125,50.87746810913086,9.687257766723633,3,4,11,2,0,0,0,38,0,0,LivesExhausted,,,,,,,,,
training_episode,4773768,4565.304044199998,1045.662666447122,19537036,26254.666015625,305.5569152832031,261.546630859375,2,25,48,27,3,2,4,144,2,1,MaxDuration,,,,,,,,,
ppo_rollout,4773888,4565.375400599998,1045.6726076398008,,,,,,,,,,,,,,,,,,,-0.016149198648054152,3.2400668064753213,0.6053424765666325,0.9951974749565125,0.040042974,0.22770182291666666
training_episode,4776294,4567.2405635,1045.7723725285443,55249625,362.7822265625,21.010385513305664,2.1278223991394043,3,3,3,1,0,0,1,5,0,0,LivesExhausted,,,,,,,,,
training_episode,4779180,4568.7170793000005,1046.066087491731,64779964,2568.206787109375,102.1134033203125,23.18206787109375,5,5,14,3,2,0,0,77,0,1,LivesExhausted,,,,,,,,,
ppo_rollout,4780032,4569.151753300001,1046.1530406705565,,,,,,,,,,,,,,,,,,,-0.014718308649025857,1.9406989788015683,0.6163167715072632,0.9972958564758301,0.050764423,0.2630859375
training_episode,4780818,4570.1305316,1046.1009739094343,27915356,27389.33203125,303.2746887207031,272.8932800292969,2,23,49,27,3,2,1,169,0,1,MaxDuration,,,,,,,,,
training_episode,4784028,4571.771054999997,1046.427728433134,51584110,1491.6727294921875,64.40534973144531,13.416727066040039,3,3,14,2,0,0,0,37,1,0,LivesExhausted,,,,,,,,,
ppo_rollout,4786176,4572.897819099999,1046.6396121971466,,,,,,,,,,,,,,,,,,,-0.008549076004419476,5.483336407939593,0.6314847697814305,0.9890864491462708,0.036377437,0.209765625
training_episode,4789464,4575.1375370999995,1046.84590597813,7179014,23034.666015625,300.2617492675781,229.3466339111328,2,27,45,23,0,4,2,160,5,1,MaxDuration,,,,,,,,,
ppo_rollout,4792320,4576.593555799998,1047.1369024952212,,,,,,,,,,,,,,,,,,,-0.00771563810412772,3.3383498435219128,0.6321542153755824,0.9937155246734619,0.07316513,0.25986328125
training_episode,4797462,4579.78659,1047.5295967884826,50536820,1562.710205078125,66.6158218383789,14.127100944519043,3,6,15,2,0,1,0,49,0,0,LivesExhausted,,,,,,,,,
training_episode,4797642,4579.887581499999,1047.5457998968354,48861156,27389.33203125,302.6340637207031,272.8932800292969,2,28,42,27,2,3,2,173,0,1,MaxDuration,,,,,,,,,
ppo_rollout,4798464,4580.315198299999,1047.6274649790407,,,,,,,,,,,,,,,,,,,-0.00848479824489914,3.2352129062016806,0.6245557179053625,0.9942135810852051,0.028848514,0.22613932291666666
training_episode,4801848,4582.627501700001,1047.8372938273242,16499895,755.1787109375,36.50988006591797,6.05178689956665,3,3,8,1,0,0,0,0,1,0,LivesExhausted,,,,,,,,,
ppo_rollout,4804608,4584.027680799998,1048.1193253094639,,,,,,,,,,,,,,,,,,,-0.010788230369022737,2.505261394381523,0.6266141325235367,0.9946865439414978,0.060544655,0.24327799479166667
training_episode,4804848,4584.712777500001,1048.015052018163,51269923,27389.33203125,303.9753723144531,272.8932800292969,2,29,47,27,3,3,4,152,3,1,MaxDuration,,,,,,,,,
training_episode,4808742,4586.7238956,1048.4045060163703,48756427,1299.2789306640625,57.4163703918457,11.492789268493652,3,3,15,2,0,0,0,20,0,0,LivesExhausted,,,,,,,,,
ppo_rollout,4810752,4587.7603433999975,1048.6057770913865,,,,,,,,,,,,,,,,,,,-0.014734738254143545,2.1893688052892686,0.629098986585935,0.9964133501052856,0.047946278,0.2637858072916667
training_episode,4810920,4588.4057555,1048.4948926396228,63942132,1110.749755859375,50.56752014160156,9.60749626159668,3,3,14,2,0,0,0,12,0,0,LivesExhausted,,,,,,,,,
training_episode,4814352,4590.120153199998,1048.8509754246147,3199312,1013.3737182617188,46.71816635131836,8.633736610412598,3,3,12,2,0,0,0,28,0,0,LivesExhausted,,,,,,,,,
training_episode,4815318,4590.602619199999,1048.9511725236548,52421942,29750.666015625,301.1225891113281,297.0066223144531,1,30,41,30,3,2,3,128,2,1,MaxDuration,,,,,,,,,
training_episode,4816884,4591.415513799999,1049.106530550836,61847552,23034.666015625,300.5220031738281,229.3466339111328,2,29,46,23,0,0,1,154,4,1,MaxDuration,,,,,,,,,
ppo_rollout,4816896,4591.427615299999,1049.1063790156843,,,,,,,,,,,,,,,,,,,-0.015514281551198413,1.5963069463769595,0.6338754653930664,0.9975113272666931,0.076462075,0.30104166666666665
training_episode,4818498,4592.830501599998,1049.134732562281,31371413,705.3486328125,34.54021072387695,5.553486347198486,3,3,10,1,0,0,0,5,0,0,LivesExhausted,,,,,,,,,
training_episode,4820610,4593.892589200001,1049.3519180951248,50746278,27389.33203125,304.8362121582031,272.8932800292969,2,22,48,27,0,1,3,171,2,1,MaxDuration,,,,,,,,,
training_episode,4821156,4594.168447599997,1049.4077557209687,8331033,462.6275634765625,22.120410919189453,3.1262755393981934,3,3,8,1,1,0,0,0,0,0,LivesExhausted,,,,,,,,,
ppo_rollout,4823040,4595.154238499999,1049.5926251159722,,,,,,,,,,,,,,,,,,,-0.00937480959109962,2.095587066312631,0.6335623840490977,0.9969838857650757,0.056394577,0.276904296875
training_episode,4825128,4596.836101099998,1049.6628319737945,72948826,1976.1910400390625,81.74905395507812,18.261911392211914,3,5,17,2,1,1,0,28,0,0,LivesExhausted,,,,,,,,,
ppo_rollout,4829184,4599.008581800001,1050.0489212198668,,,,,,,,,,,,,,,,,,,-0.01204573768385065,2.7720262000958127,0.6239369094371796,0.9934781789779663,0.055345967,0.23776041666666667
training_episode,4829520,4599.786136799998,1049.9444661920359,32104516,1640.0694580078125,69.66647338867188,14.400694847106934,4,5,13,2,1,0,0,42,0,0,LivesExhausted,,,,,,,,,
training_episode,4831572,4600.929934199998,1050.129445372679,73996116,322.351806640625,17.100296020507812,1.723517894744873,3,3,5,1,0,0,0,4,0,0,LivesExhausted,,,,,,,,,
training_episode,4832010,4601.156765600001,1050.1728687285654,8435762,1297.6640625,57.34638214111328,11.476640701293945,3,3,13,2,1,0,0,13,0,0,LivesExhausted,,,,,,,,,
training_episode,4833084,4601.756022499998,1050.2695006795097,16709353,2629.136962890625,103.92378997802734,24.29136848449707,4,4,20,3,2,0,0,61,1,1,LivesExhausted,,,,,,,,,
training_episode,4833738,4602.112256,1050.330311629843,52212484,26254.666015625,300.7622375488281,261.546630859375,2,29,45,27,1,1,4,186,1,1,MaxDuration,,,,,,,,,
ppo_rollout,4835328,4602.9479655,1050.48504485424,,,,,,,,,,,,,,,,,,,-0.011432886593199024,2.6719109013676645,0.6277502328157425,0.9946610927581787,0.041803256,0.22462565104166668
training_episode,4837164,4604.478145999998,1050.5346852828786,61428636,1010.3463134765625,46.59818649291992,8.603462219238281,3,4,10,2,0,0,0,18,0,0,LivesExhausted,,,,,,,,,
ppo_rollout,4841472,4606.685166399999,1050.966546468701,,,,,,,,,,,,,,,,,,,-0.009524662922679757,3.0442829236388205,0.635539714495341,0.9947524070739746,0.03795692,0.212353515625
training_episode,4846938,4610.0300078,1051.389685489934,1314190,1967.957275390625,81.41898345947266,17.67957305908203,4,4,16,2,1,0,0,37,0,0,LivesExhausted,,,,,,,,,
training_episode,4847274,4610.202473400001,1051.4232353064442,37864611,27389.33203125,302.9043273925781,272.8932800292969,2,30,46,27,3,0,3,173,1,1,MaxDuration,,,,,,,,,
ppo_rollout,4847616,4610.378262399998,1051.4573260799007,,,,,,,,,,,,,,,,,,,-0.015426907987178613,2.148603863020738,0.6395103792349498,0.9965590238571167,0.049777593,0.23995768229166667
training_episode,4851756,4613.044532,1051.747054758326,16290437,846.737060546875,40.1292724609375,6.967370510101318,3,3,7,1,0,0,1,12,0,0,LivesExhausted,,,,,,,,,
training_episode,4852902,4613.6255122,1051.863006038802,71692078,29750.666015625,300.1116027832031,297.5066223144531,0,21,45,30,1,0,5,144,0,1,MaxDuration,,,,,,,,,
ppo_rollout,4853760,4614.0668473000005,1051.9483485247424,,,,,,,,,,,,,,,,,,,-0.013497789801719288,4.644043420751889,0.6434877882401149,0.9845213294029236,0.035692587,0.20164388020833332
training_episode,4857300,4616.3970260999995,1052.1841974461886,14824231,999.7021484375,46.17825698852539,8.497021675109863,3,5,10,1,0,0,0,20,0,0,LivesExhausted,,,,,,,,,
ppo_rollout,4859904,4617.774974599997,1052.4341326140468,,,,,,,,,,,,,,,,,,,-0.012273212177872968,2.7533233225345612,0.6480677862962086,0.993868887424469,0.091366045,0.269775390625
training_episode,4865526,4621.218912799999,1052.8663739610586,21736345,1610.4722900390625,68.5062255859375,14.104723930358887,4,8,13,2,1,1,0,45,1,0,LivesExhausted,,,,,,,,,
ppo_rollout,4866048,4621.498164500001,1052.915705426112,,,,,,,,,,,,,,,,,,,-0.016626727037752666,1.5584279770652454,0.6488511870304744,0.9976630210876465,0.05832685,0.29763997395833336
training_episode,4868346,4623.242236899998,1053.01555716543,60276617,23034.666015625,302.7441711425781,228.84661865234375,3,22,46,23,5,1,3,148,0,1,MaxDuration,,,,,,,,,
training_episode,4869810,4623.9926228,1053.1612823056685,72006265,26254.666015625,305.9973449707031,262.046630859375,1,26,46,27,4,0,3,156,2,1,MaxDuration,,,,,,,,,
training_episode,4870032,4624.110007199997,1053.182556733531,36607863,23034.666015625,302.4138488769531,229.84661865234375,1,20,48,23,4,2,2,145,3,1,MaxDuration,,,,,,,,,
ppo_rollout,4872192,4625.2252993,1053.3956044773379,,,,,,,,,,,,,,,,,,,-0.01217737230763305,2.485807572801908,0.6527376890182495,0.9936139583587646,0.04841061,0.24723307291666666
training_episode,4872498,4625.951687699999,1053.2963439621617,23412009,1316.206787109375,58.07625961303711,11.662068367004395,3,3,9,2,0,0,0,21,0,0,LivesExhausted,,,,,,,,,
training_episode,4873938,4626.689617299999,1053.4395870809005,6655369,654.8432006835938,32.55054473876953,5.048431873321533,3,3,10,1,0,0,0,24,0,0,LivesExhausted,,,,,,,,,
training_episode,4877088,4628.296156299999,1053.75452116679,26658608,1395.2685546875,60.6058349609375,12.452686309814453,3,3,14,2,0,0,0,39,0,0,LivesExhausted,,,,,,,,,
training_episode,4878138,4628.833063399998,1053.859133216803,6550640,720.2200927734375,34.98013687133789,5.702200889587402,3,3,10,1,0,0,0,26,0,0,LivesExhausted,,,,,,,,,
ppo_rollout,4878336,4628.936112399999,1053.878446697916,,,,,,,,,,,,,,,,,,,-0.007360311649972573,1.963931338985761,0.6513151188691457,0.997368574142456,0.08755266,0.30862630208333336
training_episode,4881540,4631.1250397999975,1054.072165628855,1733106,548.1857299804688,28.33055305480957,3.9818572998046875,3,4,2,1,0,0,0,19,1,0,LivesExhausted,,,,,,,,,
training_episode,4883658,4632.2013405,1054.2844839885258,53050316,28554.666015625,303.1745910644531,285.046630859375,1,22,40,28,1,2,5,139,0,1,MaxDuration,,,,,,,,,
ppo_rollout,4884480,4632.617316,1054.3672543661494,,,,,,,,,,,,,,,,,,,-0.012022598923067562,3.1191223452488583,0.6457924336194992,0.9946101903915405,0.035629395,0.21888020833333333
training_episode,4886472,4634.1875937,1054.4398346417763,71273162,870.3848876953125,41.069114685058594,7.2038493156433105,3,3,11,1,0,0,0,23,0,0,LivesExhausted,,,,,,,,,
training_episode,4886526,4634.219526299999,1054.4442213555308,55877999,1881.813232421875,78.6183853149414,17.318132400512695,3,3,16,2,1,0,0,68,0,0,LivesExhausted,,,,,,,,,
training_episode,4887750,4634.834169999998,1054.5684744531004,1418919,694.1187133789062,34.100284576416016,5.441187381744385,3,3,8,1,0,0,0,5,0,0,LivesExhausted,,,,,,,,,
training_episode,4888986,4635.466021199998,1054.6913681689273,22050532,23034.666015625,300.6521301269531,229.3466339111328,2,31,43,23,1,0,6,185,1,1,MaxDuration,,,,,,,,,
ppo_rollout,4890624,4636.303127299998,1054.8542374640006,,,,,,,,,,,,,,,,,,,-0.013367746617101753,1.9824478914340338,0.6429440875848135,0.9972297549247742,0.05473241,0.24912109375
training_episode,4893810,4638.4749166,1055.0472058146129,7702659,1408.1427001953125,61.105751037597656,11.581426620483398,5,7,13,2,2,1,0,20,0,0,LivesExhausted,,,,,,,,,
ppo_rollout,4896768,4639.9671151,1055.3454105448902,,,,,,,,,,,,,,,,,,,-0.01029271269411159,2.9811978578567504,0.6368736813465754,0.9949979782104492,0.05075739,0.232763671875
ppo_rollout,4902912,4643.695078699999,1055.8212623582876,,,,,,,,,,,,,,,,,,,-0.012160172874185566,3.2737315207719804,0.6409546126921971,0.9940558075904846,0.03743961,0.20628255208333332
training_episode,4905036,4645.351873399999,1055.9019281374556,25192402,27389.33203125,305.7370910644531,272.8932800292969,2,24,51,27,2,0,2,156,2,1,MaxDuration,,,,,,,,,
ppo_rollout,4909056,4647.438686199999,1056.292795121072,,,,,,,,,,,,,,,,,,,-0.014568460047788298,3.1204665273427965,0.6482995450496674,0.9870288968086243,0.04904889,0.21669921875
training_episode,4909194,4648.081177599997,1056.176476361548,11996548,28554.666015625,305.7671203613281,285.046630859375,1,33,46,28,2,2,3,158,1,1,MaxDuration,,,,,,,,,
ppo_rollout,4915200,4651.169602499998,1056.7664523259023,,,,,,,,,,,,,,,,,,,-0.012310936616268009,2.205812878906727,0.649446232120196,0.9827030301094055,0.06839202,0.293359375
training_episode,4915380,4651.8317935999985,1056.6547154096568,39016630,1135.5655517578125,51.54735565185547,9.855655670166016,3,3,12,2,0,0,0,21,0,0,LivesExhausted,,,,,,,,,
ppo_rollout,4921344,4654.936281799997,1057.2312276843857,,,,,,,,,,,,,,,,,,,-0.01592145535396412,1.627516733109951,0.647418670852979,0.9963119029998779,0.072518505,0.2877604166666667
training_episode,4923180,4656.4210547,1057.2884071621368,37445695,30977.33203125,305.4067687988281,309.2732849121094,1,36,44,31,6,2,7,117,1,1,MaxDuration,,,,,,,,,
training_episode,4924542,4657.1108183,1057.4242684217727,70016414,24077.33203125,306.5578918457031,238.77330017089844,4,33,43,24,5,2,1,131,2,1,MaxDuration,,,,,,,,,
training_episode,4925118,4657.407976399998,1057.48047518202,55668541,28554.666015625,301.0625305175781,284.546630859375,2,29,40,28,5,0,3,152,2,1,MaxDuration,,,,,,,,,
training_episode,4926894,4658.300741999999,1057.6590634388028,45509828,644.4960327148438,30.930612564086914,4.944960117340088,3,3,10,1,0,0,0,17,0,0,LivesExhausted,,,,,,,,,
ppo_rollout,4927488,4658.612822399999,1057.7157166414795,,,,,,,,,,,,,,,,,,,-0.017753591861886284,1.8581703737378121,0.6528487861156463,0.9963445663452148,0.052272033,0.2794108072916667
training_episode,4930290,4660.5887084999995,1057.8685029657559,35665302,920.6785278320312,43.058780670166016,7.706785202026367,3,3,12,1,0,0,1,14,0,0,LivesExhausted,,,,,,,,,
training_episode,4930398,4660.649832699997,1057.8778018051044,62580655,27389.33203125,304.8662414550781,273.3932800292969,1,24,50,27,2,2,5,211,3,1,MaxDuration,,,,,,,,,
ppo_rollout,4933632,4662.347604999999,1058.186222474933,,,,,,,,,,,,,,,,,,,-0.016187094976582255,2.5897307669123015,0.6597636173168818,0.9956644177436829,0.05930045,0.2572428385416667
training_episode,4934802,4663.560163099999,1058.1619679844978,3094583,1529.036865234375,65.88566589355469,13.790369033813477,3,3,11,2,1,0,1,45,0,1,LivesExhausted,,,,,,,,,
training_episode,4937028,4664.726330999998,1058.3746290088636,4665518,1266.289794921875,56.106590270996094,11.162897109985352,3,4,12,2,0,0,1,25,1,0,LivesExhausted,,,,,,,,,
training_episode,4938096,4665.2978903,1058.4738887236324,37131508,539.6324462890625,27.4205322265625,3.8963241577148438,3,3,8,1,0,0,0,5,0,0,LivesExhausted,,,,,,,,,
training_episode,4939218,4665.875784699998,1058.5832602308715,42682145,365.8254699707031,18.220321655273438,2.158254623413086,3,3,6,1,0,0,0,5,0,0,LivesExhausted,,,,,,,,,
ppo_rollout,4939776,4666.172172899998,1058.6356047230804,,,,,,,,,,,,,,,,,,,-0.012413128262657362,4.275371999541918,0.6673024276892344,0.9910145401954651,0.03449387,0.22042643229166667
training_episode,4941492,4667.637719099999,1058.6708518056976,26030234,29750.666015625,303.7751770019531,297.0066223144531,1,30,46,30,1,1,3,149,1,1,MaxDuration,,,,,,,,,
training_episode,4944984,4669.533453100001,1058.9888796528771,25087673,1298.4197998046875,57.37637710571289,11.484197616577148,3,3,14,2,0,0,0,32,0,0,LivesExhausted,,,,,,,,,
ppo_rollout,4945920,4670.0242168,1059.0780198114367,,,,,,,,,,,,,,,,,,,-0.010776739742141217,6.237083687384923,0.6686102529366811,0.9872602820396423,0.04427271,0.20198567708333334
training_episode,4948386,4671.885247300001,1059.183977787082,57553663,548.216796875,28.340553283691406,3.982168197631836,3,4,5,1,0,0,0,20,0,0,LivesExhausted,,,,,,,,,
training_episode,4951902,4673.700507400001,1059.5248865774593,9483052,26254.666015625,304.3157043457031,261.546630859375,2,25,47,27,2,1,3,109,1,1,MaxDuration,,,,,,,,,
ppo_rollout,4952064,4673.791820399998,1059.5388477478627,,,,,,,,,,,,,,,,,,,-0.013622979619928326,2.9519982392589252,0.6690270538131396,0.9944596290588379,0.06176533,0.2743326822916667
training_episode,4952262,4674.4616351,1059.4293817311557,72215723,662.4716186523438,32.270591735839844,5.124715805053711,3,3,7,1,0,0,0,13,1,0,LivesExhausted,,,,,,,,,
ppo_rollout,4958208,4677.432106699998,1060.0277859507175,,,,,,,,,,,,,,,,,,,-0.01573716263907651,2.7466302047173183,0.6694027110934258,0.9936878681182861,0.047444362,0.24000651041666668
training_episode,4961136,4679.475969899999,1060.190506781472,41215939,24077.33203125,304.9263000488281,239.77330017089844,2,19,48,24,2,1,3,161,2,1,MaxDuration,,,,,,,,,
ppo_rollout,4964352,4681.127946099998,1060.5033780663837,,,,,,,,,,,,,,,,,,,-0.011057202909917881,2.131207384665807,0.6706918338934581,0.9958761930465698,0.058512654,0.2645345052083333
training_episode,4966746,4682.9293812,1060.60664077904,12729651,29750.666015625,302.8642883300781,297.0066223144531,1,32,43,30,2,3,4,143,0,1,MaxDuration,,,,,,,,,
ppo_rollout,4970496,4684.8745796,1060.9667165144017,,,,,,,,,,,,,,,,,,,-0.013011076115071773,2.2517260760068893,0.6727033232649168,0.9936158657073975,0.053643014,0.2627766927083333
training_episode,4971984,4686.1967019,1060.9849129858608,42891603,935.2060546875,43.628684997558594,7.852060317993164,3,3,11,1,0,0,0,12,0,0,LivesExhausted,,,,,,,,,
training_episode,4975884,4688.156008099999,1061.3733824989777,53888148,24077.33203125,305.4968566894531,239.27330017089844,3,27,41,24,3,2,5,157,3,1,MaxDuration,,,,,,,,,
ppo_rollout,4976640,4688.542565299998,1061.4471193739855,,,,,,,,,,,,,,,,,,,-0.013853335423239818,2.1913881227374077,0.6684181064367294,0.9955052733421326,0.059975635,0.25701497395833334
training_episode,4977498,4689.533608599999,1061.4057634370956,39121359,26254.666015625,300.0315246582031,261.546630859375,2,21,43,27,2,2,4,182,0,1,MaxDuration,,,,,,,,,
training_episode,4979946,4690.7955855,1061.6420837850642,55354354,687.3558349609375,33.840328216552734,5.373558521270752,3,3,5,1,0,0,0,10,0,0,LivesExhausted,,,,,,,,,
ppo_rollout,4982784,4692.2433275,1061.9193533287623,,,,,,,,,,,,,,,,,,,-0.011092541458007569,1.9840557957688967,0.6572974512974421,0.993903636932373,0.06641451,0.27462565104166664
training_episode,4987260,4695.038285299997,1062.240539255013,11577632,1403.623046875,60.92578125,12.536230087280273,3,3,12,2,0,0,0,24,0,0,LivesExhausted,,,,,,,,,
training_episode,4988082,4695.4770737,1062.3163358498584,5293892,26254.666015625,301.4829406738281,261.046630859375,3,30,40,27,6,3,3,175,2,1,MaxDuration,,,,,,,,,
training_episode,4988850,4695.861465899998,1062.392925393477,73472471,26254.666015625,304.8562316894531,261.546630859375,2,29,47,27,1,2,2,130,3,1,MaxDuration,,,,,,,,,
ppo_rollout,4988928,4695.9051702,1062.3996480294172,,,,,,,,,,,,,,,,,,,-0.015632716186034182,2.9979255626598995,0.6598219747344652,0.9940745830535889,0.05745232,0.25751953125
training_episode,4992384,4698.2378328999985,1062.6077643494773,42263229,911.0182495117188,42.6788444519043,7.61018180847168,3,4,10,1,0,1,0,12,0,0,LivesExhausted,,,,,,,,,
ppo_rollout,4995072,4699.591504399999,1062.87365515138,,,,,,,,,,,,,,,,,,,-0.013210495844638596,2.266909438371658,0.6663438831766446,0.9951165914535522,0.054659974,0.28468424479166665
training_episode,4997844,4701.5824520999995,1063.0131558721623,38911901,26254.666015625,305.8471984863281,261.546630859375,2,21,46,27,3,0,2,144,1,1,MaxDuration,,,,,,,,,
training_episode,4999338,4702.357777099998,1063.1555991647988,58600953,2134.42626953125,87.3902587890625,19.844263076782227,3,4,13,3,0,0,0,32,0,0,LivesExhausted,,,,,,,,,
validation,5000004,,,,,,,,,,,,,,,,,,7834.120460815429,1280.514892578125,11218.240422048957,,,,,,
ppo_rollout,5001216,4825.826696,1036.3438878037985,,,,,,,,,,,,,,,,,,,-0.01163019373974142,1.7755982100963592,0.6626011570294698,0.997123658657074,0.08284373,0.28414713541666664
